DistType,Story,SentenceIndex,PositionUnitID,Position,DistWordIndex,OriginalWordIndex,DistWord,OriginalWord,DistSurprisal,OriginalSurprisal,DeltaSurprisal,RepresentationDistance
CD,Story1,1,CD_Story1_s1,K-3,15,15,by,by,0.47118958830833435,0.47118958830833435,0.0,5.960464477539063e-08
CD,Story1,1,CD_Story1_s1,K-2,16,16,the,the,0.9559394121170044,0.9559394121170044,0.0,-1.1920928955078125e-07
CD,Story1,1,CD_Story1_s1,K-1,17,17,rushing,rushing,11.02472972869873,11.02472972869873,0.0,5.960464477539063e-08
CD,Story1,1,CD_Story1_s1,K,18,18,"mountain,","current,",17.832096099853516,4.779107093811035,13.05298900604248,0.04905170202255249
CD,Story1,1,CD_Story1_s1,K+1,19,19,nearly,nearly,18.948820114135742,17.55743408203125,1.3913860321044922,0.006355166435241699
CD,Story1,1,CD_Story1_s1,K+2,20,20,drowning.,drowning.,3.755444288253784,3.577118396759033,0.17832589149475098,0.0033677220344543457
CD,Story1,1,CD_Story1_s1,K_END,20,20,drowning.,drowning.,3.755444288253784,3.577118396759033,0.17832589149475098,0.0033677220344543457
CD,Story1,2,CD_Story1_s2,K-3,23,23,perched,perched,10.544938087463379,11.155294418334961,-0.610356330871582,0.001821279525756836
CD,Story1,2,CD_Story1_s2,K-2,24,24,on,on,0.586841881275177,0.5632758140563965,0.023566067218780518,0.0021950602531433105
CD,Story1,2,CD_Story1_s2,K-1,25,25,a,a,5.189404487609863,5.242380142211914,-0.05297565460205078,0.007271230220794678
CD,Story1,2,CD_Story1_s2,K,26,26,spoon,tree,17.713951110839844,8.706709861755371,9.007241249084473,0.39228683710098267
CD,Story1,2,CD_Story1_s2,K+1,27,27,hanging,hanging,10.458756446838379,9.467029571533203,0.9917268753051758,0.11037254333496094
CD,Story1,2,CD_Story1_s2,K+2,28,28,over,over,1.4306895732879639,0.20289161801338196,1.227797955274582,0.08491098880767822
CD,Story1,2,CD_Story1_s2,K+3,29,29,the,the,0.9878568649291992,0.8096296191215515,0.1782272458076477,0.13440781831741333
CD,Story1,2,CD_Story1_s2,K_END,34,34,struggle.,struggle.,6.0594892501831055,5.525096893310547,0.5343923568725586,0.009449601173400879
CD,Story1,4,CD_Story1_s4,K-3,50,50,climbed,climbed,6.037242412567139,6.125042915344238,-0.08780050277709961,0.0064961910247802734
CD,Story1,4,CD_Story1_s4,K-2,51,51,onto,onto,1.3987809419631958,1.1556121110916138,0.24316883087158203,0.016567468643188477
CD,Story1,4,CD_Story1_s4,K-1,52,52,the,the,0.3472514748573303,0.22810833156108856,0.11914314329624176,0.05127018690109253
CD,Story1,4,CD_Story1_s4,K,53,53,drop,leaf,9.330998420715332,0.27984651923179626,9.051151901483536,0.19300109148025513
CD,Story1,4,CD_Story1_s4,K+1,54,54,and,and,1.2366129159927368,0.7098238468170166,0.5267890691757202,0.05647808313369751
CD,Story1,4,CD_Story1_s4,K+2,55,55,floated,floated,7.884037494659424,5.624027252197266,2.260010242462158,0.009183108806610107
CD,Story1,4,CD_Story1_s4,K+3,56,56,safely,safely,7.053615570068359,6.986230373382568,0.06738519668579102,0.004741311073303223
CD,Story1,4,CD_Story1_s4,K_END,59,59,shore.,shore.,5.805086135864258,5.249307632446289,0.5557785034179688,0.02252674102783203
RD,Story1,2,RD_Story1_s2,K-3,29,29,the,the,0.8096296191215515,0.8096296191215515,0.0,-1.1920928955078125e-07
RD,Story1,2,RD_Story1_s2,K-2,30,30,"water,","water,",8.374112129211426,8.374112129211426,0.0,0.0
RD,Story1,2,RD_Story1_s2,K-1,31,31,noticed,noticed,4.522100925445557,4.522100925445557,0.0,0.0
RD,Story1,2,RD_Story1_s2,K,32,32,an,the,4.314470291137695,1.5019702911376953,2.8125,0.3743760585784912
RD,Story1,2,RD_Story1_s2,K+1,33,33,ant's,ant's,6.375069618225098,7.611876487731934,-1.236806869506836,0.019833862781524658
RD,Story1,2,RD_Story1_s2,K+2,34,34,struggle.,struggle.,6.04876184463501,5.525096893310547,0.5236649513244629,0.013462841510772705
RD,Story1,2,RD_Story1_s2,K_END,34,34,struggle.,struggle.,6.04876184463501,5.525096893310547,0.5236649513244629,0.013462841510772705
RD,Story1,3,RD_Story1_s3,K-1,35,35,Plucking,Plucking,14.198948860168457,13.26485538482666,0.9340934753417969,0.006726443767547607
RD,Story1,3,RD_Story1_s3,K,36,36,another,a,5.350305080413818,2.890197515487671,2.4601075649261475,0.22228366136550903
RD,Story1,3,RD_Story1_s3,K+1,37,37,"leaf,","leaf,",4.635745048522949,4.589349269866943,0.04639577865600586,0.03373527526855469
RD,Story1,3,RD_Story1_s3,K+2,38,38,the,the,10.517598152160645,9.987577438354492,0.5300207138061523,0.02939462661743164
RD,Story1,3,RD_Story1_s3,K+3,39,39,dove,dove,8.88780689239502,7.870236396789551,1.0175704956054688,0.01642906665802002
RD,Story1,3,RD_Story1_s3,K_END,47,47,ant.,ant.,2.3470470905303955,2.0529422760009766,0.29410481452941895,0.01239466667175293
RD,Story1,5,RD_Story1_s5,K-3,70,70,lime-twigs,lime-twigs,17.686511993408203,18.100406646728516,-0.4138946533203125,0.0015303492546081543
RD,Story1,5,RD_Story1_s5,K-2,71,71,to,to,10.505582809448242,10.476279258728027,0.029303550720214844,0.001535952091217041
RD,Story1,5,RD_Story1_s5,K-1,72,72,trap,trap,4.137120246887207,3.910285234451294,0.22683501243591309,0.005687355995178223
RD,Story1,5,RD_Story1_s5,K,73,73,a,the,6.726755619049072,0.6458667516708374,6.080888867378235,0.3779217004776001
RD,Story1,5,RD_Story1_s5,K+1,74,74,dove.,dove.,19.396615982055664,11.16591739654541,8.230698585510254,0.011412441730499268
RD,Story1,5,RD_Story1_s5,K_END,74,74,dove.,dove.,19.396615982055664,11.16591739654541,8.230698585510254,0.011412441730499268
RD,Story1,6,RD_Story1_s6,K-3,77,77,the,the,9.265199661254883,8.399632453918457,0.8655672073364258,0.017699480056762695
RD,Story1,6,RD_Story1_s6,K-2,78,78,ant,ant,0.3084894120693207,0.19617164134979248,0.1123177707195282,0.005253434181213379
RD,Story1,6,RD_Story1_s6,K-1,79,79,stung,stung,11.950321197509766,11.91254997253418,0.03777122497558594,0.00485384464263916
RD,Story1,6,RD_Story1_s6,K,80,80,a,the,5.644040584564209,0.6909035444259644,4.953137040138245,0.35047447681427
RD,Story1,6,RD_Story1_s6,K+1,81,81,birdcatcher’s,birdcatcher’s,16.063987731933594,9.713020324707031,6.3509674072265625,0.012865424156188965
RD,Story1,6,RD_Story1_s6,K+2,82,82,foot.,foot.,4.901796817779541,5.490645408630371,-0.5888485908508301,0.01122826337814331
RD,Story1,6,RD_Story1_s6,K_END,82,82,foot.,foot.,4.901796817779541,5.490645408630371,-0.5888485908508301,0.01122826337814331
RD,Story1,7,RD_Story1_s7,K-3,84,84,and,and,3.8718061447143555,3.6277997493743896,0.24400639533996582,0.004381656646728516
RD,Story1,7,RD_Story1_s7,K-2,85,85,in,in,2.054727077484131,1.8789000511169434,0.1758270263671875,0.0024455785751342773
RD,Story1,7,RD_Story1_s7,K-1,86,86,"pain,","pain,",2.411044120788574,2.283383369445801,0.12766075134277344,0.017162859439849854
RD,Story1,7,RD_Story1_s7,K,87,87,it,he,11.389132499694824,1.3966670036315918,9.992465496063232,0.06586062908172607
RD,Story1,7,RD_Story1_s7,K+1,88,88,dropped,dropped,2.672152519226074,5.175473690032959,-2.5033211708068848,0.0492672324180603
RD,Story1,7,RD_Story1_s7,K+2,89,89,the,the,1.5558966398239136,1.524378776550293,0.031517863273620605,0.009348630905151367
RD,Story1,7,RD_Story1_s7,K+3,90,90,"twigs,","twigs,",9.345592498779297,8.733553886413574,0.6120386123657227,0.014719665050506592
RD,Story1,7,RD_Story1_s7,K_END,103,103,safety.,safety.,8.359792709350586,8.244731903076172,0.11506080627441406,0.007808268070220947
CD,Story10,3,CD_Story10_s3,K-3,50,50,to,to,1.7049955129623413,1.7049955129623413,0.0,5.960464477539063e-08
CD,Story10,3,CD_Story10_s3,K-2,51,51,take,take,8.44503402709961,8.44503402709961,0.0,5.960464477539063e-08
CD,Story10,3,CD_Story10_s3,K-1,52,52,my,my,2.2296361923217773,2.2296361923217773,0.0,0.0
CD,Story10,3,CD_Story10_s3,K,53,53,"word,","honey,",12.558101654052734,4.268543720245361,8.289557933807373,0.0782504677772522
CD,Story10,3,CD_Story10_s3,K+1,54,54,and,and,11.026780128479004,9.912008285522461,1.114771842956543,0.013671457767486572
CD,Story10,3,CD_Story10_s3,K+2,55,55,protect,protect,5.227965831756592,5.080171585083008,0.14779424667358398,0.004735350608825684
CD,Story10,3,CD_Story10_s3,K+3,56,56,my,my,1.1319434642791748,0.8680179119110107,0.26392555236816406,0.03192698955535889
CD,Story10,3,CD_Story10_s3,K-3,62,62,displeased,displeased,4.351187705993652,4.3454670906066895,0.005720615386962891,0.002257406711578369
CD,Story10,3,CD_Story10_s3,K-2,63,63,by,by,1.9041402339935303,1.9586143493652344,-0.0544741153717041,0.002495706081390381
CD,Story10,3,CD_Story10_s3,K-1,64,64,the,the,1.7869915962219238,1.9027984142303467,-0.11580681800842285,0.0023436546325683594
CD,Story10,3,CD_Story10_s3,K,65,65,compliment,request,18.549530029296875,7.387381553649902,11.162148475646973,0.13278335332870483
CD,Story10,3,CD_Story10_s3,K+1,66,66,but,but,3.8458073139190674,3.5656285285949707,0.2801787853240967,0.009464561939239502
CD,Story10,3,CD_Story10_s3,K+2,67,67,honored,honored,5.236328601837158,5.945831775665283,-0.709503173828125,0.03756535053253174
CD,Story10,3,CD_Story10_s3,K+3,68,68,his,his,4.460803031921387,2.705367088317871,1.7554359436035156,0.0267067551612854
CD,Story10,3,CD_Story10_s3,K_END,69,69,promise.,promise.,3.177102565765381,3.1796534061431885,-0.002550840377807617,0.005374610424041748
CD,Story10,5,CD_Story10_s5,K-3,91,91,remain,remain,4.353021621704102,4.804920196533203,-0.45189857482910156,0.007193088531494141
CD,Story10,5,CD_Story10_s5,K-2,92,92,in,in,0.8588718175888062,0.800843358039856,0.058028459548950195,0.0030889511108398438
CD,Story10,5,CD_Story10_s5,K-1,93,93,the,the,0.5113608241081238,0.45065370202064514,0.06070712208747864,0.003998279571533203
CD,Story10,5,CD_Story10_s5,K,94,94,city,wound,12.468114852905273,7.379851818084717,5.088263034820557,0.15705162286758423
CD,Story10,5,CD_Story10_s5,K+1,95,95,you,you,4.151640892028809,4.709040641784668,-0.5573997497558594,0.17351031303405762
CD,Story10,5,CD_Story10_s5,K+2,96,96,"inflict,","inflict,",9.88148307800293,3.7590458393096924,6.122437238693237,0.04099631309509277
CD,Story10,5,CD_Story10_s5,K+3,97,97,and,and,7.276719570159912,7.5558180809021,-0.2790985107421875,0.031068265438079834
CD,Story10,5,CD_Story10_s5,K_END,103,103,it.”,it.”,2.9802629947662354,1.255216121673584,1.7250468730926514,0.007627129554748535
RD,Story10,2,RD_Story10_s2,K-2,23,23,Pleased,Pleased,18.898033142089844,18.898033142089844,0.0,0.0
RD,Story10,2,RD_Story10_s2,K-1,24,24,with,with,0.33718568086624146,0.33718568086624146,0.0,-1.1920928955078125e-07
RD,Story10,2,RD_Story10_s2,K,25,25,any,the,10.323304176330566,1.3858044147491455,8.937499761581421,0.26066839694976807
RD,Story10,2,RD_Story10_s2,K+1,26,26,"gift,","gift,",2.778927803039551,6.019038200378418,-3.240110397338867,0.036691367626190186
RD,Story10,2,RD_Story10_s2,K+2,27,27,Jupiter,Jupiter,8.991754531860352,9.066510200500488,-0.07475566864013672,0.015526115894317627
RD,Story10,2,RD_Story10_s2,K+3,28,28,promised,promised,3.068992853164673,2.309934377670288,0.7590584754943848,0.003737926483154297
RD,Story10,2,RD_Story10_s2,K-3,29,29,to,to,1.6752268075942993,1.4490851163864136,0.22614169120788574,0.003878474235534668
RD,Story10,2,RD_Story10_s2,K-2,30,30,grant,grant,2.579380989074707,2.8060855865478516,-0.22670459747314453,0.004765629768371582
RD,Story10,2,RD_Story10_s2,K-1,31,31,her,her,0.892136812210083,0.9151758551597595,-0.023039042949676514,0.0039560794830322266
RD,Story10,2,RD_Story10_s2,K,32,32,the,any,4.143863677978516,1.3471667766571045,2.796696901321411,0.31364667415618896
RD,Story10,2,RD_Story10_s2,K+1,33,33,wish.,wish.,10.21942138671875,4.014561653137207,6.204859733581543,0.010791182518005371
RD,Story10,2,RD_Story10_s2,K_END,33,33,wish.,wish.,10.21942138671875,4.014561653137207,6.204859733581543,0.010791182518005371
RD,Story10,3,RD_Story10_s3,K-3,61,61,was,was,2.4134249687194824,2.5655202865600586,-0.15209531784057617,0.0013300776481628418
RD,Story10,3,RD_Story10_s3,K-2,62,62,displeased,displeased,4.39383602142334,4.3454670906066895,0.04836893081665039,0.0012241601943969727
RD,Story10,3,RD_Story10_s3,K-1,63,63,by,by,2.0555408000946045,1.9586143493652344,0.09692645072937012,0.002449631690979004
RD,Story10,3,RD_Story10_s3,K,64,64,another,the,9.845097541809082,1.9027984142303467,7.942299127578735,0.37163835763931274
RD,Story10,3,RD_Story10_s3,K+1,65,65,request,request,5.029468059539795,7.387381553649902,-2.3579134941101074,0.1484994888305664
RD,Story10,3,RD_Story10_s3,K+2,66,66,but,but,5.194453239440918,3.5656285285949707,1.6288247108459473,0.019775450229644775
RD,Story10,3,RD_Story10_s3,K+3,67,67,honored,honored,6.010033130645752,5.945831775665283,0.06420135498046875,0.028626859188079834
RD,Story10,3,RD_Story10_s3,K_END,69,69,promise.,promise.,2.9119582176208496,3.1796534061431885,-0.26769518852233887,0.02180647850036621
RD,Story10,5,RD_Story10_s5,K-3,84,84,If,If,12.229429244995117,11.663002967834473,0.5664262771606445,0.002101719379425049
RD,Story10,5,RD_Story10_s5,K-2,85,85,you,you,1.253677487373352,1.2540792226791382,-0.0004017353057861328,0.0025905966758728027
RD,Story10,5,RD_Story10_s5,K-1,86,86,use,use,2.7616665363311768,2.3910698890686035,0.37059664726257324,0.0010475516319274902
RD,Story10,5,RD_Story10_s5,K,87,87,"him,","it,",13.692413330078125,2.4330921173095703,11.259321212768555,0.008422017097473145
RD,Story10,5,RD_Story10_s5,K+1,88,88,the,the,11.923776626586914,12.014237403869629,-0.09046077728271484,0.023067891597747803
RD,Story10,5,RD_Story10_s5,K+2,89,89,sting,sting,10.095389366149902,9.010363578796387,1.0850257873535156,0.012095987796783447
RD,Story10,5,RD_Story10_s5,K+3,90,90,will,will,0.3909114599227905,0.4292210638523102,-0.03830960392951965,0.007518649101257324
RD,Story10,5,RD_Story10_s5,K_END,103,103,it.”,it.”,1.5034618377685547,1.255216121673584,0.2482457160949707,0.0041013360023498535
CD,Story11,2,CD_Story11_s2,K-3,19,19,be,be,0.8340369462966919,0.8340369462966919,0.0,5.960464477539063e-08
CD,Story11,2,CD_Story11_s2,K-2,20,20,plenty,plenty,1.5802624225616455,1.5802624225616455,0.0,5.960464477539063e-08
CD,Story11,2,CD_Story11_s2,K-1,21,21,of,of,1.1863659620285034,1.1863659620285034,0.0,-1.1920928955078125e-07
CD,Story11,2,CD_Story11_s2,K,22,22,dreams,food,12.258540153503418,1.0147823095321655,11.243757843971252,0.33354997634887695
CD,Story11,2,CD_Story11_s2,K+1,23,23,left,left,3.133359432220459,5.189058303833008,-2.055698871612549,0.045005619525909424
CD,Story11,2,CD_Story11_s2,K+2,24,24,over.,over.,3.786500930786133,2.5968117713928223,1.1896891593933105,0.018369853496551514
CD,Story11,2,CD_Story11_s2,K_END,24,24,over.,over.,3.786500930786133,2.5968117713928223,1.1896891593933105,0.018369853496551514
CD,Story11,4,CD_Story11_s4,K-3,61,61,out,out,0.4400891959667206,0.23848968744277954,0.20159950852394104,0.004262208938598633
CD,Story11,4,CD_Story11_s4,K-2,62,62,of,of,2.3575377464294434,2.3892831802368164,-0.03174543380737305,0.004333615303039551
CD,Story11,4,CD_Story11_s4,K-1,63,63,the,the,0.8571532368659973,0.8699238300323486,-0.012770593166351318,0.0061588287353515625
CD,Story11,4,CD_Story11_s4,K,64,64,"wall,","window,",17.760948181152344,9.443350791931152,8.317597389221191,0.01611858606338501
CD,Story11,4,CD_Story11_s4,K+1,65,65,with,with,3.1882102489471436,3.268202781677246,-0.07999253273010254,0.021779656410217285
CD,Story11,4,CD_Story11_s4,K+2,66,66,no,no,3.690359592437744,4.148443698883057,-0.4580841064453125,0.02685713768005371
CD,Story11,4,CD_Story11_s4,K+3,67,67,hesitation.,hesitation.,8.312475204467773,8.930229187011719,-0.6177539825439453,0.017493009567260742
CD,Story11,4,CD_Story11_s4,K_END,67,67,hesitation.,hesitation.,8.312475204467773,8.930229187011719,-0.6177539825439453,0.017493009567260742
CD,Story11,7,CD_Story11_s7,K-3,97,97,drank,drank,13.064263343811035,13.185949325561523,-0.12168598175048828,0.007515311241149902
CD,Story11,7,CD_Story11_s7,K-2,98,98,so,so,5.338164329528809,5.9553022384643555,-0.6171379089355469,0.002207517623901367
CD,Story11,7,CD_Story11_s7,K-1,99,99,much,much,8.188608169555664,8.060505867004395,0.12810230255126953,0.016653895378112793
CD,Story11,7,CD_Story11_s7,K,100,100,light,wine,8.930816650390625,1.465137004852295,7.46567964553833,0.355063259601593
CD,Story11,7,CD_Story11_s7,K+1,101,101,that,that,1.152563452720642,4.549881935119629,-3.397318482398987,0.02963697910308838
CD,Story11,7,CD_Story11_s7,K+2,102,102,I,I,0.8012323975563049,0.5524488687515259,0.24878352880477905,0.025061607360839844
CD,Story11,7,CD_Story11_s7,K+3,103,103,don’t,don’t,15.034563064575195,13.953248977661133,1.0813140869140625,0.020330429077148438
CD,Story11,7,CD_Story11_s7,K_END,105,105,anything.,anything.,6.469261169433594,6.630927085876465,-0.1616659164428711,0.008504331111907959
RD,Story11,3,RD_Story11_s3,K,25,25,A,The,15.908247947692871,13.791060447692871,2.1171875,0.35792237520217896
RD,Story11,3,RD_Story11_s3,K+1,26,26,stray,stray,1.8558499813079834,0.8898460268974304,0.966003954410553,0.019830822944641113
RD,Story11,3,RD_Story11_s3,K+2,27,27,dog,dog,4.429498672485352,4.171485900878906,0.2580127716064453,0.012583255767822266
RD,Story11,3,RD_Story11_s3,K+3,28,28,"arrived,","arrived,",7.072448253631592,7.454806804656982,-0.3823585510253906,0.006672680377960205
RD,Story11,3,RD_Story11_s3,K-3,40,40,enough,enough,4.484731674194336,4.774291038513184,-0.28955936431884766,0.0011568665504455566
RD,Story11,3,RD_Story11_s3,K-2,41,41,to,to,2.2203567028045654,2.129995822906494,0.09036087989807129,0.001466512680053711
RD,Story11,3,RD_Story11_s3,K-1,42,42,last,last,0.7785000801086426,0.7846709489822388,-0.006170868873596191,0.0006892085075378418
RD,Story11,3,RD_Story11_s3,K,43,43,it,him,8.162004470825195,0.5425053834915161,7.619499087333679,0.1485859751701355
RD,Story11,3,RD_Story11_s3,K+1,44,44,for,for,1.8859013319015503,1.0552512407302856,0.8306500911712646,0.014386951923370361
RD,Story11,3,RD_Story11_s3,K+2,45,45,days.,days.,6.771817207336426,6.44590950012207,0.32590770721435547,0.01736903190612793
RD,Story11,3,RD_Story11_s3,K_END,45,45,days.,days.,6.771817207336426,6.44590950012207,0.32590770721435547,0.01736903190612793
RD,Story11,4,RD_Story11_s4,K-3,50,50,around,around,2.683274507522583,2.9785654544830322,-0.2952909469604492,0.0036035776138305664
RD,Story11,4,RD_Story11_s4,K-2,51,51,the,the,1.408402681350708,1.2722344398498535,0.1361682415008545,0.0021504759788513184
RD,Story11,4,RD_Story11_s4,K-1,52,52,"dishes,","dishes,",16.215301513671875,16.68299102783203,-0.46768951416015625,0.007456481456756592
RD,Story11,4,RD_Story11_s4,K,53,53,a,the,13.409402847290039,11.221681594848633,2.1877212524414062,0.30565279722213745
RD,Story11,4,RD_Story11_s4,K+1,54,54,cook,cook,9.743429183959961,7.889784336090088,1.853644847869873,0.083493173122406
RD,Story11,4,RD_Story11_s4,K+2,55,55,noticed,noticed,5.341130256652832,2.626699924468994,2.714430332183838,0.020778954029083252
RD,Story11,4,RD_Story11_s4,K+3,56,56,him,him,1.05116868019104,1.5144842863082886,-0.46331560611724854,0.012800276279449463
RD,Story11,4,RD_Story11_s4,K_END,67,67,hesitation.,hesitation.,8.488298416137695,8.930229187011719,-0.44193077087402344,0.015666306018829346
RD,Story11,5,RD_Story11_s5,K,68,68,Another,The,12.532550811767578,12.448410987854004,0.08413982391357422,0.1538192629814148
RD,Story11,5,RD_Story11_s5,K+1,69,69,dog,dog,2.400682210922241,4.210174083709717,-1.8094918727874756,0.14468252658843994
RD,Story11,5,RD_Story11_s5,K+2,70,70,landed,landed,10.09386157989502,6.861752986907959,3.2321085929870605,0.14113849401474
RD,Story11,5,RD_Story11_s5,K+3,71,71,on,on,1.4792770147323608,1.3723868131637573,0.10689020156860352,0.09771710634231567
RD,Story11,5,RD_Story11_s5,K_END,79,79,pain.,pain.,2.1033172607421875,2.8556971549987793,-0.7523798942565918,0.04235714673995972
RD,Story11,8,RD_Story11_s8,K-3,108,108,even,even,2.6291301250457764,2.496095657348633,0.13303446769714355,0.002235889434814453
RD,Story11,8,RD_Story11_s8,K-2,109,109,know,know,0.39719539880752563,0.3466380536556244,0.050557345151901245,0.004387557506561279
RD,Story11,8,RD_Story11_s8,K-1,110,110,how,how,1.8880934715270996,2.0623061656951904,-0.17421269416809082,0.03551381826400757
RD,Story11,8,RD_Story11_s8,K,111,111,they,I,3.173588752746582,0.5757228136062622,2.59786593914032,0.21000969409942627
RD,Story11,8,RD_Story11_s8,K+1,112,112,ended,ended,5.423578262329102,2.399967908859253,3.0236103534698486,0.04208016395568848
RD,Story11,8,RD_Story11_s8,K+2,113,113,up,up,0.03661220893263817,0.0371268205344677,-0.0005146116018295288,0.08512932062149048
RD,Story11,8,RD_Story11_s8,K+3,114,114,"outside.""","outside.""",4.383730888366699,3.55918025970459,0.8245506286621094,0.016411125659942627
RD,Story11,8,RD_Story11_s8,K_END,114,114,"outside.""","outside.""",4.383730888366699,3.55918025970459,0.8245506286621094,0.016411125659942627
CD,Story12,2,CD_Story12_s2,K-3,30,30,neck,neck,1.3623591661453247,1.3623591661453247,0.0,-1.1920928955078125e-07
CD,Story12,2,CD_Story12_s2,K-2,31,31,of,of,0.4985998868942261,0.4985998868942261,0.0,-1.1920928955078125e-07
CD,Story12,2,CD_Story12_s2,K-1,32,32,the,the,0.9215102195739746,0.9215102195739746,0.0,0.0
CD,Story12,2,CD_Story12_s2,K,33,33,curtain,jar,18.953529357910156,0.029641175642609596,18.923888182267547,0.1947312355041504
CD,Story12,2,CD_Story12_s2,K+1,34,34,trapped,trapped,5.478437900543213,5.799001693725586,-0.32056379318237305,0.002698063850402832
CD,Story12,2,CD_Story12_s2,K+2,35,35,him.,him.,5.4008259773254395,5.980486869812012,-0.5796608924865723,0.014041423797607422
CD,Story12,2,CD_Story12_s2,K_END,35,35,him.,him.,5.4008259773254395,5.980486869812012,-0.5796608924865723,0.014041423797607422
CD,Story12,3,CD_Story12_s3,K-3,45,45,to,to,0.6789122819900513,0.6894429326057434,-0.010530650615692139,0.003361046314239502
CD,Story12,3,CD_Story12_s3,K-2,46,46,free,free,2.997899293899536,3.057237148284912,-0.05933785438537598,0.002462148666381836
CD,Story12,3,CD_Story12_s3,K-1,47,47,his,his,0.9695279598236084,0.6540936827659607,0.3154342770576477,0.004074037075042725
CD,Story12,3,CD_Story12_s3,K,48,48,"paw,","hand,",14.010414123535156,0.6617774367332458,13.34863668680191,0.016072630882263184
CD,Story12,3,CD_Story12_s3,K+1,49,49,he,he,0.17019672691822052,0.1875796765089035,-0.017382949590682983,0.03471428155899048
CD,Story12,3,CD_Story12_s3,K+2,50,50,started,started,4.661518573760986,4.4757537841796875,0.18576478958129883,0.026862263679504395
CD,Story12,3,CD_Story12_s3,K+3,51,51,to,to,1.451981782913208,1.4765889644622803,-0.024607181549072266,0.027706146240234375
CD,Story12,3,CD_Story12_s3,K_END,54,54,frustration.,frustration.,4.292854309082031,3.8831374645233154,0.4097168445587158,0.0144883394241333
RD,Story12,2,RD_Story12_s2,K-3,18,18,"could,","could,",2.1589674949645996,2.1589674949645996,0.0,5.960464477539063e-08
RD,Story12,2,RD_Story12_s2,K-2,19,19,but,but,10.589592933654785,10.589592933654785,0.0,0.0
RD,Story12,2,RD_Story12_s2,K-1,20,20,when,when,3.5643982887268066,3.5643982887268066,0.0,0.0
RD,Story12,2,RD_Story12_s2,K,21,21,she,he,9.60589599609375,0.5433955788612366,9.062500417232513,0.038853585720062256
RD,Story12,2,RD_Story12_s2,K+1,22,22,tried,tried,7.690790176391602,7.278406620025635,0.4123835563659668,0.02540343999862671
RD,Story12,2,RD_Story12_s2,K+2,23,23,to,to,0.9966880083084106,0.8294700384140015,0.16721796989440918,0.04130816459655762
RD,Story12,2,RD_Story12_s2,K+3,24,24,pull,pull,6.75728702545166,5.691884994506836,1.0654020309448242,0.02235126495361328
RD,Story12,2,RD_Story12_s2,K_END,35,35,him.,him.,6.616456031799316,5.980486869812012,0.6359691619873047,0.021717548370361328
RD,Story12,3,RD_Story12_s3,K-3,44,44,unable,unable,7.224241733551025,6.0738606452941895,1.150381088256836,0.0019432306289672852
RD,Story12,3,RD_Story12_s3,K-2,45,45,to,to,0.6819351315498352,0.6894429326057434,-0.007507801055908203,0.0042264461517333984
RD,Story12,3,RD_Story12_s3,K-1,46,46,free,free,2.908874034881592,3.057237148284912,-0.1483631134033203,0.02525508403778076
RD,Story12,3,RD_Story12_s3,K,47,47,a,his,7.293875217437744,0.6540936827659607,6.6397815346717834,0.39279651641845703
RD,Story12,3,RD_Story12_s3,K+1,48,48,"hand,","hand,",3.3691282272338867,0.6617774367332458,2.707350790500641,0.02111440896987915
RD,Story12,3,RD_Story12_s3,K+2,49,49,he,he,0.347037672996521,0.1875796765089035,0.1594579964876175,0.014395534992218018
RD,Story12,3,RD_Story12_s3,K+3,50,50,started,started,4.698482990264893,4.4757537841796875,0.22272920608520508,0.006706595420837402
RD,Story12,3,RD_Story12_s3,K_END,54,54,frustration.,frustration.,4.922646522521973,3.8831374645233154,1.0395090579986572,0.019784152507781982
RD,Story12,4,RD_Story12_s4,K-3,67,67,able,able,0.4353252053260803,0.2687147557735443,0.166610449552536,0.0021712779998779297
RD,Story12,4,RD_Story12_s4,K-2,68,68,to,to,0.8071326017379761,0.8024219274520874,0.004710674285888672,0.006996810436248779
RD,Story12,4,RD_Story12_s4,K-1,69,69,pull,pull,5.422540187835693,4.45915412902832,0.963386058807373,0.016857266426086426
RD,Story12,4,RD_Story12_s4,K,70,70,my,your,6.776456832885742,0.9328405857086182,5.843616247177124,0.06893908977508545
RD,Story12,4,RD_Story12_s4,K+1,71,71,hand,hand,0.07388672232627869,0.06110639125108719,0.012780331075191498,0.020879626274108887
RD,Story12,4,RD_Story12_s4,K+2,72,72,out,out,0.05659075826406479,0.04530336335301399,0.011287394911050797,0.04017758369445801
RD,Story12,4,RD_Story12_s4,K+3,73,73,"easily.""","easily.""",8.165288925170898,6.426761627197266,1.7385272979736328,0.01153552532196045
RD,Story12,4,RD_Story12_s4,K_END,73,73,"easily.""","easily.""",8.165288925170898,6.426761627197266,1.7385272979736328,0.01153552532196045
CD,Story13,2,CD_Story13_s2,K-3,23,23,bring,bring,1.5636544227600098,1.5636544227600098,0.0,5.960464477539063e-08
CD,Story13,2,CD_Story13_s2,K-2,24,24,in,in,3.8516738414764404,3.8516738414764404,0.0,5.960464477539063e-08
CD,Story13,2,CD_Story13_s2,K-1,25,25,a,a,7.446279525756836,7.446279525756836,0.0,-1.1920928955078125e-07
CD,Story13,2,CD_Story13_s2,K,26,26,liter,bundle,14.687804222106934,10.164366722106934,4.5234375,0.267356812953949
CD,Story13,2,CD_Story13_s2,K+1,27,27,of,of,0.6903020739555359,0.07812699675559998,0.6121750771999359,0.10787826776504517
CD,Story13,2,CD_Story13_s2,K+2,28,28,sticks,sticks,9.13232135772705,3.2148478031158447,5.917473554611206,0.03953099250793457
CD,Story13,2,CD_Story13_s2,K+3,29,29,and,and,1.2933069467544556,1.073620080947876,0.2196868658065796,0.06055635213851929
CD,Story13,2,CD_Story13_s2,K-3,47,47,couldn’t,couldn’t,8.018245697021484,7.675699234008789,0.3425464630126953,0.004727602005004883
CD,Story13,2,CD_Story13_s2,K-2,48,48,break,break,0.4323104918003082,0.40976423025131226,0.02254626154899597,0.012708961963653564
CD,Story13,2,CD_Story13_s2,K-1,49,49,the,the,1.2395440340042114,1.5860276222229004,-0.34648358821868896,0.08151376247406006
CD,Story13,2,CD_Story13_s2,K,50,50,"truth,","bundle,",18.16461944580078,3.3564391136169434,14.808180332183838,0.031183719635009766
CD,Story13,2,CD_Story13_s2,K+1,51,51,no,no,11.021135330200195,10.55465316772461,0.46648216247558594,0.047740280628204346
CD,Story13,2,CD_Story13_s2,K+2,52,52,matter,matter,6.173329830169678,6.228285789489746,-0.05495595932006836,0.026505470275878906
CD,Story13,2,CD_Story13_s2,K+3,53,53,how,how,0.1111697405576706,0.12085539102554321,-0.00968565046787262,0.0212552547454834
CD,Story13,2,CD_Story13_s2,K_END,56,56,tried.,tried.,5.38598108291626,5.052816390991211,0.33316469192504883,0.04110532999038696
CD,Story13,4,CD_Story13_s4,K-3,70,70,"said,","said,",5.9939398765563965,5.3132853507995605,0.6806545257568359,0.012696564197540283
CD,Story13,4,CD_Story13_s4,K-2,71,71,"""Untie","""Untie",24.210628509521484,23.148828506469727,1.0618000030517578,0.06211024522781372
CD,Story13,4,CD_Story13_s4,K-1,72,72,the,the,5.466678619384766,5.598870277404785,-0.13219165802001953,0.12375468015670776
CD,Story13,4,CD_Story13_s4,K,73,73,wind,bundle,12.269627571105957,0.1303483098745346,12.139279261231422,0.442888081073761
CD,Story13,4,CD_Story13_s4,K+1,74,74,and,and,3.367476224899292,2.590376138687134,0.7771000862121582,0.1908891201019287
CD,Story13,4,CD_Story13_s4,K+2,75,75,take,take,4.816466331481934,4.935748100280762,-0.11928176879882812,0.12455666065216064
CD,Story13,4,CD_Story13_s4,K+3,76,76,a,a,5.082061767578125,3.828019618988037,1.254042148590088,0.1652369499206543
CD,Story13,4,CD_Story13_s4,K_END,95,95,easily.,easily.,7.092665672302246,6.321027755737305,0.7716379165649414,0.0445786714553833
RD,Story13,2,RD_Story13_s2,K-2,18,18,He,He,8.154136657714844,8.154136657714844,0.0,0.0
RD,Story13,2,RD_Story13_s2,K-1,19,19,asked,asked,1.8965003490447998,1.8965003490447998,0.0,0.0
RD,Story13,2,RD_Story13_s2,K,20,20,their,his,7.503897666931152,2.3788976669311523,5.125,0.2834031581878662
RD,Story13,2,RD_Story13_s2,K+1,21,21,servants,servants,9.301149368286133,14.09979248046875,-4.798643112182617,0.00825512409210205
RD,Story13,2,RD_Story13_s2,K+2,22,22,to,to,5.583860874176025,6.2032670974731445,-0.6194062232971191,0.0030214786529541016
RD,Story13,2,RD_Story13_s2,K+3,23,23,bring,bring,1.5356740951538086,1.5636544227600098,-0.027980327606201172,0.0059397220611572266
RD,Story13,2,RD_Story13_s2,K-3,36,36,"saying,","saying,",17.688276290893555,17.888925552368164,-0.20064926147460938,0.0009115338325500488
RD,Story13,2,RD_Story13_s2,K-2,37,37,"""Break","""Break",20.555706024169922,20.730588912963867,-0.1748828887939453,0.0009930133819580078
RD,Story13,2,RD_Story13_s2,K-1,38,38,"it.""","it.""",3.338487148284912,3.2831220626831055,0.05536508560180664,0.0015537142753601074
RD,Story13,2,RD_Story13_s2,K,39,39,A,The,5.706056118011475,0.845240592956543,4.860815525054932,0.3554944396018982
RD,Story13,2,RD_Story13_s2,K+1,40,40,son,son,1.9701176881790161,7.129912376403809,-5.1597946882247925,0.04877656698226929
RD,Story13,2,RD_Story13_s2,K+2,41,41,struggled,struggled,5.561925888061523,4.6367645263671875,0.9251613616943359,0.007826745510101318
RD,Story13,2,RD_Story13_s2,K+3,42,42,with,with,0.5543743371963501,0.654090166091919,-0.09971582889556885,0.008386492729187012
RD,Story13,2,RD_Story13_s2,K_END,56,56,tried.,tried.,5.082246780395508,5.052816390991211,0.029430389404296875,0.0071950554847717285
RD,Story13,4,RD_Story13_s4,K-3,77,77,stick,stick,1.9319337606430054,1.9388689994812012,-0.006935238838195801,0.0011367201805114746
RD,Story13,4,RD_Story13_s4,K-2,78,78,"each.""","each.""",9.166925430297852,9.614164352416992,-0.4472389221191406,0.0045378804206848145
RD,Story13,4,RD_Story13_s4,K-1,79,79,Once,Once,4.800040245056152,4.871183395385742,-0.07114315032958984,0.0023651719093322754
RD,Story13,4,RD_Story13_s4,K,80,80,she,they,16.308679580688477,5.839046478271484,10.469633102416992,0.2847251296043396
RD,Story13,4,RD_Story13_s4,K+1,81,81,had,had,0.9735743999481201,1.4381355047225952,-0.4645611047744751,0.07656997442245483
RD,Story13,4,RD_Story13_s4,K+2,82,82,done,done,1.8278096914291382,2.126516819000244,-0.29870712757110596,0.019668400287628174
RD,Story13,4,RD_Story13_s4,K+3,83,83,"so,","so,",7.086974143981934,6.5187811851501465,0.5681929588317871,0.056873619556427
RD,Story13,4,RD_Story13_s4,K_END,95,95,easily.,easily.,6.217118263244629,6.321027755737305,-0.10390949249267578,0.005045056343078613
RD,Story13,5,RD_Story13_s5,K-2,96,96,"""You","""You",10.304168701171875,10.39910888671875,-0.094940185546875,0.002795875072479248
RD,Story13,5,RD_Story13_s5,K-1,97,97,see,see,3.1216554641723633,3.0875725746154785,0.034082889556884766,0.002161681652069092
RD,Story13,5,RD_Story13_s5,K,98,98,their,my,13.441874504089355,14.103558540344238,-0.6616840362548828,0.3652195334434509
RD,Story13,5,RD_Story13_s5,K+1,99,99,"point,""","point,""",9.80059814453125,10.079358100891113,-0.2787599563598633,0.012413620948791504
RD,Story13,5,RD_Story13_s5,K+2,100,100,the,the,2.2189531326293945,2.1532912254333496,0.06566190719604492,0.00510019063949585
RD,Story13,5,RD_Story13_s5,K+3,101,101,father,father,2.4884371757507324,2.6605286598205566,-0.17209148406982422,0.01131582260131836
RD,Story13,5,RD_Story13_s5,K_END,102,102,said.,said.,6.493736267089844,5.857784748077393,0.6359515190124512,0.0268324613571167
CD,Story14,2,CD_Story14_s2,K-3,33,33,hung,hung,8.27232551574707,8.27232551574707,0.0,5.960464477539063e-08
CD,Story14,2,CD_Story14_s2,K-2,34,34,from,from,4.504644393920898,4.504644393920898,0.0,-1.1920928955078125e-07
CD,Story14,2,CD_Story14_s2,K-1,35,35,the,the,0.9686789512634277,0.9686789512634277,0.0,-1.1920928955078125e-07
CD,Story14,2,CD_Story14_s2,K,36,36,teeth,bars,20.517154693603516,4.1111063957214355,16.40604829788208,0.20521658658981323
CD,Story14,2,CD_Story14_s2,K+1,37,37,of,of,0.4988166093826294,2.660522222518921,-2.1617056131362915,0.137717604637146
CD,Story14,2,CD_Story14_s2,K+2,38,38,the,the,1.3314458131790161,0.9837761521339417,0.34766966104507446,0.15734612941741943
CD,Story14,2,CD_Story14_s2,K+3,39,39,"cage,","cage,",16.45296287536621,11.275670051574707,5.177292823791504,0.028680622577667236
CD,Story14,2,CD_Story14_s2,K-3,51,51,only,only,3.7658989429473877,3.9469032287597656,-0.18100428581237793,0.0005486607551574707
CD,Story14,2,CD_Story14_s2,K-2,52,52,sang,sang,0.5851101279258728,0.5764880776405334,0.008622050285339355,0.0004590749740600586
CD,Story14,2,CD_Story14_s2,K-1,53,53,at,at,0.1373559832572937,0.13538609445095062,0.0019698888063430786,0.0004703998565673828
CD,Story14,2,CD_Story14_s2,K,54,54,"work,","night,",17.213302612304688,4.1038594245910645,13.109443187713623,0.041107118129730225
CD,Story14,2,CD_Story14_s2,K+1,55,55,with,with,4.931251525878906,4.949775695800781,-0.018524169921875,0.050716519355773926
CD,Story14,2,CD_Story14_s2,K+2,56,56,genuine,genuine,11.353278160095215,11.918429374694824,-0.5651512145996094,0.00910729169845581
CD,Story14,2,CD_Story14_s2,K+3,57,57,curiosity.,curiosity.,2.976046562194824,2.461897373199463,0.5141491889953613,0.0021190643310546875
CD,Story14,2,CD_Story14_s2,K_END,57,57,curiosity.,curiosity.,2.976046562194824,2.461897373199463,0.5141491889953613,0.0021190643310546875
CD,Story14,4,CD_Story14_s4,K-3,76,76,"me,","me,",2.660691499710083,2.7156710624694824,-0.054979562759399414,0.001557469367980957
CD,Story14,4,CD_Story14_s4,K-2,77,77,set,set,13.117470741271973,13.262317657470703,-0.14484691619873047,0.0015703439712524414
CD,Story14,4,CD_Story14_s4,K-1,78,78,his,his,2.235762357711792,2.1402668952941895,0.09549546241760254,0.00444185733795166
CD,Story14,4,CD_Story14_s4,K,79,79,"eggs,","nets,",17.547588348388672,4.513981819152832,13.03360652923584,0.06498301029205322
CD,Story14,4,CD_Story14_s4,K+1,80,80,and,and,6.471831321716309,5.890336036682129,0.5814952850341797,0.06527930498123169
CD,Story14,4,CD_Story14_s4,K+2,81,81,caught,caught,4.086606502532959,0.8982127904891968,3.188393712043762,0.026732146739959717
CD,Story14,4,CD_Story14_s4,K+3,82,82,me.,me.,2.545732259750366,1.8736894130706787,0.6720428466796875,0.008506357669830322
CD,Story14,4,CD_Story14_s4,K_END,82,82,me.,me.,2.545732259750366,1.8736894130706787,0.6720428466796875,0.008506357669830322
RD,Story14,2,RD_Story14_s2,K-2,27,27,One,One,11.613229751586914,11.613229751586914,0.0,0.0
RD,Story14,2,RD_Story14_s2,K-1,28,28,"night,","night,",7.880866050720215,7.880866050720215,0.0,-1.1920928955078125e-07
RD,Story14,2,RD_Story14_s2,K,29,29,the,a,10.793394088745117,12.887144088745117,-2.09375,0.24917501211166382
RD,Story14,2,RD_Story14_s2,K+1,30,30,bat,bat,8.422314643859863,13.261119842529297,-4.838805198669434,0.08147376775741577
RD,Story14,2,RD_Story14_s2,K+2,31,31,came,came,6.803101539611816,6.8147053718566895,-0.011603832244873047,0.035163044929504395
RD,Story14,2,RD_Story14_s2,K+3,32,32,and,and,2.4597830772399902,2.097064733505249,0.3627183437347412,0.056155622005462646
RD,Story14,2,RD_Story14_s2,K-3,35,35,the,the,0.7997554540634155,0.9686789512634277,-0.1689234972000122,0.027917087078094482
RD,Story14,2,RD_Story14_s2,K-2,36,36,bars,bars,4.299079895019531,4.1111063957214355,0.1879734992980957,0.027753114700317383
RD,Story14,2,RD_Story14_s2,K-1,37,37,of,of,2.7630577087402344,2.660522222518921,0.10253548622131348,0.004315018653869629
RD,Story14,2,RD_Story14_s2,K,38,38,a,the,7.8650898933410645,0.9837761521339417,6.881313741207123,0.3515692353248596
RD,Story14,2,RD_Story14_s2,K+1,39,39,"cage,","cage,",19.225587844848633,11.275670051574707,7.949917793273926,0.03798198699951172
RD,Story14,2,RD_Story14_s2,K+2,40,40,asking,asking,7.034092903137207,7.794276237487793,-0.7601833343505859,0.011387407779693604
RD,Story14,2,RD_Story14_s2,K+3,41,41,the,the,1.5752992630004883,1.3707836866378784,0.20451557636260986,0.008018076419830322
RD,Story14,2,RD_Story14_s2,K_END,57,57,curiosity.,curiosity.,2.1460204124450684,2.461897373199463,-0.31587696075439453,0.004245758056640625
RD,Story14,3,RD_Story14_s3,K-2,58,58,"""I","""I",12.213851928710938,12.244086265563965,-0.030234336853027344,0.0021045804023742676
RD,Story14,3,RD_Story14_s3,K-1,59,59,have,have,3.444707155227661,3.491940975189209,-0.04723381996154785,0.0014931559562683105
RD,Story14,3,RD_Story14_s3,K,60,60,another,a,5.849157333374023,2.59798526763916,3.2511720657348633,0.34211111068725586
RD,Story14,3,RD_Story14_s3,K+1,61,61,good,good,7.190649032592773,7.241741180419922,-0.05109214782714844,0.07456886768341064
RD,Story14,3,RD_Story14_s3,K+2,62,62,"reason,""","reason,""",2.6654319763183594,1.300811767578125,1.3646202087402344,0.004016995429992676
RD,Story14,3,RD_Story14_s3,K+3,63,63,the,the,1.534856915473938,1.5775409936904907,-0.042684078216552734,0.006592392921447754
RD,Story14,3,RD_Story14_s3,K_END,65,65,replied.,replied.,3.548990249633789,3.473066568374634,0.07592368125915527,0.012031197547912598
RD,Story14,4,RD_Story14_s4,K-3,79,79,"nets,","nets,",4.798943996429443,4.513981819152832,0.28496217727661133,0.0011773109436035156
RD,Story14,4,RD_Story14_s4,K-2,80,80,and,and,6.243708610534668,5.890336036682129,0.35337257385253906,0.0016124844551086426
RD,Story14,4,RD_Story14_s4,K-1,81,81,caught,caught,0.8404989242553711,0.8982127904891968,-0.057713866233825684,0.002095460891723633
RD,Story14,4,RD_Story14_s4,K,82,82,you.,me.,12.208045959472656,1.8736894130706787,10.334356546401978,0.036029696464538574
RD,Story14,4,RD_Story14_s4,K_END,82,82,you.,me.,12.208045959472656,1.8736894130706787,10.334356546401978,0.036029696464538574
RD,Story14,6,RD_Story14_s6,K-3,106,106,been,been,1.9825772047042847,2.195359468460083,-0.21278226375579834,0.003845691680908203
RD,Story14,6,RD_Story14_s6,K-2,107,107,careful,careful,6.155386924743652,5.847383975982666,0.30800294876098633,0.0017319917678833008
RD,Story14,6,RD_Story14_s6,K-1,108,108,before,before,3.9126648902893066,4.203333377838135,-0.2906684875488281,0.0047248005867004395
RD,Story14,6,RD_Story14_s6,K,109,109,they,you,6.6488728523254395,2.7317287921905518,3.9171440601348877,0.16713565587997437
RD,Story14,6,RD_Story14_s6,K+1,110,110,were,were,4.074289321899414,2.2686424255371094,1.8056468963623047,0.1745619773864746
RD,Story14,6,RD_Story14_s6,K+2,111,111,"caught,","caught,",4.15147590637207,1.561375617980957,2.5901002883911133,0.01604372262954712
RD,Story14,6,RD_Story14_s6,K+3,112,112,you,you,6.137850761413574,4.959340572357178,1.1785101890563965,0.016214609146118164
RD,Story14,6,RD_Story14_s6,K_END,116,116,"free.""","free.""",0.9961991310119629,0.9088473916053772,0.0873517394065857,0.0037426352500915527
CD,Story15,1,CD_Story15_s1,K-3,11,11,by,by,2.199902296066284,2.199902296066284,0.0,0.0
CD,Story15,1,CD_Story15_s1,K-2,12,12,its,its,0.5668237209320068,0.5668237209320068,0.0,0.0
CD,Story15,1,CD_Story15_s1,K-1,13,13,massive,massive,5.42222261428833,5.42222261428833,0.0,0.0
CD,Story15,1,CD_Story15_s1,K,14,14,success,size,16.23548126220703,5.719855785369873,10.515625476837158,0.2697411775588989
CD,Story15,1,CD_Story15_s1,K+1,15,15,that,that,4.090392112731934,5.17915678024292,-1.0887646675109863,0.018308043479919434
CD,Story15,1,CD_Story15_s1,K+2,16,16,they,they,0.2097804695367813,0.19383446872234344,0.015946000814437866,0.01274096965789795
CD,Story15,1,CD_Story15_s1,K+3,17,17,ran,ran,4.122763156890869,3.5556581020355225,0.5671050548553467,0.007769167423248291
CD,Story15,1,CD_Story15_s1,K_END,18,18,away.,away.,2.9759440422058105,2.906442403793335,0.06950163841247559,0.01166081428527832
CD,Story15,2,CD_Story15_s2,K-3,26,26,calm,calm,5.733238220214844,5.3046650886535645,0.4285731315612793,0.008146882057189941
CD,Story15,2,CD_Story15_s2,K-2,27,27,and,and,1.7299926280975342,1.4909144639968872,0.23907816410064697,0.016265034675598145
CD,Story15,2,CD_Story15_s2,K-1,28,28,gentle,gentle,2.3465771675109863,1.8624534606933594,0.48412370681762695,0.006620466709136963
CD,Story15,2,CD_Story15_s2,K,29,29,"shadow,","nature,",15.820942878723145,4.012161731719971,11.808781147003174,0.014169096946716309
CD,Story15,2,CD_Story15_s2,K+1,30,30,they,they,0.17522768676280975,0.22657042741775513,-0.051342740654945374,0.016426146030426025
CD,Story15,2,CD_Story15_s2,K+2,31,31,gained,gained,5.55308723449707,5.006291389465332,0.5467958450317383,0.015781879425048828
CD,Story15,2,CD_Story15_s2,K+3,32,32,enough,enough,4.034213066101074,4.694746494293213,-0.6605334281921387,0.008150815963745117
CD,Story15,2,CD_Story15_s2,K_END,36,36,it.,it.,2.1932194232940674,2.2711174488067627,-0.07789802551269531,0.03210872411727905
RD,Story15,2,RD_Story15_s2,K-3,21,21,a,a,2.589966297149658,2.589966297149658,0.0,0.0
RD,Story15,2,RD_Story15_s2,K-2,22,22,"while,","while,",2.862849712371826,2.862849712371826,0.0,0.0
RD,Story15,2,RD_Story15_s2,K-1,23,23,noticing,noticing,10.619571685791016,10.619571685791016,0.0,5.960464477539063e-08
RD,Story15,2,RD_Story15_s2,K,24,24,an,the,8.513715744018555,2.9512155055999756,5.562500238418579,0.41774964332580566
RD,Story15,2,RD_Story15_s2,K+1,25,25,animal’s,animal’s,7.356595039367676,4.073395729064941,3.2831993103027344,0.11713337898254395
RD,Story15,2,RD_Story15_s2,K+2,26,26,calm,calm,7.428503036499023,5.3046650886535645,2.123837947845459,0.009428262710571289
RD,Story15,2,RD_Story15_s2,K+3,27,27,and,and,1.683587908744812,1.4909144639968872,0.1926734447479248,0.010040640830993652
RD,Story15,2,RD_Story15_s2,K_END,36,36,it.,it.,2.4338767528533936,2.2711174488067627,0.16275930404663086,0.01322084665298462
RD,Story15,3,RD_Story15_s3,K-3,38,38,"long,","long,",1.1507396697998047,0.7998645305633545,0.3508751392364502,0.0029973387718200684
RD,Story15,3,RD_Story15_s3,K-2,39,39,realizing,realizing,9.398518562316895,9.72153377532959,-0.3230152130126953,0.01061171293258667
RD,Story15,3,RD_Story15_s3,K-1,40,40,that,that,0.8358655571937561,0.8305954337120056,0.005270123481750488,0.0082855224609375
RD,Story15,3,RD_Story15_s3,K,41,41,some,the,10.080547332763672,2.0571744441986084,8.023372888565063,0.30501365661621094
RD,Story15,3,RD_Story15_s3,K+1,42,42,camel,camel,4.003602027893066,0.6618571877479553,3.341744840145111,0.2898048162460327
RD,Story15,3,RD_Story15_s3,K+2,43,43,lacked,lacked,20.43669891357422,12.397717475891113,8.038981437683105,0.07131659984588623
RD,Story15,3,RD_Story15_s3,K+3,44,44,any,any,5.241228103637695,2.8100690841674805,2.431159019470215,0.061708033084869385
RD,Story15,3,RD_Story15_s3,K-3,53,53,a,a,3.449554443359375,3.7456295490264893,-0.29607510566711426,0.011819422245025635
RD,Story15,3,RD_Story15_s3,K-2,54,54,bridle,bridle,6.2852253913879395,5.972103595733643,0.3131217956542969,0.0030943751335144043
RD,Story15,3,RD_Story15_s3,K-1,55,55,on,on,0.5608412623405457,0.5589825510978699,0.0018587112426757812,0.024476349353790283
RD,Story15,3,RD_Story15_s3,K,56,56,her,it,7.081334114074707,0.6437044739723206,6.4376296401023865,0.2663618326187134
RD,Story15,3,RD_Story15_s3,K+1,57,57,and,and,1.8771021366119385,0.7244762182235718,1.1526259183883667,0.007395803928375244
RD,Story15,3,RD_Story15_s3,K+2,58,58,let,let,5.794471263885498,5.941283702850342,-0.14681243896484375,0.10898184776306152
RD,Story15,3,RD_Story15_s3,K+3,59,59,a,a,5.060868740081787,5.8050432205200195,-0.7441744804382324,0.009815454483032227
RD,Story15,3,RD_Story15_s3,K_END,62,62,it.,it.,4.307636737823486,1.7450205087661743,2.562616229057312,0.007589280605316162
CD,Story16,2,CD_Story16_s2,K-3,31,31,small,small,9.700833320617676,9.700833320617676,0.0,0.0
CD,Story16,2,CD_Story16_s2,K-2,32,32,amount,amount,0.7775454521179199,0.7775454521179199,0.0,-1.1920928955078125e-07
CD,Story16,2,CD_Story16_s2,K-1,33,33,of,of,0.15772533416748047,0.15772533416748047,0.0,0.0
CD,Story16,2,CD_Story16_s2,K,34,34,"emotions,","water,",15.352157592773438,3.027714729309082,12.324442863464355,0.07170617580413818
CD,Story16,2,CD_Story16_s2,K+1,35,35,which,which,0.7246770858764648,0.595646321773529,0.1290307641029358,0.04560154676437378
CD,Story16,2,CD_Story16_s2,K+2,36,36,he,he,1.739335060119629,1.3257005214691162,0.4136345386505127,0.025503456592559814
CD,Story16,2,CD_Story16_s2,K+3,37,37,couldn’t,couldn’t,7.322827339172363,7.066186904907227,0.2566404342651367,0.02526116371154785
CD,Story16,2,CD_Story16_s2,K_END,38,38,reach.,reach.,6.625842094421387,4.410174369812012,2.215667724609375,0.023117661476135254
CD,Story16,4,CD_Story16_s4,K-3,76,76,pitcher,pitcher,0.31408947706222534,0.1526523232460022,0.16143715381622314,0.012178421020507812
CD,Story16,4,CD_Story16_s4,K-2,77,77,with,with,5.211400032043457,5.311722278594971,-0.10032224655151367,0.009041249752044678
CD,Story16,4,CD_Story16_s4,K-1,78,78,his,his,3.0635807514190674,2.479274034500122,0.5843067169189453,0.00889599323272705
CD,Story16,4,CD_Story16_s4,K,79,79,"lips,","beak,",9.983245849609375,2.133969306945801,7.849276542663574,0.03769177198410034
CD,Story16,4,CD_Story16_s4,K+1,80,80,raising,raising,7.670501708984375,6.089489936828613,1.5810117721557617,0.05691903829574585
CD,Story16,4,CD_Story16_s4,K+2,81,81,the,the,2.221841335296631,1.438934564590454,0.7829067707061768,0.05280029773712158
CD,Story16,4,CD_Story16_s4,K+3,82,82,water,water,6.670132637023926,5.677436351776123,0.9926962852478027,0.014666914939880371
CD,Story16,4,CD_Story16_s4,K_END,89,89,life.,life.,1.31154465675354,1.1617374420166016,0.14980721473693848,0.017428696155548096
RD,Story16,2,RD_Story16_s2,K-3,19,19,When,When,11.049505233764648,11.049505233764648,0.0,0.0
RD,Story16,2,RD_Story16_s2,K-2,20,20,he,he,0.4889826774597168,0.4889826774597168,0.0,0.0
RD,Story16,2,RD_Story16_s2,K-1,21,21,"arrived,","arrived,",2.379925012588501,2.379925012588501,0.0,0.0
RD,Story16,2,RD_Story16_s2,K,22,22,she,he,13.66190242767334,0.6931521892547607,12.968750238418579,0.0505063533782959
RD,Story16,2,RD_Story16_s2,K+1,23,23,sadly,sadly,15.626426696777344,16.001117706298828,-0.3746910095214844,0.03953629732131958
RD,Story16,2,RD_Story16_s2,K+2,24,24,discovered,discovered,1.3570077419281006,0.7338243722915649,0.6231833696365356,0.006852328777313232
RD,Story16,2,RD_Story16_s2,K+3,25,25,that,that,0.4054536521434784,0.44821226596832275,-0.04275861382484436,0.0056566596031188965
RD,Story16,2,RD_Story16_s2,K_END,38,38,reach.,reach.,4.654237270355225,4.410174369812012,0.2440629005432129,0.007457554340362549
RD,Story16,3,RD_Story16_s3,K,39,39,They,He,14.887284278869629,9.302101135253906,5.585183143615723,0.3916441798210144
RD,Story16,3,RD_Story16_s3,K+1,40,40,tried,tried,5.722970962524414,10.414582252502441,-4.691611289978027,0.061695992946624756
RD,Story16,3,RD_Story16_s3,K+2,41,41,everything,everything,4.831692695617676,5.976160526275635,-1.144467830657959,0.07878410816192627
RD,Story16,3,RD_Story16_s3,K+3,42,42,he,he,5.645392417907715,1.011688232421875,4.63370418548584,0.07867497205734253
RD,Story16,3,RD_Story16_s3,K_END,57,57,vain.,vain.,5.577406883239746,5.777643203735352,-0.20023632049560547,0.016981184482574463
RD,Story16,4,RD_Story16_s4,K-3,78,78,his,his,2.201598644256592,2.479274034500122,-0.2776753902435303,0.0013048052787780762
RD,Story16,4,RD_Story16_s4,K-2,79,79,"beak,","beak,",2.250675678253174,2.133969306945801,0.11670637130737305,0.003198385238647461
RD,Story16,4,RD_Story16_s4,K-1,80,80,raising,raising,5.890073299407959,6.089489936828613,-0.1994166374206543,0.0014960169792175293
RD,Story16,4,RD_Story16_s4,K,81,81,some,the,8.918240547180176,1.438934564590454,7.479305982589722,0.27768558263778687
RD,Story16,4,RD_Story16_s4,K+1,82,82,water,water,5.093963623046875,5.677436351776123,-0.583472728729248,0.1231391429901123
RD,Story16,4,RD_Story16_s4,K+2,83,83,level,level,3.9977798461914062,0.24580496549606323,3.751974880695343,0.09416395425796509
RD,Story16,4,RD_Story16_s4,K+3,84,84,within,within,9.36143684387207,8.708235740661621,0.6532011032104492,0.030387401580810547
RD,Story16,4,RD_Story16_s4,K-3,85,85,reach,reach,4.26639986038208,5.428628444671631,-1.1622285842895508,0.015736162662506104
RD,Story16,4,RD_Story16_s4,K-2,86,86,and,and,5.775487899780273,6.448251247406006,-0.6727633476257324,0.028014540672302246
RD,Story16,4,RD_Story16_s4,K-1,87,87,saving,saving,4.393520832061768,3.9610166549682617,0.43250417709350586,0.020233511924743652
RD,Story16,4,RD_Story16_s4,K,88,88,the,his,3.783463478088379,0.7216899394989014,3.0617735385894775,0.37831032276153564
RD,Story16,4,RD_Story16_s4,K+1,89,89,life.,life.,17.526168823242188,1.1617374420166016,16.364431381225586,0.03940361738204956
RD,Story16,4,RD_Story16_s4,K_END,89,89,life.,life.,17.526168823242188,1.1617374420166016,16.364431381225586,0.03940361738204956
CD,Story17,2,CD_Story17_s2,K-3,33,33,keeping,keeping,5.782444000244141,5.782444000244141,0.0,0.0
CD,Story17,2,CD_Story17_s2,K-2,34,34,them,them,1.9699937105178833,1.9699937105178833,0.0,5.960464477539063e-08
CD,Story17,2,CD_Story17_s2,K-1,35,35,from,from,2.115994453430176,2.115994453430176,0.0,5.960464477539063e-08
CD,Story17,2,CD_Story17_s2,K,36,36,"blinking,","sleeping,",17.263879776000977,3.926326036453247,13.33755373954773,0.06639158725738525
CD,Story17,2,CD_Story17_s2,K+1,37,37,with,with,5.82824182510376,6.218085765838623,-0.3898439407348633,0.022096872329711914
CD,Story17,2,CD_Story17_s2,K+2,38,38,feigned,feigned,12.968881607055664,12.464093208312988,0.5047883987426758,0.007433712482452393
CD,Story17,2,CD_Story17_s2,K+3,39,39,indignation.,indignation.,5.812758922576904,5.339069366455078,0.47368955612182617,0.003205418586730957
CD,Story17,2,CD_Story17_s2,K_END,39,39,indignation.,indignation.,5.812758922576904,5.339069366455078,0.47368955612182617,0.003205418586730957
CD,Story17,3,CD_Story17_s3,K-3,55,55,time,time,8.072859764099121,7.854968547821045,0.21789121627807617,0.002874910831451416
CD,Story17,3,CD_Story17_s3,K-2,56,56,for,for,0.801826000213623,0.6160928010940552,0.18573319911956787,0.010046720504760742
CD,Story17,3,CD_Story17_s3,K-1,57,57,their,their,2.2121477127075195,2.178896188735962,0.03325152397155762,0.01099252700805664
CD,Story17,3,CD_Story17_s3,K,58,58,"past,","work,",18.92059898376465,4.019399642944336,14.901199340820312,0.12859976291656494
CD,Story17,3,CD_Story17_s3,K+1,59,59,with,with,4.972301483154297,3.7247843742370605,1.2475171089172363,0.0170210599899292
CD,Story17,3,CD_Story17_s3,K+2,60,60,a,a,3.6171014308929443,3.137178897857666,0.4799225330352783,0.0215909481048584
CD,Story17,3,CD_Story17_s3,K+3,61,61,tone,tone,13.803165435791016,12.201581001281738,1.6015844345092773,0.011128008365631104
CD,Story17,3,CD_Story17_s3,K_END,64,64,pride.,pride.,5.101138114929199,4.563909530639648,0.5372285842895508,0.0044553279876708984
RD,Story17,2,RD_Story17_s2,K-3,31,31,night,night,1.9497435092926025,1.9497435092926025,0.0,0.0
RD,Story17,2,RD_Story17_s2,K-2,32,32,and,and,1.1348791122436523,1.1348791122436523,0.0,5.960464477539063e-08
RD,Story17,2,RD_Story17_s2,K-1,33,33,keeping,keeping,5.782444000244141,5.782444000244141,0.0,0.0
RD,Story17,2,RD_Story17_s2,K,34,34,it,them,6.719993591308594,1.9699937105178833,4.7499998807907104,0.3295726776123047
RD,Story17,2,RD_Story17_s2,K+1,35,35,from,from,4.121880531311035,2.115994453430176,2.0058860778808594,0.0888514518737793
RD,Story17,2,RD_Story17_s2,K+2,36,36,"sleeping,","sleeping,",4.162022113800049,3.926326036453247,0.23569607734680176,0.0052947998046875
RD,Story17,2,RD_Story17_s2,K+3,37,37,with,with,5.760930061340332,6.218085765838623,-0.457155704498291,0.00335848331451416
RD,Story17,2,RD_Story17_s2,K_END,39,39,indignation.,indignation.,5.331390380859375,5.339069366455078,-0.007678985595703125,0.0010994672775268555
RD,Story17,3,RD_Story17_s3,K-3,40,40,The,The,12.052080154418945,12.252545356750488,-0.20046520233154297,0.0005990862846374512
RD,Story17,3,RD_Story17_s3,K-2,41,41,rooster,rooster,4.357964038848877,4.2667317390441895,0.0912322998046875,0.0009110569953918457
RD,Story17,3,RD_Story17_s3,K-1,42,42,defended,defended,4.053798198699951,4.082635402679443,-0.028837203979492188,0.0017192363739013672
RD,Story17,3,RD_Story17_s3,K,43,43,"her,","himself,",13.360596656799316,2.2639529705047607,11.096643686294556,0.021571338176727295
RD,Story17,3,RD_Story17_s3,K+1,44,44,saying,saying,14.183506965637207,13.888949394226074,0.2945575714111328,0.02456599473953247
RD,Story17,3,RD_Story17_s3,K+2,45,45,that,that,0.677979588508606,0.5028942823410034,0.17508530616760254,0.025944054126739502
RD,Story17,3,RD_Story17_s3,K+3,46,46,he,he,2.356766700744629,0.937367856502533,1.419398844242096,0.026928603649139404
RD,Story17,3,RD_Story17_s3,K_END,64,64,pride.,pride.,5.580721378326416,4.563909530639648,1.0168118476867676,0.004633486270904541
RD,Story17,4,RD_Story17_s4,K-3,70,70,how,how,0.9582914113998413,0.9010617136955261,0.057229697704315186,0.002382218837738037
RD,Story17,4,RD_Story17_s4,K-2,71,71,many,many,4.89171838760376,4.678469657897949,0.21324872970581055,0.001799166202545166
RD,Story17,4,RD_Story17_s4,K-1,72,72,excuses,excuses,4.596969127655029,4.62131404876709,-0.024344921112060547,0.003065347671508789
RD,Story17,4,RD_Story17_s4,K,73,73,we,you,4.829493999481201,0.32386812567710876,4.505625873804092,0.13871276378631592
RD,Story17,4,RD_Story17_s4,K+1,74,74,"give,","give,",2.7648110389709473,1.7520701885223389,1.0127408504486084,0.07008802890777588
RD,Story17,4,RD_Story17_s4,K+2,75,75,I’m,I’m,16.03394889831543,10.74336051940918,5.29058837890625,0.0304374098777771
RD,Story17,4,RD_Story17_s4,K+3,76,76,not,not,1.825116515159607,1.3620142936706543,0.46310222148895264,0.0066031813621521
RD,Story17,4,RD_Story17_s4,K_END,84,84,him.,him.,6.596432685852051,5.239776611328125,1.3566560745239258,0.0015805959701538086
CD,Story18,3,CD_Story18_s3,K-3,30,30,hid,hid,4.537492752075195,4.537492752075195,0.0,-1.1920928955078125e-07
CD,Story18,3,CD_Story18_s3,K-2,31,31,in,in,1.4720298051834106,1.4720298051834106,0.0,-1.1920928955078125e-07
CD,Story18,3,CD_Story18_s3,K-1,32,32,their,their,2.870781898498535,2.870781898498535,0.0,0.0
CD,Story18,3,CD_Story18_s3,K,33,33,mirrors,holes,11.508268356323242,2.784210681915283,8.724057674407959,0.11187100410461426
CD,Story18,3,CD_Story18_s3,K+1,34,34,and,and,1.8416950702667236,1.259028673171997,0.5826663970947266,0.1572452187538147
CD,Story18,3,CD_Story18_s3,K+2,35,35,refused,refused,6.072309494018555,5.151149749755859,0.9211597442626953,0.005483865737915039
CD,Story18,3,CD_Story18_s3,K+3,36,36,to,to,0.3000842034816742,0.2774665951728821,0.022617608308792114,0.019538700580596924
CD,Story18,3,CD_Story18_s3,K_END,38,38,out.,out.,1.4367858171463013,1.1742258071899414,0.26256000995635986,0.017032206058502197
CD,Story18,5,CD_Story18_s5,K-3,55,55,climbed,climbed,5.492884159088135,5.628482818603516,-0.13559865951538086,0.024354636669158936
CD,Story18,5,CD_Story18_s5,K-2,56,56,onto,onto,2.7612268924713135,3.6378650665283203,-0.8766381740570068,0.017629563808441162
CD,Story18,5,CD_Story18_s5,K-1,57,57,a,a,1.5187807083129883,1.5360428094863892,-0.01726210117340088,0.039614319801330566
CD,Story18,5,CD_Story18_s5,K,58,58,"thought,","peg,",18.424509048461914,12.302478790283203,6.122030258178711,0.025518059730529785
CD,Story18,5,CD_Story18_s5,K+1,59,59,hung,hung,8.652153968811035,6.898015022277832,1.7541389465332031,0.024410903453826904
CD,Story18,5,CD_Story18_s5,K+2,60,60,herself,herself,5.232693195343018,6.104586601257324,-0.8718934059143066,0.019800961017608643
CD,Story18,5,CD_Story18_s5,K+3,61,61,from,from,2.0135555267333984,2.2608978748321533,-0.24734234809875488,0.015174329280853271
CD,Story18,5,CD_Story18_s5,K_END,67,67,dead.,dead.,4.662985801696777,5.755542755126953,-1.0925569534301758,0.0033438801765441895
CD,Story18,6,CD_Story18_s6,K-3,86,86,a,a,1.3705676794052124,1.2982782125473022,0.07228946685791016,0.027649283409118652
CD,Story18,6,CD_Story18_s6,K-2,87,87,sack,sack,15.155671119689941,15.571030616760254,-0.4153594970703125,0.00168532133102417
CD,Story18,6,CD_Story18_s6,K-1,88,88,of,of,0.2590502202510834,0.2269095629453659,0.03214065730571747,0.003866255283355713
CD,Story18,6,CD_Story18_s6,K,89,89,"air,","grain,",9.921960830688477,6.74308443069458,3.1788763999938965,0.010602712631225586
CD,Story18,6,CD_Story18_s6,K+1,90,90,we,we,1.404269814491272,1.489045262336731,-0.08477544784545898,0.004420876502990723
CD,Story18,6,CD_Story18_s6,K+2,91,91,still,still,4.4682488441467285,4.161337852478027,0.30691099166870117,0.005160808563232422
CD,Story18,6,CD_Story18_s6,K+3,92,92,wouldn’t,wouldn’t,1.2831027507781982,0.9895011186599731,0.2936016321182251,0.012457728385925293
CD,Story18,6,CD_Story18_s6,K_END,95,95,you.”,you.”,0.7208145260810852,0.7113890051841736,0.009425520896911621,0.003593146800994873
RD,Story18,3,RD_Story18_s3,K-2,24,24,Fearing,Fearing,22.72163963317871,22.72163963317871,0.0,0.0
RD,Story18,3,RD_Story18_s3,K-1,25,25,for,for,1.9134125709533691,1.9134125709533691,0.0,5.960464477539063e-08
RD,Story18,3,RD_Story18_s3,K,26,26,her,their,0.2539922297000885,3.2539923191070557,-3.000000089406967,0.07871723175048828
RD,Story18,3,RD_Story18_s3,K+1,27,27,"lives,","lives,",7.225943565368652,0.8863586783409119,6.3395848870277405,0.020103156566619873
RD,Story18,3,RD_Story18_s3,K+2,28,28,the,the,9.535445213317871,8.936624526977539,0.598820686340332,0.022526025772094727
RD,Story18,3,RD_Story18_s3,K+3,29,29,mice,mice,14.44915771484375,13.141839981079102,1.3073177337646484,0.019937336444854736
RD,Story18,3,RD_Story18_s3,K_END,38,38,out.,out.,1.1304197311401367,1.1742258071899414,-0.04380607604980469,0.0019802451133728027
RD,Story18,4,RD_Story18_s4,K-3,41,41,couldn’t,couldn’t,3.5038299560546875,3.368116855621338,0.1357131004333496,0.001152634620666504
RD,Story18,4,RD_Story18_s4,K-2,42,42,reach,reach,4.944492340087891,4.833286762237549,0.1112055778503418,0.0009440779685974121
RD,Story18,4,RD_Story18_s4,K-1,43,43,"them,","them,",1.1869432926177979,1.3375786542892456,-0.15063536167144775,0.0017451047897338867
RD,Story18,4,RD_Story18_s4,K,44,44,some,the,15.120762825012207,9.898531913757324,5.222230911254883,0.3689972162246704
RD,Story18,4,RD_Story18_s4,K+1,45,45,cat,cat,5.541867733001709,5.175507545471191,0.3663601875305176,0.1813448667526245
RD,Story18,4,RD_Story18_s4,K+2,46,46,decided,decided,3.4675850868225098,2.339993715286255,1.1275913715362549,0.0330730676651001
RD,Story18,4,RD_Story18_s4,K+3,47,47,to,to,1.0613919496536255,1.1804250478744507,-0.1190330982208252,0.013353168964385986
RD,Story18,4,RD_Story18_s4,K_END,53,53,trick.,trick.,17.044322967529297,17.281347274780273,-0.23702430725097656,0.02595919370651245
RD,Story18,5,RD_Story18_s5,K-3,54,54,She,She,7.619549751281738,5.9129638671875,1.7065858840942383,0.004777312278747559
RD,Story18,5,RD_Story18_s5,K-2,55,55,climbed,climbed,5.55187463760376,5.628482818603516,-0.07660818099975586,0.0019255876541137695
RD,Story18,5,RD_Story18_s5,K-1,56,56,onto,onto,3.420297145843506,3.6378650665283203,-0.21756792068481445,0.001956164836883545
RD,Story18,5,RD_Story18_s5,K,57,57,another,a,6.925166130065918,1.5360428094863892,5.389123320579529,0.2394343614578247
RD,Story18,5,RD_Story18_s5,K+1,58,58,"peg,","peg,",11.865859985351562,12.302478790283203,-0.4366188049316406,0.024532079696655273
RD,Story18,5,RD_Story18_s5,K+2,59,59,hung,hung,8.499175071716309,6.898015022277832,1.6011600494384766,0.023635566234588623
RD,Story18,5,RD_Story18_s5,K+3,60,60,herself,herself,4.526284217834473,6.104586601257324,-1.5783023834228516,0.023583590984344482
RD,Story18,5,RD_Story18_s5,K_END,67,67,dead.,dead.,4.4868083000183105,5.755542755126953,-1.2687344551086426,0.0057212114334106445
RD,Story18,6,RD_Story18_s6,K-3,87,87,sack,sack,15.62403678894043,15.571030616760254,0.05300617218017578,0.0020575523376464844
RD,Story18,6,RD_Story18_s6,K-2,88,88,of,of,0.2260430008172989,0.2269095629453659,-0.0008665621280670166,0.0019857287406921387
RD,Story18,6,RD_Story18_s6,K-1,89,89,"grain,","grain,",6.874440670013428,6.74308443069458,0.13135623931884766,0.0008589029312133789
RD,Story18,6,RD_Story18_s6,K,90,90,he,we,8.014789581298828,1.489045262336731,6.525744318962097,0.2859416604042053
RD,Story18,6,RD_Story18_s6,K+1,91,91,still,still,5.486691474914551,4.161337852478027,1.3253536224365234,0.07714283466339111
RD,Story18,6,RD_Story18_s6,K+2,92,92,wouldn’t,wouldn’t,1.2830722332000732,0.9895011186599731,0.2935711145401001,0.0753900408744812
RD,Story18,6,RD_Story18_s6,K+3,93,93,come,come,2.859729528427124,1.1123899221420288,1.7473396062850952,0.04566383361816406
RD,Story18,6,RD_Story18_s6,K_END,95,95,you.”,you.”,0.9386709332466125,0.7113890051841736,0.22728192806243896,0.014368057250976562
CD,Story19,1,CD_Story19_s1,K-3,20,20,to,to,2.000168561935425,2.000168561935425,0.0,5.960464477539063e-08
CD,Story19,1,CD_Story19_s1,K-2,21,21,fight,fight,2.15010404586792,2.15010404586792,0.0,0.0
CD,Story19,1,CD_Story19_s1,K-1,22,22,in,in,2.7460007667541504,2.7460007667541504,0.0,0.0
CD,Story19,1,CD_Story19_s1,K,23,23,"peace,","battle,",12.475973129272461,8.805824279785156,3.6701488494873047,0.05072963237762451
CD,Story19,1,CD_Story19_s1,K+1,24,24,with,with,4.233290672302246,4.365586757659912,-0.13229608535766602,0.04638826847076416
CD,Story19,1,CD_Story19_s1,K+2,25,25,a,a,3.704441785812378,3.699713945388794,0.004727840423583984,0.039863407611846924
CD,Story19,1,CD_Story19_s1,K+3,26,26,heavy,heavy,3.037921190261841,3.1326863765716553,-0.09476518630981445,0.022922933101654053
CD,Story19,1,CD_Story19_s1,K_END,27,27,heart.,heart.,4.06148099899292,4.937695026397705,-0.8762140274047852,0.005719900131225586
CD,Story19,2,CD_Story19_s2,K-3,32,32,forced,forced,5.064507007598877,5.0785722732543945,-0.014065265655517578,0.002962470054626465
CD,Story19,2,CD_Story19_s2,K-2,33,33,to,to,0.8810204267501831,0.7727434039115906,0.10827702283859253,0.00639796257019043
CD,Story19,2,CD_Story19_s2,K-1,34,34,grind,grind,12.267080307006836,12.409402847290039,-0.14232254028320312,0.007323920726776123
CD,Story19,2,CD_Story19_s2,K,35,35,clouds,grain,13.507126808166504,3.6942949295043945,9.81283187866211,0.4135674238204956
CD,Story19,2,CD_Story19_s2,K+1,36,36,instead,instead,5.882604598999023,4.355612277984619,1.5269923210144043,0.04690384864807129
CD,Story19,2,CD_Story19_s2,K+2,37,37,of,of,0.05443918704986572,0.09945280104875565,-0.04501361399888992,0.2211160659790039
CD,Story19,2,CD_Story19_s2,K+3,38,38,serving,serving,12.158672332763672,7.656582355499268,4.502089977264404,0.08746707439422607
CD,Story19,2,CD_Story19_s2,K-3,65,65,armor,armor,4.736961364746094,3.9032251834869385,0.8337361812591553,0.00391077995300293
CD,Story19,2,CD_Story19_s2,K-2,66,66,and,and,1.03407883644104,1.0212149620056152,0.012863874435424805,0.005821585655212402
CD,Story19,2,CD_Story19_s2,K-1,67,67,a,a,4.2990217208862305,4.305782318115234,-0.006760597229003906,0.006927073001861572
CD,Story19,2,CD_Story19_s2,K,68,68,bridge,groom,12.759832382202148,23.20250701904297,-10.44267463684082,0.28445422649383545
CD,Story19,2,CD_Story19_s2,K+1,69,69,to,to,10.531773567199707,7.596625328063965,2.935148239135742,0.2069224715232849
CD,Story19,2,CD_Story19_s2,K+2,70,70,care,care,8.998224258422852,6.278489589691162,2.7197346687316895,0.19676858186721802
CD,Story19,2,CD_Story19_s2,K+3,71,71,for,for,0.9306286573410034,0.2902010977268219,0.6404275596141815,0.14820784330368042
CD,Story19,2,CD_Story19_s2,K_END,72,72,me.,me.,5.955612659454346,3.7744479179382324,2.1811647415161133,0.008417844772338867
RD,Story19,2,RD_Story19_s2,K-3,41,41,"wars,","wars,",11.162575721740723,11.162575721740723,0.0,5.960464477539063e-08
RD,Story19,2,RD_Story19_s2,K-2,42,42,he,he,0.23924608528614044,0.23924608528614044,0.0,5.960464477539063e-08
RD,Story19,2,RD_Story19_s2,K-1,43,43,lamented,lamented,10.145750999450684,10.145750999450684,0.0,5.960464477539063e-08
RD,Story19,2,RD_Story19_s2,K,44,44,her,his,8.73705768585205,3.54955792427063,5.187499761581421,0.402921199798584
RD,Story19,2,RD_Story19_s2,K+1,45,45,change,change,9.12515640258789,4.8703765869140625,4.254779815673828,0.011127889156341553
RD,Story19,2,RD_Story19_s2,K+2,46,46,in,in,2.4261069297790527,2.699414014816284,-0.27330708503723145,0.10274499654769897
RD,Story19,2,RD_Story19_s2,K+3,47,47,fortune,fortune,4.051002025604248,1.326609492301941,2.724392533302307,0.010407030582427979
RD,Story19,2,RD_Story19_s2,K-3,69,69,to,to,7.482489585876465,7.596625328063965,-0.1141357421875,0.00028705596923828125
RD,Story19,2,RD_Story19_s2,K-2,70,70,care,care,6.352275371551514,6.278489589691162,0.07378578186035156,0.0002022385597229004
RD,Story19,2,RD_Story19_s2,K-1,71,71,for,for,0.3277333974838257,0.2902010977268219,0.037532299757003784,0.0004086494445800781
RD,Story19,2,RD_Story19_s2,K,72,72,it.,me.,7.145331859588623,3.7744479179382324,3.3708839416503906,0.0022469162940979004
RD,Story19,2,RD_Story19_s2,K_END,72,72,it.,me.,7.145331859588623,3.7744479179382324,3.3708839416503906,0.0022469162940979004
RD,Story19,3,RD_Story19_s3,K-3,81,81,the,the,3.833329916000366,3.8363375663757324,-0.003007650375366211,0.0008704066276550293
RD,Story19,3,RD_Story19_s3,K-2,82,82,mill,mill,12.543621063232422,12.584724426269531,-0.041103363037109375,0.000650942325592041
RD,Story19,3,RD_Story19_s3,K-3,83,83,over,over,4.745748519897461,4.7603631019592285,-0.014614582061767578,0.0006974339485168457
RD,Story19,3,RD_Story19_s3,K-1,83,83,over,over,4.745748519897461,4.7603631019592285,-0.014614582061767578,0.0006974339485168457
RD,Story19,3,RD_Story19_s3,K-2,84,84,another,the,8.428932189941406,1.1658616065979004,7.263070583343506,0.35618436336517334
RD,Story19,3,RD_Story19_s3,K,84,84,another,the,8.428932189941406,1.1658616065979004,7.263070583343506,0.35618436336517334
RD,Story19,3,RD_Story19_s3,K-1,85,85,battlefield.”,battlefield.”,7.36013126373291,2.278961658477783,5.081169605255127,0.002972126007080078
RD,Story19,3,RD_Story19_s3,K+1,85,85,battlefield.”,battlefield.”,7.36013126373291,2.278961658477783,5.081169605255127,0.002972126007080078
RD,Story19,3,RD_Story19_s3,K,86,86,A,The,3.950789213180542,2.505723714828491,1.4450654983520508,0.3369157314300537
RD,Story19,3,RD_Story19_s3,K+2,86,86,A,The,3.950789213180542,2.505723714828491,1.4450654983520508,0.3369157314300537
RD,Story19,3,RD_Story19_s3,K+1,87,87,miller,miller,15.242461204528809,9.172822952270508,6.069638252258301,0.12493002414703369
RD,Story19,3,RD_Story19_s3,K+3,87,87,miller,miller,15.242461204528809,9.172822952270508,6.069638252258301,0.12493002414703369
RD,Story19,3,RD_Story19_s3,K+2,88,88,"replied,","replied,",8.217965126037598,3.7533068656921387,4.464658260345459,0.015391767024993896
RD,Story19,3,RD_Story19_s3,K+3,89,89,“Stop,“Stop,11.97458553314209,11.922468185424805,0.052117347717285156,0.002875983715057373
RD,Story19,3,RD_Story19_s3,K_END,93,93,past.,past.,8.061195373535156,7.861926078796387,0.19926929473876953,0.002734065055847168
RD,Story19,4,RD_Story19_s4,K-3,95,95,the,the,3.996770143508911,4.079763412475586,-0.0829932689666748,0.0027105212211608887
RD,Story19,4,RD_Story19_s4,K-2,96,96,fate,fate,9.332795143127441,9.746620178222656,-0.41382503509521484,0.0011963248252868652
RD,Story19,4,RD_Story19_s4,K-1,97,97,of,of,0.2299835979938507,0.23493696749210358,-0.004953369498252869,0.0018933415412902832
RD,Story19,4,RD_Story19_s4,K,98,98,the,all,3.6010265350341797,1.310070514678955,2.2909560203552246,0.4475303292274475
RD,Story19,4,RD_Story19_s4,K+1,99,99,mortals,mortals,14.72001838684082,5.129054069519043,9.590964317321777,0.04366582632064819
RD,Story19,4,RD_Story19_s4,K+2,100,100,to,to,9.242557525634766,7.218975067138672,2.0235824584960938,0.01581418514251709
RD,Story19,4,RD_Story19_s4,K+3,101,101,experience,experience,3.1857428550720215,2.630007028579712,0.5557358264923096,0.009645044803619385
RD,Story19,4,RD_Story19_s4,K_END,107,107,fortune.”,fortune.”,5.09948205947876,6.093254566192627,-0.9937725067138672,0.012214422225952148
CD,Story2,2,CD_Story2_s2,K-3,32,32,with,with,1.3446894884109497,1.3446894884109497,0.0,5.960464477539063e-08
CD,Story2,2,CD_Story2_s2,K-2,33,33,his,his,1.4379379749298096,1.4379379749298096,0.0,5.960464477539063e-08
CD,Story2,2,CD_Story2_s2,K-1,34,34,other,other,0.5811089873313904,0.5811089873313904,0.0,0.0
CD,Story2,2,CD_Story2_s2,K,35,35,"fingers,","donkeys,",18.317485809326172,5.262467384338379,13.055018424987793,0.07883965969085693
CD,Story2,2,CD_Story2_s2,K+1,36,36,so,so,5.136373043060303,4.737634658813477,0.39873838424682617,0.027619600296020508
CD,Story2,2,CD_Story2_s2,K+2,37,37,it,it,3.4487290382385254,3.1780169010162354,0.27071213722229004,0.02224975824356079
CD,Story2,2,CD_Story2_s2,K+3,38,38,could,could,0.6541485786437988,0.5481048822402954,0.10604369640350342,0.02320319414138794
CD,Story2,2,CD_Story2_s2,K_END,39,39,rest.,rest.,7.41691780090332,7.697253704071045,-0.2803359031677246,0.0072670578956604
CD,Story2,3,CD_Story2_s3,K-3,43,43,donkey,donkey,0.8531405329704285,0.5224946737289429,0.3306458592414856,0.028809189796447754
CD,Story2,3,CD_Story2_s3,K-2,44,44,left,left,6.799904823303223,7.679939270019531,-0.8800344467163086,0.020809948444366455
CD,Story2,3,CD_Story2_s3,K-1,45,45,the,the,0.9365031719207764,0.8446544408798218,0.09184873104095459,0.02753835916519165
CD,Story2,3,CD_Story2_s3,K,46,46,pillow,group,12.126058578491211,4.495270729064941,7.6307878494262695,0.25488364696502686
CD,Story2,3,CD_Story2_s3,K+1,47,47,and,and,0.6952961087226868,1.6357498168945312,-0.9404537081718445,0.1888790726661682
CD,Story2,3,CD_Story2_s3,K+2,48,48,joined,joined,6.106891632080078,3.7870192527770996,2.3198723793029785,0.09274458885192871
CD,Story2,3,CD_Story2_s3,K+3,49,49,the,the,0.5100977420806885,1.1756237745285034,-0.6655260324478149,0.20148998498916626
CD,Story2,3,CD_Story2_s3,K_END,56,56,all.,all.,2.117058753967285,1.5971779823303223,0.5198807716369629,0.051703035831451416
CD,Story2,4,CD_Story2_s4,K-3,60,60,man,man,7.407934188842773,4.568620204925537,2.8393139839172363,0.048686981201171875
CD,Story2,4,CD_Story2_s4,K-2,61,61,put,put,5.838050365447998,5.817030429840088,0.021019935607910156,0.025762200355529785
CD,Story2,4,CD_Story2_s4,K-1,62,62,a,a,3.4331202507019043,3.8247880935668945,-0.39166784286499023,0.05975234508514404
CD,Story2,4,CD_Story2_s4,K,63,63,lock,halter,8.152446746826172,3.2178807258605957,4.934566020965576,0.19056612253189087
CD,Story2,4,CD_Story2_s4,K+1,64,64,on,on,0.2757072150707245,0.5230715274810791,-0.24736431241035461,0.15328896045684814
CD,Story2,4,CD_Story2_s4,K+2,65,65,the,the,0.4024892747402191,0.40251854062080383,-2.9265880584716797e-05,0.23142439126968384
CD,Story2,4,CD_Story2_s4,K+3,66,66,donkey,donkey,7.42608118057251,4.879175662994385,2.546905517578125,0.198239266872406
CD,Story2,4,CD_Story2_s4,K_END,73,73,owner.,owner.,1.7207636833190918,1.2816359996795654,0.43912768363952637,0.06041443347930908
RD,Story2,2,RD_Story2_s2,K-3,25,25,home,home,1.622653841972351,1.622653841972351,0.0,-1.1920928955078125e-07
RD,Story2,2,RD_Story2_s2,K-2,26,26,and,and,0.6044905781745911,0.6044905781745911,0.0,5.960464477539063e-08
RD,Story2,2,RD_Story2_s2,K-1,27,27,placed,placed,3.5482571125030518,3.5482571125030518,0.0,5.960464477539063e-08
RD,Story2,2,RD_Story2_s2,K,28,28,them,it,6.52370548248291,0.336205393075943,6.187500089406967,0.24751043319702148
RD,Story2,2,RD_Story2_s2,K+1,29,29,in,in,5.439708232879639,2.448868751525879,2.9908394813537598,0.007893979549407959
RD,Story2,2,RD_Story2_s2,K+2,30,30,the,the,0.5436398983001709,0.6015601754188538,-0.05792027711868286,0.004244327545166016
RD,Story2,2,RD_Story2_s2,K+3,31,31,stable,stable,4.947135925292969,4.334439277648926,0.612696647644043,0.0048958659172058105
RD,Story2,2,RD_Story2_s2,K_END,39,39,rest.,rest.,7.388251304626465,7.697253704071045,-0.3090023994445801,0.0009444952011108398
RD,Story2,3,RD_Story2_s3,K-1,40,40,"Immediately,","Immediately,",10.914783477783203,10.884298324584961,0.030485153198242188,0.0010977983474731445
RD,Story2,3,RD_Story2_s3,K,41,41,a,the,14.256952285766602,9.799408912658691,4.45754337310791,0.384968638420105
RD,Story2,3,RD_Story2_s3,K+1,42,42,new,new,10.355504035949707,6.525299549102783,3.830204486846924,0.2011711597442627
RD,Story2,3,RD_Story2_s3,K+2,43,43,donkey,donkey,1.900104284286499,0.5224946737289429,1.3776096105575562,0.12353652715682983
RD,Story2,3,RD_Story2_s3,K+3,44,44,left,left,7.877243995666504,7.679939270019531,0.19730472564697266,0.05732792615890503
RD,Story2,3,RD_Story2_s3,K_END,56,56,all.,all.,1.9015302658081055,1.5971779823303223,0.3043522834777832,0.08783853054046631
RD,Story2,4,RD_Story2_s4,K-3,62,62,a,a,3.6589908599853516,3.8247880935668945,-0.16579723358154297,0.029235899448394775
RD,Story2,4,RD_Story2_s4,K-2,63,63,halter,halter,2.302703619003296,3.2178807258605957,-0.9151771068572998,0.003628849983215332
RD,Story2,4,RD_Story2_s4,K-1,64,64,on,on,0.4676763415336609,0.5230715274810791,-0.05539518594741821,0.01790565252304077
RD,Story2,4,RD_Story2_s4,K,65,65,another,the,6.8120856285095215,0.40251854062080383,6.409567087888718,0.21155601739883423
RD,Story2,4,RD_Story2_s4,K+1,66,66,donkey,donkey,0.6304134130477905,4.879175662994385,-4.248762249946594,0.10442405939102173
RD,Story2,4,RD_Story2_s4,K+2,67,67,and,and,0.6346617937088013,1.059756875038147,-0.4250950813293457,0.06534630060195923
RD,Story2,4,RD_Story2_s4,K+3,68,68,took,took,3.9905216693878174,2.615036725997925,1.3754849433898926,0.025610029697418213
RD,Story2,4,RD_Story2_s4,K_END,73,73,owner.,owner.,1.9670708179473877,1.2816359996795654,0.6854348182678223,0.05875784158706665
RD,Story2,5,RD_Story2_s5,K-3,81,81,animal,animal,2.5946967601776123,0.9251823425292969,1.6695144176483154,0.07998353242874146
RD,Story2,5,RD_Story2_s5,K-2,82,82,so,so,2.2415685653686523,2.576333522796631,-0.3347649574279785,0.023219525814056396
RD,Story2,5,RD_Story2_s5,K-1,83,83,"quickly,","quickly,",2.2492175102233887,2.0342817306518555,0.2149357795715332,0.02762162685394287
RD,Story2,5,RD_Story2_s5,K,84,84,she,he,16.3072509765625,0.18792589008808136,16.11932508647442,0.23579305410385132
RD,Story2,5,RD_Story2_s5,K+1,85,85,"replied,","replied,",5.811263561248779,2.853376626968384,2.9578869342803955,0.026511013507843018
RD,Story2,5,RD_Story2_s5,K+2,86,86,"""I","""I",8.330859184265137,8.132147789001465,0.19871139526367188,0.1277957558631897
RD,Story2,5,RD_Story2_s5,K+3,87,87,don’t,don’t,8.495184898376465,7.224666118621826,1.2705187797546387,0.10004532337188721
RD,Story2,5,RD_Story2_s5,K_END,91,91,time.,time.,7.221461296081543,8.556658744812012,-1.3351974487304688,0.05995398759841919
CD,Story20,3,CD_Story20_s3,K-3,32,32,from,from,3.7624542713165283,3.7624542713165283,0.0,5.960464477539063e-08
CD,Story20,3,CD_Story20_s3,K-2,33,33,beneath,beneath,5.134963035583496,5.134963035583496,0.0,5.960464477539063e-08
CD,Story20,3,CD_Story20_s3,K-1,34,34,the,the,1.244168758392334,1.244168758392334,0.0,5.960464477539063e-08
CD,Story20,3,CD_Story20_s3,K,35,35,"sky,","straw,",20.520252227783203,7.124870777130127,13.395381450653076,0.01699274778366089
CD,Story20,3,CD_Story20_s3,K+1,36,36,with,with,5.1054205894470215,4.7272162437438965,0.378204345703125,0.005133986473083496
CD,Story20,3,CD_Story20_s3,K+2,37,37,great,great,4.713423728942871,4.563508033752441,0.1499156951904297,0.0077340006828308105
CD,Story20,3,CD_Story20_s3,K+3,38,38,excitement.,excitement.,6.631879806518555,6.108745574951172,0.5231342315673828,0.010838449001312256
CD,Story20,3,CD_Story20_s3,K_END,38,38,excitement.,excitement.,6.631879806518555,6.108745574951172,0.5231342315673828,0.010838449001312256
CD,Story20,5,CD_Story20_s5,K-3,74,74,single,single,10.091063499450684,9.996145248413086,0.09491825103759766,0.0010856389999389648
CD,Story20,5,CD_Story20_s5,K-2,75,75,grain,grain,5.853522777557373,6.021147727966309,-0.16762495040893555,0.000751197338104248
CD,Story20,5,CD_Story20_s5,K-1,76,76,of,of,0.12012812495231628,0.11305436491966248,0.007073760032653809,0.0009507536888122559
CD,Story20,5,CD_Story20_s5,K,77,77,time,barley,10.78633975982666,3.281750440597534,7.504589319229126,0.26835495233535767
CD,Story20,5,CD_Story20_s5,K+1,78,78,than,than,6.138604164123535,0.6638847589492798,5.474719405174255,0.030867815017700195
CD,Story20,5,CD_Story20_s5,K+2,79,79,a,a,4.501537799835205,4.475693225860596,0.025844573974609375,0.010796546936035156
CD,Story20,5,CD_Story20_s5,K+3,80,80,whole,whole,1.3998345136642456,1.3006337881088257,0.09920072555541992,0.012455224990844727
CD,Story20,5,CD_Story20_s5,K_END,83,83,"pearls.""","pearls.""",0.9175397157669067,1.0101025104522705,-0.09256279468536377,0.012076854705810547
RD,Story20,3,RD_Story20_s3,K-1,21,21,"ho!""","ho!""",5.203181266784668,5.203181266784668,0.0,-1.1920928955078125e-07
RD,Story20,3,RD_Story20_s3,K,22,22,they,he,6.887925148010254,0.637925386428833,6.249999761581421,0.23008882999420166
RD,Story20,3,RD_Story20_s3,K+1,23,23,"said,","said,",5.814044952392578,9.30469036102295,-3.490645408630371,0.044412851333618164
RD,Story20,3,RD_Story20_s3,K+2,24,24,"""That’s","""That’s",16.48917007446289,17.34612274169922,-0.8569526672363281,0.0049707889556884766
RD,Story20,3,RD_Story20_s3,K+3,25,25,for,for,6.088170528411865,6.3809003829956055,-0.29272985458374023,0.00429302453994751
RD,Story20,3,RD_Story20_s3,K-3,31,31,out,out,0.26225802302360535,0.13428696990013123,0.12797105312347412,0.010940134525299072
RD,Story20,3,RD_Story20_s3,K-2,32,32,from,from,3.483511447906494,3.7624542713165283,-0.2789428234100342,0.005978405475616455
RD,Story20,3,RD_Story20_s3,K-1,33,33,beneath,beneath,4.738110542297363,5.134963035583496,-0.3968524932861328,0.032863080501556396
RD,Story20,3,RD_Story20_s3,K,34,34,a,the,5.5150251388549805,1.244168758392334,4.2708563804626465,0.3150622248649597
RD,Story20,3,RD_Story20_s3,K+1,35,35,"straw,","straw,",6.964310646057129,7.124870777130127,-0.16056013107299805,0.012935340404510498
RD,Story20,3,RD_Story20_s3,K+2,36,36,with,with,4.432586669921875,4.7272162437438965,-0.2946295738220215,0.012695014476776123
RD,Story20,3,RD_Story20_s3,K+3,37,37,great,great,4.437297821044922,4.563508033752441,-0.12621021270751953,0.006115376949310303
RD,Story20,3,RD_Story20_s3,K_END,38,38,excitement.,excitement.,5.744150161743164,6.108745574951172,-0.3645954132080078,0.014040768146514893
RD,Story20,4,RD_Story20_s4,K-3,48,48,been,been,2.7302980422973633,2.6869256496429443,0.043372392654418945,0.0017123222351074219
RD,Story20,4,RD_Story20_s4,K-2,49,49,lost,lost,2.6261050701141357,2.6150131225585938,0.011091947555541992,0.0013658404350280762
RD,Story20,4,RD_Story20_s4,K-1,50,50,in,in,2.6606154441833496,2.730165719985962,-0.0695502758026123,0.0032767653465270996
RD,Story20,4,RD_Story20_s4,K,51,51,some,the,12.366998672485352,0.6712394952774048,11.695759177207947,0.2468213438987732
RD,Story20,4,RD_Story20_s4,K+1,52,52,yard.,yard.,9.097521781921387,5.747635841369629,3.349885940551758,0.010032713413238525
RD,Story20,4,RD_Story20_s4,K_END,52,52,yard.,yard.,9.097521781921387,5.747635841369629,3.349885940551758,0.010032713413238525
RD,Story20,5,RD_Story20_s5,K-3,56,56,a,a,3.675704002380371,3.5805511474609375,0.0951528549194336,0.0029304027557373047
RD,Story20,5,RD_Story20_s5,K-2,57,57,"treasure,""","treasure,""",18.59769058227539,18.93106460571289,-0.3333740234375,0.01170569658279419
RD,Story20,5,RD_Story20_s5,K-1,58,58,said,said,1.1271415948867798,1.1285570859909058,-0.0014154911041259766,0.0079345703125
RD,Story20,5,RD_Story20_s5,K,59,59,a,the,3.7448291778564453,1.511258602142334,2.2335705757141113,0.3048165440559387
RD,Story20,5,RD_Story20_s5,K+1,60,60,"rooster,","rooster,",14.28017807006836,11.212458610534668,3.0677194595336914,0.012950658798217773
RD,Story20,5,RD_Story20_s5,K+2,61,61,"""to","""to",19.332075119018555,19.8221378326416,-0.4900627136230469,0.007013201713562012
RD,Story20,5,RD_Story20_s5,K+3,62,62,those,those,4.242607116699219,4.490255832672119,-0.2476487159729004,0.002603292465209961
RD,Story20,5,RD_Story20_s5,K_END,83,83,"pearls.""","pearls.""",1.0142712593078613,1.0101025104522705,0.00416874885559082,0.005535542964935303
CD,Story21,2,CD_Story21_s2,K-3,27,27,shot,shot,2.199490785598755,2.199490785598755,0.0,-1.1920928955078125e-07
CD,Story21,2,CD_Story21_s2,K-2,28,28,him,him,5.895445823669434,5.895445823669434,0.0,-1.1920928955078125e-07
CD,Story21,2,CD_Story21_s2,K-1,29,29,with,with,2.7579891681671143,2.7579891681671143,0.0,5.960464477539063e-08
CD,Story21,2,CD_Story21_s2,K,30,30,a,an,2.6919004917144775,1.0669004917144775,1.625,0.30021029710769653
CD,Story21,2,CD_Story21_s2,K,31,31,"blanket,","arrow,",18.422367095947266,3.4061484336853027,15.016218662261963,0.15234261751174927
CD,Story21,2,CD_Story21_s2,K+1,32,32,without,without,4.630851745605469,5.957954406738281,-1.3271026611328125,0.02859210968017578
CD,Story21,2,CD_Story21_s2,K+2,33,33,mercy.,mercy.,10.57320499420166,9.497774124145508,1.0754308700561523,0.009607374668121338
CD,Story21,2,CD_Story21_s2,K_END,33,33,mercy.,mercy.,10.57320499420166,9.497774124145508,1.0754308700561523,0.009607374668121338
CD,Story21,3,CD_Story21_s3,K-3,44,44,that,that,1.856876015663147,2.433009624481201,-0.5761336088180542,0.004076600074768066
CD,Story21,3,CD_Story21_s3,K-2,45,45,struck,struck,4.35380220413208,4.8003315925598145,-0.4465293884277344,0.0006462931632995605
CD,Story21,3,CD_Story21_s3,K-1,46,46,his,his,3.6188716888427734,3.8554561138153076,-0.23658442497253418,0.0017459392547607422
CD,Story21,3,CD_Story21_s3,K,47,47,reflection,heart,13.470804214477539,1.1381772756576538,12.332626938819885,0.12085080146789551
CD,Story21,3,CD_Story21_s3,K+1,48,48,and,and,1.7601051330566406,1.3635352849960327,0.3965698480606079,0.025819003582000732
CD,Story21,3,CD_Story21_s3,K+2,49,49,noticed,noticed,4.2577996253967285,4.461517333984375,-0.20371770858764648,0.010288059711456299
CD,Story21,3,CD_Story21_s3,K+3,50,50,that,that,0.5575041174888611,0.6005353927612305,-0.043031275272369385,0.012049555778503418
CD,Story21,3,CD_Story21_s3,K_END,57,57,wings.,wings.,6.355087757110596,5.713775634765625,0.6413121223449707,0.00810086727142334
RD,Story21,2,RD_Story21_s2,K-3,19,19,hidden,hidden,8.734450340270996,8.734450340270996,0.0,5.960464477539063e-08
RD,Story21,2,RD_Story21_s2,K-2,20,20,archer,archer,9.868386268615723,9.868386268615723,0.0,-1.1920928955078125e-07
RD,Story21,2,RD_Story21_s2,K-1,21,21,spotted,spotted,8.919100761413574,8.919100761413574,0.0,0.0
RD,Story21,2,RD_Story21_s2,K,22,22,some,the,8.864090919494629,0.7390908598899841,8.125000059604645,0.270183265209198
RD,Story21,2,RD_Story21_s2,K+1,23,23,"eagle,","eagle,",9.97282886505127,7.164918899536133,2.8079099655151367,0.020739257335662842
RD,Story21,2,RD_Story21_s2,K+2,24,24,aimed,aimed,2.446641683578491,1.7874994277954102,0.659142255783081,0.004652142524719238
RD,Story21,2,RD_Story21_s2,K+3,25,25,"carefully,","carefully,",7.609314918518066,6.83757209777832,0.7717428207397461,0.0031404495239257812
RD,Story21,2,RD_Story21_s2,K_END,33,33,mercy.,mercy.,9.476417541503906,9.497774124145508,-0.021356582641601562,0.0059174299240112305
RD,Story21,3,RD_Story21_s3,K-3,39,39,he,he,1.72802734375,1.6701236963272095,0.05790364742279053,0.0032604336738586426
RD,Story21,3,RD_Story21_s3,K-2,40,40,looked,looked,5.383680820465088,5.0177130699157715,0.3659677505493164,0.002530992031097412
RD,Story21,3,RD_Story21_s3,K-1,41,41,at,at,2.2618765830993652,2.1207056045532227,0.14117097854614258,0.0021204352378845215
RD,Story21,3,RD_Story21_s3,K,42,42,an,the,8.237491607666016,0.47656238079071045,7.760929226875305,0.3684992790222168
RD,Story21,3,RD_Story21_s3,K+1,43,43,arrow,arrow,0.8447951674461365,3.7189531326293945,-2.874157965183258,0.22227036952972412
RD,Story21,3,RD_Story21_s3,K+2,44,44,that,that,2.389294385910034,2.433009624481201,-0.04371523857116699,0.06740158796310425
RD,Story21,3,RD_Story21_s3,K+3,45,45,struck,struck,5.839446067810059,4.8003315925598145,1.0391144752502441,0.04151725769042969
RD,Story21,3,RD_Story21_s3,K_END,57,57,wings.,wings.,5.913866996765137,5.713775634765625,0.20009136199951172,0.0058304667472839355
RD,Story21,4,RD_Story21_s4,K-3,59,59,hurts,hurts,9.493964195251465,9.438190460205078,0.05577373504638672,0.0033915042877197266
RD,Story21,4,RD_Story21_s4,K-2,60,60,even,even,10.445216178894043,10.812856674194336,-0.36764049530029297,0.0023487210273742676
RD,Story21,4,RD_Story21_s4,K-1,61,61,"more,”","more,”",1.9170905351638794,1.5808817148208618,0.3362088203430176,0.003682255744934082
RD,Story21,4,RD_Story21_s4,K,62,62,she,he,7.731542587280273,0.8576104640960693,6.873932123184204,0.08869767189025879
RD,Story21,4,RD_Story21_s4,K+1,63,63,"said,","said,",7.466245651245117,7.268636703491211,0.19760894775390625,0.026040375232696533
RD,Story21,4,RD_Story21_s4,K+2,64,64,“to,“to,7.176179885864258,6.363422393798828,0.8127574920654297,0.014669656753540039
RD,Story21,4,RD_Story21_s4,K+3,65,65,be,be,3.2501730918884277,2.691789150238037,0.5583839416503906,0.011380672454833984
RD,Story21,4,RD_Story21_s4,K_END,74,74,feathers.”,feathers.”,0.9365701079368591,0.9541862607002258,-0.0176161527633667,0.012121140956878662
CD,Story3,3,CD_Story3_s3,K-3,43,43,only,only,3.798670530319214,3.798670530319214,0.0,0.0
CD,Story3,3,CD_Story3_s3,K-2,44,44,provided,provided,3.0762414932250977,3.0762414932250977,0.0,0.0
CD,Story3,3,CD_Story3_s3,K-1,45,45,enough,enough,9.72209358215332,9.72209358215332,0.0,-1.1920928955078125e-07
CD,Story3,3,CD_Story3_s3,K,46,46,light,space,6.833588600158691,5.521088600158691,1.3125,0.16712015867233276
CD,Story3,3,CD_Story3_s3,K+1,47,47,for,for,1.4624708890914917,0.33578798174858093,1.1266829073429108,0.036002516746520996
CD,Story3,3,CD_Story3_s3,K+2,48,48,one,one,1.270572304725647,0.9377021789550781,0.33287012577056885,0.07613790035247803
CD,Story3,3,CD_Story3_s3,K+3,49,49,"person,","person,",2.3809165954589844,2.0721001625061035,0.30881643295288086,0.005376756191253662
CD,Story3,3,CD_Story3_s3,K_END,62,62,it.,it.,4.737211227416992,4.730571746826172,0.0066394805908203125,0.004052102565765381
CD,Story3,4,CD_Story3_s4,K-3,72,72,"donkey,","donkey,",9.024746894836426,9.272995948791504,-0.24824905395507812,0.0006549954414367676
CD,Story3,4,CD_Story3_s4,K-2,73,73,not,not,1.3398106098175049,1.3241257667541504,0.015684843063354492,0.0008268952369689941
CD,Story3,4,CD_Story3_s4,K-1,74,74,its,its,6.31249475479126,6.566139221191406,-0.2536444664001465,0.0031654834747314453
CD,Story3,4,CD_Story3_s4,K,75,75,"answer,","shadow,",14.850353240966797,0.7052887082099915,14.145064532756805,0.01733875274658203
CD,Story3,4,CD_Story3_s4,K+1,76,76,speaking,speaking,17.126575469970703,17.31708526611328,-0.19050979614257812,0.013269305229187012
CD,Story3,4,CD_Story3_s4,K+2,77,77,in,in,3.1309876441955566,2.6706390380859375,0.46034860610961914,0.008143603801727295
CD,Story3,4,CD_Story3_s4,K+3,78,78,a,a,6.423922538757324,6.2351765632629395,0.18874597549438477,0.008342444896697998
CD,Story3,4,CD_Story3_s4,K_END,85,85,serious.,serious.,6.054956436157227,6.525465488433838,-0.47050905227661133,0.005055606365203857
CD,Story3,6,CD_Story3_s6,K-3,111,111,and,and,9.151009559631348,9.242859840393066,-0.09185028076171875,0.0007776618003845215
CD,Story3,6,CD_Story3_s6,K-2,112,112,amid,amid,8.237065315246582,8.01756763458252,0.2194976806640625,0.0006836652755737305
CD,Story3,6,CD_Story3_s6,K-1,113,113,the,the,1.1849851608276367,1.2275454998016357,-0.04256033897399902,0.0017881393432617188
CD,Story3,6,CD_Story3_s6,K,114,114,"rumors,","chaos,",18.637746810913086,2.157027006149292,16.480719804763794,0.24078088998794556
CD,Story3,6,CD_Story3_s6,K+1,115,115,the,the,10.151872634887695,8.94972038269043,1.2021522521972656,0.04872429370880127
CD,Story3,6,CD_Story3_s6,K+2,116,116,donkey,donkey,4.645163536071777,3.5331053733825684,1.112058162689209,0.05819892883300781
CD,Story3,6,CD_Story3_s6,K+3,117,117,took,took,4.496356964111328,3.724226474761963,0.7721304893493652,0.04443764686584473
CD,Story3,6,CD_Story3_s6,K_END,121,121,away.,away.,1.681831955909729,1.6099920272827148,0.07183992862701416,0.023512840270996094
RD,Story3,2,RD_Story3_s2,K-3,20,20,sun,sun,11.423376083374023,11.423376083374023,0.0,-1.1920928955078125e-07
RD,Story3,2,RD_Story3_s2,K-2,21,21,blazing,blazing,3.73919415473938,3.73919415473938,0.0,5.960464477539063e-08
RD,Story3,2,RD_Story3_s2,K-1,22,22,"down,","down,",2.085461139678955,2.085461139678955,0.0,5.960464477539063e-08
RD,Story3,2,RD_Story3_s2,K,23,23,a,the,14.153824806213379,9.653824806213379,4.5,0.2578898072242737
RD,Story3,2,RD_Story3_s2,K+1,24,24,traveler,traveler,7.938079833984375,8.267518043518066,-0.3294382095336914,0.10393762588500977
RD,Story3,2,RD_Story3_s2,K+2,25,25,decided,decided,4.377495288848877,3.546142101287842,0.8313531875610352,0.013104498386383057
RD,Story3,2,RD_Story3_s2,K+3,26,26,to,to,0.9171349406242371,0.9349884390830994,-0.017853498458862305,0.07284575700759888
RD,Story3,2,RD_Story3_s2,K_END,39,39,shadow.,shadow.,2.8547286987304688,2.7512779235839844,0.10345077514648438,0.005128026008605957
RD,Story3,3,RD_Story3_s3,K-3,59,59,the,the,1.813153624534607,1.7768118381500244,0.03634178638458252,0.0013419389724731445
RD,Story3,3,RD_Story3_s3,K-2,60,60,right,right,6.860882759094238,7.244781970977783,-0.3838992118835449,0.0005072355270385742
RD,Story3,3,RD_Story3_s3,K-1,61,61,to,to,0.6898172497749329,0.6949582099914551,-0.005140960216522217,0.0013071894645690918
RD,Story3,3,RD_Story3_s3,K,62,62,her.,it.,12.661910057067871,4.730571746826172,7.931338310241699,0.017064571380615234
RD,Story3,3,RD_Story3_s3,K_END,62,62,her.,it.,12.661910057067871,4.730571746826172,7.931338310241699,0.017064571380615234
RD,Story3,4,RD_Story3_s4,K-3,64,64,owner,owner,0.9905564188957214,0.9735039472579956,0.01705247163772583,0.003621399402618408
RD,Story3,4,RD_Story3_s4,K-2,65,65,argued,argued,2.5426571369171143,2.6708407402038574,-0.12818360328674316,0.006453156471252441
RD,Story3,4,RD_Story3_s4,K-1,66,66,that,that,0.07106472551822662,0.05283866077661514,0.01822606474161148,0.010772883892059326
RD,Story3,4,RD_Story3_s4,K,67,67,they,he,3.8745288848876953,3.4629132747650146,0.41161561012268066,0.27955156564712524
RD,Story3,4,RD_Story3_s4,K+1,68,68,had,had,1.984635591506958,0.843156635761261,1.141478955745697,0.06306964159011841
RD,Story3,4,RD_Story3_s4,K+2,69,69,only,only,5.8599748611450195,6.754732131958008,-0.8947572708129883,0.039143502712249756
RD,Story3,4,RD_Story3_s4,K+3,70,70,lent,lent,6.891761302947998,4.7909417152404785,2.1008195877075195,0.02110755443572998
RD,Story3,4,RD_Story3_s4,K_END,85,85,serious.,serious.,6.168576717376709,6.525465488433838,-0.3568887710571289,0.007142603397369385
RD,Story3,5,RD_Story3_s5,K-3,98,98,had,had,1.3229113817214966,1.2654767036437988,0.057434678077697754,0.0014008283615112305
RD,Story3,5,RD_Story3_s5,K-2,99,99,also,also,1.1595821380615234,1.0276968479156494,0.13188529014587402,0.0012660622596740723
RD,Story3,5,RD_Story3_s5,K-1,100,100,hired,hired,0.19126181304454803,0.16686755418777466,0.024394258856773376,0.0020331740379333496
RD,Story3,5,RD_Story3_s5,K,101,101,another,its,9.60261344909668,0.3899917006492615,9.212621748447418,0.22344970703125
RD,Story3,5,RD_Story3_s5,K+1,102,102,shadow.,shadow.,4.378748416900635,1.6612720489501953,2.7174763679504395,0.011104941368103027
RD,Story3,5,RD_Story3_s5,K_END,102,102,shadow.,shadow.,4.378748416900635,1.6612720489501953,2.7174763679504395,0.011104941368103027
RD,Story3,6,RD_Story3_s6,K-3,112,112,amid,amid,8.234295845031738,8.01756763458252,0.21672821044921875,0.0009257197380065918
RD,Story3,6,RD_Story3_s6,K-2,113,113,the,the,1.2519153356552124,1.2275454998016357,0.02436983585357666,0.0008752346038818359
RD,Story3,6,RD_Story3_s6,K-1,114,114,"chaos,","chaos,",2.197598457336426,2.157027006149292,0.04057145118713379,0.0013939142227172852
RD,Story3,6,RD_Story3_s6,K,115,115,a,the,13.075798988342285,8.94972038269043,4.1260786056518555,0.30751579999923706
RD,Story3,6,RD_Story3_s6,K+1,116,116,donkey,donkey,9.696788787841797,3.5331053733825684,6.1636834144592285,0.29260456562042236
RD,Story3,6,RD_Story3_s6,K+2,117,117,took,took,6.420992374420166,3.724226474761963,2.696765899658203,0.08309942483901978
RD,Story3,6,RD_Story3_s6,K+3,118,118,off,off,2.7493417263031006,1.0419111251831055,1.7074306011199951,0.02332282066345215
RD,Story3,6,RD_Story3_s6,K_END,121,121,away.,away.,1.716226577758789,1.6099920272827148,0.10623455047607422,0.012898802757263184
CD,Story4,2,CD_Story4_s2,K-3,45,45,the,the,1.658972978591919,1.658972978591919,0.0,-1.1920928955078125e-07
CD,Story4,2,CD_Story4_s2,K-2,46,46,heart,heart,2.596406936645508,2.596406936645508,0.0,-1.1920928955078125e-07
CD,Story4,2,CD_Story4_s2,K-1,47,47,of,of,0.05574044585227966,0.05574044585227966,0.0,-1.1920928955078125e-07
CD,Story4,2,CD_Story4_s2,K,48,48,a,"battle,",4.166258335113525,4.9332380294799805,-0.7669796943664551,0.6853294372558594
CD,Story4,2,CD_Story4_s2,K,49,48,"jar,","battle,",18.305675506591797,4.9332380294799805,13.372437477111816,0.05085277557373047
CD,Story4,2,CD_Story4_s2,K+1,50,49,while,while,1.9201608896255493,0.8665178418159485,1.0536430478096008,0.0034357309341430664
CD,Story4,2,CD_Story4_s2,K+2,51,50,the,the,0.7016201019287109,0.679208517074585,0.022411584854125977,0.0073119401931762695
CD,Story4,2,CD_Story4_s2,K+3,52,51,donkey,donkey,7.517783164978027,7.105454444885254,0.41232872009277344,0.00965052843093872
CD,Story4,2,CD_Story4_s2,K_END,54,53,behind.,behind.,4.546985626220703,4.487362861633301,0.059622764587402344,0.003940403461456299
CD,Story4,3,CD_Story4_s3,K-3,62,61,dead,dead,2.016818046569824,2.7014851570129395,-0.6846671104431152,0.0050356388092041016
CD,Story4,3,CD_Story4_s3,K-2,63,62,on,on,2.9797303676605225,3.075977325439453,-0.09624695777893066,0.022757768630981445
CD,Story4,3,CD_Story4_s3,K-1,64,63,the,the,0.3863945007324219,0.2627279460430145,0.12366655468940735,0.037939488887786865
CD,Story4,3,CD_Story4_s3,K,65,64,"plate,","battlefield,",15.473995208740234,1.428305745124817,14.045689463615417,0.01643604040145874
CD,Story4,3,CD_Story4_s3,K+1,66,65,tragically.,tragically.,17.255538940429688,16.494298934936523,0.7612400054931641,0.00515216588973999
CD,Story4,3,CD_Story4_s3,K_END,66,65,tragically.,tragically.,17.255538940429688,16.494298934936523,0.7612400054931641,0.00515216588973999
RD,Story4,1,RD_Story4_s1,K-3,23,23,work,work,4.850545883178711,4.850545883178711,0.0,5.960464477539063e-08
RD,Story4,1,RD_Story4_s1,K-2,24,24,hard,hard,1.2029671669006348,1.2029671669006348,0.0,5.960464477539063e-08
RD,Story4,1,RD_Story4_s1,K-1,25,25,for,for,1.3479605913162231,1.3479605913162231,0.0,0.0
RD,Story4,1,RD_Story4_s1,K,26,26,her.,it.,11.529808044433594,3.2196874618530273,8.310120582580566,0.007885992527008057
RD,Story4,1,RD_Story4_s1,K_END,26,26,her.,it.,11.529808044433594,3.2196874618530273,8.310120582580566,0.007885992527008057
RD,Story4,2,RD_Story4_s2,K-3,36,36,the,the,1.0901845693588257,1.2080801725387573,-0.11789560317993164,0.0012302994728088379
RD,Story4,2,RD_Story4_s2,K-2,37,37,teeth,teeth,7.685081958770752,7.660583972930908,0.02449798583984375,0.011850893497467041
RD,Story4,2,RD_Story4_s2,K-1,38,38,mounted,mounted,8.358190536499023,8.737418174743652,-0.3792276382446289,0.005355775356292725
RD,Story4,2,RD_Story4_s2,K,39,39,a,the,3.7717273235321045,3.0294156074523926,0.7423117160797119,0.2360447645187378
RD,Story4,2,RD_Story4_s2,K+1,40,40,horse,horse,5.224933624267578,3.01701021194458,2.207923412322998,0.03248542547225952
RD,Story4,2,RD_Story4_s2,K+2,41,41,and,and,1.2225594520568848,1.2292031049728394,-0.00664365291595459,0.019587934017181396
RD,Story4,2,RD_Story4_s2,K+3,42,42,charged,charged,5.367586135864258,5.999673843383789,-0.6320877075195312,0.022558093070983887
RD,Story4,2,RD_Story4_s2,K_END,53,53,behind.,behind.,4.699888706207275,4.487362861633301,0.2125258445739746,0.004814326763153076
RD,Story4,3,RD_Story4_s3,K-3,60,60,fell,fell,2.342857837677002,2.5983057022094727,-0.2554478645324707,0.001748502254486084
RD,Story4,3,RD_Story4_s3,K-2,61,61,dead,dead,2.808960199356079,2.7014851570129395,0.10747504234313965,0.002517521381378174
RD,Story4,3,RD_Story4_s3,K-1,62,62,on,on,3.3555855751037598,3.075977325439453,0.27960824966430664,0.003506481647491455
RD,Story4,3,RD_Story4_s3,K,63,63,a,the,9.040022850036621,0.2627279460430145,8.777294903993607,0.3663138747215271
RD,Story4,3,RD_Story4_s3,K+1,64,64,"battlefield,","battlefield,",6.619170665740967,1.428305745124817,5.19086492061615,0.005674839019775391
RD,Story4,3,RD_Story4_s3,K+2,65,65,tragically.,tragically.,17.529239654541016,16.494298934936523,1.0349407196044922,0.004324078559875488
RD,Story4,3,RD_Story4_s3,K_END,65,65,tragically.,tragically.,17.529239654541016,16.494298934936523,1.0349407196044922,0.004324078559875488
RD,Story4,4,RD_Story4_s4,K-3,68,68,the,the,9.295418739318848,9.102352142333984,0.19306659698486328,0.004422903060913086
RD,Story4,4,RD_Story4_s4,K-2,69,69,donkey,donkey,2.7188382148742676,2.1614372730255127,0.5574009418487549,0.0031297802925109863
RD,Story4,4,RD_Story4_s4,K-1,70,70,changed,changed,7.832390308380127,7.868368148803711,-0.035977840423583984,0.0035953521728515625
RD,Story4,4,RD_Story4_s4,K,71,71,their,his,5.995246887207031,0.6765283346176147,5.3187185525894165,0.04288440942764282
RD,Story4,4,RD_Story4_s4,K+1,72,72,mind,mind,1.3858466148376465,1.057982087135315,0.32786452770233154,0.037228941917419434
RD,Story4,4,RD_Story4_s4,K+2,73,73,and,and,0.8284387588500977,0.4992481470108032,0.32919061183929443,0.016973257064819336
RD,Story4,4,RD_Story4_s4,K+3,74,74,felt,felt,4.540687561035156,4.930379867553711,-0.3896923065185547,0.018998682498931885
RD,Story4,4,RD_Story4_s4,K_END,86,86,life.,life.,1.4847517013549805,1.5125696659088135,-0.027817964553833008,0.028352320194244385
CD,Story5,3,CD_Story5_s3,K-3,39,39,they,they,3.86161208152771,3.86161208152771,0.0,-1.1920928955078125e-07
CD,Story5,3,CD_Story5_s3,K-2,40,40,were,were,0.9370288848876953,0.9370288848876953,0.0,0.0
CD,Story5,3,CD_Story5_s3,K-1,41,41,showing,showing,5.410782337188721,5.410782337188721,0.0,0.0
CD,Story5,3,CD_Story5_s3,K,42,42,their,respect,4.01510763168335,2.3901076316833496,1.625,0.4489736557006836
CD,Story5,3,CD_Story5_s3,K,43,42,expertise,respect,11.704151153564453,2.3901076316833496,9.314043521881104,0.16959834098815918
CD,Story5,3,CD_Story5_s3,K+1,44,43,to,to,9.85064697265625,1.2318660020828247,8.618780970573425,0.13446152210235596
CD,Story5,3,CD_Story5_s3,K+2,45,44,"him,","him,",1.5218853950500488,1.042144536972046,0.47974085807800293,0.012519776821136475
CD,Story5,3,CD_Story5_s3,K+3,46,45,became,became,9.425399780273438,8.852445602416992,0.5729541778564453,0.029184997081756592
CD,Story5,3,CD_Story5_s3,K_END,56,55,further.,further.,2.2301273345947266,2.2359461784362793,-0.005818843841552734,0.0018687844276428223
CD,Story5,4,CD_Story5_s4,K-3,64,63,him,him,0.1857336014509201,0.17420847713947296,0.011525124311447144,0.0008475780487060547
CD,Story5,4,CD_Story5_s4,K-2,65,64,with,with,0.5840834379196167,0.5596296787261963,0.02445375919342041,0.0005388855934143066
CD,Story5,4,CD_Story5_s4,K-1,66,65,his,his,0.9808577299118042,0.944105863571167,0.03675186634063721,0.0006650090217590332
CD,Story5,4,CD_Story5_s4,K,67,66,memory,whip,12.214659690856934,1.2240021228790283,10.990657567977905,0.3241332769393921
CD,Story5,4,CD_Story5_s4,K+1,68,67,and,and,3.1449999809265137,1.8010401725769043,1.3439598083496094,0.046446919441223145
CD,Story5,4,CD_Story5_s4,K+2,69,68,"said,","said,",6.26835823059082,5.789489269256592,0.4788689613342285,0.012183427810668945
CD,Story5,4,CD_Story5_s4,K+3,70,69,"""You","""You",8.488411903381348,8.04449462890625,0.44391727447509766,0.01265418529510498
CD,Story5,4,CD_Story5_s4,K_END,72,71,animal!,animal!,3.2884838581085205,2.7082362174987793,0.5802476406097412,0.014247536659240723
RD,Story5,2,RD_Story5_s2,K-3,31,31,in,in,3.1964478492736816,3.1964478492736816,0.0,-1.1920928955078125e-07
RD,Story5,2,RD_Story5_s2,K-2,32,32,reverence,reverence,3.9794371128082275,3.9794371128082275,0.0,-1.1920928955078125e-07
RD,Story5,2,RD_Story5_s2,K-1,33,33,to,to,5.56757926940918,5.56757926940918,0.0,-1.1920928955078125e-07
RD,Story5,2,RD_Story5_s2,K,34,34,a,the,5.836390972137451,2.211390972137451,3.625,0.2911936640739441
RD,Story5,2,RD_Story5_s2,K+1,35,35,statue.,statue.,12.430087089538574,12.098097801208496,0.3319892883300781,0.013231098651885986
RD,Story5,2,RD_Story5_s2,K_END,35,35,statue.,statue.,12.430087089538574,12.098097801208496,0.3319892883300781,0.013231098651885986
RD,Story5,3,RD_Story5_s3,K-3,41,41,showing,showing,5.668166160583496,5.410782337188721,0.2573838233947754,0.0010576844215393066
RD,Story5,3,RD_Story5_s3,K-2,42,42,respect,respect,2.2533037662506104,2.3901076316833496,-0.13680386543273926,0.0031522512435913086
RD,Story5,3,RD_Story5_s3,K-1,43,43,to,to,1.4676376581192017,1.2318660020828247,0.23577165603637695,0.004642486572265625
RD,Story5,3,RD_Story5_s3,K,44,44,"them,","him,",5.181020259857178,1.042144536972046,4.138875722885132,0.0043225884437561035
RD,Story5,3,RD_Story5_s3,K+1,45,45,became,became,9.019022941589355,8.852445602416992,0.16657733917236328,0.0032845735549926758
RD,Story5,3,RD_Story5_s3,K+2,46,46,"proud,","proud,",5.5458269119262695,5.27508020401001,0.27074670791625977,0.002860128879547119
RD,Story5,3,RD_Story5_s3,K+3,47,47,puffed,puffed,15.728167533874512,15.418412208557129,0.3097553253173828,0.006176173686981201
RD,Story5,3,RD_Story5_s3,K_END,55,55,further.,further.,2.0575408935546875,2.2359461784362793,-0.1784052848815918,0.002047419548034668
RD,Story5,4,RD_Story5_s4,K-1,56,56,Seeing,Seeing,10.682852745056152,10.372159957885742,0.31069278717041016,0.0012476444244384766
RD,Story5,4,RD_Story5_s4,K,57,57,some,the,11.061134338378906,2.6195907592773438,8.441543579101562,0.2905614376068115
RD,Story5,4,RD_Story5_s4,K+1,58,58,donkey,donkey,17.0726318359375,9.027410507202148,8.045221328735352,0.3469286561012268
RD,Story5,4,RD_Story5_s4,K+2,59,59,"stop,","stop,",11.5821533203125,5.841401100158691,5.740752220153809,0.06069910526275635
RD,Story5,4,RD_Story5_s4,K+3,60,60,the,the,10.479758262634277,9.361703872680664,1.1180543899536133,0.027750909328460693
RD,Story5,4,RD_Story5_s4,K_END,71,71,animal!,animal!,2.981448173522949,2.7082362174987793,0.2732119560241699,0.004178643226623535
RD,Story5,5,RD_Story5_s5,K-2,72,72,It’s,It’s,11.152885437011719,11.424171447753906,-0.2712860107421875,0.0044089555740356445
RD,Story5,5,RD_Story5_s5,K-1,73,73,not,not,0.8864044547080994,0.706026017665863,0.18037843704223633,0.006877601146697998
RD,Story5,5,RD_Story5_s5,K,74,74,her,you,8.98719310760498,3.819720983505249,5.1674721240997314,0.3394628167152405
RD,Story5,5,RD_Story5_s5,K+1,75,75,they,they,7.540212631225586,1.1498303413391113,6.390382289886475,0.0415043830871582
RD,Story5,5,RD_Story5_s5,K+2,76,76,are,are,1.7097384929656982,1.2020595073699951,0.5076789855957031,0.026883959770202637
RD,Story5,5,RD_Story5_s5,K+3,77,77,bowing,bowing,0.3131430149078369,0.4989856481552124,-0.1858426332473755,0.04074251651763916
RD,Story5,5,RD_Story5_s5,K_END,83,83,donkey.,donkey.,6.839302062988281,6.280214786529541,0.5590872764587402,0.012609541416168213
CD,Story6,2,CD_Story6_s2,K-3,18,18,blew,blew,3.2802648544311523,3.2802648544311523,0.0,-1.1920928955078125e-07
CD,Story6,2,CD_Story6_s2,K-2,19,19,off,off,5.834578990936279,5.834578990936279,0.0,-1.1920928955078125e-07
CD,Story6,2,CD_Story6_s2,K-3,20,20,his,his,2.7453603744506836,2.7453603744506836,0.0,-1.1920928955078125e-07
CD,Story6,2,CD_Story6_s2,K-1,20,20,his,his,2.7453603744506836,2.7453603744506836,0.0,-1.1920928955078125e-07
CD,Story6,2,CD_Story6_s2,K-2,21,21,wig,hat,2.584460735321045,3.959460735321045,-1.375,0.06838053464889526
CD,Story6,2,CD_Story6_s2,K,21,21,wig,hat,2.584460735321045,3.959460735321045,-1.375,0.06838053464889526
CD,Story6,2,CD_Story6_s2,K-1,22,22,and,and,1.626278042793274,2.0049097537994385,-0.37863171100616455,0.017514824867248535
CD,Story6,2,CD_Story6_s2,K+1,22,22,and,and,1.626278042793274,2.0049097537994385,-0.37863171100616455,0.017514824867248535
CD,Story6,2,CD_Story6_s2,K,23,23,"hand,","wig,",13.196211814880371,12.910350799560547,0.2858610153198242,0.02306807041168213
CD,Story6,2,CD_Story6_s2,K+2,23,23,"hand,","wig,",13.196211814880371,12.910350799560547,0.2858610153198242,0.02306807041168213
CD,Story6,2,CD_Story6_s2,K+1,24,24,causing,causing,3.280402660369873,3.391258955001831,-0.11085629463195801,0.004713118076324463
CD,Story6,2,CD_Story6_s2,K+3,24,24,causing,causing,3.280402660369873,3.391258955001831,-0.11085629463195801,0.004713118076324463
CD,Story6,2,CD_Story6_s2,K+2,25,25,his,his,2.8729758262634277,2.7738289833068848,0.09914684295654297,0.03190410137176514
CD,Story6,2,CD_Story6_s2,K+3,26,26,companions,companions,6.7873358726501465,7.4160261154174805,-0.628690242767334,0.004291236400604248
CD,Story6,2,CD_Story6_s2,K_END,30,30,laughter.,laughter.,2.7975358963012695,3.048966407775879,-0.2514305114746094,0.0031322240829467773
CD,Story6,3,CD_Story6_s3,K-3,58,58,the,the,2.985245704650879,2.961880922317505,0.023364782333374023,0.0122603178024292
CD,Story6,3,CD_Story6_s3,K-2,59,59,man,man,15.10313892364502,15.44424819946289,-0.3411092758178711,0.0022385716438293457
CD,Story6,3,CD_Story6_s3,K-1,60,60,whose,whose,3.3541431427001953,3.037841320037842,0.3163018226623535,0.006557822227478027
CD,Story6,3,CD_Story6_s3,K,61,61,pocket,head,12.289026260375977,2.5722668170928955,9.716759443283081,0.13108402490615845
CD,Story6,3,CD_Story6_s3,K+1,62,62,they,they,0.7513144612312317,0.16428062319755554,0.5870338380336761,0.0728875994682312
CD,Story6,3,CD_Story6_s3,K+2,63,63,originally,originally,4.429948329925537,4.930618762969971,-0.5006704330444336,0.10470819473266602
CD,Story6,3,CD_Story6_s3,K+3,64,64,belonged,belonged,1.1557645797729492,1.6220823526382446,-0.4663177728652954,0.0391308069229126
CD,Story6,3,CD_Story6_s3,K_END,65,65,"to?""","to?""",0.8518435955047607,0.6858097910881042,0.1660338044166565,0.0021110177040100098
RD,Story6,2,RD_Story6_s2,K-3,22,22,and,and,2.0049097537994385,2.0049097537994385,0.0,5.960464477539063e-08
RD,Story6,2,RD_Story6_s2,K-2,23,23,"wig,","wig,",12.910350799560547,12.910350799560547,0.0,-1.1920928955078125e-07
RD,Story6,2,RD_Story6_s2,K-1,24,24,causing,causing,3.391258955001831,3.391258955001831,0.0,0.0
RD,Story6,2,RD_Story6_s2,K,25,25,her,his,7.711328983306885,2.7738289833068848,4.9375,0.39902031421661377
RD,Story6,2,RD_Story6_s2,K+1,26,26,companions,companions,12.394457817077637,7.4160261154174805,4.978431701660156,0.014434278011322021
RD,Story6,2,RD_Story6_s2,K+2,27,27,to,to,6.327175140380859,6.219744682312012,0.10743045806884766,0.00940161943435669
RD,Story6,2,RD_Story6_s2,K+3,28,28,burst,burst,5.399767875671387,6.338863849639893,-0.9390959739685059,0.0024847984313964844
RD,Story6,2,RD_Story6_s2,K_END,30,30,laughter.,laughter.,2.677407741546631,3.048966407775879,-0.37155866622924805,0.017865777015686035
RD,Story6,3,RD_Story6_s3,K-1,31,31,Stopping,Stopping,13.347187995910645,13.921394348144531,-0.5742063522338867,0.008390307426452637
RD,Story6,3,RD_Story6_s3,K,32,32,a,his,5.273540496826172,2.558232069015503,2.715308427810669,0.567300409078598
RD,Story6,3,RD_Story6_s3,K+1,33,33,"horse,","horse,",11.905137062072754,1.0539186000823975,10.851218461990356,0.043937504291534424
RD,Story6,3,RD_Story6_s3,K+2,34,34,he,he,0.8986365795135498,0.7950467467308044,0.10358983278274536,0.013985931873321533
RD,Story6,3,RD_Story6_s3,K+3,35,35,laughed,laughed,12.30512809753418,11.940513610839844,0.36461448669433594,0.012439966201782227
RD,Story6,3,RD_Story6_s3,K-3,52,52,leave,leave,4.708516597747803,4.71873140335083,-0.010214805603027344,0.0029402971267700195
RD,Story6,3,RD_Story6_s3,K-2,53,53,me,me,3.3863487243652344,3.3450026512145996,0.041346073150634766,0.002911388874053955
RD,Story6,3,RD_Story6_s3,K-1,54,54,when,when,5.571530342102051,5.311357498168945,0.26017284393310547,0.002928495407104492
RD,Story6,3,RD_Story6_s3,K,55,55,she,they,9.214019775390625,2.8509373664855957,6.363082408905029,0.25019049644470215
RD,Story6,3,RD_Story6_s3,K+1,56,56,already,already,8.761101722717285,8.58450698852539,0.17659473419189453,0.11883097887039185
RD,Story6,3,RD_Story6_s3,K+2,57,57,abandoned,abandoned,8.70694637298584,9.058123588562012,-0.3511772155761719,0.10150706768035889
RD,Story6,3,RD_Story6_s3,K+3,58,58,the,the,4.632839679718018,2.961880922317505,1.6709587574005127,0.1269228458404541
RD,Story6,3,RD_Story6_s3,K_END,65,65,"to?""","to?""",0.7177201509475708,0.6858097910881042,0.03191035985946655,0.019857048988342285
CD,Story7,2,CD_Story7_s2,K-3,21,21,with,with,1.9369616508483887,1.9369616508483887,0.0,-1.1920928955078125e-07
CD,Story7,2,CD_Story7_s2,K-2,22,22,a,a,2.4431324005126953,2.4431324005126953,0.0,0.0
CD,Story7,2,CD_Story7_s2,K-1,23,23,hard,hard,8.461718559265137,8.461718559265137,0.0,5.960464477539063e-08
CD,Story7,2,CD_Story7_s2,K,24,24,feather,slap,9.131646156311035,4.9811835289001465,4.150462627410889,0.2736530303955078
CD,Story7,2,CD_Story7_s2,K+1,25,25,but,but,2.5029826164245605,2.4675686359405518,0.03541398048400879,0.00974893569946289
CD,Story7,2,CD_Story7_s2,K+2,26,26,ended,ended,5.845926284790039,5.313969612121582,0.531956672668457,0.008875548839569092
CD,Story7,2,CD_Story7_s2,K+3,27,27,up,up,0.0815005823969841,0.08122870326042175,0.0002718791365623474,0.019852042198181152
CD,Story7,2,CD_Story7_s2,K_END,30,30,instead.,instead.,3.0436038970947266,2.8429791927337646,0.20062470436096191,0.008104085922241211
CD,Story7,3,CD_Story7_s3,K-3,39,39,wanted,wanted,7.1972336769104,7.017585277557373,0.17964839935302734,0.0033158063888549805
CD,Story7,3,CD_Story7_s3,K-2,40,40,to,to,1.917248010635376,1.9163731336593628,0.0008748769760131836,0.009305298328399658
CD,Story7,3,CD_Story7_s3,K-1,41,41,take,take,12.579939842224121,12.729040145874023,-0.14910030364990234,0.006955265998840332
CD,Story7,3,CD_Story7_s3,K,42,42,notes,revenge,13.433889389038086,12.396471977233887,1.0374174118041992,0.1693289875984192
CD,Story7,3,CD_Story7_s3,K+1,43,43,on,on,2.4507884979248047,0.6867903470993042,1.7639981508255005,0.062109410762786865
CD,Story7,3,CD_Story7_s3,K+2,44,44,a,a,5.484399318695068,6.0237298011779785,-0.5393304824829102,0.11774933338165283
CD,Story7,3,CD_Story7_s3,K+3,45,45,tiny,tiny,12.885974884033203,10.818560600280762,2.0674142837524414,0.06426656246185303
CD,Story7,3,CD_Story7_s3,K_END,71,71,harm.,harm.,5.404245376586914,5.14711332321167,0.25713205337524414,0.005788326263427734
CD,Story7,4,CD_Story7_s4,K-3,78,78,that,that,3.9354004859924316,4.132530689239502,-0.1971302032470703,0.0056948065757751465
CD,Story7,4,CD_Story7_s4,K-2,79,79,enjoys,enjoys,8.382139205932617,8.703994750976562,-0.3218555450439453,0.005551338195800781
CD,Story7,4,CD_Story7_s4,K-1,80,80,biting,biting,2.4874179363250732,2.469667911529541,0.017750024795532227,0.004558682441711426
CD,Story7,4,CD_Story7_s4,K,81,81,"dreams,","people,",15.82519817352295,1.5323450565338135,14.292853116989136,0.012214720249176025
CD,Story7,4,CD_Story7_s4,K+1,82,82,I,I,10.620357513427734,11.23215103149414,-0.6117935180664062,0.004835605621337891
CD,Story7,4,CD_Story7_s4,K+2,83,83,wish,wish,4.824484825134277,5.010828971862793,-0.18634414672851562,0.0035778284072875977
CD,Story7,4,CD_Story7_s4,K+3,84,84,I,I,1.825286626815796,1.8736140727996826,-0.04832744598388672,0.004038631916046143
CD,Story7,4,CD_Story7_s4,K_END,95,95,"pain.""","pain.""",2.763345718383789,2.7720227241516113,-0.008677005767822266,0.012119770050048828
RD,Story7,3,RD_Story7_s3,K,31,31,A,The,15.278617858886719,12.520805358886719,2.7578125,0.3582680821418762
RD,Story7,3,RD_Story7_s3,K+1,32,32,"fly,","fly,",6.866464614868164,4.389370918273926,2.4770936965942383,0.028467178344726562
RD,Story7,3,RD_Story7_s3,K+2,33,33,having,having,9.175023078918457,9.927785873413086,-0.7527627944946289,0.005871951580047607
RD,Story7,3,RD_Story7_s3,K+3,34,34,"escaped,","escaped,",6.398198127746582,6.215927600860596,0.18227052688598633,0.007390201091766357
RD,Story7,3,RD_Story7_s3,K-3,45,45,tiny,tiny,10.302063941955566,10.818560600280762,-0.5164966583251953,0.010743439197540283
RD,Story7,3,RD_Story7_s3,K-2,46,46,insect,insect,3.7254419326782227,3.747040271759033,-0.021598339080810547,0.0023038387298583984
RD,Story7,3,RD_Story7_s3,K-1,47,47,like,like,3.5375795364379883,3.22709584236145,0.3104836940765381,0.003923177719116211
RD,Story7,3,RD_Story7_s3,K,48,48,"them,","me,",12.732914924621582,5.4958391189575195,7.2370758056640625,0.02345561981201172
RD,Story7,3,RD_Story7_s3,K+1,49,49,and,and,11.157866477966309,10.549663543701172,0.6082029342651367,0.007523477077484131
RD,Story7,3,RD_Story7_s3,K+2,50,50,look—you’ve,look—you’ve,19.828046798706055,19.384510040283203,0.44353675842285156,0.004365026950836182
RD,Story7,3,RD_Story7_s3,K+3,51,51,only,only,4.006196975708008,3.805479049682617,0.20071792602539062,0.0018793940544128418
RD,Story7,3,RD_Story7_s3,K-3,52,52,hurt,hurt,2.1910386085510254,2.193086624145508,-0.002048015594482422,0.002977311611175537
RD,Story7,3,RD_Story7_s3,K-2,53,53,yourself,yourself,0.22061479091644287,0.16446496546268463,0.05614982545375824,0.0022897720336914062
RD,Story7,3,RD_Story7_s3,K-1,54,54,"instead!""","instead!""",6.277288913726807,6.029904365539551,0.24738454818725586,0.0031601786613464355
RD,Story7,3,RD_Story7_s3,K,55,55,A,The,3.5015904903411865,1.867318868637085,1.6342716217041016,0.27733105421066284
RD,Story7,3,RD_Story7_s3,K+1,56,56,bald,bald,14.051939964294434,5.801483631134033,8.2504563331604,0.04828613996505737
RD,Story7,3,RD_Story7_s3,K+2,57,57,man,man,1.6898709535598755,1.6066901683807373,0.08318078517913818,0.09076195955276489
RD,Story7,3,RD_Story7_s3,K+3,58,58,"replied,","replied,",9.180025100708008,6.91382360458374,2.2662014961242676,0.013200938701629639
RD,Story7,3,RD_Story7_s3,K_END,71,71,harm.,harm.,5.107564449310303,5.14711332321167,-0.03954887390136719,0.00567471981048584
RD,Story7,4,RD_Story7_s4,K-3,85,85,could,could,0.2924291491508484,0.2934499680995941,-0.0010208189487457275,0.002533435821533203
RD,Story7,4,RD_Story7_s4,K-2,86,86,have,have,4.338820457458496,4.139097690582275,0.1997227668762207,0.0037111639976501465
RD,Story7,4,RD_Story7_s4,K-1,87,87,killed,killed,1.8276230096817017,1.5406817197799683,0.2869412899017334,0.0018918514251708984
RD,Story7,4,RD_Story7_s4,K,88,88,"her,","you,",14.14736557006836,3.639880657196045,10.507484912872314,0.0203855037689209
RD,Story7,4,RD_Story7_s4,K+1,89,89,even,even,2.113673686981201,1.6919115781784058,0.4217621088027954,0.004888653755187988
RD,Story7,4,RD_Story7_s4,K+2,90,90,if,if,0.45174846053123474,0.3523123264312744,0.09943613409996033,0.011924028396606445
RD,Story7,4,RD_Story7_s4,K+3,91,91,it,it,0.8447564840316772,0.7916581034660339,0.05309838056564331,0.004404008388519287
RD,Story7,4,RD_Story7_s4,K_END,95,95,"pain.""","pain.""",2.7553818225860596,2.7720227241516113,-0.016640901565551758,0.012444794178009033
CD,Story8,2,CD_Story8_s2,K-3,20,20,couldn’t,couldn’t,14.690542221069336,14.690542221069336,0.0,5.960464477539063e-08
CD,Story8,2,CD_Story8_s2,K-2,21,21,decide,decide,3.0597574710845947,3.0597574710845947,0.0,5.960464477539063e-08
CD,Story8,2,CD_Story8_s2,K-1,22,22,which,which,1.0116931200027466,1.0116931200027466,0.0,5.960464477539063e-08
CD,Story8,2,CD_Story8_s2,K,23,23,page,side,10.99364948272705,0.2436491996049881,10.750000283122063,0.10567605495452881
CD,Story8,2,CD_Story8_s2,K+1,24,24,to,to,6.732427597045898,4.3073811531066895,2.425046443939209,0.19840097427368164
CD,Story8,2,CD_Story8_s2,K+2,25,25,join.,join.,4.984234809875488,2.9917240142822266,1.9925107955932617,0.015188276767730713
CD,Story8,2,CD_Story8_s2,K_END,25,25,join.,join.,4.984234809875488,2.9917240142822266,1.9925107955932617,0.015188276767730713
CD,Story8,3,CD_Story8_s3,K-3,59,59,"declared,","declared,",6.245982646942139,6.383853912353516,-0.13787126541137695,0.0013819336891174316
CD,Story8,3,CD_Story8_s3,K-2,60,60,and,and,6.7977495193481445,6.842790126800537,-0.04504060745239258,0.0034169554710388184
CD,Story8,3,CD_Story8_s3,K-1,61,61,no,no,4.522719860076904,4.144301414489746,0.3784184455871582,0.00865703821182251
CD,Story8,3,CD_Story8_s3,K,62,62,leakage,battle,16.15083122253418,3.604931354522705,12.545899868011475,0.228875994682312
CD,Story8,3,CD_Story8_s3,K+1,63,63,occurred.,occurred.,3.4155142307281494,3.3744571208953857,0.04105710983276367,0.02652961015701294
CD,Story8,3,CD_Story8_s3,K_END,63,63,occurred.,occurred.,3.4155142307281494,3.3744571208953857,0.04105710983276367,0.02652961015701294
CD,Story8,6,CD_Story8_s6,K-3,92,92,Reflecting,Reflecting,9.420455932617188,8.745774269104004,0.6746816635131836,0.0027531981468200684
CD,Story8,6,CD_Story8_s6,K-2,93,93,on,on,0.4596172571182251,0.3984542787075043,0.061162978410720825,0.0033490657806396484
CD,Story8,6,CD_Story8_s6,K-1,94,94,his,his,1.164405345916748,1.2054275274276733,-0.04102218151092529,0.009153485298156738
CD,Story8,6,CD_Story8_s6,K,95,95,"sneeze,","situation,",26.325084686279297,8.766033172607422,17.559051513671875,0.011095106601715088
CD,Story8,6,CD_Story8_s6,K+1,96,96,the,the,9.216438293457031,9.349764823913574,-0.13332653045654297,0.02539074420928955
CD,Story8,6,CD_Story8_s6,K+2,97,97,Bat,Bat,0.05152885988354683,0.04469536617398262,0.006833493709564209,0.014400005340576172
CD,Story8,6,CD_Story8_s6,K+3,98,98,"said,","said,",6.689195156097412,7.061056613922119,-0.37186145782470703,0.01772385835647583
CD,Story8,6,CD_Story8_s6,K_END,114,114,friends.’”,friends.’”,4.084591865539551,3.779174327850342,0.305417537689209,0.015497922897338867
RD,Story8,2,RD_Story8_s2,K-1,14,14,When,When,12.762639045715332,12.762639045715332,0.0,-1.1920928955078125e-07
RD,Story8,2,RD_Story8_s2,K,15,15,some,the,8.469162940979004,2.469163179397583,5.999999761581421,0.1527997851371765
RD,Story8,2,RD_Story8_s2,K+1,16,16,armies,armies,12.492195129394531,12.026451110839844,0.4657440185546875,0.09524112939834595
RD,Story8,2,RD_Story8_s2,K+2,17,17,"gathered,","gathered,",8.939742088317871,6.201308727264404,2.738433361053467,0.026851952075958252
RD,Story8,2,RD_Story8_s2,K+3,18,18,the,the,10.258991241455078,10.100762367248535,0.15822887420654297,0.011998176574707031
RD,Story8,2,RD_Story8_s2,K_END,25,25,join.,join.,2.7413220405578613,2.9917240142822266,-0.25040197372436523,0.004207193851470947
RD,Story8,3,RD_Story8_s3,K-3,47,47,join,join,0.18799681961536407,0.20839866995811462,-0.02040185034275055,0.0036857128143310547
RD,Story8,3,RD_Story8_s3,K-2,48,48,"them,","them,",2.0110509395599365,1.842743158340454,0.16830778121948242,0.0016560554504394531
RD,Story8,3,RD_Story8_s3,K-1,49,49,but,but,8.165186882019043,8.122300148010254,0.04288673400878906,0.0009205341339111328
RD,Story8,3,RD_Story8_s3,K,50,50,she,he,9.13047981262207,0.5108678936958313,8.619611918926239,0.11940813064575195
RD,Story8,3,RD_Story8_s3,K+1,51,51,"claimed,","claimed,",7.420829772949219,7.502782821655273,-0.08195304870605469,0.017227590084075928
RD,Story8,3,RD_Story8_s3,K+2,52,52,“I,“I,1.8374027013778687,1.4087955951690674,0.42860710620880127,0.0032500028610229492
RD,Story8,3,RD_Story8_s3,K+3,53,53,am,am,0.22644296288490295,0.21128244698047638,0.015160515904426575,0.0027499794960021973
RD,Story8,3,RD_Story8_s3,K_END,63,63,occurred.,occurred.,3.3837828636169434,3.3744571208953857,0.009325742721557617,0.003670334815979004
RD,Story8,4,RD_Story8_s4,K-3,70,70,the,the,2.2129573822021484,2.166318893432617,0.04663848876953125,0.002701103687286377
RD,Story8,4,RD_Story8_s4,K-2,71,71,"Birds,","Birds,",2.1083431243896484,1.9751642942428589,0.13317883014678955,0.0017617344856262207
RD,Story8,4,RD_Story8_s4,K-1,72,72,but,but,7.1353583335876465,6.942649841308594,0.19270849227905273,0.0033739209175109863
RD,Story8,4,RD_Story8_s4,K,73,73,he,they,3.527801990509033,0.42811423540115356,3.0996877551078796,0.36691033840179443
RD,Story8,4,RD_Story8_s4,K+1,74,74,rejected,rejected,12.809431076049805,3.6752285957336426,9.134202480316162,0.052236974239349365
RD,Story8,4,RD_Story8_s4,K+2,75,75,"him,","him,",2.265336513519287,1.642289638519287,0.623046875,0.013367414474487305
RD,Story8,4,RD_Story8_s4,K+3,76,76,forcing,forcing,7.6042633056640625,7.315344333648682,0.28891897201538086,0.025876283645629883
RD,Story8,4,RD_Story8_s4,K_END,79,79,leave.,leave.,4.632407188415527,5.751838684082031,-1.119431495666504,0.005917489528656006
RD,Story8,5,RD_Story8_s5,K-3,86,86,turned,turned,3.83121919631958,3.968459367752075,-0.13724017143249512,0.0030031204223632812
RD,Story8,5,RD_Story8_s5,K-2,87,87,"hostile,","hostile,",10.669764518737793,9.743706703186035,0.9260578155517578,0.0027081966400146484
RD,Story8,5,RD_Story8_s5,K-1,88,88,and,and,8.504829406738281,8.18409252166748,0.3207368850708008,0.0030559897422790527
RD,Story8,5,RD_Story8_s5,K,89,89,she,he,7.648626327514648,0.6660745739936829,6.982551753520966,0.04851502180099487
RD,Story8,5,RD_Story8_s5,K+1,90,90,barely,barely,7.2135539054870605,5.661276340484619,1.5522775650024414,0.01051938533782959
RD,Story8,5,RD_Story8_s5,K+2,91,91,escaped.,escaped.,1.7896617650985718,1.96706223487854,-0.17740046977996826,0.02133333683013916
RD,Story8,5,RD_Story8_s5,K_END,91,91,escaped.,escaped.,1.7896617650985718,1.96706223487854,-0.17740046977996826,0.02133333683013916
RD,Story8,6,RD_Story8_s6,K-2,92,92,Reflecting,Reflecting,9.540872573852539,8.745774269104004,0.7950983047485352,0.0028971433639526367
RD,Story8,6,RD_Story8_s6,K-1,93,93,on,on,0.45781856775283813,0.3984542787075043,0.05936428904533386,0.009229302406311035
RD,Story8,6,RD_Story8_s6,K,94,94,some,his,12.79050350189209,1.2054275274276733,11.585075974464417,0.40235501527786255
RD,Story8,6,RD_Story8_s6,K+1,95,95,"situation,","situation,",15.336102485656738,8.766033172607422,6.570069313049316,0.1528756022453308
RD,Story8,6,RD_Story8_s6,K+2,96,96,the,the,10.763771057128906,9.349764823913574,1.414006233215332,0.0870976448059082
RD,Story8,6,RD_Story8_s6,K+3,97,97,Bat,Bat,0.13804300129413605,0.04469536617398262,0.09334763512015343,0.03539609909057617
RD,Story8,6,RD_Story8_s6,K_END,114,114,friends.’”,friends.’”,3.4639570713043213,3.779174327850342,-0.3152172565460205,0.009214639663696289
CD,Story9,2,CD_Story9_s2,K-3,22,22,hid,hid,1.2993367910385132,1.2993367910385132,0.0,5.960464477539063e-08
CD,Story9,2,CD_Story9_s2,K-2,23,23,among,among,8.522993087768555,8.522993087768555,0.0,-1.1920928955078125e-07
CD,Story9,2,CD_Story9_s2,K-1,24,24,the,the,0.3576626479625702,0.3576626479625702,0.0,0.0
CD,Story9,2,CD_Story9_s2,K,25,25,"whispers,","branches,",22.438684463500977,1.980327844619751,20.458356618881226,0.04759526252746582
CD,Story9,2,CD_Story9_s2,K+1,26,26,leaving,leaving,2.967878580093384,2.939826011657715,0.028052568435668945,0.006281435489654541
CD,Story9,2,CD_Story9_s2,K+2,27,27,the,the,1.2481061220169067,1.1443694829940796,0.10373663902282715,0.005735576152801514
CD,Story9,2,CD_Story9_s2,K+3,28,28,other,other,0.33066806197166443,0.2692144215106964,0.06145364046096802,0.004731476306915283
CD,Story9,2,CD_Story9_s2,K_END,30,30,behind.,behind.,5.127224922180176,4.860602855682373,0.26662206649780273,0.007113993167877197
CD,Story9,5,CD_Story9_s5,K-2,50,50,Holding,Holding,18.404911041259766,18.013208389282227,0.39170265197753906,0.0011205077171325684
CD,Story9,5,CD_Story9_s5,K-1,51,51,his,his,1.6551584005355835,1.7201485633850098,-0.06499016284942627,0.0021665096282958984
CD,Story9,5,CD_Story9_s5,K,52,52,"future,","breath,",17.658287048339844,1.024504542350769,16.633782505989075,0.11073064804077148
CD,Story9,5,CD_Story9_s5,K+1,53,53,the,the,9.335205078125,8.987668991088867,0.3475360870361328,0.051976025104522705
CD,Story9,5,CD_Story9_s5,K+2,54,54,man,man,9.180744171142578,9.147067070007324,0.033677101135253906,0.06112837791442871
CD,Story9,5,CD_Story9_s5,K+3,55,55,pretended,pretended,6.594176292419434,3.8366215229034424,2.757554769515991,0.02213221788406372
CD,Story9,5,CD_Story9_s5,K_END,66,66,corpses.,corpses.,7.788372993469238,7.8184919357299805,-0.030118942260742188,0.010723471641540527
CD,Story9,8,CD_Story9_s8,K-3,113,113,in,in,2.2714977264404297,2.2010302543640137,0.07046747207641602,0.0020407438278198242
CD,Story9,8,CD_Story9_s8,K-2,114,114,times,times,10.681164741516113,10.881036758422852,-0.19987201690673828,0.0015137195587158203
CD,Story9,8,CD_Story9_s8,K-1,115,115,of,of,0.10015956312417984,0.09524939954280853,0.004910163581371307,0.0014499425888061523
CD,Story9,8,CD_Story9_s8,K,116,116,"prayer,","danger,",14.548032760620117,7.177855491638184,7.370177268981934,0.08083993196487427
CD,Story9,8,CD_Story9_s8,K+1,117,117,especially,especially,3.6951451301574707,3.322829484939575,0.3723156452178955,0.020026326179504395
CD,Story9,8,CD_Story9_s8,K+2,118,118,without,without,6.452543258666992,5.997203826904297,0.4553394317626953,0.021069347858428955
CD,Story9,8,CD_Story9_s8,K+3,119,119,hesitation.”,hesitation.”,12.327085494995117,12.711655616760254,-0.3845701217651367,0.01835489273071289
CD,Story9,8,CD_Story9_s8,K_END,119,119,hesitation.”,hesitation.”,12.327085494995117,12.711655616760254,-0.3845701217651367,0.01835489273071289
RD,Story9,3,RD_Story9_s3,K-3,31,31,The,The,11.9117431640625,11.9117431640625,0.0,0.0
RD,Story9,3,RD_Story9_s3,K-2,32,32,"other,","other,",6.929167747497559,6.929167747497559,0.0,0.0
RD,Story9,3,RD_Story9_s3,K-1,33,33,realizing,realizing,6.0110578536987305,6.0110578536987305,0.0,5.960464477539063e-08
RD,Story9,3,RD_Story9_s3,K,34,34,it,he,5.171623229980469,3.0466229915618896,2.125000238418579,0.30993109941482544
RD,Story9,3,RD_Story9_s3,K+1,35,35,couldn’t,couldn’t,7.812061786651611,3.3975391387939453,4.414522647857666,0.08728033304214478
RD,Story9,3,RD_Story9_s3,K+2,36,36,"escape,","escape,",3.264624834060669,2.1221017837524414,1.1425230503082275,0.007268369197845459
RD,Story9,3,RD_Story9_s3,K+3,37,37,lay,lay,5.471494197845459,5.478537559509277,-0.007043361663818359,0.004554688930511475
RD,Story9,3,RD_Story9_s3,K_END,41,41,ground.,ground.,4.178157806396484,4.120858669281006,0.057299137115478516,0.0029238462448120117
RD,Story9,5,RD_Story9_s5,K-3,50,50,Holding,Holding,18.010238647460938,18.013208389282227,-0.0029697418212890625,0.0007908940315246582
RD,Story9,5,RD_Story9_s5,K-2,51,51,his,his,1.890844702720642,1.7201485633850098,0.17069613933563232,0.0009237527847290039
RD,Story9,5,RD_Story9_s5,K-1,52,52,"breath,","breath,",1.0752838850021362,1.024504542350769,0.05077934265136719,0.0019722580909729004
RD,Story9,5,RD_Story9_s5,K,53,53,a,the,18.286418914794922,8.987668991088867,9.298749923706055,0.42247384786605835
RD,Story9,5,RD_Story9_s5,K+1,54,54,man,man,12.322193145751953,9.147067070007324,3.175126075744629,0.08760052919387817
RD,Story9,5,RD_Story9_s5,K+2,55,55,pretended,pretended,7.174620628356934,3.8366215229034424,3.337999105453491,0.006268799304962158
RD,Story9,5,RD_Story9_s5,K+3,56,56,to,to,0.8961514234542847,0.9472226500511169,-0.051071226596832275,0.010220527648925781
RD,Story9,5,RD_Story9_s5,K_END,66,66,corpses.,corpses.,7.516514778137207,7.8184919357299805,-0.30197715759277344,0.005481302738189697
RD,Story9,6,RD_Story9_s6,K-3,67,67,After,After,8.42530632019043,7.2743120193481445,1.1509943008422852,0.0019286274909973145
RD,Story9,6,RD_Story9_s6,K-2,68,68,inspecting,inspecting,6.776885986328125,7.035235404968262,-0.2583494186401367,0.00424116849899292
RD,Story9,6,RD_Story9_s6,K-1,69,69,"him,","him,",2.995877504348755,3.000438928604126,-0.004561424255371094,0.002936840057373047
RD,Story9,6,RD_Story9_s6,K,70,70,another,the,9.413100242614746,10.195939064025879,-0.7828388214111328,0.3404202461242676
RD,Story9,6,RD_Story9_s6,K+1,71,71,Bear,Bear,1.9347002506256104,0.03964801877737045,1.89505223184824,0.20288652181625366
RD,Story9,6,RD_Story9_s6,K+2,72,72,wandered,wandered,6.166166305541992,4.929530143737793,1.2366361618041992,0.07901579141616821
RD,Story9,6,RD_Story9_s6,K+3,73,73,off.,off.,2.9275293350219727,2.735100746154785,0.1924285888671875,0.0167539119720459
RD,Story9,6,RD_Story9_s6,K_END,73,73,off.,off.,2.9275293350219727,2.735100746154785,0.1924285888671875,0.0167539119720459
RD,Story9,7,RD_Story9_s7,K-3,76,76,danger,danger,11.76272964477539,12.825164794921875,-1.0624351501464844,0.00481867790222168
RD,Story9,7,RD_Story9_s7,K-2,77,77,had,had,2.0087034702301025,2.182170867919922,-0.17346739768981934,0.004074513912200928
RD,Story9,7,RD_Story9_s7,K-1,78,78,"passed,","passed,",0.7971659898757935,0.8336776494979858,-0.03651165962219238,0.02956533432006836
RD,Story9,7,RD_Story9_s7,K,79,79,some,the,13.058218002319336,6.995713710784912,6.062504291534424,0.3134346008300781
RD,Story9,7,RD_Story9_s7,K+1,80,80,man,man,13.885236740112305,8.9351167678833,4.950119972229004,0.04280799627304077
RD,Story9,7,RD_Story9_s7,K+2,81,81,in,in,5.492862701416016,6.046914100646973,-0.554051399230957,0.1251482367515564
RD,Story9,7,RD_Story9_s7,K+3,82,82,the,the,1.7055879831314087,0.6111223101615906,1.0944656729698181,0.0515480637550354
RD,Story9,7,RD_Story9_s7,K-3,92,92,Bear,Bear,0.39910033345222473,0.0705404058098793,0.32855992764234543,0.015955209732055664
RD,Story9,7,RD_Story9_s7,K-2,93,93,whisper,whisper,7.957676410675049,7.964783668518066,-0.007107257843017578,0.0034116506576538086
RD,Story9,7,RD_Story9_s7,K-1,94,94,in,in,1.0292563438415527,1.0229988098144531,0.006257534027099609,0.004823207855224609
RD,Story9,7,RD_Story9_s7,K,95,95,her,your,5.371198654174805,1.424146294593811,3.9470523595809937,0.15944409370422363
RD,Story9,7,RD_Story9_s7,K+1,96,96,ear?”.,ear?”.,4.874810218811035,4.505955696105957,0.3688545227050781,0.016711413860321045
RD,Story9,7,RD_Story9_s7,K_END,96,96,ear?”.,ear?”.,4.874810218811035,4.505955696105957,0.3688545227050781,0.016711413860321045
