DistType,Story,PerturbationID,Distance,AtBoundary,DistWordIndex,OriginalWordIndex,DistSurprisal,OriginalSurprisal,DeltaSurprisal,RepresentationDistance
CD,Story1,CD_Story1_s1_k18,0,0,18,18,17.832096099853516,4.779107093811035,13.05298900604248,0.04905170202255249
CD,Story1,CD_Story1_s1_k18,1,0,19,19,18.948820114135742,17.55743408203125,1.3913860321044922,0.006355166435241699
CD,Story1,CD_Story1_s1_k18,2,1,20,20,3.755444288253784,3.577118396759033,0.17832589149475098,0.0033677220344543457
CD,Story1,CD_Story1_s2_k26,0,0,26,26,17.713951110839844,8.706709861755371,9.007241249084473,0.39228683710098267
CD,Story1,CD_Story1_s2_k26,1,0,27,27,10.458756446838379,9.467029571533203,0.9917268753051758,0.11037254333496094
CD,Story1,CD_Story1_s2_k26,2,0,28,28,1.4306895732879639,0.20289161801338196,1.227797955274582,0.08491098880767822
CD,Story1,CD_Story1_s2_k26,3,0,29,29,0.9878568649291992,0.8096296191215515,0.1782272458076477,0.13440781831741333
CD,Story1,CD_Story1_s2_k26,4,0,30,30,9.30518913269043,8.374112129211426,0.9310770034790039,0.03477776050567627
CD,Story1,CD_Story1_s2_k26,5,0,31,31,4.551358222961426,4.522100925445557,0.02925729751586914,0.003622770309448242
CD,Story1,CD_Story1_s2_k26,6,0,32,32,1.4061954021453857,1.5019702911376953,-0.09577488899230957,0.008606314659118652
CD,Story1,CD_Story1_s2_k26,7,0,33,33,7.218292713165283,7.611876487731934,-0.3935837745666504,0.005870223045349121
CD,Story1,CD_Story1_s2_k26,8,1,34,34,6.0594892501831055,5.525096893310547,0.5343923568725586,0.009449601173400879
CD,Story1,CD_Story1_s4_k53,0,0,53,53,9.330998420715332,0.27984651923179626,9.051151901483536,0.19300109148025513
CD,Story1,CD_Story1_s4_k53,1,0,54,54,1.2366129159927368,0.7098238468170166,0.5267890691757202,0.05647808313369751
CD,Story1,CD_Story1_s4_k53,2,0,55,55,7.884037494659424,5.624027252197266,2.260010242462158,0.009183108806610107
CD,Story1,CD_Story1_s4_k53,3,0,56,56,7.053615570068359,6.986230373382568,0.06738519668579102,0.004741311073303223
CD,Story1,CD_Story1_s4_k53,4,0,57,57,3.056915044784546,3.175952434539795,-0.11903738975524902,0.004996180534362793
CD,Story1,CD_Story1_s4_k53,5,0,58,58,0.40367457270622253,0.36725497245788574,0.03641960024833679,0.008553385734558105
CD,Story1,CD_Story1_s4_k53,6,1,59,59,5.805086135864258,5.249307632446289,0.5557785034179688,0.02252674102783203
CD,Story2,CD_Story2_s2_k35,0,0,35,35,18.317485809326172,5.262467384338379,13.055018424987793,0.07883965969085693
CD,Story2,CD_Story2_s2_k35,1,0,36,36,5.136373043060303,4.737634658813477,0.39873838424682617,0.027619600296020508
CD,Story2,CD_Story2_s2_k35,2,0,37,37,3.4487290382385254,3.1780169010162354,0.27071213722229004,0.02224975824356079
CD,Story2,CD_Story2_s2_k35,3,0,38,38,0.6541485786437988,0.5481048822402954,0.10604369640350342,0.02320319414138794
CD,Story2,CD_Story2_s2_k35,4,1,39,39,7.41691780090332,7.697253704071045,-0.2803359031677246,0.0072670578956604
CD,Story2,CD_Story2_s3_k46,0,0,46,46,12.126058578491211,4.495270729064941,7.6307878494262695,0.25488364696502686
CD,Story2,CD_Story2_s3_k46,1,0,47,47,0.6952961087226868,1.6357498168945312,-0.9404537081718445,0.1888790726661682
CD,Story2,CD_Story2_s3_k46,2,0,48,48,6.106891632080078,3.7870192527770996,2.3198723793029785,0.09274458885192871
CD,Story2,CD_Story2_s3_k46,3,0,49,49,0.5100977420806885,1.1756237745285034,-0.6655260324478149,0.20148998498916626
CD,Story2,CD_Story2_s3_k46,4,0,50,50,15.601513862609863,12.78749942779541,2.814014434814453,0.12389254570007324
CD,Story2,CD_Story2_s3_k46,5,0,51,51,3.5297460556030273,2.77945613861084,0.7502899169921875,0.05050402879714966
CD,Story2,CD_Story2_s3_k46,6,0,52,52,6.190850734710693,7.270076274871826,-1.0792255401611328,0.0968579649925232
CD,Story2,CD_Story2_s3_k46,7,0,53,53,4.7283935546875,3.8630306720733643,0.8653628826141357,0.03146618604660034
CD,Story2,CD_Story2_s3_k46,8,0,54,54,1.5338835716247559,1.3584586381912231,0.17542493343353271,0.05141592025756836
CD,Story2,CD_Story2_s3_k46,9,0,55,55,0.9661011695861816,1.0145046710968018,-0.04840350151062012,0.08805018663406372
CD,Story2,CD_Story2_s3_k46,10,1,56,56,2.117058753967285,1.5971779823303223,0.5198807716369629,0.051703035831451416
CD,Story2,CD_Story2_s4_k63,0,0,63,63,8.152446746826172,3.2178807258605957,4.934566020965576,0.19056612253189087
CD,Story2,CD_Story2_s4_k63,1,0,64,64,0.2757072150707245,0.5230715274810791,-0.24736431241035461,0.15328896045684814
CD,Story2,CD_Story2_s4_k63,2,0,65,65,0.4024892747402191,0.40251854062080383,-2.9265880584716797e-05,0.23142439126968384
CD,Story2,CD_Story2_s4_k63,3,0,66,66,7.42608118057251,4.879175662994385,2.546905517578125,0.198239266872406
CD,Story2,CD_Story2_s4_k63,4,0,67,67,3.3723032474517822,1.059756875038147,2.3125463724136353,0.19153404235839844
CD,Story2,CD_Story2_s4_k63,5,0,68,68,5.144078254699707,2.615036725997925,2.5290415287017822,0.11195176839828491
CD,Story2,CD_Story2_s4_k63,6,0,69,69,1.7239423990249634,0.5679944753646851,1.1559479236602783,0.06474971771240234
CD,Story2,CD_Story2_s4_k63,7,0,70,70,1.1328761577606201,1.289169192314148,-0.15629303455352783,0.05251026153564453
CD,Story2,CD_Story2_s4_k63,8,0,71,71,0.35333019495010376,0.40576842427253723,-0.05243822932243347,0.026836395263671875
CD,Story2,CD_Story2_s4_k63,9,0,72,72,3.8935413360595703,3.90804123878479,-0.014499902725219727,0.02127009630203247
CD,Story2,CD_Story2_s4_k63,10,1,73,73,1.7207636833190918,1.2816359996795654,0.43912768363952637,0.06041443347930908
CD,Story3,CD_Story3_s3_k46,0,0,46,46,6.833588600158691,5.521088600158691,1.3125,0.16712015867233276
CD,Story3,CD_Story3_s3_k46,1,0,47,47,1.4624708890914917,0.33578798174858093,1.1266829073429108,0.036002516746520996
CD,Story3,CD_Story3_s3_k46,2,0,48,48,1.270572304725647,0.9377021789550781,0.33287012577056885,0.07613790035247803
CD,Story3,CD_Story3_s3_k46,3,0,49,49,2.3809165954589844,2.0721001625061035,0.30881643295288086,0.005376756191253662
CD,Story3,CD_Story3_s3_k46,4,0,50,50,9.325901985168457,9.03947925567627,0.2864227294921875,0.007256209850311279
CD,Story3,CD_Story3_s3_k46,5,0,51,51,6.208281517028809,6.212939739227295,-0.004658222198486328,0.005596637725830078
CD,Story3,CD_Story3_s3_k46,6,0,52,52,0.8143478631973267,0.7747755646705627,0.039572298526763916,0.0021231770515441895
CD,Story3,CD_Story3_s3_k46,7,0,53,53,3.538820743560791,3.438641309738159,0.10017943382263184,0.0015447735786437988
CD,Story3,CD_Story3_s3_k46,8,0,54,54,0.08775496482849121,0.08703643083572388,0.000718533992767334,0.0020635128021240234
CD,Story3,CD_Story3_s3_k46,9,0,55,55,1.5561772584915161,1.6206718683242798,-0.06449460983276367,0.0019380450248718262
CD,Story3,CD_Story3_s3_k46,10,0,56,56,11.031532287597656,11.483809471130371,-0.45227718353271484,0.008415281772613525
CD,Story3,CD_Story3_s4_k75,0,0,75,75,14.850353240966797,0.7052887082099915,14.145064532756805,0.01733875274658203
CD,Story3,CD_Story3_s4_k75,1,0,76,76,17.126575469970703,17.31708526611328,-0.19050979614257812,0.013269305229187012
CD,Story3,CD_Story3_s4_k75,2,0,77,77,3.1309876441955566,2.6706390380859375,0.46034860610961914,0.008143603801727295
CD,Story3,CD_Story3_s4_k75,3,0,78,78,6.423922538757324,6.2351765632629395,0.18874597549438477,0.008342444896697998
CD,Story3,CD_Story3_s4_k75,4,0,79,79,10.978837966918945,10.671208381652832,0.3076295852661133,0.005800068378448486
CD,Story3,CD_Story3_s4_k75,5,0,80,80,5.982928276062012,5.653115272521973,0.32981300354003906,0.002671360969543457
CD,Story3,CD_Story3_s4_k75,6,0,81,81,13.237112998962402,13.194067001342773,0.043045997619628906,0.0033417940139770508
CD,Story3,CD_Story3_s4_k75,7,0,82,82,1.1867144107818604,1.1631715297698975,0.02354288101196289,0.0019794702529907227
CD,Story3,CD_Story3_s4_k75,8,0,83,83,5.467543125152588,5.536313056945801,-0.06876993179321289,0.0031614303588867188
CD,Story3,CD_Story3_s4_k75,9,0,84,84,4.485076427459717,4.1770148277282715,0.3080615997314453,0.005117058753967285
CD,Story3,CD_Story3_s4_k75,10,1,85,85,6.054956436157227,6.525465488433838,-0.47050905227661133,0.005055606365203857
CD,Story3,CD_Story3_s6_k114,0,0,114,114,18.637746810913086,2.157027006149292,16.480719804763794,0.24078088998794556
CD,Story3,CD_Story3_s6_k114,1,0,115,115,10.151872634887695,8.94972038269043,1.2021522521972656,0.04872429370880127
CD,Story3,CD_Story3_s6_k114,2,0,116,116,4.645163536071777,3.5331053733825684,1.112058162689209,0.05819892883300781
CD,Story3,CD_Story3_s6_k114,3,0,117,117,4.496356964111328,3.724226474761963,0.7721304893493652,0.04443764686584473
CD,Story3,CD_Story3_s6_k114,4,0,118,118,1.0060275793075562,1.0419111251831055,-0.035883545875549316,0.015609323978424072
CD,Story3,CD_Story3_s6_k114,5,0,119,119,3.4118144512176514,3.6102423667907715,-0.19842791557312012,0.04164695739746094
CD,Story3,CD_Story3_s6_k114,6,0,120,120,3.2834532260894775,1.1970614194869995,2.086391806602478,0.009566903114318848
CD,Story3,CD_Story3_s6_k114,7,1,121,121,1.681831955909729,1.6099920272827148,0.07183992862701416,0.023512840270996094
CD,Story4,CD_Story4_s2_k49,0,0,49,48,18.305675506591797,4.9332380294799805,13.372437477111816,0.05085277557373047
CD,Story4,CD_Story4_s2_k49,1,0,50,49,1.9201608896255493,0.8665178418159485,1.0536430478096008,0.0034357309341430664
CD,Story4,CD_Story4_s2_k49,2,0,51,50,0.7016201019287109,0.679208517074585,0.022411584854125977,0.0073119401931762695
CD,Story4,CD_Story4_s2_k49,3,0,52,51,7.517783164978027,7.105454444885254,0.41232872009277344,0.00965052843093872
CD,Story4,CD_Story4_s2_k49,4,0,53,52,5.359800815582275,5.222451210021973,0.13734960556030273,0.012309670448303223
CD,Story4,CD_Story4_s2_k49,5,1,54,53,4.546985626220703,4.487362861633301,0.059622764587402344,0.003940403461456299
CD,Story4,CD_Story4_s3_k65,0,0,65,64,15.473995208740234,1.428305745124817,14.045689463615417,0.01643604040145874
CD,Story4,CD_Story4_s3_k65,1,1,66,65,17.255538940429688,16.494298934936523,0.7612400054931641,0.00515216588973999
CD,Story5,CD_Story5_s3_k43,0,0,43,42,11.704151153564453,2.3901076316833496,9.314043521881104,0.16959834098815918
CD,Story5,CD_Story5_s3_k43,1,0,44,43,9.85064697265625,1.2318660020828247,8.618780970573425,0.13446152210235596
CD,Story5,CD_Story5_s3_k43,2,0,45,44,1.5218853950500488,1.042144536972046,0.47974085807800293,0.012519776821136475
CD,Story5,CD_Story5_s3_k43,3,0,46,45,9.425399780273438,8.852445602416992,0.5729541778564453,0.029184997081756592
CD,Story5,CD_Story5_s3_k43,4,0,47,46,5.889466762542725,5.27508020401001,0.6143865585327148,0.005636811256408691
CD,Story5,CD_Story5_s3_k43,5,0,48,47,15.066174507141113,15.418412208557129,-0.3522377014160156,0.0010694265365600586
CD,Story5,CD_Story5_s3_k43,6,0,49,48,3.423032760620117,3.7379415035247803,-0.3149087429046631,0.0008858442306518555
CD,Story5,CD_Story5_s3_k43,7,0,50,49,1.7113195657730103,1.927830457687378,-0.21651089191436768,0.0024914145469665527
CD,Story5,CD_Story5_s3_k43,8,0,51,50,7.961565017700195,7.981773853302002,-0.02020883560180664,0.0029975175857543945
CD,Story5,CD_Story5_s3_k43,9,0,52,51,6.3408308029174805,6.547596454620361,-0.20676565170288086,0.001887679100036621
CD,Story5,CD_Story5_s3_k43,10,0,53,52,0.46871498227119446,0.43775856494903564,0.030956417322158813,0.0037848949432373047
CD,Story5,CD_Story5_s4_k67,0,0,67,66,12.214659690856934,1.2240021228790283,10.990657567977905,0.3241332769393921
CD,Story5,CD_Story5_s4_k67,1,0,68,67,3.1449999809265137,1.8010401725769043,1.3439598083496094,0.046446919441223145
CD,Story5,CD_Story5_s4_k67,2,0,69,68,6.26835823059082,5.789489269256592,0.4788689613342285,0.012183427810668945
CD,Story5,CD_Story5_s4_k67,3,0,70,69,8.488411903381348,8.04449462890625,0.44391727447509766,0.01265418529510498
CD,Story5,CD_Story5_s4_k67,4,0,71,70,5.551167011260986,5.690279483795166,-0.1391124725341797,0.004490971565246582
CD,Story5,CD_Story5_s4_k67,5,1,72,71,3.2884838581085205,2.7082362174987793,0.5802476406097412,0.014247536659240723
CD,Story6,CD_Story6_s2_k23,0,0,23,23,13.196211814880371,12.910350799560547,0.2858610153198242,0.02306807041168213
CD,Story6,CD_Story6_s2_k23,1,0,24,24,3.280402660369873,3.391258955001831,-0.11085629463195801,0.004713118076324463
CD,Story6,CD_Story6_s2_k23,2,0,25,25,2.8729758262634277,2.7738289833068848,0.09914684295654297,0.03190410137176514
CD,Story6,CD_Story6_s2_k23,3,0,26,26,6.7873358726501465,7.4160261154174805,-0.628690242767334,0.004291236400604248
CD,Story6,CD_Story6_s2_k23,4,0,27,27,6.365570068359375,6.219744682312012,0.14582538604736328,0.0052697062492370605
CD,Story6,CD_Story6_s2_k23,5,0,28,28,7.154218673706055,6.338863849639893,0.8153548240661621,0.0016257166862487793
CD,Story6,CD_Story6_s2_k23,6,0,29,29,1.529772400856018,1.7895792722702026,-0.25980687141418457,0.003074824810028076
CD,Story6,CD_Story6_s2_k23,7,1,30,30,2.7975358963012695,3.048966407775879,-0.2514305114746094,0.0031322240829467773
CD,Story6,CD_Story6_s3_k61,0,0,61,61,12.289026260375977,2.5722668170928955,9.716759443283081,0.13108402490615845
CD,Story6,CD_Story6_s3_k61,1,0,62,62,0.7513144612312317,0.16428062319755554,0.5870338380336761,0.0728875994682312
CD,Story6,CD_Story6_s3_k61,2,0,63,63,4.429948329925537,4.930618762969971,-0.5006704330444336,0.10470819473266602
CD,Story6,CD_Story6_s3_k61,3,0,64,64,1.1557645797729492,1.6220823526382446,-0.4663177728652954,0.0391308069229126
CD,Story6,CD_Story6_s3_k61,4,1,65,65,0.8518435955047607,0.6858097910881042,0.1660338044166565,0.0021110177040100098
CD,Story7,CD_Story7_s2_k24,0,0,24,24,9.131646156311035,4.9811835289001465,4.150462627410889,0.2736530303955078
CD,Story7,CD_Story7_s2_k24,1,0,25,25,2.5029826164245605,2.4675686359405518,0.03541398048400879,0.00974893569946289
CD,Story7,CD_Story7_s2_k24,2,0,26,26,5.845926284790039,5.313969612121582,0.531956672668457,0.008875548839569092
CD,Story7,CD_Story7_s2_k24,3,0,27,27,0.0815005823969841,0.08122870326042175,0.0002718791365623474,0.019852042198181152
CD,Story7,CD_Story7_s2_k24,4,0,28,28,3.7274484634399414,3.8860323429107666,-0.1585838794708252,0.008211672306060791
CD,Story7,CD_Story7_s2_k24,5,0,29,29,1.505616307258606,2.6729283332824707,-1.1673120260238647,0.015234529972076416
CD,Story7,CD_Story7_s2_k24,6,1,30,30,3.0436038970947266,2.8429791927337646,0.20062470436096191,0.008104085922241211
CD,Story7,CD_Story7_s3_k42,0,0,42,42,13.433889389038086,12.396471977233887,1.0374174118041992,0.1693289875984192
CD,Story7,CD_Story7_s3_k42,1,0,43,43,2.4507884979248047,0.6867903470993042,1.7639981508255005,0.062109410762786865
CD,Story7,CD_Story7_s3_k42,2,0,44,44,5.484399318695068,6.0237298011779785,-0.5393304824829102,0.11774933338165283
CD,Story7,CD_Story7_s3_k42,3,0,45,45,12.885974884033203,10.818560600280762,2.0674142837524414,0.06426656246185303
CD,Story7,CD_Story7_s3_k42,4,0,46,46,4.385303020477295,3.747040271759033,0.6382627487182617,0.02767699956893921
CD,Story7,CD_Story7_s3_k42,5,0,47,47,3.0031936168670654,3.22709584236145,-0.22390222549438477,0.03761422634124756
CD,Story7,CD_Story7_s3_k42,6,0,48,48,5.644871711730957,5.4958391189575195,0.1490325927734375,0.019193172454833984
CD,Story7,CD_Story7_s3_k42,7,0,49,49,10.56469440460205,10.549663543701172,0.015030860900878906,0.01397252082824707
CD,Story7,CD_Story7_s3_k42,8,0,50,50,18.906278610229492,19.384510040283203,-0.47823143005371094,0.05814546346664429
CD,Story7,CD_Story7_s3_k42,9,0,51,51,3.7399446964263916,3.805479049682617,-0.06553435325622559,0.039483726024627686
CD,Story7,CD_Story7_s3_k42,10,0,52,52,2.719264507293701,2.193086624145508,0.5261778831481934,0.007197380065917969
CD,Story7,CD_Story7_s4_k81,0,0,81,81,15.82519817352295,1.5323450565338135,14.292853116989136,0.012214720249176025
CD,Story7,CD_Story7_s4_k81,1,0,82,82,10.620357513427734,11.23215103149414,-0.6117935180664062,0.004835605621337891
CD,Story7,CD_Story7_s4_k81,2,0,83,83,4.824484825134277,5.010828971862793,-0.18634414672851562,0.0035778284072875977
CD,Story7,CD_Story7_s4_k81,3,0,84,84,1.825286626815796,1.8736140727996826,-0.04832744598388672,0.004038631916046143
CD,Story7,CD_Story7_s4_k81,4,0,85,85,0.4014875292778015,0.2934499680995941,0.1080375611782074,0.010633468627929688
CD,Story7,CD_Story7_s4_k81,5,0,86,86,4.252010345458984,4.139097690582275,0.11291265487670898,0.02369821071624756
CD,Story7,CD_Story7_s4_k81,6,0,87,87,2.020362377166748,1.5406817197799683,0.4796806573867798,0.0040506720542907715
CD,Story7,CD_Story7_s4_k81,7,0,88,88,3.7281272411346436,3.639880657196045,0.08824658393859863,0.005929529666900635
CD,Story7,CD_Story7_s4_k81,8,0,89,89,1.9962208271026611,1.6919115781784058,0.30430924892425537,0.006639420986175537
CD,Story7,CD_Story7_s4_k81,9,0,90,90,0.45241087675094604,0.3523123264312744,0.10009855031967163,0.003378450870513916
CD,Story7,CD_Story7_s4_k81,10,0,91,91,0.8142790198326111,0.7916581034660339,0.02262091636657715,0.00252687931060791
CD,Story8,CD_Story8_s2_k23,0,0,23,23,10.99364948272705,0.2436491996049881,10.750000283122063,0.10567605495452881
CD,Story8,CD_Story8_s2_k23,1,0,24,24,6.732427597045898,4.3073811531066895,2.425046443939209,0.19840097427368164
CD,Story8,CD_Story8_s2_k23,2,1,25,25,4.984234809875488,2.9917240142822266,1.9925107955932617,0.015188276767730713
CD,Story8,CD_Story8_s3_k62,0,0,62,62,16.15083122253418,3.604931354522705,12.545899868011475,0.228875994682312
CD,Story8,CD_Story8_s3_k62,1,1,63,63,3.4155142307281494,3.3744571208953857,0.04105710983276367,0.02652961015701294
CD,Story8,CD_Story8_s6_k95,0,0,95,95,26.325084686279297,8.766033172607422,17.559051513671875,0.011095106601715088
CD,Story8,CD_Story8_s6_k95,1,0,96,96,9.216438293457031,9.349764823913574,-0.13332653045654297,0.02539074420928955
CD,Story8,CD_Story8_s6_k95,2,0,97,97,0.05152885988354683,0.04469536617398262,0.006833493709564209,0.014400005340576172
CD,Story8,CD_Story8_s6_k95,3,0,98,98,6.689195156097412,7.061056613922119,-0.37186145782470703,0.01772385835647583
CD,Story8,CD_Story8_s6_k95,4,0,99,99,8.744298934936523,8.395267486572266,0.3490314483642578,0.01296311616897583
CD,Story8,CD_Story8_s6_k95,5,0,100,100,0.8274780511856079,0.5703311562538147,0.2571468949317932,0.011713624000549316
CD,Story8,CD_Story8_s6_k95,6,0,101,101,4.833939552307129,4.677262306213379,0.15667724609375,0.049314141273498535
CD,Story8,CD_Story8_s6_k95,7,0,102,102,10.465450286865234,10.687895774841309,-0.22244548797607422,0.06833130121231079
CD,Story8,CD_Story8_s6_k95,8,0,103,103,5.960746765136719,4.3997979164123535,1.5609488487243652,0.03521794080734253
CD,Story8,CD_Story8_s6_k95,9,0,104,104,11.11640739440918,11.293961524963379,-0.17755413055419922,0.010650336742401123
CD,Story8,CD_Story8_s6_k95,10,0,105,105,1.1723449230194092,0.8448323011398315,0.32751262187957764,0.02695077657699585
CD,Story9,CD_Story9_s2_k25,0,0,25,25,22.438684463500977,1.980327844619751,20.458356618881226,0.04759526252746582
CD,Story9,CD_Story9_s2_k25,1,0,26,26,2.967878580093384,2.939826011657715,0.028052568435668945,0.006281435489654541
CD,Story9,CD_Story9_s2_k25,2,0,27,27,1.2481061220169067,1.1443694829940796,0.10373663902282715,0.005735576152801514
CD,Story9,CD_Story9_s2_k25,3,0,28,28,0.33066806197166443,0.2692144215106964,0.06145364046096802,0.004731476306915283
CD,Story9,CD_Story9_s2_k25,4,0,29,29,1.801127552986145,1.6445759534835815,0.15655159950256348,0.00450289249420166
CD,Story9,CD_Story9_s2_k25,5,1,30,30,5.127224922180176,4.860602855682373,0.26662206649780273,0.007113993167877197
CD,Story9,CD_Story9_s5_k52,0,0,52,52,17.658287048339844,1.024504542350769,16.633782505989075,0.11073064804077148
CD,Story9,CD_Story9_s5_k52,1,0,53,53,9.335205078125,8.987668991088867,0.3475360870361328,0.051976025104522705
CD,Story9,CD_Story9_s5_k52,2,0,54,54,9.180744171142578,9.147067070007324,0.033677101135253906,0.06112837791442871
CD,Story9,CD_Story9_s5_k52,3,0,55,55,6.594176292419434,3.8366215229034424,2.757554769515991,0.02213221788406372
CD,Story9,CD_Story9_s5_k52,4,0,56,56,1.063697099685669,0.9472226500511169,0.116474449634552,0.03954041004180908
CD,Story9,CD_Story9_s5_k52,5,0,57,57,1.8079450130462646,1.332357406616211,0.4755876064300537,0.026207327842712402
CD,Story9,CD_Story9_s5_k52,6,0,58,58,5.810236930847168,4.563846588134766,1.2463903427124023,0.014547228813171387
CD,Story9,CD_Story9_s5_k52,7,0,59,59,8.713363647460938,8.437034606933594,0.27632904052734375,0.006209015846252441
CD,Story9,CD_Story9_s5_k52,8,0,60,60,0.5154222249984741,0.3484523892402649,0.16696983575820923,0.008660078048706055
CD,Story9,CD_Story9_s5_k52,9,0,61,61,5.066194534301758,5.099758148193359,-0.03356361389160156,0.008758246898651123
CD,Story9,CD_Story9_s5_k52,10,0,62,62,1.383620023727417,1.1980756521224976,0.18554437160491943,0.015875697135925293
CD,Story9,CD_Story9_s8_k116,0,0,116,116,14.548032760620117,7.177855491638184,7.370177268981934,0.08083993196487427
CD,Story9,CD_Story9_s8_k116,1,0,117,117,3.6951451301574707,3.322829484939575,0.3723156452178955,0.020026326179504395
CD,Story9,CD_Story9_s8_k116,2,0,118,118,6.452543258666992,5.997203826904297,0.4553394317626953,0.021069347858428955
CD,Story9,CD_Story9_s8_k116,3,1,119,119,12.327085494995117,12.711655616760254,-0.3845701217651367,0.01835489273071289
CD,Story10,CD_Story10_s3_k65,0,0,65,65,18.549530029296875,7.387381553649902,11.162148475646973,0.13278335332870483
CD,Story10,CD_Story10_s3_k65,1,0,66,66,3.8458073139190674,3.5656285285949707,0.2801787853240967,0.009464561939239502
CD,Story10,CD_Story10_s3_k65,2,0,67,67,5.236328601837158,5.945831775665283,-0.709503173828125,0.03756535053253174
CD,Story10,CD_Story10_s3_k65,3,0,68,68,4.460803031921387,2.705367088317871,1.7554359436035156,0.0267067551612854
CD,Story10,CD_Story10_s3_k65,4,1,69,69,3.177102565765381,3.1796534061431885,-0.002550840377807617,0.005374610424041748
CD,Story10,CD_Story10_s5_k94,0,0,94,94,12.468114852905273,7.379851818084717,5.088263034820557,0.15705162286758423
CD,Story10,CD_Story10_s5_k94,1,0,95,95,4.151640892028809,4.709040641784668,-0.5573997497558594,0.17351031303405762
CD,Story10,CD_Story10_s5_k94,2,0,96,96,9.88148307800293,3.7590458393096924,6.122437238693237,0.04099631309509277
CD,Story10,CD_Story10_s5_k94,3,0,97,97,7.276719570159912,7.5558180809021,-0.2790985107421875,0.031068265438079834
CD,Story10,CD_Story10_s5_k94,4,0,98,98,1.8153784275054932,1.3836791515350342,0.431699275970459,0.011647820472717285
CD,Story10,CD_Story10_s5_k94,5,0,99,99,0.433746874332428,0.28439807891845703,0.14934879541397095,0.03534764051437378
CD,Story10,CD_Story10_s5_k94,6,0,100,100,2.9874267578125,1.3248215913772583,1.6626051664352417,0.03766524791717529
CD,Story10,CD_Story10_s5_k94,7,0,101,101,6.789560794830322,6.131291389465332,0.6582694053649902,0.010603725910186768
CD,Story10,CD_Story10_s5_k94,8,0,102,102,0.29107943177223206,0.38459283113479614,-0.09351339936256409,0.023251891136169434
CD,Story10,CD_Story10_s5_k94,9,1,103,103,2.9802629947662354,1.255216121673584,1.7250468730926514,0.007627129554748535
CD,Story11,CD_Story11_s2_k22,0,0,22,22,12.258540153503418,1.0147823095321655,11.243757843971252,0.33354997634887695
CD,Story11,CD_Story11_s2_k22,1,0,23,23,3.133359432220459,5.189058303833008,-2.055698871612549,0.045005619525909424
CD,Story11,CD_Story11_s2_k22,2,1,24,24,3.786500930786133,2.5968117713928223,1.1896891593933105,0.018369853496551514
CD,Story11,CD_Story11_s4_k64,0,0,64,64,17.760948181152344,9.443350791931152,8.317597389221191,0.01611858606338501
CD,Story11,CD_Story11_s4_k64,1,0,65,65,3.1882102489471436,3.268202781677246,-0.07999253273010254,0.021779656410217285
CD,Story11,CD_Story11_s4_k64,2,0,66,66,3.690359592437744,4.148443698883057,-0.4580841064453125,0.02685713768005371
CD,Story11,CD_Story11_s4_k64,3,1,67,67,8.312475204467773,8.930229187011719,-0.6177539825439453,0.017493009567260742
CD,Story11,CD_Story11_s7_k100,0,0,100,100,8.930816650390625,1.465137004852295,7.46567964553833,0.355063259601593
CD,Story11,CD_Story11_s7_k100,1,0,101,101,1.152563452720642,4.549881935119629,-3.397318482398987,0.02963697910308838
CD,Story11,CD_Story11_s7_k100,2,0,102,102,0.8012323975563049,0.5524488687515259,0.24878352880477905,0.025061607360839844
CD,Story11,CD_Story11_s7_k100,3,0,103,103,15.034563064575195,13.953248977661133,1.0813140869140625,0.020330429077148438
CD,Story11,CD_Story11_s7_k100,4,0,104,104,2.090719223022461,0.5506952404975891,1.5400239825248718,0.009375989437103271
CD,Story11,CD_Story11_s7_k100,5,1,105,105,6.469261169433594,6.630927085876465,-0.1616659164428711,0.008504331111907959
CD,Story12,CD_Story12_s2_k33,0,0,33,33,18.953529357910156,0.029641175642609596,18.923888182267547,0.1947312355041504
CD,Story12,CD_Story12_s2_k33,1,0,34,34,5.478437900543213,5.799001693725586,-0.32056379318237305,0.002698063850402832
CD,Story12,CD_Story12_s2_k33,2,1,35,35,5.4008259773254395,5.980486869812012,-0.5796608924865723,0.014041423797607422
CD,Story12,CD_Story12_s3_k48,0,0,48,48,14.010414123535156,0.6617774367332458,13.34863668680191,0.016072630882263184
CD,Story12,CD_Story12_s3_k48,1,0,49,49,0.17019672691822052,0.1875796765089035,-0.017382949590682983,0.03471428155899048
CD,Story12,CD_Story12_s3_k48,2,0,50,50,4.661518573760986,4.4757537841796875,0.18576478958129883,0.026862263679504395
CD,Story12,CD_Story12_s3_k48,3,0,51,51,1.451981782913208,1.4765889644622803,-0.024607181549072266,0.027706146240234375
CD,Story12,CD_Story12_s3_k48,4,0,52,52,3.2862348556518555,2.9096412658691406,0.37659358978271484,0.014076530933380127
CD,Story12,CD_Story12_s3_k48,5,0,53,53,3.7533140182495117,4.595118522644043,-0.8418045043945312,0.011892378330230713
CD,Story12,CD_Story12_s3_k48,6,1,54,54,4.292854309082031,3.8831374645233154,0.4097168445587158,0.0144883394241333
CD,Story13,CD_Story13_s2_k50,0,0,50,50,18.16461944580078,3.3564391136169434,14.808180332183838,0.031183719635009766
CD,Story13,CD_Story13_s2_k50,1,0,51,51,11.021135330200195,10.55465316772461,0.46648216247558594,0.047740280628204346
CD,Story13,CD_Story13_s2_k50,2,0,52,52,6.173329830169678,6.228285789489746,-0.05495595932006836,0.026505470275878906
CD,Story13,CD_Story13_s2_k50,3,0,53,53,0.1111697405576706,0.12085539102554321,-0.00968565046787262,0.0212552547454834
CD,Story13,CD_Story13_s2_k50,4,0,54,54,0.29842233657836914,0.14957748353481293,0.1488448530435562,0.004585564136505127
CD,Story13,CD_Story13_s2_k50,5,0,55,55,0.38523542881011963,0.28721269965171814,0.09802272915840149,0.009241044521331787
CD,Story13,CD_Story13_s2_k50,6,1,56,56,5.38598108291626,5.052816390991211,0.33316469192504883,0.04110532999038696
CD,Story13,CD_Story13_s4_k73,0,0,73,73,12.269627571105957,0.1303483098745346,12.139279261231422,0.442888081073761
CD,Story13,CD_Story13_s4_k73,1,0,74,74,3.367476224899292,2.590376138687134,0.7771000862121582,0.1908891201019287
CD,Story13,CD_Story13_s4_k73,2,0,75,75,4.816466331481934,4.935748100280762,-0.11928176879882812,0.12455666065216064
CD,Story13,CD_Story13_s4_k73,3,0,76,76,5.082061767578125,3.828019618988037,1.254042148590088,0.1652369499206543
CD,Story13,CD_Story13_s4_k73,4,0,77,77,3.8243813514709473,1.9388689994812012,1.885512351989746,0.07120895385742188
CD,Story13,CD_Story13_s4_k73,5,0,78,78,7.432278633117676,9.614164352416992,-2.1818857192993164,0.04636251926422119
CD,Story13,CD_Story13_s4_k73,6,0,79,79,5.063850402832031,4.871183395385742,0.19266700744628906,0.03296941518783569
CD,Story13,CD_Story13_s4_k73,7,0,80,80,5.723981857299805,5.839046478271484,-0.11506462097167969,0.03067755699157715
CD,Story13,CD_Story13_s4_k73,8,0,81,81,1.6305726766586304,1.4381355047225952,0.19243717193603516,0.08619672060012817
CD,Story13,CD_Story13_s4_k73,9,0,82,82,1.6196224689483643,2.126516819000244,-0.5068943500518799,0.014883100986480713
CD,Story13,CD_Story13_s4_k73,10,0,83,83,6.589084625244141,6.5187811851501465,0.07030344009399414,0.08465772867202759
CD,Story14,CD_Story14_s2_k54,0,0,54,54,17.213302612304688,4.1038594245910645,13.109443187713623,0.041107118129730225
CD,Story14,CD_Story14_s2_k54,1,0,55,55,4.931251525878906,4.949775695800781,-0.018524169921875,0.050716519355773926
CD,Story14,CD_Story14_s2_k54,2,0,56,56,11.353278160095215,11.918429374694824,-0.5651512145996094,0.00910729169845581
CD,Story14,CD_Story14_s2_k54,3,1,57,57,2.976046562194824,2.461897373199463,0.5141491889953613,0.0021190643310546875
CD,Story14,CD_Story14_s4_k79,0,0,79,79,17.547588348388672,4.513981819152832,13.03360652923584,0.06498301029205322
CD,Story14,CD_Story14_s4_k79,1,0,80,80,6.471831321716309,5.890336036682129,0.5814952850341797,0.06527930498123169
CD,Story14,CD_Story14_s4_k79,2,0,81,81,4.086606502532959,0.8982127904891968,3.188393712043762,0.026732146739959717
CD,Story14,CD_Story14_s4_k79,3,1,82,82,2.545732259750366,1.8736894130706787,0.6720428466796875,0.008506357669830322
CD,Story15,CD_Story15_s1_k14,0,0,14,14,16.23548126220703,5.719855785369873,10.515625476837158,0.2697411775588989
CD,Story15,CD_Story15_s1_k14,1,0,15,15,4.090392112731934,5.17915678024292,-1.0887646675109863,0.018308043479919434
CD,Story15,CD_Story15_s1_k14,2,0,16,16,0.2097804695367813,0.19383446872234344,0.015946000814437866,0.01274096965789795
CD,Story15,CD_Story15_s1_k14,3,0,17,17,4.122763156890869,3.5556581020355225,0.5671050548553467,0.007769167423248291
CD,Story15,CD_Story15_s1_k14,4,1,18,18,2.9759440422058105,2.906442403793335,0.06950163841247559,0.01166081428527832
CD,Story15,CD_Story15_s2_k29,0,0,29,29,15.820942878723145,4.012161731719971,11.808781147003174,0.014169096946716309
CD,Story15,CD_Story15_s2_k29,1,0,30,30,0.17522768676280975,0.22657042741775513,-0.051342740654945374,0.016426146030426025
CD,Story15,CD_Story15_s2_k29,2,0,31,31,5.55308723449707,5.006291389465332,0.5467958450317383,0.015781879425048828
CD,Story15,CD_Story15_s2_k29,3,0,32,32,4.034213066101074,4.694746494293213,-0.6605334281921387,0.008150815963745117
CD,Story15,CD_Story15_s2_k29,4,0,33,33,0.581150472164154,0.34368428587913513,0.23746618628501892,0.004700183868408203
CD,Story15,CD_Story15_s2_k29,5,0,34,34,1.6920363903045654,2.3968803882598877,-0.7048439979553223,0.012058794498443604
CD,Story15,CD_Story15_s2_k29,6,0,35,35,0.3703916370868683,0.3442782461643219,0.026113390922546387,0.011770427227020264
CD,Story15,CD_Story15_s2_k29,7,1,36,36,2.1932194232940674,2.2711174488067627,-0.07789802551269531,0.03210872411727905
CD,Story16,CD_Story16_s2_k34,0,0,34,34,15.352157592773438,3.027714729309082,12.324442863464355,0.07170617580413818
CD,Story16,CD_Story16_s2_k34,1,0,35,35,0.7246770858764648,0.595646321773529,0.1290307641029358,0.04560154676437378
CD,Story16,CD_Story16_s2_k34,2,0,36,36,1.739335060119629,1.3257005214691162,0.4136345386505127,0.025503456592559814
CD,Story16,CD_Story16_s2_k34,3,0,37,37,7.322827339172363,7.066186904907227,0.2566404342651367,0.02526116371154785
CD,Story16,CD_Story16_s2_k34,4,1,38,38,6.625842094421387,4.410174369812012,2.215667724609375,0.023117661476135254
CD,Story16,CD_Story16_s4_k79,0,0,79,79,9.983245849609375,2.133969306945801,7.849276542663574,0.03769177198410034
CD,Story16,CD_Story16_s4_k79,1,0,80,80,7.670501708984375,6.089489936828613,1.5810117721557617,0.05691903829574585
CD,Story16,CD_Story16_s4_k79,2,0,81,81,2.221841335296631,1.438934564590454,0.7829067707061768,0.05280029773712158
CD,Story16,CD_Story16_s4_k79,3,0,82,82,6.670132637023926,5.677436351776123,0.9926962852478027,0.014666914939880371
CD,Story16,CD_Story16_s4_k79,4,0,83,83,0.2888004183769226,0.24580496549606323,0.042995452880859375,0.00601041316986084
CD,Story16,CD_Story16_s4_k79,5,0,84,84,8.666362762451172,8.708235740661621,-0.04187297821044922,0.005025386810302734
CD,Story16,CD_Story16_s4_k79,6,0,85,85,6.302325248718262,5.428628444671631,0.8736968040466309,0.005553007125854492
CD,Story16,CD_Story16_s4_k79,7,0,86,86,5.936784267425537,6.448251247406006,-0.5114669799804688,0.02356821298599243
CD,Story16,CD_Story16_s4_k79,8,0,87,87,4.423373222351074,3.9610166549682617,0.4623565673828125,0.0070192813873291016
CD,Story16,CD_Story16_s4_k79,9,0,88,88,1.2354846000671387,0.7216899394989014,0.5137946605682373,0.015239596366882324
CD,Story16,CD_Story16_s4_k79,10,1,89,89,1.31154465675354,1.1617374420166016,0.14980721473693848,0.017428696155548096
CD,Story17,CD_Story17_s2_k36,0,0,36,36,17.263879776000977,3.926326036453247,13.33755373954773,0.06639158725738525
CD,Story17,CD_Story17_s2_k36,1,0,37,37,5.82824182510376,6.218085765838623,-0.3898439407348633,0.022096872329711914
CD,Story17,CD_Story17_s2_k36,2,0,38,38,12.968881607055664,12.464093208312988,0.5047883987426758,0.007433712482452393
CD,Story17,CD_Story17_s2_k36,3,1,39,39,5.812758922576904,5.339069366455078,0.47368955612182617,0.003205418586730957
CD,Story17,CD_Story17_s3_k58,0,0,58,58,18.92059898376465,4.019399642944336,14.901199340820312,0.12859976291656494
CD,Story17,CD_Story17_s3_k58,1,0,59,59,4.972301483154297,3.7247843742370605,1.2475171089172363,0.0170210599899292
CD,Story17,CD_Story17_s3_k58,2,0,60,60,3.6171014308929443,3.137178897857666,0.4799225330352783,0.0215909481048584
CD,Story17,CD_Story17_s3_k58,3,0,61,61,13.803165435791016,12.201581001281738,1.6015844345092773,0.011128008365631104
CD,Story17,CD_Story17_s3_k58,4,0,62,62,0.9220855236053467,0.8876746296882629,0.03441089391708374,0.00886070728302002
CD,Story17,CD_Story17_s3_k58,5,0,63,63,6.963098526000977,6.889310359954834,0.07378816604614258,0.017250418663024902
CD,Story17,CD_Story17_s3_k58,6,1,64,64,5.101138114929199,4.563909530639648,0.5372285842895508,0.0044553279876708984
CD,Story18,CD_Story18_s3_k33,0,0,33,33,11.508268356323242,2.784210681915283,8.724057674407959,0.11187100410461426
CD,Story18,CD_Story18_s3_k33,1,0,34,34,1.8416950702667236,1.259028673171997,0.5826663970947266,0.1572452187538147
CD,Story18,CD_Story18_s3_k33,2,0,35,35,6.072309494018555,5.151149749755859,0.9211597442626953,0.005483865737915039
CD,Story18,CD_Story18_s3_k33,3,0,36,36,0.3000842034816742,0.2774665951728821,0.022617608308792114,0.019538700580596924
CD,Story18,CD_Story18_s3_k33,4,0,37,37,1.2145180702209473,1.110011100769043,0.1045069694519043,0.01747232675552368
CD,Story18,CD_Story18_s3_k33,5,1,38,38,1.4367858171463013,1.1742258071899414,0.26256000995635986,0.017032206058502197
CD,Story18,CD_Story18_s5_k58,0,0,58,58,18.424509048461914,12.302478790283203,6.122030258178711,0.025518059730529785
CD,Story18,CD_Story18_s5_k58,1,0,59,59,8.652153968811035,6.898015022277832,1.7541389465332031,0.024410903453826904
CD,Story18,CD_Story18_s5_k58,2,0,60,60,5.232693195343018,6.104586601257324,-0.8718934059143066,0.019800961017608643
CD,Story18,CD_Story18_s5_k58,3,0,61,61,2.0135555267333984,2.2608978748321533,-0.24734234809875488,0.015174329280853271
CD,Story18,CD_Story18_s5_k58,4,0,62,62,2.6948933601379395,2.396839141845703,0.29805421829223633,0.009232938289642334
CD,Story18,CD_Story18_s5_k58,5,0,63,63,6.163581848144531,6.0648603439331055,0.09872150421142578,0.010768413543701172
CD,Story18,CD_Story18_s5_k58,6,0,64,64,4.035833358764648,4.406924247741699,-0.3710908889770508,0.003235936164855957
CD,Story18,CD_Story18_s5_k58,7,0,65,65,1.5917375087738037,1.46280038356781,0.12893712520599365,0.009638309478759766
CD,Story18,CD_Story18_s5_k58,8,0,66,66,1.7177854776382446,1.5379047393798828,0.17988073825836182,0.013807594776153564
CD,Story18,CD_Story18_s5_k58,9,1,67,67,4.662985801696777,5.755542755126953,-1.0925569534301758,0.0033438801765441895
CD,Story18,CD_Story18_s6_k89,0,0,89,89,9.921960830688477,6.74308443069458,3.1788763999938965,0.010602712631225586
CD,Story18,CD_Story18_s6_k89,1,0,90,90,1.404269814491272,1.489045262336731,-0.08477544784545898,0.004420876502990723
CD,Story18,CD_Story18_s6_k89,2,0,91,91,4.4682488441467285,4.161337852478027,0.30691099166870117,0.005160808563232422
CD,Story18,CD_Story18_s6_k89,3,0,92,92,1.2831027507781982,0.9895011186599731,0.2936016321182251,0.012457728385925293
CD,Story18,CD_Story18_s6_k89,4,0,93,93,0.8132636547088623,1.1123899221420288,-0.2991262674331665,0.006181776523590088
CD,Story18,CD_Story18_s6_k89,5,0,94,94,7.780707359313965,7.161023139953613,0.6196842193603516,0.0056580305099487305
CD,Story18,CD_Story18_s6_k89,6,1,95,95,0.7208145260810852,0.7113890051841736,0.009425520896911621,0.003593146800994873
CD,Story19,CD_Story19_s1_k23,0,0,23,23,12.475973129272461,8.805824279785156,3.6701488494873047,0.05072963237762451
CD,Story19,CD_Story19_s1_k23,1,0,24,24,4.233290672302246,4.365586757659912,-0.13229608535766602,0.04638826847076416
CD,Story19,CD_Story19_s1_k23,2,0,25,25,3.704441785812378,3.699713945388794,0.004727840423583984,0.039863407611846924
CD,Story19,CD_Story19_s1_k23,3,0,26,26,3.037921190261841,3.1326863765716553,-0.09476518630981445,0.022922933101654053
CD,Story19,CD_Story19_s1_k23,4,1,27,27,4.06148099899292,4.937695026397705,-0.8762140274047852,0.005719900131225586
CD,Story19,CD_Story19_s2_k68,0,0,68,68,12.759832382202148,23.20250701904297,-10.44267463684082,0.28445422649383545
CD,Story19,CD_Story19_s2_k68,1,0,69,69,10.531773567199707,7.596625328063965,2.935148239135742,0.2069224715232849
CD,Story19,CD_Story19_s2_k68,2,0,70,70,8.998224258422852,6.278489589691162,2.7197346687316895,0.19676858186721802
CD,Story19,CD_Story19_s2_k68,3,0,71,71,0.9306286573410034,0.2902010977268219,0.6404275596141815,0.14820784330368042
CD,Story19,CD_Story19_s2_k68,4,1,72,72,5.955612659454346,3.7744479179382324,2.1811647415161133,0.008417844772338867
CD,Story20,CD_Story20_s3_k35,0,0,35,35,20.520252227783203,7.124870777130127,13.395381450653076,0.01699274778366089
CD,Story20,CD_Story20_s3_k35,1,0,36,36,5.1054205894470215,4.7272162437438965,0.378204345703125,0.005133986473083496
CD,Story20,CD_Story20_s3_k35,2,0,37,37,4.713423728942871,4.563508033752441,0.1499156951904297,0.0077340006828308105
CD,Story20,CD_Story20_s3_k35,3,1,38,38,6.631879806518555,6.108745574951172,0.5231342315673828,0.010838449001312256
CD,Story20,CD_Story20_s5_k77,0,0,77,77,10.78633975982666,3.281750440597534,7.504589319229126,0.26835495233535767
CD,Story20,CD_Story20_s5_k77,1,0,78,78,6.138604164123535,0.6638847589492798,5.474719405174255,0.030867815017700195
CD,Story20,CD_Story20_s5_k77,2,0,79,79,4.501537799835205,4.475693225860596,0.025844573974609375,0.010796546936035156
CD,Story20,CD_Story20_s5_k77,3,0,80,80,1.3998345136642456,1.3006337881088257,0.09920072555541992,0.012455224990844727
CD,Story20,CD_Story20_s5_k77,4,0,81,81,4.114885330200195,4.883227348327637,-0.7683420181274414,0.012353122234344482
CD,Story20,CD_Story20_s5_k77,5,0,82,82,0.049601320177316666,0.04794587567448616,0.0016554445028305054,0.04511481523513794
CD,Story20,CD_Story20_s5_k77,6,1,83,83,0.9175397157669067,1.0101025104522705,-0.09256279468536377,0.012076854705810547
CD,Story21,CD_Story21_s2_k31,0,0,31,31,18.422367095947266,3.4061484336853027,15.016218662261963,0.15234261751174927
CD,Story21,CD_Story21_s2_k31,1,0,32,32,4.630851745605469,5.957954406738281,-1.3271026611328125,0.02859210968017578
CD,Story21,CD_Story21_s2_k31,2,1,33,33,10.57320499420166,9.497774124145508,1.0754308700561523,0.009607374668121338
CD,Story21,CD_Story21_s3_k47,0,0,47,47,13.470804214477539,1.1381772756576538,12.332626938819885,0.12085080146789551
CD,Story21,CD_Story21_s3_k47,1,0,48,48,1.7601051330566406,1.3635352849960327,0.3965698480606079,0.025819003582000732
CD,Story21,CD_Story21_s3_k47,2,0,49,49,4.2577996253967285,4.461517333984375,-0.20371770858764648,0.010288059711456299
CD,Story21,CD_Story21_s3_k47,3,0,50,50,0.5575041174888611,0.6005353927612305,-0.043031275272369385,0.012049555778503418
CD,Story21,CD_Story21_s3_k47,4,0,51,51,3.5625195503234863,3.0185227394104004,0.5439968109130859,0.015373170375823975
CD,Story21,CD_Story21_s3_k47,5,0,52,52,3.663747787475586,3.752312183380127,-0.08856439590454102,0.00423198938369751
CD,Story21,CD_Story21_s3_k47,6,0,53,53,6.824202537536621,6.928332805633545,-0.10413026809692383,0.007272839546203613
CD,Story21,CD_Story21_s3_k47,7,0,54,54,0.18351010978221893,0.1329249143600464,0.050585195422172546,0.008001208305358887
CD,Story21,CD_Story21_s3_k47,8,0,55,55,2.7767131328582764,3.5045218467712402,-0.7278087139129639,0.01896679401397705
CD,Story21,CD_Story21_s3_k47,9,0,56,56,0.4697751998901367,0.4451606869697571,0.02461451292037964,0.008786261081695557
CD,Story21,CD_Story21_s3_k47,10,1,57,57,6.355087757110596,5.713775634765625,0.6413121223449707,0.00810086727142334
RD,Story1,RD_Story1_s2_k32,0,0,32,32,4.314470291137695,1.5019702911376953,2.8125,0.3743760585784912
RD,Story1,RD_Story1_s2_k32,1,0,33,33,6.375069618225098,7.611876487731934,-1.236806869506836,0.019833862781524658
RD,Story1,RD_Story1_s2_k32,2,1,34,34,6.04876184463501,5.525096893310547,0.5236649513244629,0.013462841510772705
RD,Story1,RD_Story1_s3_k36,0,0,36,36,5.350305080413818,2.890197515487671,2.4601075649261475,0.22228366136550903
RD,Story1,RD_Story1_s3_k36,1,0,37,37,4.635745048522949,4.589349269866943,0.04639577865600586,0.03373527526855469
RD,Story1,RD_Story1_s3_k36,2,0,38,38,10.517598152160645,9.987577438354492,0.5300207138061523,0.02939462661743164
RD,Story1,RD_Story1_s3_k36,3,0,39,39,8.88780689239502,7.870236396789551,1.0175704956054688,0.01642906665802002
RD,Story1,RD_Story1_s3_k36,4,0,40,40,5.980702877044678,5.8932976722717285,0.08740520477294922,0.00796055793762207
RD,Story1,RD_Story1_s3_k36,5,0,41,41,0.4897220730781555,0.4199638366699219,0.06975823640823364,0.005011498928070068
RD,Story1,RD_Story1_s3_k36,6,0,42,42,1.512940526008606,1.434714674949646,0.07822585105895996,0.012568175792694092
RD,Story1,RD_Story1_s3_k36,7,0,43,43,0.35514122247695923,0.24768058955669403,0.1074606329202652,0.015056014060974121
RD,Story1,RD_Story1_s3_k36,8,0,44,44,6.733381271362305,7.405824661254883,-0.6724433898925781,0.005151212215423584
RD,Story1,RD_Story1_s3_k36,9,0,45,45,4.397234916687012,4.591392993927002,-0.19415807723999023,0.02580970525741577
RD,Story1,RD_Story1_s3_k36,10,0,46,46,0.9420453906059265,0.5086974501609802,0.4333479404449463,0.03628665208816528
RD,Story1,RD_Story1_s5_k73,0,0,73,73,6.726755619049072,0.6458667516708374,6.080888867378235,0.3779217004776001
RD,Story1,RD_Story1_s5_k73,1,1,74,74,19.396615982055664,11.16591739654541,8.230698585510254,0.011412441730499268
RD,Story1,RD_Story1_s6_k80,0,0,80,80,5.644040584564209,0.6909035444259644,4.953137040138245,0.35047447681427
RD,Story1,RD_Story1_s6_k80,1,0,81,81,16.063987731933594,9.713020324707031,6.3509674072265625,0.012865424156188965
RD,Story1,RD_Story1_s6_k80,2,1,82,82,4.901796817779541,5.490645408630371,-0.5888485908508301,0.01122826337814331
RD,Story1,RD_Story1_s7_k87,0,0,87,87,11.389132499694824,1.3966670036315918,9.992465496063232,0.06586062908172607
RD,Story1,RD_Story1_s7_k87,1,0,88,88,2.672152519226074,5.175473690032959,-2.5033211708068848,0.0492672324180603
RD,Story1,RD_Story1_s7_k87,2,0,89,89,1.5558966398239136,1.524378776550293,0.031517863273620605,0.009348630905151367
RD,Story1,RD_Story1_s7_k87,3,0,90,90,9.345592498779297,8.733553886413574,0.6120386123657227,0.014719665050506592
RD,Story1,RD_Story1_s7_k87,4,0,91,91,10.165604591369629,10.117023468017578,0.04858112335205078,0.0207061767578125
RD,Story1,RD_Story1_s7_k87,5,0,92,92,2.991039276123047,3.987379550933838,-0.996340274810791,0.030105531215667725
RD,Story1,RD_Story1_s7_k87,6,0,93,93,8.936491012573242,8.673032760620117,0.263458251953125,0.0086936354637146
RD,Story1,RD_Story1_s7_k87,7,0,94,94,4.944622993469238,4.3531036376953125,0.5915193557739258,0.009869575500488281
RD,Story1,RD_Story1_s7_k87,8,0,95,95,1.6978459358215332,1.5131715536117554,0.18467438220977783,0.01910412311553955
RD,Story1,RD_Story1_s7_k87,9,0,96,96,0.829771876335144,0.555708646774292,0.27406322956085205,0.020835280418395996
RD,Story1,RD_Story1_s7_k87,10,0,97,97,11.152957916259766,9.021448135375977,2.131509780883789,0.009338796138763428
RD,Story2,RD_Story2_s2_k28,0,0,28,28,6.52370548248291,0.336205393075943,6.187500089406967,0.24751043319702148
RD,Story2,RD_Story2_s2_k28,1,0,29,29,5.439708232879639,2.448868751525879,2.9908394813537598,0.007893979549407959
RD,Story2,RD_Story2_s2_k28,2,0,30,30,0.5436398983001709,0.6015601754188538,-0.05792027711868286,0.004244327545166016
RD,Story2,RD_Story2_s2_k28,3,0,31,31,4.947135925292969,4.334439277648926,0.612696647644043,0.0048958659172058105
RD,Story2,RD_Story2_s2_k28,4,0,32,32,1.619963526725769,1.3446894884109497,0.27527403831481934,0.0016071200370788574
RD,Story2,RD_Story2_s2_k28,5,0,33,33,1.273167371749878,1.4379379749298096,-0.16477060317993164,0.0008682012557983398
RD,Story2,RD_Story2_s2_k28,6,0,34,34,0.6255707740783691,0.5811089873313904,0.04446178674697876,0.00039577484130859375
RD,Story2,RD_Story2_s2_k28,7,0,35,35,5.3705620765686035,5.262467384338379,0.10809469223022461,0.008410513401031494
RD,Story2,RD_Story2_s2_k28,8,0,36,36,4.7747368812561035,4.737634658813477,0.03710222244262695,0.0018118023872375488
RD,Story2,RD_Story2_s2_k28,9,0,37,37,3.8126375675201416,3.1780169010162354,0.6346206665039062,0.005670011043548584
RD,Story2,RD_Story2_s2_k28,10,0,38,38,0.5747092366218567,0.5481048822402954,0.02660435438156128,0.003751814365386963
RD,Story2,RD_Story2_s3_k41,0,0,41,41,14.256952285766602,9.799408912658691,4.45754337310791,0.384968638420105
RD,Story2,RD_Story2_s3_k41,1,0,42,42,10.355504035949707,6.525299549102783,3.830204486846924,0.2011711597442627
RD,Story2,RD_Story2_s3_k41,2,0,43,43,1.900104284286499,0.5224946737289429,1.3776096105575562,0.12353652715682983
RD,Story2,RD_Story2_s3_k41,3,0,44,44,7.877243995666504,7.679939270019531,0.19730472564697266,0.05732792615890503
RD,Story2,RD_Story2_s3_k41,4,0,45,45,0.5692578554153442,0.8446544408798218,-0.27539658546447754,0.05283999443054199
RD,Story2,RD_Story2_s3_k41,5,0,46,46,4.638673305511475,4.495270729064941,0.1434025764465332,0.11836206912994385
RD,Story2,RD_Story2_s3_k41,6,0,47,47,0.5443514585494995,1.6357498168945312,-1.0913983583450317,0.12917077541351318
RD,Story2,RD_Story2_s3_k41,7,0,48,48,3.8022842407226562,3.7870192527770996,0.01526498794555664,0.0702667236328125
RD,Story2,RD_Story2_s3_k41,8,0,49,49,1.052860975265503,1.1756237745285034,-0.12276279926300049,0.15287894010543823
RD,Story2,RD_Story2_s3_k41,9,0,50,50,16.189863204956055,12.78749942779541,3.4023637771606445,0.10405987501144409
RD,Story2,RD_Story2_s3_k41,10,0,51,51,2.901662826538086,2.77945613861084,0.1222066879272461,0.055034518241882324
RD,Story2,RD_Story2_s4_k65,0,0,65,65,6.8120856285095215,0.40251854062080383,6.409567087888718,0.21155601739883423
RD,Story2,RD_Story2_s4_k65,1,0,66,66,0.6304134130477905,4.879175662994385,-4.248762249946594,0.10442405939102173
RD,Story2,RD_Story2_s4_k65,2,0,67,67,0.6346617937088013,1.059756875038147,-0.4250950813293457,0.06534630060195923
RD,Story2,RD_Story2_s4_k65,3,0,68,68,3.9905216693878174,2.615036725997925,1.3754849433898926,0.025610029697418213
RD,Story2,RD_Story2_s4_k65,4,0,69,69,0.9627629518508911,0.5679944753646851,0.39476847648620605,0.05739623308181763
RD,Story2,RD_Story2_s4_k65,5,0,70,70,2.7240147590637207,1.289169192314148,1.4348455667495728,0.058215320110321045
RD,Story2,RD_Story2_s4_k65,6,0,71,71,0.4274750053882599,0.40576842427253723,0.021706581115722656,0.03988271951675415
RD,Story2,RD_Story2_s4_k65,7,0,72,72,2.9798200130462646,3.90804123878479,-0.9282212257385254,0.032097578048706055
RD,Story2,RD_Story2_s4_k65,8,1,73,73,1.9670708179473877,1.2816359996795654,0.6854348182678223,0.05875784158706665
RD,Story2,RD_Story2_s5_k84,0,0,84,84,16.3072509765625,0.18792589008808136,16.11932508647442,0.23579305410385132
RD,Story2,RD_Story2_s5_k84,1,0,85,85,5.811263561248779,2.853376626968384,2.9578869342803955,0.026511013507843018
RD,Story2,RD_Story2_s5_k84,2,0,86,86,8.330859184265137,8.132147789001465,0.19871139526367188,0.1277957558631897
RD,Story2,RD_Story2_s5_k84,3,0,87,87,8.495184898376465,7.224666118621826,1.2705187797546387,0.10004532337188721
RD,Story2,RD_Story2_s5_k84,4,0,88,88,3.797320604324341,2.165029525756836,1.6322910785675049,0.05901724100112915
RD,Story2,RD_Story2_s5_k84,5,0,89,89,5.290718078613281,6.460178852081299,-1.1694607734680176,0.06452977657318115
RD,Story2,RD_Story2_s5_k84,6,0,90,90,4.990640163421631,4.4629034996032715,0.5277366638183594,0.051045358180999756
RD,Story2,RD_Story2_s5_k84,7,1,91,91,7.221461296081543,8.556658744812012,-1.3351974487304688,0.05995398759841919
RD,Story3,RD_Story3_s2_k23,0,0,23,23,14.153824806213379,9.653824806213379,4.5,0.2578898072242737
RD,Story3,RD_Story3_s2_k23,1,0,24,24,7.938079833984375,8.267518043518066,-0.3294382095336914,0.10393762588500977
RD,Story3,RD_Story3_s2_k23,2,0,25,25,4.377495288848877,3.546142101287842,0.8313531875610352,0.013104498386383057
RD,Story3,RD_Story3_s2_k23,3,0,26,26,0.9171349406242371,0.9349884390830994,-0.017853498458862305,0.07284575700759888
RD,Story3,RD_Story3_s2_k23,4,0,27,27,6.363550186157227,4.4979400634765625,1.865610122680664,0.1069750189781189
RD,Story3,RD_Story3_s2_k23,5,0,28,28,2.680040121078491,1.7671523094177246,0.9128878116607666,0.23672837018966675
RD,Story3,RD_Story3_s2_k23,6,0,29,29,5.978762626647949,2.0177626609802246,3.9609999656677246,0.008562088012695312
RD,Story3,RD_Story3_s2_k23,7,0,30,30,1.726304292678833,1.530948519706726,0.19535577297210693,0.010283589363098145
RD,Story3,RD_Story3_s2_k23,8,0,31,31,10.161358833312988,11.21780014038086,-1.056441307067871,0.008776843547821045
RD,Story3,RD_Story3_s2_k23,9,0,32,32,4.289770603179932,5.96783447265625,-1.6780638694763184,0.0015308260917663574
RD,Story3,RD_Story3_s2_k23,10,0,33,33,1.8225314617156982,1.9330604076385498,-0.11052894592285156,0.0032199621200561523
RD,Story3,RD_Story3_s3_k62,0,1,62,62,12.661910057067871,4.730571746826172,7.931338310241699,0.017064571380615234
RD,Story3,RD_Story3_s4_k67,0,0,67,67,3.8745288848876953,3.4629132747650146,0.41161561012268066,0.27955156564712524
RD,Story3,RD_Story3_s4_k67,1,0,68,68,1.984635591506958,0.843156635761261,1.141478955745697,0.06306964159011841
RD,Story3,RD_Story3_s4_k67,2,0,69,69,5.8599748611450195,6.754732131958008,-0.8947572708129883,0.039143502712249756
RD,Story3,RD_Story3_s4_k67,3,0,70,70,6.891761302947998,4.7909417152404785,2.1008195877075195,0.02110755443572998
RD,Story3,RD_Story3_s4_k67,4,0,71,71,0.7627923488616943,0.64886474609375,0.11392760276794434,0.005709290504455566
RD,Story3,RD_Story3_s4_k67,5,0,72,72,8.984067916870117,9.272995948791504,-0.2889280319213867,0.00914907455444336
RD,Story3,RD_Story3_s4_k67,6,0,73,73,1.3201247453689575,1.3241257667541504,-0.004001021385192871,0.009852409362792969
RD,Story3,RD_Story3_s4_k67,7,0,74,74,6.6338701248168945,6.566139221191406,0.06773090362548828,0.003671705722808838
RD,Story3,RD_Story3_s4_k67,8,0,75,75,0.8731558322906494,0.7052887082099915,0.16786712408065796,0.007359325885772705
RD,Story3,RD_Story3_s4_k67,9,0,76,76,17.03677749633789,17.31708526611328,-0.2803077697753906,0.0031375885009765625
RD,Story3,RD_Story3_s4_k67,10,0,77,77,2.843912124633789,2.6706390380859375,0.17327308654785156,0.006017446517944336
RD,Story3,RD_Story3_s5_k101,0,0,101,101,9.60261344909668,0.3899917006492615,9.212621748447418,0.22344970703125
RD,Story3,RD_Story3_s5_k101,1,1,102,102,4.378748416900635,1.6612720489501953,2.7174763679504395,0.011104941368103027
RD,Story3,RD_Story3_s6_k115,0,0,115,115,13.075798988342285,8.94972038269043,4.1260786056518555,0.30751579999923706
RD,Story3,RD_Story3_s6_k115,1,0,116,116,9.696788787841797,3.5331053733825684,6.1636834144592285,0.29260456562042236
RD,Story3,RD_Story3_s6_k115,2,0,117,117,6.420992374420166,3.724226474761963,2.696765899658203,0.08309942483901978
RD,Story3,RD_Story3_s6_k115,3,0,118,118,2.7493417263031006,1.0419111251831055,1.7074306011199951,0.02332282066345215
RD,Story3,RD_Story3_s6_k115,4,0,119,119,3.7672760486602783,3.6102423667907715,0.15703368186950684,0.016597747802734375
RD,Story3,RD_Story3_s6_k115,5,0,120,120,1.3412485122680664,1.1970614194869995,0.1441870927810669,0.005542159080505371
RD,Story3,RD_Story3_s6_k115,6,1,121,121,1.716226577758789,1.6099920272827148,0.10623455047607422,0.012898802757263184
RD,Story4,RD_Story4_s1_k26,0,1,26,26,11.529808044433594,3.2196874618530273,8.310120582580566,0.007885992527008057
RD,Story4,RD_Story4_s2_k39,0,0,39,39,3.7717273235321045,3.0294156074523926,0.7423117160797119,0.2360447645187378
RD,Story4,RD_Story4_s2_k39,1,0,40,40,5.224933624267578,3.01701021194458,2.207923412322998,0.03248542547225952
RD,Story4,RD_Story4_s2_k39,2,0,41,41,1.2225594520568848,1.2292031049728394,-0.00664365291595459,0.019587934017181396
RD,Story4,RD_Story4_s2_k39,3,0,42,42,5.367586135864258,5.999673843383789,-0.6320877075195312,0.022558093070983887
RD,Story4,RD_Story4_s2_k39,4,0,43,43,4.3794474601745605,4.5255126953125,-0.14606523513793945,0.012380242347717285
RD,Story4,RD_Story4_s2_k39,5,0,44,44,3.2402267456054688,2.2741539478302,0.9660727977752686,0.05182379484176636
RD,Story4,RD_Story4_s2_k39,6,0,45,45,1.6508758068084717,1.658972978591919,-0.008097171783447266,0.036456942558288574
RD,Story4,RD_Story4_s2_k39,7,0,46,46,2.4950289726257324,2.596406936645508,-0.10137796401977539,0.007716119289398193
RD,Story4,RD_Story4_s2_k39,8,0,47,47,0.049704886972904205,0.05574044585227966,-0.006035558879375458,0.029787898063659668
RD,Story4,RD_Story4_s2_k39,9,0,48,48,4.836719036102295,4.9332380294799805,-0.09651899337768555,0.010976076126098633
RD,Story4,RD_Story4_s2_k39,10,0,49,49,0.8238663673400879,0.8665178418159485,-0.042651474475860596,0.02932274341583252
RD,Story4,RD_Story4_s3_k63,0,0,63,63,9.040022850036621,0.2627279460430145,8.777294903993607,0.3663138747215271
RD,Story4,RD_Story4_s3_k63,1,0,64,64,6.619170665740967,1.428305745124817,5.19086492061615,0.005674839019775391
RD,Story4,RD_Story4_s3_k63,2,1,65,65,17.529239654541016,16.494298934936523,1.0349407196044922,0.004324078559875488
RD,Story4,RD_Story4_s4_k71,0,0,71,71,5.995246887207031,0.6765283346176147,5.3187185525894165,0.04288440942764282
RD,Story4,RD_Story4_s4_k71,1,0,72,72,1.3858466148376465,1.057982087135315,0.32786452770233154,0.037228941917419434
RD,Story4,RD_Story4_s4_k71,2,0,73,73,0.8284387588500977,0.4992481470108032,0.32919061183929443,0.016973257064819336
RD,Story4,RD_Story4_s4_k71,3,0,74,74,4.540687561035156,4.930379867553711,-0.3896923065185547,0.018998682498931885
RD,Story4,RD_Story4_s4_k71,4,0,75,75,2.86327862739563,3.4510436058044434,-0.5877649784088135,0.00832509994506836
RD,Story4,RD_Story4_s4_k71,5,0,76,76,0.40573933720588684,0.36024028062820435,0.045499056577682495,0.019462764263153076
RD,Story4,RD_Story4_s4_k71,6,0,77,77,0.640970766544342,0.8071668148040771,-0.1661960482597351,0.012389600276947021
RD,Story4,RD_Story4_s4_k71,7,0,78,78,1.9922895431518555,2.061654806137085,-0.06936526298522949,0.00954127311706543
RD,Story4,RD_Story4_s4_k71,8,0,79,79,6.338117599487305,6.402097702026367,-0.0639801025390625,0.007837176322937012
RD,Story4,RD_Story4_s4_k71,9,0,80,80,3.3428285121917725,3.522462844848633,-0.17963433265686035,0.00731205940246582
RD,Story4,RD_Story4_s4_k71,10,0,81,81,8.100883483886719,7.495995998382568,0.6048874855041504,0.00404280424118042
RD,Story5,RD_Story5_s2_k34,0,0,34,34,5.836390972137451,2.211390972137451,3.625,0.2911936640739441
RD,Story5,RD_Story5_s2_k34,1,1,35,35,12.430087089538574,12.098097801208496,0.3319892883300781,0.013231098651885986
RD,Story5,RD_Story5_s3_k44,0,0,44,44,5.181020259857178,1.042144536972046,4.138875722885132,0.0043225884437561035
RD,Story5,RD_Story5_s3_k44,1,0,45,45,9.019022941589355,8.852445602416992,0.16657733917236328,0.0032845735549926758
RD,Story5,RD_Story5_s3_k44,2,0,46,46,5.5458269119262695,5.27508020401001,0.27074670791625977,0.002860128879547119
RD,Story5,RD_Story5_s3_k44,3,0,47,47,15.728167533874512,15.418412208557129,0.3097553253173828,0.006176173686981201
RD,Story5,RD_Story5_s3_k44,4,0,48,48,4.180259704589844,3.7379415035247803,0.4423182010650635,0.0007555484771728516
RD,Story5,RD_Story5_s3_k44,5,0,49,49,1.8405966758728027,1.927830457687378,-0.0872337818145752,0.0008873939514160156
RD,Story5,RD_Story5_s3_k44,6,0,50,50,8.1429443359375,7.981773853302002,0.16117048263549805,0.000756680965423584
RD,Story5,RD_Story5_s3_k44,7,0,51,51,6.545051097869873,6.547596454620361,-0.0025453567504882812,0.0007386207580566406
RD,Story5,RD_Story5_s3_k44,8,0,52,52,0.4790155291557312,0.43775856494903564,0.04125696420669556,0.0010357499122619629
RD,Story5,RD_Story5_s3_k44,9,0,53,53,2.9972589015960693,2.793299913406372,0.20395898818969727,0.0011615753173828125
RD,Story5,RD_Story5_s3_k44,10,0,54,54,3.485426425933838,3.4835033416748047,0.0019230842590332031,0.0005994439125061035
RD,Story5,RD_Story5_s4_k57,0,0,57,57,11.061134338378906,2.6195907592773438,8.441543579101562,0.2905614376068115
RD,Story5,RD_Story5_s4_k57,1,0,58,58,17.0726318359375,9.027410507202148,8.045221328735352,0.3469286561012268
RD,Story5,RD_Story5_s4_k57,2,0,59,59,11.5821533203125,5.841401100158691,5.740752220153809,0.06069910526275635
RD,Story5,RD_Story5_s4_k57,3,0,60,60,10.479758262634277,9.361703872680664,1.1180543899536133,0.027750909328460693
RD,Story5,RD_Story5_s4_k57,4,0,61,61,11.169699668884277,11.273327827453613,-0.10362815856933594,0.00928962230682373
RD,Story5,RD_Story5_s4_k57,5,0,62,62,7.177114009857178,7.540240287780762,-0.363126277923584,0.022553980350494385
RD,Story5,RD_Story5_s4_k57,6,0,63,63,0.6691012382507324,0.17420847713947296,0.49489276111125946,0.006659388542175293
RD,Story5,RD_Story5_s4_k57,7,0,64,64,0.6625719666481018,0.5596296787261963,0.10294228792190552,0.004356443881988525
RD,Story5,RD_Story5_s4_k57,8,0,65,65,1.2428059577941895,0.944105863571167,0.29870009422302246,0.0024994611740112305
RD,Story5,RD_Story5_s4_k57,9,0,66,66,1.5110763311386108,1.2240021228790283,0.2870742082595825,0.004702210426330566
RD,Story5,RD_Story5_s4_k57,10,0,67,67,1.7589315176010132,1.8010401725769043,-0.04210865497589111,0.005048513412475586
RD,Story5,RD_Story5_s5_k74,0,0,74,74,8.98719310760498,3.819720983505249,5.1674721240997314,0.3394628167152405
RD,Story5,RD_Story5_s5_k74,1,0,75,75,7.540212631225586,1.1498303413391113,6.390382289886475,0.0415043830871582
RD,Story5,RD_Story5_s5_k74,2,0,76,76,1.7097384929656982,1.2020595073699951,0.5076789855957031,0.026883959770202637
RD,Story5,RD_Story5_s5_k74,3,0,77,77,0.3131430149078369,0.4989856481552124,-0.1858426332473755,0.04074251651763916
RD,Story5,RD_Story5_s5_k74,4,0,78,78,3.9895572662353516,3.298224449157715,0.6913328170776367,0.011803269386291504
RD,Story5,RD_Story5_s5_k74,5,0,79,79,9.86874771118164,9.326132774353027,0.5426149368286133,0.007828235626220703
RD,Story5,RD_Story5_s5_k74,6,0,80,80,2.666132926940918,2.9286344051361084,-0.26250147819519043,0.006714582443237305
RD,Story5,RD_Story5_s5_k74,7,0,81,81,7.823167324066162,7.344080448150635,0.47908687591552734,0.025049269199371338
RD,Story5,RD_Story5_s5_k74,8,0,82,82,1.2774170637130737,1.849439024925232,-0.5720219612121582,0.01562601327896118
RD,Story5,RD_Story5_s5_k74,9,1,83,83,6.839302062988281,6.280214786529541,0.5590872764587402,0.012609541416168213
RD,Story6,RD_Story6_s2_k25,0,0,25,25,7.711328983306885,2.7738289833068848,4.9375,0.39902031421661377
RD,Story6,RD_Story6_s2_k25,1,0,26,26,12.394457817077637,7.4160261154174805,4.978431701660156,0.014434278011322021
RD,Story6,RD_Story6_s2_k25,2,0,27,27,6.327175140380859,6.219744682312012,0.10743045806884766,0.00940161943435669
RD,Story6,RD_Story6_s2_k25,3,0,28,28,5.399767875671387,6.338863849639893,-0.9390959739685059,0.0024847984313964844
RD,Story6,RD_Story6_s2_k25,4,0,29,29,1.617112159729004,1.7895792722702026,-0.17246711254119873,0.004461467266082764
RD,Story6,RD_Story6_s2_k25,5,1,30,30,2.677407741546631,3.048966407775879,-0.37155866622924805,0.017865777015686035
RD,Story6,RD_Story6_s3_k55,0,0,55,55,9.214019775390625,2.8509373664855957,6.363082408905029,0.25019049644470215
RD,Story6,RD_Story6_s3_k55,1,0,56,56,8.761101722717285,8.58450698852539,0.17659473419189453,0.11883097887039185
RD,Story6,RD_Story6_s3_k55,2,0,57,57,8.70694637298584,9.058123588562012,-0.3511772155761719,0.10150706768035889
RD,Story6,RD_Story6_s3_k55,3,0,58,58,4.632839679718018,2.961880922317505,1.6709587574005127,0.1269228458404541
RD,Story6,RD_Story6_s3_k55,4,0,59,59,15.871498107910156,15.44424819946289,0.4272499084472656,0.0515294075012207
RD,Story6,RD_Story6_s3_k55,5,0,60,60,4.466414451599121,3.037841320037842,1.4285731315612793,0.037817955017089844
RD,Story6,RD_Story6_s3_k55,6,0,61,61,3.978997230529785,2.5722668170928955,1.4067304134368896,0.022313952445983887
RD,Story6,RD_Story6_s3_k55,7,0,62,62,0.32890555262565613,0.16428062319755554,0.16462492942810059,0.016347110271453857
RD,Story6,RD_Story6_s3_k55,8,0,63,63,5.96104621887207,4.930618762969971,1.0304274559020996,0.006300866603851318
RD,Story6,RD_Story6_s3_k55,9,0,64,64,1.865362286567688,1.6220823526382446,0.24327993392944336,0.004833996295928955
RD,Story6,RD_Story6_s3_k55,10,1,65,65,0.7177201509475708,0.6858097910881042,0.03191035985946655,0.019857048988342285
RD,Story7,RD_Story7_s3_k55,0,0,55,55,3.5015904903411865,1.867318868637085,1.6342716217041016,0.27733105421066284
RD,Story7,RD_Story7_s3_k55,1,0,56,56,14.051939964294434,5.801483631134033,8.2504563331604,0.04828613996505737
RD,Story7,RD_Story7_s3_k55,2,0,57,57,1.6898709535598755,1.6066901683807373,0.08318078517913818,0.09076195955276489
RD,Story7,RD_Story7_s3_k55,3,0,58,58,9.180025100708008,6.91382360458374,2.2662014961242676,0.013200938701629639
RD,Story7,RD_Story7_s3_k55,4,0,59,59,6.4693922996521,6.575561046600342,-0.10616874694824219,0.011023521423339844
RD,Story7,RD_Story7_s3_k55,5,0,60,60,3.7740397453308105,3.8520281314849854,-0.0779883861541748,0.0075629353523254395
RD,Story7,RD_Story7_s3_k55,6,0,61,61,6.62693977355957,6.747921466827393,-0.12098169326782227,0.008199214935302734
RD,Story7,RD_Story7_s3_k55,7,0,62,62,8.362318992614746,8.180705070495605,0.18161392211914062,0.003242790699005127
RD,Story7,RD_Story7_s3_k55,8,0,63,63,3.1003551483154297,2.9886631965637207,0.11169195175170898,0.0042819976806640625
RD,Story7,RD_Story7_s3_k55,9,0,64,64,0.6625171303749084,0.7429131865501404,-0.08039605617523193,0.002276182174682617
RD,Story7,RD_Story7_s3_k55,10,0,65,65,3.9654579162597656,3.7453744411468506,0.22008347511291504,0.004676401615142822
RD,Story7,RD_Story7_s4_k88,0,0,88,88,14.14736557006836,3.639880657196045,10.507484912872314,0.0203855037689209
RD,Story7,RD_Story7_s4_k88,1,0,89,89,2.113673686981201,1.6919115781784058,0.4217621088027954,0.004888653755187988
RD,Story7,RD_Story7_s4_k88,2,0,90,90,0.45174846053123474,0.3523123264312744,0.09943613409996033,0.011924028396606445
RD,Story7,RD_Story7_s4_k88,3,0,91,91,0.8447564840316772,0.7916581034660339,0.05309838056564331,0.004404008388519287
RD,Story7,RD_Story7_s4_k88,4,0,92,92,4.370209693908691,3.8364720344543457,0.5337376594543457,0.003781437873840332
RD,Story7,RD_Story7_s4_k88,5,0,93,93,1.001103401184082,0.863182008266449,0.13792139291763306,0.004675567150115967
RD,Story7,RD_Story7_s4_k88,6,0,94,94,9.141227722167969,7.997138023376465,1.144089698791504,0.004118919372558594
RD,Story7,RD_Story7_s4_k88,7,1,95,95,2.7553818225860596,2.7720227241516113,-0.016640901565551758,0.012444794178009033
RD,Story8,RD_Story8_s2_k15,0,0,15,15,8.469162940979004,2.469163179397583,5.999999761581421,0.1527997851371765
RD,Story8,RD_Story8_s2_k15,1,0,16,16,12.492195129394531,12.026451110839844,0.4657440185546875,0.09524112939834595
RD,Story8,RD_Story8_s2_k15,2,0,17,17,8.939742088317871,6.201308727264404,2.738433361053467,0.026851952075958252
RD,Story8,RD_Story8_s2_k15,3,0,18,18,10.258991241455078,10.100762367248535,0.15822887420654297,0.011998176574707031
RD,Story8,RD_Story8_s2_k15,4,0,19,19,9.432947158813477,9.073302268981934,0.35964488983154297,0.0073729753494262695
RD,Story8,RD_Story8_s2_k15,5,0,20,20,14.813199043273926,14.690542221069336,0.12265682220458984,0.013225734233856201
RD,Story8,RD_Story8_s2_k15,6,0,21,21,3.173447608947754,3.0597574710845947,0.11369013786315918,0.0033307671546936035
RD,Story8,RD_Story8_s2_k15,7,0,22,22,0.9186753034591675,1.0116931200027466,-0.0930178165435791,0.005947768688201904
RD,Story8,RD_Story8_s2_k15,8,0,23,23,0.3314758837223053,0.2436491996049881,0.0878266841173172,0.0017800331115722656
RD,Story8,RD_Story8_s2_k15,9,0,24,24,4.441042423248291,4.3073811531066895,0.13366127014160156,0.002842426300048828
RD,Story8,RD_Story8_s2_k15,10,1,25,25,2.7413220405578613,2.9917240142822266,-0.25040197372436523,0.004207193851470947
RD,Story8,RD_Story8_s3_k50,0,0,50,50,9.13047981262207,0.5108678936958313,8.619611918926239,0.11940813064575195
RD,Story8,RD_Story8_s3_k50,1,0,51,51,7.420829772949219,7.502782821655273,-0.08195304870605469,0.017227590084075928
RD,Story8,RD_Story8_s3_k50,2,0,52,52,1.8374027013778687,1.4087955951690674,0.42860710620880127,0.0032500028610229492
RD,Story8,RD_Story8_s3_k50,3,0,53,53,0.22644296288490295,0.21128244698047638,0.015160515904426575,0.0027499794960021973
RD,Story8,RD_Story8_s3_k50,4,0,54,54,4.866883277893066,5.094873905181885,-0.22799062728881836,0.0022550225257873535
RD,Story8,RD_Story8_s3_k50,5,0,55,55,0.2160971313714981,0.17838680744171143,0.03771032392978668,0.013828575611114502
RD,Story8,RD_Story8_s3_k50,6,0,56,56,8.562735557556152,9.365368843078613,-0.8026332855224609,0.006752490997314453
RD,Story8,RD_Story8_s3_k50,7,0,57,57,5.947476863861084,6.097047805786133,-0.14957094192504883,0.0028383731842041016
RD,Story8,RD_Story8_s3_k50,8,0,58,58,0.6775004267692566,0.5591645836830139,0.11833584308624268,0.0024566650390625
RD,Story8,RD_Story8_s3_k50,9,0,59,59,6.773175239562988,6.383853912353516,0.38932132720947266,0.0019232630729675293
RD,Story8,RD_Story8_s3_k50,10,0,60,60,6.938668727874756,6.842790126800537,0.09587860107421875,0.003550410270690918
RD,Story8,RD_Story8_s4_k73,0,0,73,73,3.527801990509033,0.42811423540115356,3.0996877551078796,0.36691033840179443
RD,Story8,RD_Story8_s4_k73,1,0,74,74,12.809431076049805,3.6752285957336426,9.134202480316162,0.052236974239349365
RD,Story8,RD_Story8_s4_k73,2,0,75,75,2.265336513519287,1.642289638519287,0.623046875,0.013367414474487305
RD,Story8,RD_Story8_s4_k73,3,0,76,76,7.6042633056640625,7.315344333648682,0.28891897201538086,0.025876283645629883
RD,Story8,RD_Story8_s4_k73,4,0,77,77,0.7080039381980896,0.20337031781673431,0.5046336203813553,0.009027481079101562
RD,Story8,RD_Story8_s4_k73,5,0,78,78,0.544166624546051,0.44165006279945374,0.10251656174659729,0.009037315845489502
RD,Story8,RD_Story8_s4_k73,6,1,79,79,4.632407188415527,5.751838684082031,-1.119431495666504,0.005917489528656006
RD,Story8,RD_Story8_s5_k89,0,0,89,89,7.648626327514648,0.6660745739936829,6.982551753520966,0.04851502180099487
RD,Story8,RD_Story8_s5_k89,1,0,90,90,7.2135539054870605,5.661276340484619,1.5522775650024414,0.01051938533782959
RD,Story8,RD_Story8_s5_k89,2,1,91,91,1.7896617650985718,1.96706223487854,-0.17740046977996826,0.02133333683013916
RD,Story8,RD_Story8_s6_k94,0,0,94,94,12.79050350189209,1.2054275274276733,11.585075974464417,0.40235501527786255
RD,Story8,RD_Story8_s6_k94,1,0,95,95,15.336102485656738,8.766033172607422,6.570069313049316,0.1528756022453308
RD,Story8,RD_Story8_s6_k94,2,0,96,96,10.763771057128906,9.349764823913574,1.414006233215332,0.0870976448059082
RD,Story8,RD_Story8_s6_k94,3,0,97,97,0.13804300129413605,0.04469536617398262,0.09334763512015343,0.03539609909057617
RD,Story8,RD_Story8_s6_k94,4,0,98,98,7.186082363128662,7.061056613922119,0.12502574920654297,0.017663300037384033
RD,Story8,RD_Story8_s6_k94,5,0,99,99,8.926042556762695,8.395267486572266,0.5307750701904297,0.009737730026245117
RD,Story8,RD_Story8_s6_k94,6,0,100,100,0.7624334692955017,0.5703311562538147,0.192102313041687,0.007772207260131836
RD,Story8,RD_Story8_s6_k94,7,0,101,101,4.356663227081299,4.677262306213379,-0.3205990791320801,0.011456727981567383
RD,Story8,RD_Story8_s6_k94,8,0,102,102,11.139225006103516,10.687895774841309,0.45132923126220703,0.006022989749908447
RD,Story8,RD_Story8_s6_k94,9,0,103,103,4.906101226806641,4.3997979164123535,0.5063033103942871,0.0041915178298950195
RD,Story8,RD_Story8_s6_k94,10,0,104,104,11.54709243774414,11.293961524963379,0.2531309127807617,0.003116130828857422
RD,Story9,RD_Story9_s3_k34,0,0,34,34,5.171623229980469,3.0466229915618896,2.125000238418579,0.30993109941482544
RD,Story9,RD_Story9_s3_k34,1,0,35,35,7.812061786651611,3.3975391387939453,4.414522647857666,0.08728033304214478
RD,Story9,RD_Story9_s3_k34,2,0,36,36,3.264624834060669,2.1221017837524414,1.1425230503082275,0.007268369197845459
RD,Story9,RD_Story9_s3_k34,3,0,37,37,5.471494197845459,5.478537559509277,-0.007043361663818359,0.004554688930511475
RD,Story9,RD_Story9_s3_k34,4,0,38,38,3.903398036956787,3.9776134490966797,-0.07421541213989258,0.0027194619178771973
RD,Story9,RD_Story9_s3_k34,5,0,39,39,1.5434496402740479,1.4269603490829468,0.11648929119110107,0.007782161235809326
RD,Story9,RD_Story9_s3_k34,6,0,40,40,0.644996166229248,0.7355654835700989,-0.09056931734085083,0.0015385150909423828
RD,Story9,RD_Story9_s3_k34,7,1,41,41,4.178157806396484,4.120858669281006,0.057299137115478516,0.0029238462448120117
RD,Story9,RD_Story9_s5_k53,0,0,53,53,18.286418914794922,8.987668991088867,9.298749923706055,0.42247384786605835
RD,Story9,RD_Story9_s5_k53,1,0,54,54,12.322193145751953,9.147067070007324,3.175126075744629,0.08760052919387817
RD,Story9,RD_Story9_s5_k53,2,0,55,55,7.174620628356934,3.8366215229034424,3.337999105453491,0.006268799304962158
RD,Story9,RD_Story9_s5_k53,3,0,56,56,0.8961514234542847,0.9472226500511169,-0.051071226596832275,0.010220527648925781
RD,Story9,RD_Story9_s5_k53,4,0,57,57,1.6158874034881592,1.332357406616211,0.28352999687194824,0.004315435886383057
RD,Story9,RD_Story9_s5_k53,5,0,58,58,4.255849838256836,4.563846588134766,-0.3079967498779297,0.005988776683807373
RD,Story9,RD_Story9_s5_k53,6,0,59,59,8.803544044494629,8.437034606933594,0.36650943756103516,0.003179311752319336
RD,Story9,RD_Story9_s5_k53,7,0,60,60,0.4486745595932007,0.3484523892402649,0.10022217035293579,0.002909421920776367
RD,Story9,RD_Story9_s5_k53,8,0,61,61,5.008490562438965,5.099758148193359,-0.09126758575439453,0.0024911165237426758
RD,Story9,RD_Story9_s5_k53,9,0,62,62,1.2957955598831177,1.1980756521224976,0.09771990776062012,0.002350330352783203
RD,Story9,RD_Story9_s5_k53,10,0,63,63,8.502378463745117,8.078163146972656,0.42421531677246094,0.0028386712074279785
RD,Story9,RD_Story9_s6_k70,0,0,70,70,9.413100242614746,10.195939064025879,-0.7828388214111328,0.3404202461242676
RD,Story9,RD_Story9_s6_k70,1,0,71,71,1.9347002506256104,0.03964801877737045,1.89505223184824,0.20288652181625366
RD,Story9,RD_Story9_s6_k70,2,0,72,72,6.166166305541992,4.929530143737793,1.2366361618041992,0.07901579141616821
RD,Story9,RD_Story9_s6_k70,3,1,73,73,2.9275293350219727,2.735100746154785,0.1924285888671875,0.0167539119720459
RD,Story9,RD_Story9_s7_k95,0,0,95,95,5.371198654174805,1.424146294593811,3.9470523595809937,0.15944409370422363
RD,Story9,RD_Story9_s7_k95,1,1,96,96,4.874810218811035,4.505955696105957,0.3688545227050781,0.016711413860321045
RD,Story10,RD_Story10_s2_k32,0,0,32,32,4.143863677978516,1.3471667766571045,2.796696901321411,0.31364667415618896
RD,Story10,RD_Story10_s2_k32,1,1,33,33,10.21942138671875,4.014561653137207,6.204859733581543,0.010791182518005371
RD,Story10,RD_Story10_s3_k64,0,0,64,64,9.845097541809082,1.9027984142303467,7.942299127578735,0.37163835763931274
RD,Story10,RD_Story10_s3_k64,1,0,65,65,5.029468059539795,7.387381553649902,-2.3579134941101074,0.1484994888305664
RD,Story10,RD_Story10_s3_k64,2,0,66,66,5.194453239440918,3.5656285285949707,1.6288247108459473,0.019775450229644775
RD,Story10,RD_Story10_s3_k64,3,0,67,67,6.010033130645752,5.945831775665283,0.06420135498046875,0.028626859188079834
RD,Story10,RD_Story10_s3_k64,4,0,68,68,3.8029561042785645,2.705367088317871,1.0975890159606934,0.09133255481719971
RD,Story10,RD_Story10_s3_k64,5,1,69,69,2.9119582176208496,3.1796534061431885,-0.26769518852233887,0.02180647850036621
RD,Story10,RD_Story10_s5_k87,0,0,87,87,13.692413330078125,2.4330921173095703,11.259321212768555,0.008422017097473145
RD,Story10,RD_Story10_s5_k87,1,0,88,88,11.923776626586914,12.014237403869629,-0.09046077728271484,0.023067891597747803
RD,Story10,RD_Story10_s5_k87,2,0,89,89,10.095389366149902,9.010363578796387,1.0850257873535156,0.012095987796783447
RD,Story10,RD_Story10_s5_k87,3,0,90,90,0.3909114599227905,0.4292210638523102,-0.03830960392951965,0.007518649101257324
RD,Story10,RD_Story10_s5_k87,4,0,91,91,6.255690574645996,4.804920196533203,1.450770378112793,0.008244216442108154
RD,Story10,RD_Story10_s5_k87,5,0,92,92,0.8384683728218079,0.800843358039856,0.037625014781951904,0.008377015590667725
RD,Story10,RD_Story10_s5_k87,6,0,93,93,0.520133376121521,0.45065370202064514,0.06947967410087585,0.005915522575378418
RD,Story10,RD_Story10_s5_k87,7,0,94,94,6.482977390289307,7.379851818084717,-0.8968744277954102,0.006561458110809326
RD,Story10,RD_Story10_s5_k87,8,0,95,95,4.72422981262207,4.709040641784668,0.015189170837402344,0.0027769804000854492
RD,Story10,RD_Story10_s5_k87,9,0,96,96,3.9045493602752686,3.7590458393096924,0.14550352096557617,0.003466486930847168
RD,Story10,RD_Story10_s5_k87,10,0,97,97,7.6103010177612305,7.5558180809021,0.05448293685913086,0.00374448299407959
RD,Story11,RD_Story11_s3_k43,0,0,43,43,8.162004470825195,0.5425053834915161,7.619499087333679,0.1485859751701355
RD,Story11,RD_Story11_s3_k43,1,0,44,44,1.8859013319015503,1.0552512407302856,0.8306500911712646,0.014386951923370361
RD,Story11,RD_Story11_s3_k43,2,1,45,45,6.771817207336426,6.44590950012207,0.32590770721435547,0.01736903190612793
RD,Story11,RD_Story11_s4_k53,0,0,53,53,13.409402847290039,11.221681594848633,2.1877212524414062,0.30565279722213745
RD,Story11,RD_Story11_s4_k53,1,0,54,54,9.743429183959961,7.889784336090088,1.853644847869873,0.083493173122406
RD,Story11,RD_Story11_s4_k53,2,0,55,55,5.341130256652832,2.626699924468994,2.714430332183838,0.020778954029083252
RD,Story11,RD_Story11_s4_k53,3,0,56,56,1.05116868019104,1.5144842863082886,-0.46331560611724854,0.012800276279449463
RD,Story11,RD_Story11_s4_k53,4,0,57,57,0.9120179414749146,1.100209355354309,-0.18819141387939453,0.009973406791687012
RD,Story11,RD_Story11_s4_k53,5,0,58,58,4.752604961395264,4.836539268493652,-0.08393430709838867,0.00904625654220581
RD,Story11,RD_Story11_s4_k53,6,0,59,59,5.481621742248535,5.787807464599609,-0.3061857223510742,0.003983557224273682
RD,Story11,RD_Story11_s4_k53,7,0,60,60,2.195162057876587,2.041983127593994,0.15317893028259277,0.0029283761978149414
RD,Story11,RD_Story11_s4_k53,8,0,61,61,0.2850746512413025,0.23848968744277954,0.04658496379852295,0.00500333309173584
RD,Story11,RD_Story11_s4_k53,9,0,62,62,2.354107618331909,2.3892831802368164,-0.03517556190490723,0.006408035755157471
RD,Story11,RD_Story11_s4_k53,10,0,63,63,1.0009939670562744,0.8699238300323486,0.13107013702392578,0.005187630653381348
RD,Story11,RD_Story11_s5_k68,0,0,68,68,12.532550811767578,12.448410987854004,0.08413982391357422,0.1538192629814148
RD,Story11,RD_Story11_s5_k68,1,0,69,69,2.400682210922241,4.210174083709717,-1.8094918727874756,0.14468252658843994
RD,Story11,RD_Story11_s5_k68,2,0,70,70,10.09386157989502,6.861752986907959,3.2321085929870605,0.14113849401474
RD,Story11,RD_Story11_s5_k68,3,0,71,71,1.4792770147323608,1.3723868131637573,0.10689020156860352,0.09771710634231567
RD,Story11,RD_Story11_s5_k68,4,0,72,72,0.5518214106559753,1.038421630859375,-0.48660022020339966,0.12629377841949463
RD,Story11,RD_Story11_s5_k68,5,0,73,73,5.317097187042236,3.005025863647461,2.3120713233947754,0.07481014728546143
RD,Story11,RD_Story11_s5_k68,6,0,74,74,7.6768341064453125,6.419234275817871,1.2575998306274414,0.02373480796813965
RD,Story11,RD_Story11_s5_k68,7,0,75,75,4.480381011962891,3.380984306335449,1.0993967056274414,0.020203590393066406
RD,Story11,RD_Story11_s5_k68,8,0,76,76,8.220005989074707,8.022363662719727,0.19764232635498047,0.028537511825561523
RD,Story11,RD_Story11_s5_k68,9,0,77,77,4.898995399475098,5.97695779800415,-1.0779623985290527,0.0110740065574646
RD,Story11,RD_Story11_s5_k68,10,0,78,78,2.4267280101776123,2.3684544563293457,0.0582735538482666,0.00818246603012085
RD,Story11,RD_Story11_s8_k111,0,0,111,111,3.173588752746582,0.5757228136062622,2.59786593914032,0.21000969409942627
RD,Story11,RD_Story11_s8_k111,1,0,112,112,5.423578262329102,2.399967908859253,3.0236103534698486,0.04208016395568848
RD,Story11,RD_Story11_s8_k111,2,0,113,113,0.03661220893263817,0.0371268205344677,-0.0005146116018295288,0.08512932062149048
RD,Story11,RD_Story11_s8_k111,3,1,114,114,4.383730888366699,3.55918025970459,0.8245506286621094,0.016411125659942627
RD,Story12,RD_Story12_s2_k21,0,0,21,21,9.60589599609375,0.5433955788612366,9.062500417232513,0.038853585720062256
RD,Story12,RD_Story12_s2_k21,1,0,22,22,7.690790176391602,7.278406620025635,0.4123835563659668,0.02540343999862671
RD,Story12,RD_Story12_s2_k21,2,0,23,23,0.9966880083084106,0.8294700384140015,0.16721796989440918,0.04130816459655762
RD,Story12,RD_Story12_s2_k21,3,0,24,24,6.75728702545166,5.691884994506836,1.0654020309448242,0.02235126495361328
RD,Story12,RD_Story12_s2_k21,4,0,25,25,3.875227451324463,2.3646469116210938,1.5105805397033691,0.04269886016845703
RD,Story12,RD_Story12_s2_k21,5,0,26,26,0.44240760803222656,0.20482230186462402,0.23758530616760254,0.021046459674835205
RD,Story12,RD_Story12_s2_k21,6,0,27,27,1.1052546501159668,1.1297063827514648,-0.024451732635498047,0.03983253240585327
RD,Story12,RD_Story12_s2_k21,7,0,28,28,10.128948211669922,9.461954116821289,0.6669940948486328,0.03476303815841675
RD,Story12,RD_Story12_s2_k21,8,0,29,29,20.42353057861328,20.124526977539062,0.29900360107421875,0.010097265243530273
RD,Story12,RD_Story12_s2_k21,9,0,30,30,1.2644137144088745,1.3623591661453247,-0.0979454517364502,0.0042685866355896
RD,Story12,RD_Story12_s2_k21,10,0,31,31,0.4570440948009491,0.4985998868942261,-0.04155579209327698,0.005129873752593994
RD,Story12,RD_Story12_s3_k47,0,0,47,47,7.293875217437744,0.6540936827659607,6.6397815346717834,0.39279651641845703
RD,Story12,RD_Story12_s3_k47,1,0,48,48,3.3691282272338867,0.6617774367332458,2.707350790500641,0.02111440896987915
RD,Story12,RD_Story12_s3_k47,2,0,49,49,0.347037672996521,0.1875796765089035,0.1594579964876175,0.014395534992218018
RD,Story12,RD_Story12_s3_k47,3,0,50,50,4.698482990264893,4.4757537841796875,0.22272920608520508,0.006706595420837402
RD,Story12,RD_Story12_s3_k47,4,0,51,51,1.5583124160766602,1.4765889644622803,0.08172345161437988,0.00931018590927124
RD,Story12,RD_Story12_s3_k47,5,0,52,52,3.0697336196899414,2.9096412658691406,0.16009235382080078,0.005881667137145996
RD,Story12,RD_Story12_s3_k47,6,0,53,53,4.269911289215088,4.595118522644043,-0.3252072334289551,0.00664132833480835
RD,Story12,RD_Story12_s3_k47,7,1,54,54,4.922646522521973,3.8831374645233154,1.0395090579986572,0.019784152507781982
RD,Story12,RD_Story12_s4_k70,0,0,70,70,6.776456832885742,0.9328405857086182,5.843616247177124,0.06893908977508545
RD,Story12,RD_Story12_s4_k70,1,0,71,71,0.07388672232627869,0.06110639125108719,0.012780331075191498,0.020879626274108887
RD,Story12,RD_Story12_s4_k70,2,0,72,72,0.05659075826406479,0.04530336335301399,0.011287394911050797,0.04017758369445801
RD,Story12,RD_Story12_s4_k70,3,1,73,73,8.165288925170898,6.426761627197266,1.7385272979736328,0.01153552532196045
RD,Story13,RD_Story13_s2_k39,0,0,39,39,5.706056118011475,0.845240592956543,4.860815525054932,0.3554944396018982
RD,Story13,RD_Story13_s2_k39,1,0,40,40,1.9701176881790161,7.129912376403809,-5.1597946882247925,0.04877656698226929
RD,Story13,RD_Story13_s2_k39,2,0,41,41,5.561925888061523,4.6367645263671875,0.9251613616943359,0.007826745510101318
RD,Story13,RD_Story13_s2_k39,3,0,42,42,0.5543743371963501,0.654090166091919,-0.09971582889556885,0.008386492729187012
RD,Story13,RD_Story13_s2_k39,4,0,43,43,4.514033317565918,4.9327192306518555,-0.4186859130859375,0.004142403602600098
RD,Story13,RD_Story13_s2_k39,5,0,44,44,0.6010898351669312,0.6256731748580933,-0.02458333969116211,0.0031408071517944336
RD,Story13,RD_Story13_s2_k39,6,0,45,45,2.399876594543457,2.0741958618164062,0.3256807327270508,0.004083991050720215
RD,Story13,RD_Story13_s2_k39,7,0,46,46,1.9537571668624878,1.944077491760254,0.009679675102233887,0.0022172927856445312
RD,Story13,RD_Story13_s2_k39,8,0,47,47,7.414876937866211,7.675699234008789,-0.2608222961425781,0.001421809196472168
RD,Story13,RD_Story13_s2_k39,9,0,48,48,0.45389384031295776,0.40976423025131226,0.04412961006164551,0.0019695162773132324
RD,Story13,RD_Story13_s2_k39,10,0,49,49,1.5084354877471924,1.5860276222229004,-0.07759213447570801,0.0012469887733459473
RD,Story13,RD_Story13_s4_k80,0,0,80,80,16.308679580688477,5.839046478271484,10.469633102416992,0.2847251296043396
RD,Story13,RD_Story13_s4_k80,1,0,81,81,0.9735743999481201,1.4381355047225952,-0.4645611047744751,0.07656997442245483
RD,Story13,RD_Story13_s4_k80,2,0,82,82,1.8278096914291382,2.126516819000244,-0.29870712757110596,0.019668400287628174
RD,Story13,RD_Story13_s4_k80,3,0,83,83,7.086974143981934,6.5187811851501465,0.5681929588317871,0.056873619556427
RD,Story13,RD_Story13_s4_k80,4,0,84,84,2.478323459625244,1.9290474653244019,0.5492759943008423,0.028663933277130127
RD,Story13,RD_Story13_s4_k80,5,0,85,85,9.585159301757812,10.319870948791504,-0.7347116470336914,0.06080150604248047
RD,Story13,RD_Story13_s4_k80,6,0,86,86,2.0646700859069824,1.4529211521148682,0.6117489337921143,0.00858837366104126
RD,Story13,RD_Story13_s4_k80,7,0,87,87,6.709148406982422,6.445069313049316,0.26407909393310547,0.009052157402038574
RD,Story13,RD_Story13_s4_k80,8,0,88,88,5.458036422729492,5.2740068435668945,0.18402957916259766,0.002591550350189209
RD,Story13,RD_Story13_s4_k80,9,0,89,89,5.382300853729248,5.299375534057617,0.08292531967163086,0.02116382122039795
RD,Story13,RD_Story13_s4_k80,10,0,90,90,4.016914367675781,4.24250602722168,-0.22559165954589844,0.007082819938659668
RD,Story13,RD_Story13_s5_k98,0,0,98,98,13.441874504089355,14.103558540344238,-0.6616840362548828,0.3652195334434509
RD,Story13,RD_Story13_s5_k98,1,0,99,99,9.80059814453125,10.079358100891113,-0.2787599563598633,0.012413620948791504
RD,Story13,RD_Story13_s5_k98,2,0,100,100,2.2189531326293945,2.1532912254333496,0.06566190719604492,0.00510019063949585
RD,Story13,RD_Story13_s5_k98,3,0,101,101,2.4884371757507324,2.6605286598205566,-0.17209148406982422,0.01131582260131836
RD,Story13,RD_Story13_s5_k98,4,1,102,102,6.493736267089844,5.857784748077393,0.6359515190124512,0.0268324613571167
RD,Story14,RD_Story14_s2_k38,0,0,38,38,7.8650898933410645,0.9837761521339417,6.881313741207123,0.3515692353248596
RD,Story14,RD_Story14_s2_k38,1,0,39,39,19.225587844848633,11.275670051574707,7.949917793273926,0.03798198699951172
RD,Story14,RD_Story14_s2_k38,2,0,40,40,7.034092903137207,7.794276237487793,-0.7601833343505859,0.011387407779693604
RD,Story14,RD_Story14_s2_k38,3,0,41,41,1.5752992630004883,1.3707836866378784,0.20451557636260986,0.008018076419830322
RD,Story14,RD_Story14_s2_k38,4,0,42,42,0.15728753805160522,0.16186001896858215,-0.004572480916976929,0.009583353996276855
RD,Story14,RD_Story14_s2_k38,5,0,43,43,4.147716522216797,4.293086528778076,-0.1453700065612793,0.002567291259765625
RD,Story14,RD_Story14_s2_k38,6,0,44,44,9.832923889160156,10.372106552124023,-0.5391826629638672,0.0048683881759643555
RD,Story14,RD_Story14_s2_k38,7,0,45,45,2.7520360946655273,2.9575023651123047,-0.20546627044677734,0.004827320575714111
RD,Story14,RD_Story14_s2_k38,8,0,46,46,6.208483695983887,6.332601070404053,-0.12411737442016602,0.004429817199707031
RD,Story14,RD_Story14_s2_k38,9,0,47,47,7.213456153869629,6.326674461364746,0.8867816925048828,0.005280137062072754
RD,Story14,RD_Story14_s2_k38,10,0,48,48,1.3602594137191772,1.5805164575576782,-0.22025704383850098,0.0076413750648498535
RD,Story14,RD_Story14_s3_k60,0,0,60,60,5.849157333374023,2.59798526763916,3.2511720657348633,0.34211111068725586
RD,Story14,RD_Story14_s3_k60,1,0,61,61,7.190649032592773,7.241741180419922,-0.05109214782714844,0.07456886768341064
RD,Story14,RD_Story14_s3_k60,2,0,62,62,2.6654319763183594,1.300811767578125,1.3646202087402344,0.004016995429992676
RD,Story14,RD_Story14_s3_k60,3,0,63,63,1.534856915473938,1.5775409936904907,-0.042684078216552734,0.006592392921447754
RD,Story14,RD_Story14_s3_k60,4,0,64,64,0.10396387428045273,0.14650164544582367,-0.04253777116537094,0.0035476088523864746
RD,Story14,RD_Story14_s3_k60,5,1,65,65,3.548990249633789,3.473066568374634,0.07592368125915527,0.012031197547912598
RD,Story14,RD_Story14_s4_k82,0,1,82,82,12.208045959472656,1.8736894130706787,10.334356546401978,0.036029696464538574
RD,Story14,RD_Story14_s6_k109,0,0,109,109,6.6488728523254395,2.7317287921905518,3.9171440601348877,0.16713565587997437
RD,Story14,RD_Story14_s6_k109,1,0,110,110,4.074289321899414,2.2686424255371094,1.8056468963623047,0.1745619773864746
RD,Story14,RD_Story14_s6_k109,2,0,111,111,4.15147590637207,1.561375617980957,2.5901002883911133,0.01604372262954712
RD,Story14,RD_Story14_s6_k109,3,0,112,112,6.137850761413574,4.959340572357178,1.1785101890563965,0.016214609146118164
RD,Story14,RD_Story14_s6_k109,4,0,113,113,3.6915249824523926,4.056828022003174,-0.36530303955078125,0.006787300109863281
RD,Story14,RD_Story14_s6_k109,5,0,114,114,3.522160530090332,3.6621475219726562,-0.13998699188232422,0.005501151084899902
RD,Story14,RD_Story14_s6_k109,6,0,115,115,0.7809749841690063,0.6617883443832397,0.1191866397857666,0.0078011155128479
RD,Story14,RD_Story14_s6_k109,7,1,116,116,0.9961991310119629,0.9088473916053772,0.0873517394065857,0.0037426352500915527
RD,Story15,RD_Story15_s2_k24,0,0,24,24,8.513715744018555,2.9512155055999756,5.562500238418579,0.41774964332580566
RD,Story15,RD_Story15_s2_k24,1,0,25,25,7.356595039367676,4.073395729064941,3.2831993103027344,0.11713337898254395
RD,Story15,RD_Story15_s2_k24,2,0,26,26,7.428503036499023,5.3046650886535645,2.123837947845459,0.009428262710571289
RD,Story15,RD_Story15_s2_k24,3,0,27,27,1.683587908744812,1.4909144639968872,0.1926734447479248,0.010040640830993652
RD,Story15,RD_Story15_s2_k24,4,0,28,28,2.064286708831787,1.8624534606933594,0.20183324813842773,0.005731761455535889
RD,Story15,RD_Story15_s2_k24,5,0,29,29,4.6017327308654785,4.012161731719971,0.5895709991455078,0.012640178203582764
RD,Story15,RD_Story15_s2_k24,6,0,30,30,0.3743325471878052,0.22657042741775513,0.14776211977005005,0.0033537745475769043
RD,Story15,RD_Story15_s2_k24,7,0,31,31,5.021374702453613,5.006291389465332,0.01508331298828125,0.002915680408477783
RD,Story15,RD_Story15_s2_k24,8,0,32,32,4.600607872009277,4.694746494293213,-0.09413862228393555,0.0014954805374145508
RD,Story15,RD_Story15_s2_k24,9,0,33,33,0.3609621822834015,0.34368428587913513,0.017277896404266357,0.001518845558166504
RD,Story15,RD_Story15_s2_k24,10,0,34,34,2.3742566108703613,2.3968803882598877,-0.022623777389526367,0.0018299221992492676
RD,Story15,RD_Story15_s3_k56,0,0,56,56,7.081334114074707,0.6437044739723206,6.4376296401023865,0.2663618326187134
RD,Story15,RD_Story15_s3_k56,1,0,57,57,1.8771021366119385,0.7244762182235718,1.1526259183883667,0.007395803928375244
RD,Story15,RD_Story15_s3_k56,2,0,58,58,5.794471263885498,5.941283702850342,-0.14681243896484375,0.10898184776306152
RD,Story15,RD_Story15_s3_k56,3,0,59,59,5.060868740081787,5.8050432205200195,-0.7441744804382324,0.009815454483032227
RD,Story15,RD_Story15_s3_k56,4,0,60,60,4.389222145080566,4.855816841125488,-0.4665946960449219,0.005497753620147705
RD,Story15,RD_Story15_s3_k56,5,0,61,61,7.107848644256592,8.473811149597168,-1.3659625053405762,0.08975410461425781
RD,Story15,RD_Story15_s3_k56,6,1,62,62,4.307636737823486,1.7450205087661743,2.562616229057312,0.007589280605316162
RD,Story16,RD_Story16_s2_k22,0,0,22,22,13.66190242767334,0.6931521892547607,12.968750238418579,0.0505063533782959
RD,Story16,RD_Story16_s2_k22,1,0,23,23,15.626426696777344,16.001117706298828,-0.3746910095214844,0.03953629732131958
RD,Story16,RD_Story16_s2_k22,2,0,24,24,1.3570077419281006,0.7338243722915649,0.6231833696365356,0.006852328777313232
RD,Story16,RD_Story16_s2_k22,3,0,25,25,0.4054536521434784,0.44821226596832275,-0.04275861382484436,0.0056566596031188965
RD,Story16,RD_Story16_s2_k22,4,0,26,26,2.342418909072876,2.125998020172119,0.21642088890075684,0.001831352710723877
RD,Story16,RD_Story16_s2_k22,5,0,27,27,0.7166476249694824,0.5509988069534302,0.16564881801605225,0.002133667469024658
RD,Story16,RD_Story16_s2_k22,6,0,28,28,4.806137561798096,4.905917644500732,-0.09978008270263672,0.0009918808937072754
RD,Story16,RD_Story16_s2_k22,7,0,29,29,0.5619102716445923,0.5206884741783142,0.041221797466278076,0.003425776958465576
RD,Story16,RD_Story16_s2_k22,8,0,30,30,3.337502956390381,3.275543689727783,0.061959266662597656,0.0016388893127441406
RD,Story16,RD_Story16_s2_k22,9,0,31,31,9.849837303161621,9.700833320617676,0.1490039825439453,0.0007737874984741211
RD,Story16,RD_Story16_s2_k22,10,0,32,32,0.7235894799232483,0.7775454521179199,-0.05395597219467163,0.001974046230316162
RD,Story16,RD_Story16_s3_k39,0,0,39,39,14.887284278869629,9.302101135253906,5.585183143615723,0.3916441798210144
RD,Story16,RD_Story16_s3_k39,1,0,40,40,5.722970962524414,10.414582252502441,-4.691611289978027,0.061695992946624756
RD,Story16,RD_Story16_s3_k39,2,0,41,41,4.831692695617676,5.976160526275635,-1.144467830657959,0.07878410816192627
RD,Story16,RD_Story16_s3_k39,3,0,42,42,5.645392417907715,1.011688232421875,4.63370418548584,0.07867497205734253
RD,Story16,RD_Story16_s3_k39,4,0,43,43,0.07088705897331238,0.0668640211224556,0.004023037850856781,0.018442630767822266
RD,Story16,RD_Story16_s3_k39,5,0,44,44,1.172022819519043,1.9587070941925049,-0.7866842746734619,0.00411146879196167
RD,Story16,RD_Story16_s3_k39,6,0,45,45,0.1658468097448349,0.1497407853603363,0.016106024384498596,0.00888139009475708
RD,Story16,RD_Story16_s3_k39,7,0,46,46,2.253101110458374,1.6759377717971802,0.5771633386611938,0.012486577033996582
RD,Story16,RD_Story16_s3_k39,8,0,47,47,0.5573402047157288,0.7251368165016174,-0.16779661178588867,0.012733101844787598
RD,Story16,RD_Story16_s3_k39,9,0,48,48,3.489482879638672,2.7776780128479004,0.7118048667907715,0.004813194274902344
RD,Story16,RD_Story16_s3_k39,10,0,49,49,1.1380043029785156,1.0925616025924683,0.04544270038604736,0.0032109618186950684
RD,Story16,RD_Story16_s4_k88,0,0,88,88,3.783463478088379,0.7216899394989014,3.0617735385894775,0.37831032276153564
RD,Story16,RD_Story16_s4_k88,1,1,89,89,17.526168823242188,1.1617374420166016,16.364431381225586,0.03940361738204956
RD,Story17,RD_Story17_s2_k34,0,0,34,34,6.719993591308594,1.9699937105178833,4.7499998807907104,0.3295726776123047
RD,Story17,RD_Story17_s2_k34,1,0,35,35,4.121880531311035,2.115994453430176,2.0058860778808594,0.0888514518737793
RD,Story17,RD_Story17_s2_k34,2,0,36,36,4.162022113800049,3.926326036453247,0.23569607734680176,0.0052947998046875
RD,Story17,RD_Story17_s2_k34,3,0,37,37,5.760930061340332,6.218085765838623,-0.457155704498291,0.00335848331451416
RD,Story17,RD_Story17_s2_k34,4,0,38,38,12.210836410522461,12.464093208312988,-0.25325679779052734,0.0016609430313110352
RD,Story17,RD_Story17_s2_k34,5,1,39,39,5.331390380859375,5.339069366455078,-0.007678985595703125,0.0010994672775268555
RD,Story17,RD_Story17_s3_k43,0,0,43,43,13.360596656799316,2.2639529705047607,11.096643686294556,0.021571338176727295
RD,Story17,RD_Story17_s3_k43,1,0,44,44,14.183506965637207,13.888949394226074,0.2945575714111328,0.02456599473953247
RD,Story17,RD_Story17_s3_k43,2,0,45,45,0.677979588508606,0.5028942823410034,0.17508530616760254,0.025944054126739502
RD,Story17,RD_Story17_s3_k43,3,0,46,46,2.356766700744629,0.937367856502533,1.419398844242096,0.026928603649139404
RD,Story17,RD_Story17_s3_k43,4,0,47,47,6.104689598083496,5.958704948425293,0.14598464965820312,0.007304668426513672
RD,Story17,RD_Story17_s3_k43,5,0,48,48,4.946361541748047,4.337462902069092,0.6088986396789551,0.014124870300292969
RD,Story17,RD_Story17_s3_k43,6,0,49,49,1.0347191095352173,0.9955506324768066,0.039168477058410645,0.006449222564697266
RD,Story17,RD_Story17_s3_k43,7,0,50,50,1.8089501857757568,1.26960027217865,0.5393499135971069,0.0022016167640686035
RD,Story17,RD_Story17_s3_k43,8,0,51,51,3.7162179946899414,3.9511361122131348,-0.23491811752319336,0.004556238651275635
RD,Story17,RD_Story17_s3_k43,9,0,52,52,0.14507891237735748,0.13641567528247833,0.00866323709487915,0.003688037395477295
RD,Story17,RD_Story17_s3_k43,10,0,53,53,0.5951417684555054,0.5547896027565002,0.04035216569900513,0.004012942314147949
RD,Story17,RD_Story17_s4_k73,0,0,73,73,4.829493999481201,0.32386812567710876,4.505625873804092,0.13871276378631592
RD,Story17,RD_Story17_s4_k73,1,0,74,74,2.7648110389709473,1.7520701885223389,1.0127408504486084,0.07008802890777588
RD,Story17,RD_Story17_s4_k73,2,0,75,75,16.03394889831543,10.74336051940918,5.29058837890625,0.0304374098777771
RD,Story17,RD_Story17_s4_k73,3,0,76,76,1.825116515159607,1.3620142936706543,0.46310222148895264,0.0066031813621521
RD,Story17,RD_Story17_s4_k73,4,0,77,77,0.36746689677238464,0.31247803568840027,0.054988861083984375,0.002554595470428467
RD,Story17,RD_Story17_s4_k73,5,0,78,78,0.6156982183456421,0.5868767499923706,0.028821468353271484,0.004672229290008545
RD,Story17,RD_Story17_s4_k73,6,0,79,79,14.198060035705566,14.155476570129395,0.042583465576171875,0.011719346046447754
RD,Story17,RD_Story17_s4_k73,7,0,80,80,2.369847059249878,2.744680643081665,-0.3748335838317871,0.0035903453826904297
RD,Story17,RD_Story17_s4_k73,8,0,81,81,7.15800666809082,7.472864151000977,-0.31485748291015625,0.006984531879425049
RD,Story17,RD_Story17_s4_k73,9,0,82,82,0.5593694448471069,0.36432844400405884,0.1950410008430481,0.002812325954437256
RD,Story17,RD_Story17_s4_k73,10,0,83,83,1.311851143836975,1.5126060247421265,-0.20075488090515137,0.0038402676582336426
RD,Story18,RD_Story18_s3_k26,0,0,26,26,0.2539922297000885,3.2539923191070557,-3.000000089406967,0.07871723175048828
RD,Story18,RD_Story18_s3_k26,1,0,27,27,7.225943565368652,0.8863586783409119,6.3395848870277405,0.020103156566619873
RD,Story18,RD_Story18_s3_k26,2,0,28,28,9.535445213317871,8.936624526977539,0.598820686340332,0.022526025772094727
RD,Story18,RD_Story18_s3_k26,3,0,29,29,14.44915771484375,13.141839981079102,1.3073177337646484,0.019937336444854736
RD,Story18,RD_Story18_s3_k26,4,0,30,30,5.12960147857666,4.537492752075195,0.5921087265014648,0.002030611038208008
RD,Story18,RD_Story18_s3_k26,5,0,31,31,1.365564227104187,1.4720298051834106,-0.10646557807922363,0.0021657943725585938
RD,Story18,RD_Story18_s3_k26,6,0,32,32,3.3919968605041504,2.870781898498535,0.5212149620056152,0.010587811470031738
RD,Story18,RD_Story18_s3_k26,7,0,33,33,1.8480546474456787,2.784210681915283,-0.9361560344696045,0.0018464326858520508
RD,Story18,RD_Story18_s3_k26,8,0,34,34,1.350337266921997,1.259028673171997,0.09130859375,0.004341006278991699
RD,Story18,RD_Story18_s3_k26,9,0,35,35,5.5472307205200195,5.151149749755859,0.39608097076416016,0.0025926828384399414
RD,Story18,RD_Story18_s3_k26,10,0,36,36,0.3251471519470215,0.2774665951728821,0.047680556774139404,0.0021004080772399902
RD,Story18,RD_Story18_s4_k44,0,0,44,44,15.120762825012207,9.898531913757324,5.222230911254883,0.3689972162246704
RD,Story18,RD_Story18_s4_k44,1,0,45,45,5.541867733001709,5.175507545471191,0.3663601875305176,0.1813448667526245
RD,Story18,RD_Story18_s4_k44,2,0,46,46,3.4675850868225098,2.339993715286255,1.1275913715362549,0.0330730676651001
RD,Story18,RD_Story18_s4_k44,3,0,47,47,1.0613919496536255,1.1804250478744507,-0.1190330982208252,0.013353168964385986
RD,Story18,RD_Story18_s4_k44,4,0,48,48,13.707260131835938,12.66446304321289,1.0427970886230469,0.008030235767364502
RD,Story18,RD_Story18_s4_k44,5,0,49,49,0.14329060912132263,0.09469369798898697,0.04859691113233566,0.004316270351409912
RD,Story18,RD_Story18_s4_k44,6,0,50,50,0.4732588529586792,0.4961898922920227,-0.022931039333343506,0.005906283855438232
RD,Story18,RD_Story18_s4_k44,7,0,51,51,0.5877355933189392,0.7571109533309937,-0.16937536001205444,0.0047220587730407715
RD,Story18,RD_Story18_s4_k44,8,0,52,52,2.4154510498046875,2.4791717529296875,-0.063720703125,0.004130661487579346
RD,Story18,RD_Story18_s4_k44,9,1,53,53,17.044322967529297,17.281347274780273,-0.23702430725097656,0.02595919370651245
RD,Story18,RD_Story18_s5_k57,0,0,57,57,6.925166130065918,1.5360428094863892,5.389123320579529,0.2394343614578247
RD,Story18,RD_Story18_s5_k57,1,0,58,58,11.865859985351562,12.302478790283203,-0.4366188049316406,0.024532079696655273
RD,Story18,RD_Story18_s5_k57,2,0,59,59,8.499175071716309,6.898015022277832,1.6011600494384766,0.023635566234588623
RD,Story18,RD_Story18_s5_k57,3,0,60,60,4.526284217834473,6.104586601257324,-1.5783023834228516,0.023583590984344482
RD,Story18,RD_Story18_s5_k57,4,0,61,61,2.0178561210632324,2.2608978748321533,-0.2430417537689209,0.009152710437774658
RD,Story18,RD_Story18_s5_k57,5,0,62,62,2.633176326751709,2.396839141845703,0.23633718490600586,0.007303833961486816
RD,Story18,RD_Story18_s5_k57,6,0,63,63,6.377434253692627,6.0648603439331055,0.3125739097595215,0.012014448642730713
RD,Story18,RD_Story18_s5_k57,7,0,64,64,4.093369960784912,4.406924247741699,-0.3135542869567871,0.005829811096191406
RD,Story18,RD_Story18_s5_k57,8,0,65,65,1.7559962272644043,1.46280038356781,0.29319584369659424,0.011738181114196777
RD,Story18,RD_Story18_s5_k57,9,0,66,66,1.514801263809204,1.5379047393798828,-0.02310347557067871,0.015822172164916992
RD,Story18,RD_Story18_s5_k57,10,1,67,67,4.4868083000183105,5.755542755126953,-1.2687344551086426,0.0057212114334106445
RD,Story18,RD_Story18_s6_k90,0,0,90,90,8.014789581298828,1.489045262336731,6.525744318962097,0.2859416604042053
RD,Story18,RD_Story18_s6_k90,1,0,91,91,5.486691474914551,4.161337852478027,1.3253536224365234,0.07714283466339111
RD,Story18,RD_Story18_s6_k90,2,0,92,92,1.2830722332000732,0.9895011186599731,0.2935711145401001,0.0753900408744812
RD,Story18,RD_Story18_s6_k90,3,0,93,93,2.859729528427124,1.1123899221420288,1.7473396062850952,0.04566383361816406
RD,Story18,RD_Story18_s6_k90,4,0,94,94,5.568212032318115,7.161023139953613,-1.592811107635498,0.027239680290222168
RD,Story18,RD_Story18_s6_k90,5,1,95,95,0.9386709332466125,0.7113890051841736,0.22728192806243896,0.014368057250976562
RD,Story19,RD_Story19_s2_k72,0,1,72,72,7.145331859588623,3.7744479179382324,3.3708839416503906,0.0022469162940979004
RD,Story19,RD_Story19_s3_k86,0,0,86,86,3.950789213180542,2.505723714828491,1.4450654983520508,0.3369157314300537
RD,Story19,RD_Story19_s3_k86,1,0,87,87,15.242461204528809,9.172822952270508,6.069638252258301,0.12493002414703369
RD,Story19,RD_Story19_s3_k86,2,0,88,88,8.217965126037598,3.7533068656921387,4.464658260345459,0.015391767024993896
RD,Story19,RD_Story19_s3_k86,3,0,89,89,11.97458553314209,11.922468185424805,0.052117347717285156,0.002875983715057373
RD,Story19,RD_Story19_s3_k86,4,0,90,90,1.228028416633606,1.0159821510314941,0.21204626560211182,0.003342747688293457
RD,Story19,RD_Story19_s3_k86,5,0,91,91,3.959091901779175,4.0877366065979,-0.12864470481872559,0.002283155918121338
RD,Story19,RD_Story19_s3_k86,6,0,92,92,3.007051467895508,2.9933924674987793,0.013659000396728516,0.0030899643898010254
RD,Story19,RD_Story19_s3_k86,7,1,93,93,8.061195373535156,7.861926078796387,0.19926929473876953,0.002734065055847168
RD,Story19,RD_Story19_s4_k98,0,0,98,98,3.6010265350341797,1.310070514678955,2.2909560203552246,0.4475303292274475
RD,Story19,RD_Story19_s4_k98,1,0,99,99,14.72001838684082,5.129054069519043,9.590964317321777,0.04366582632064819
RD,Story19,RD_Story19_s4_k98,2,0,100,100,9.242557525634766,7.218975067138672,2.0235824584960938,0.01581418514251709
RD,Story19,RD_Story19_s4_k98,3,0,101,101,3.1857428550720215,2.630007028579712,0.5557358264923096,0.009645044803619385
RD,Story19,RD_Story19_s4_k98,4,0,102,102,4.496604919433594,5.152835845947266,-0.6562309265136719,0.008063256740570068
RD,Story19,RD_Story19_s4_k98,5,0,103,103,3.440203905105591,3.312894582748413,0.12730932235717773,0.0013461112976074219
RD,Story19,RD_Story19_s4_k98,6,0,104,104,0.07194681465625763,0.07337717711925507,-0.0014303624629974365,0.0006860494613647461
RD,Story19,RD_Story19_s4_k98,7,0,105,105,0.8467126488685608,1.0213384628295898,-0.17462581396102905,0.007819890975952148
RD,Story19,RD_Story19_s4_k98,8,0,106,106,5.2885918617248535,4.954410552978516,0.3341813087463379,0.005858778953552246
RD,Story19,RD_Story19_s4_k98,9,1,107,107,5.09948205947876,6.093254566192627,-0.9937725067138672,0.012214422225952148
RD,Story20,RD_Story20_s3_k34,0,0,34,34,5.5150251388549805,1.244168758392334,4.2708563804626465,0.3150622248649597
RD,Story20,RD_Story20_s3_k34,1,0,35,35,6.964310646057129,7.124870777130127,-0.16056013107299805,0.012935340404510498
RD,Story20,RD_Story20_s3_k34,2,0,36,36,4.432586669921875,4.7272162437438965,-0.2946295738220215,0.012695014476776123
RD,Story20,RD_Story20_s3_k34,3,0,37,37,4.437297821044922,4.563508033752441,-0.12621021270751953,0.006115376949310303
RD,Story20,RD_Story20_s3_k34,4,1,38,38,5.744150161743164,6.108745574951172,-0.3645954132080078,0.014040768146514893
RD,Story20,RD_Story20_s4_k51,0,0,51,51,12.366998672485352,0.6712394952774048,11.695759177207947,0.2468213438987732
RD,Story20,RD_Story20_s4_k51,1,1,52,52,9.097521781921387,5.747635841369629,3.349885940551758,0.010032713413238525
RD,Story20,RD_Story20_s5_k59,0,0,59,59,3.7448291778564453,1.511258602142334,2.2335705757141113,0.3048165440559387
RD,Story20,RD_Story20_s5_k59,1,0,60,60,14.28017807006836,11.212458610534668,3.0677194595336914,0.012950658798217773
RD,Story20,RD_Story20_s5_k59,2,0,61,61,19.332075119018555,19.8221378326416,-0.4900627136230469,0.007013201713562012
RD,Story20,RD_Story20_s5_k59,3,0,62,62,4.242607116699219,4.490255832672119,-0.2476487159729004,0.002603292465209961
RD,Story20,RD_Story20_s5_k59,4,0,63,63,0.8737252354621887,0.8349447846412659,0.03878045082092285,0.002286255359649658
RD,Story20,RD_Story20_s5_k59,5,0,64,64,5.313570976257324,5.0986857414245605,0.21488523483276367,0.002761542797088623
RD,Story20,RD_Story20_s5_k59,6,0,65,65,8.10984992980957,7.566321849822998,0.5435280799865723,0.005650162696838379
RD,Story20,RD_Story20_s5_k59,7,0,66,66,9.157488822937012,9.112739562988281,0.04474925994873047,0.003962814807891846
RD,Story20,RD_Story20_s5_k59,8,0,67,67,4.290144920349121,4.274901866912842,0.015243053436279297,0.0065912604331970215
RD,Story20,RD_Story20_s5_k59,9,0,68,68,4.629785537719727,3.757467269897461,0.8723182678222656,0.0032058358192443848
RD,Story20,RD_Story20_s5_k59,10,0,69,69,9.066529273986816,9.284552574157715,-0.21802330017089844,0.002651691436767578
RD,Story21,RD_Story21_s2_k22,0,0,22,22,8.864090919494629,0.7390908598899841,8.125000059604645,0.270183265209198
RD,Story21,RD_Story21_s2_k22,1,0,23,23,9.97282886505127,7.164918899536133,2.8079099655151367,0.020739257335662842
RD,Story21,RD_Story21_s2_k22,2,0,24,24,2.446641683578491,1.7874994277954102,0.659142255783081,0.004652142524719238
RD,Story21,RD_Story21_s2_k22,3,0,25,25,7.609314918518066,6.83757209777832,0.7717428207397461,0.0031404495239257812
RD,Story21,RD_Story21_s2_k22,4,0,26,26,7.1295366287231445,6.78367805480957,0.3458585739135742,0.0024034976959228516
RD,Story21,RD_Story21_s2_k22,5,0,27,27,2.3425068855285645,2.199490785598755,0.14301609992980957,0.003812551498413086
RD,Story21,RD_Story21_s2_k22,6,0,28,28,6.083438873291016,5.895445823669434,0.18799304962158203,0.003590881824493408
RD,Story21,RD_Story21_s2_k22,7,0,29,29,2.9908292293548584,2.7579891681671143,0.23284006118774414,0.0014390349388122559
RD,Story21,RD_Story21_s2_k22,8,0,30,30,1.1847853660583496,1.0669004917144775,0.11788487434387207,0.001835167407989502
RD,Story21,RD_Story21_s2_k22,9,0,31,31,3.335155487060547,3.4061484336853027,-0.07099294662475586,0.0016183257102966309
RD,Story21,RD_Story21_s2_k22,10,0,32,32,6.035613059997559,5.957954406738281,0.07765865325927734,0.003969311714172363
RD,Story21,RD_Story21_s3_k42,0,0,42,42,8.237491607666016,0.47656238079071045,7.760929226875305,0.3684992790222168
RD,Story21,RD_Story21_s3_k42,1,0,43,43,0.8447951674461365,3.7189531326293945,-2.874157965183258,0.22227036952972412
RD,Story21,RD_Story21_s3_k42,2,0,44,44,2.389294385910034,2.433009624481201,-0.04371523857116699,0.06740158796310425
RD,Story21,RD_Story21_s3_k42,3,0,45,45,5.839446067810059,4.8003315925598145,1.0391144752502441,0.04151725769042969
RD,Story21,RD_Story21_s3_k42,4,0,46,46,1.9587304592132568,3.8554561138153076,-1.8967256546020508,0.020477771759033203
RD,Story21,RD_Story21_s3_k42,5,0,47,47,1.5126891136169434,1.1381772756576538,0.37451183795928955,0.014601945877075195
RD,Story21,RD_Story21_s3_k42,6,0,48,48,1.6155061721801758,1.3635352849960327,0.25197088718414307,0.04553407430648804
RD,Story21,RD_Story21_s3_k42,7,0,49,49,5.5210723876953125,4.461517333984375,1.0595550537109375,0.01333993673324585
RD,Story21,RD_Story21_s3_k42,8,0,50,50,1.0389052629470825,0.6005353927612305,0.43836987018585205,0.013389408588409424
RD,Story21,RD_Story21_s3_k42,9,0,51,51,3.317730188369751,3.0185227394104004,0.2992074489593506,0.03273135423660278
RD,Story21,RD_Story21_s3_k42,10,0,52,52,4.170932292938232,3.752312183380127,0.41862010955810547,0.0073247551918029785
RD,Story21,RD_Story21_s4_k62,0,0,62,62,7.731542587280273,0.8576104640960693,6.873932123184204,0.08869767189025879
RD,Story21,RD_Story21_s4_k62,1,0,63,63,7.466245651245117,7.268636703491211,0.19760894775390625,0.026040375232696533
RD,Story21,RD_Story21_s4_k62,2,0,64,64,7.176179885864258,6.363422393798828,0.8127574920654297,0.014669656753540039
RD,Story21,RD_Story21_s4_k62,3,0,65,65,3.2501730918884277,2.691789150238037,0.5583839416503906,0.011380672454833984
RD,Story21,RD_Story21_s4_k62,4,0,66,66,3.95699405670166,2.6927855014801025,1.2642085552215576,0.00947648286819458
RD,Story21,RD_Story21_s4_k62,5,0,67,67,0.22496846318244934,0.14890563488006592,0.07606282830238342,0.011411488056182861
RD,Story21,RD_Story21_s4_k62,6,0,68,68,4.1656174659729,3.9713635444641113,0.19425392150878906,0.010049700736999512
RD,Story21,RD_Story21_s4_k62,7,0,69,69,0.4015631079673767,0.32713082432746887,0.07443228363990784,0.02589559555053711
RD,Story21,RD_Story21_s4_k62,8,0,70,70,4.1977338790893555,4.58536434173584,-0.3876304626464844,0.006117105484008789
RD,Story21,RD_Story21_s4_k62,9,0,71,71,7.350872993469238,7.2780070304870605,0.07286596298217773,0.009634912014007568
RD,Story21,RD_Story21_s4_k62,10,0,72,72,2.504958391189575,1.244781255722046,1.2601771354675293,0.005573928356170654
