DistType,Story,SentenceIndex,PositionUnitID,Position,DistWordIndex,OriginalWordIndex,DistWord,OriginalWord,DistSurprisal,OriginalSurprisal,DeltaSurprisal,RepresentationDistance
CD,Story1,1,CD_Story1_s1,K-3,15,15,by,by,0.46509411931037903,0.46509411931037903,0.0,5.960464477539063e-08
CD,Story1,1,CD_Story1_s1,K-2,16,16,the,the,2.04238224029541,2.04238224029541,0.0,5.960464477539063e-08
CD,Story1,1,CD_Story1_s1,K-1,17,17,rushing,rushing,16.35021209716797,16.35021209716797,0.0,5.960464477539063e-08
CD,Story1,1,CD_Story1_s1,K,18,18,"mountain,","current,",18.42430305480957,6.9496965408325195,11.47460651397705,0.04398244619369507
CD,Story1,1,CD_Story1_s1,K+1,19,19,nearly,nearly,21.79825210571289,21.636531829833984,0.16172027587890625,0.005877554416656494
CD,Story1,1,CD_Story1_s1,K+2,20,20,drowning.,drowning.,3.104384660720825,2.7259185314178467,0.3784661293029785,0.007535874843597412
CD,Story1,1,CD_Story1_s1,K_END,20,20,drowning.,drowning.,3.104384660720825,2.7259185314178467,0.3784661293029785,0.007535874843597412
CD,Story1,2,CD_Story1_s2,K-3,23,23,perched,perched,4.6491618156433105,4.465567588806152,0.1835942268371582,0.0022141337394714355
CD,Story1,2,CD_Story1_s2,K-2,24,24,on,on,0.5385183095932007,0.5032099485397339,0.0353083610534668,0.002782285213470459
CD,Story1,2,CD_Story1_s2,K-1,25,25,a,a,4.628676414489746,4.821561813354492,-0.1928853988647461,0.006981074810028076
CD,Story1,2,CD_Story1_s2,K,26,26,spoon,tree,22.346586227416992,8.847896575927734,13.498689651489258,0.08696931600570679
CD,Story1,2,CD_Story1_s2,K+1,27,27,hanging,hanging,4.280716896057129,10.37745475769043,-6.096737861633301,0.041768014430999756
CD,Story1,2,CD_Story1_s2,K+2,28,28,over,over,1.5799472332000732,0.4381587505340576,1.1417884826660156,0.01838761568069458
CD,Story1,2,CD_Story1_s2,K+3,29,29,the,the,1.954110860824585,2.2810065746307373,-0.32689571380615234,0.020190834999084473
CD,Story1,2,CD_Story1_s2,K_END,34,34,struggle.,struggle.,4.930441856384277,5.076349258422852,-0.14590740203857422,0.0029414892196655273
CD,Story1,4,CD_Story1_s4,K-3,50,50,climbed,climbed,2.8104004859924316,3.035712242126465,-0.2253117561340332,0.0010622739791870117
CD,Story1,4,CD_Story1_s4,K-2,51,51,onto,onto,0.9743216037750244,0.6975120306015015,0.27680957317352295,0.0012616515159606934
CD,Story1,4,CD_Story1_s4,K-1,52,52,the,the,0.0848626047372818,0.07737834006547928,0.007484264671802521,0.0064699649810791016
CD,Story1,4,CD_Story1_s4,K,53,53,drop,leaf,20.294788360595703,0.047089431434869766,20.247698929160833,0.07261121273040771
CD,Story1,4,CD_Story1_s4,K+1,54,54,and,and,1.211775302886963,0.8011637926101685,0.41061151027679443,0.00904613733291626
CD,Story1,4,CD_Story1_s4,K+2,55,55,floated,floated,8.459409713745117,7.331836700439453,1.127573013305664,0.0042931437492370605
CD,Story1,4,CD_Story1_s4,K+3,56,56,safely,safely,5.183093070983887,4.136104583740234,1.0469884872436523,0.0029013752937316895
CD,Story1,4,CD_Story1_s4,K_END,59,59,shore.,shore.,4.681576251983643,4.572170257568359,0.1094059944152832,0.001515209674835205
RD,Story1,2,RD_Story1_s2,K-3,29,29,the,the,2.2810065746307373,2.2810065746307373,0.0,-1.1920928955078125e-07
RD,Story1,2,RD_Story1_s2,K-2,30,30,"water,","water,",5.285863399505615,5.285863399505615,0.0,0.0
RD,Story1,2,RD_Story1_s2,K-1,31,31,noticed,noticed,2.1207547187805176,2.1207547187805176,0.0,0.0
RD,Story1,2,RD_Story1_s2,K,32,32,an,the,5.042844772338867,1.792844533920288,3.250000238418579,0.1671360731124878
RD,Story1,2,RD_Story1_s2,K+1,33,33,ant's,ant's,3.9242606163024902,3.688216209411621,0.23604440689086914,0.05832570791244507
RD,Story1,2,RD_Story1_s2,K+2,34,34,struggle.,struggle.,6.465392589569092,5.076349258422852,1.3890433311462402,0.004193127155303955
RD,Story1,2,RD_Story1_s2,K_END,34,34,struggle.,struggle.,6.465392589569092,5.076349258422852,1.3890433311462402,0.004193127155303955
RD,Story1,3,RD_Story1_s3,K-1,35,35,Plucking,Plucking,14.855947494506836,15.697227478027344,-0.8412799835205078,0.0014556050300598145
RD,Story1,3,RD_Story1_s3,K,36,36,another,a,5.900154113769531,3.0318422317504883,2.868311882019043,0.1940973997116089
RD,Story1,3,RD_Story1_s3,K+1,37,37,"leaf,","leaf,",7.011177062988281,4.410533905029297,2.6006431579589844,0.004280686378479004
RD,Story1,3,RD_Story1_s3,K+2,38,38,the,the,10.431779861450195,10.775500297546387,-0.3437204360961914,0.0033539533615112305
RD,Story1,3,RD_Story1_s3,K+3,39,39,dove,dove,14.345842361450195,13.344637870788574,1.001204490661621,0.0041463375091552734
RD,Story1,3,RD_Story1_s3,K_END,47,47,ant.,ant.,2.03659725189209,1.7955607175827026,0.2410365343093872,0.002420365810394287
RD,Story1,5,RD_Story1_s5,K-3,70,70,lime-twigs,lime-twigs,23.962722778320312,24.16595458984375,-0.2032318115234375,0.0003921985626220703
RD,Story1,5,RD_Story1_s5,K-2,71,71,to,to,12.711441040039062,12.676414489746094,0.03502655029296875,0.0003972053527832031
RD,Story1,5,RD_Story1_s5,K-1,72,72,trap,trap,2.8392317295074463,2.9315996170043945,-0.09236788749694824,0.0008112788200378418
RD,Story1,5,RD_Story1_s5,K,73,73,a,the,8.623224258422852,2.7049899101257324,5.918234348297119,0.1800709366798401
RD,Story1,5,RD_Story1_s5,K+1,74,74,dove.,dove.,23.980499267578125,13.016228675842285,10.96427059173584,0.002604365348815918
RD,Story1,5,RD_Story1_s5,K_END,74,74,dove.,dove.,23.980499267578125,13.016228675842285,10.96427059173584,0.002604365348815918
RD,Story1,6,RD_Story1_s6,K-3,77,77,the,the,8.060531616210938,7.452978134155273,0.6075534820556641,0.009160935878753662
RD,Story1,6,RD_Story1_s6,K-2,78,78,ant,ant,0.24025645852088928,0.07544055581092834,0.16481590270996094,0.0023712515830993652
RD,Story1,6,RD_Story1_s6,K-1,79,79,stung,stung,10.822426795959473,10.919023513793945,-0.09659671783447266,0.0014148950576782227
RD,Story1,6,RD_Story1_s6,K,80,80,a,the,7.131068229675293,0.48322269320487976,6.647845536470413,0.15165692567825317
RD,Story1,6,RD_Story1_s6,K+1,81,81,birdcatcher’s,birdcatcher’s,16.341121673583984,5.506893157958984,10.834228515625,0.007449090480804443
RD,Story1,6,RD_Story1_s6,K+2,82,82,foot.,foot.,4.5291972160339355,4.423779010772705,0.10541820526123047,0.005428612232208252
RD,Story1,6,RD_Story1_s6,K_END,82,82,foot.,foot.,4.5291972160339355,4.423779010772705,0.10541820526123047,0.005428612232208252
RD,Story1,7,RD_Story1_s7,K-3,84,84,and,and,4.008350372314453,4.217881679534912,-0.20953130722045898,0.0015499591827392578
RD,Story1,7,RD_Story1_s7,K-2,85,85,in,in,2.7504234313964844,2.481956720352173,0.2684667110443115,0.0008445978164672852
RD,Story1,7,RD_Story1_s7,K-1,86,86,"pain,","pain,",2.271022319793701,1.8910542726516724,0.3799680471420288,0.005263090133666992
RD,Story1,7,RD_Story1_s7,K,87,87,it,he,13.572100639343262,0.7390554547309875,12.833045184612274,0.04665940999984741
RD,Story1,7,RD_Story1_s7,K+1,88,88,dropped,dropped,2.398723602294922,4.942361831665039,-2.543638229370117,0.010506808757781982
RD,Story1,7,RD_Story1_s7,K+2,89,89,the,the,1.614877462387085,0.8540867567062378,0.7607907056808472,0.003041505813598633
RD,Story1,7,RD_Story1_s7,K+3,90,90,"twigs,","twigs,",9.45528507232666,8.377494812011719,1.0777902603149414,0.003502070903778076
RD,Story1,7,RD_Story1_s7,K_END,103,103,safety.,safety.,13.022611618041992,12.783297538757324,0.23931407928466797,0.0015457868576049805
CD,Story10,3,CD_Story10_s3,K-3,50,50,to,to,2.5387635231018066,2.5387635231018066,0.0,0.0
CD,Story10,3,CD_Story10_s3,K-2,51,51,take,take,11.511346817016602,11.511346817016602,0.0,1.1920928955078125e-07
CD,Story10,3,CD_Story10_s3,K-1,52,52,my,my,2.6542258262634277,2.6542258262634277,0.0,5.960464477539063e-08
CD,Story10,3,CD_Story10_s3,K,53,53,"word,","honey,",14.446290969848633,5.185605525970459,9.260685443878174,0.0313493013381958
CD,Story10,3,CD_Story10_s3,K+1,54,54,and,and,11.293380737304688,11.817033767700195,-0.5236530303955078,0.003322899341583252
CD,Story10,3,CD_Story10_s3,K+2,55,55,protect,protect,3.434649705886841,3.1448562145233154,0.2897934913635254,0.003617227077484131
CD,Story10,3,CD_Story10_s3,K+3,56,56,my,my,0.41243627667427063,0.34674036502838135,0.06569591164588928,0.007276415824890137
CD,Story10,3,CD_Story10_s3,K-3,62,62,displeased,displeased,3.880765438079834,4.01820707321167,-0.13744163513183594,0.0022159218788146973
CD,Story10,3,CD_Story10_s3,K-2,63,63,by,by,2.3934097290039062,2.4110867977142334,-0.01767706871032715,0.001497507095336914
CD,Story10,3,CD_Story10_s3,K-1,64,64,the,the,1.527216911315918,1.292732834815979,0.23448407649993896,0.0011567473411560059
CD,Story10,3,CD_Story10_s3,K,65,65,compliment,request,17.303955078125,9.248614311218262,8.055340766906738,0.06334680318832397
CD,Story10,3,CD_Story10_s3,K+1,66,66,but,but,3.8021740913391113,3.184570074081421,0.6176040172576904,0.008283138275146484
CD,Story10,3,CD_Story10_s3,K+2,67,67,honored,honored,7.4124298095703125,7.472511291503906,-0.06008148193359375,0.008869767189025879
CD,Story10,3,CD_Story10_s3,K+3,68,68,his,his,1.8633681535720825,0.7908910512924194,1.072477102279663,0.01230931282043457
CD,Story10,3,CD_Story10_s3,K_END,69,69,promise.,promise.,4.926536560058594,3.7297887802124023,1.1967477798461914,0.002915024757385254
CD,Story10,5,CD_Story10_s5,K-3,91,91,remain,remain,4.6796345710754395,4.687123775482178,-0.007489204406738281,0.0023282766342163086
CD,Story10,5,CD_Story10_s5,K-2,92,92,in,in,1.374316930770874,1.267396330833435,0.10692059993743896,0.0016611218452453613
CD,Story10,5,CD_Story10_s5,K-1,93,93,the,the,1.093609094619751,1.095548152923584,-0.0019390583038330078,0.00278550386428833
CD,Story10,5,CD_Story10_s5,K,94,94,city,wound,16.70162010192871,13.851354598999023,2.8502655029296875,0.045972347259521484
CD,Story10,5,CD_Story10_s5,K+1,95,95,you,you,4.279002666473389,4.848960876464844,-0.5699582099914551,0.06817549467086792
CD,Story10,5,CD_Story10_s5,K+2,96,96,"inflict,","inflict,",9.829732894897461,3.148127794265747,6.681605100631714,0.020316362380981445
CD,Story10,5,CD_Story10_s5,K+3,97,97,and,and,7.7563605308532715,7.781338214874268,-0.024977684020996094,0.01729196310043335
CD,Story10,5,CD_Story10_s5,K_END,103,103,it.”,it.”,2.406383514404297,1.5288195610046387,0.8775639533996582,0.0017044544219970703
RD,Story10,2,RD_Story10_s2,K-2,23,23,Pleased,Pleased,19.941787719726562,19.941787719726562,0.0,5.960464477539063e-08
RD,Story10,2,RD_Story10_s2,K-1,24,24,with,with,0.6779612302780151,0.6779612302780151,0.0,0.0
RD,Story10,2,RD_Story10_s2,K,25,25,any,the,11.021488189697266,1.0214881896972656,10.0,0.09580099582672119
RD,Story10,2,RD_Story10_s2,K+1,26,26,"gift,","gift,",3.2978322505950928,4.90010929107666,-1.6022770404815674,0.019013643264770508
RD,Story10,2,RD_Story10_s2,K+2,27,27,Jupiter,Jupiter,10.8582181930542,9.899028778076172,0.9591894149780273,0.013178408145904541
RD,Story10,2,RD_Story10_s2,K+3,28,28,promised,promised,3.1373469829559326,1.6626065969467163,1.4747403860092163,0.004139721393585205
RD,Story10,2,RD_Story10_s2,K-3,29,29,to,to,1.1470880508422852,1.0174733400344849,0.1296147108078003,0.006412327289581299
RD,Story10,2,RD_Story10_s2,K-2,30,30,grant,grant,2.613046169281006,2.528219223022461,0.08482694625854492,0.002516508102416992
RD,Story10,2,RD_Story10_s2,K-1,31,31,her,her,2.0865657329559326,1.88142728805542,0.2051384449005127,0.0032896995544433594
RD,Story10,2,RD_Story10_s2,K,32,32,the,any,5.348362445831299,2.566286563873291,2.782075881958008,0.10874462127685547
RD,Story10,2,RD_Story10_s2,K+1,33,33,wish.,wish.,11.473493576049805,3.860422134399414,7.613071441650391,0.00878596305847168
RD,Story10,2,RD_Story10_s2,K_END,33,33,wish.,wish.,11.473493576049805,3.860422134399414,7.613071441650391,0.00878596305847168
RD,Story10,3,RD_Story10_s3,K-3,61,61,was,was,1.7376337051391602,1.7603280544281006,-0.02269434928894043,0.0027027130126953125
RD,Story10,3,RD_Story10_s3,K-2,62,62,displeased,displeased,4.107614517211914,4.01820707321167,0.08940744400024414,0.002692103385925293
RD,Story10,3,RD_Story10_s3,K-1,63,63,by,by,2.76298189163208,2.4110867977142334,0.3518950939178467,0.00323331356048584
RD,Story10,3,RD_Story10_s3,K,64,64,another,the,9.653759956359863,1.292732834815979,8.361027121543884,0.07260525226593018
RD,Story10,3,RD_Story10_s3,K+1,65,65,request,request,2.3216946125030518,9.248614311218262,-6.92691969871521,0.029184341430664062
RD,Story10,3,RD_Story10_s3,K+2,66,66,but,but,3.891414165496826,3.184570074081421,0.7068440914154053,0.009227514266967773
RD,Story10,3,RD_Story10_s3,K+3,67,67,honored,honored,7.188427448272705,7.472511291503906,-0.28408384323120117,0.005429446697235107
RD,Story10,3,RD_Story10_s3,K_END,69,69,promise.,promise.,3.875492572784424,3.7297887802124023,0.14570379257202148,0.0055876970291137695
RD,Story10,5,RD_Story10_s5,K-3,84,84,If,If,10.666991233825684,11.20678424835205,-0.5397930145263672,0.001219332218170166
RD,Story10,5,RD_Story10_s5,K-2,85,85,you,you,1.2182344198226929,1.1230766773223877,0.09515774250030518,0.0022641420364379883
RD,Story10,5,RD_Story10_s5,K-1,86,86,use,use,1.841889500617981,1.370701551437378,0.471187949180603,0.0018677711486816406
RD,Story10,5,RD_Story10_s5,K,87,87,"him,","it,",11.724574089050293,3.3505678176879883,8.374006271362305,0.016013920307159424
RD,Story10,5,RD_Story10_s5,K+1,88,88,the,the,11.849373817443848,12.474981307983398,-0.6256074905395508,0.01179271936416626
RD,Story10,5,RD_Story10_s5,K+2,89,89,sting,sting,7.7541913986206055,9.377376556396484,-1.623185157775879,0.006916165351867676
RD,Story10,5,RD_Story10_s5,K+3,90,90,will,will,0.1975131779909134,0.2063712179660797,-0.00885803997516632,0.007902562618255615
RD,Story10,5,RD_Story10_s5,K_END,103,103,it.”,it.”,1.6620323657989502,1.5288195610046387,0.13321280479431152,0.003230452537536621
CD,Story11,2,CD_Story11_s2,K-3,19,19,be,be,1.06963050365448,1.06963050365448,0.0,0.0
CD,Story11,2,CD_Story11_s2,K-2,20,20,plenty,plenty,2.927373170852661,2.927373170852661,0.0,5.960464477539063e-08
CD,Story11,2,CD_Story11_s2,K-1,21,21,of,of,0.5607505440711975,0.5607505440711975,0.0,0.0
CD,Story11,2,CD_Story11_s2,K,22,22,dreams,food,13.343046188354492,0.3846311569213867,12.958415031433105,0.059019625186920166
CD,Story11,2,CD_Story11_s2,K+1,23,23,left,left,3.77817964553833,4.719465732574463,-0.9412860870361328,0.009006977081298828
CD,Story11,2,CD_Story11_s2,K+2,24,24,over.,over.,2.6928648948669434,2.6675209999084473,0.025343894958496094,0.004638314247131348
CD,Story11,2,CD_Story11_s2,K_END,24,24,over.,over.,2.6928648948669434,2.6675209999084473,0.025343894958496094,0.004638314247131348
CD,Story11,4,CD_Story11_s4,K-3,61,61,out,out,0.5287896394729614,0.43767884373664856,0.09111079573631287,0.0005541443824768066
CD,Story11,4,CD_Story11_s4,K-2,62,62,of,of,2.029071807861328,1.7367974519729614,0.2922743558883667,0.0011237859725952148
CD,Story11,4,CD_Story11_s4,K-1,63,63,the,the,1.3843811750411987,1.1984251737594604,0.18595600128173828,0.0007929205894470215
CD,Story11,4,CD_Story11_s4,K,64,64,"wall,","window,",18.211244583129883,11.962924003601074,6.248320579528809,0.006036639213562012
CD,Story11,4,CD_Story11_s4,K+1,65,65,with,with,3.6882846355438232,4.150475025177002,-0.4621903896331787,0.0039027929306030273
CD,Story11,4,CD_Story11_s4,K+2,66,66,no,no,3.868515729904175,4.137116432189941,-0.2686007022857666,0.008596956729888916
CD,Story11,4,CD_Story11_s4,K+3,67,67,hesitation.,hesitation.,7.946760654449463,7.475601673126221,0.4711589813232422,0.002417922019958496
CD,Story11,4,CD_Story11_s4,K_END,67,67,hesitation.,hesitation.,7.946760654449463,7.475601673126221,0.4711589813232422,0.002417922019958496
CD,Story11,7,CD_Story11_s7,K-3,97,97,drank,drank,11.782669067382812,11.777392387390137,0.005276679992675781,0.0026478171348571777
CD,Story11,7,CD_Story11_s7,K-2,98,98,so,so,3.965721368789673,3.940927743911743,0.024793624877929688,0.0033044815063476562
CD,Story11,7,CD_Story11_s7,K-1,99,99,much,much,4.733205318450928,4.290042877197266,0.4431624412536621,0.0040673017501831055
CD,Story11,7,CD_Story11_s7,K,100,100,light,wine,9.906037330627441,2.0639376640319824,7.842099666595459,0.08452028036117554
CD,Story11,7,CD_Story11_s7,K+1,101,101,that,that,1.4753130674362183,3.857426166534424,-2.3821130990982056,0.007582962512969971
CD,Story11,7,CD_Story11_s7,K+2,102,102,I,I,0.6447660326957703,0.5349015593528748,0.10986447334289551,0.006057143211364746
CD,Story11,7,CD_Story11_s7,K+3,103,103,don’t,don’t,13.652165412902832,13.118282318115234,0.5338830947875977,0.0048024654388427734
CD,Story11,7,CD_Story11_s7,K_END,105,105,anything.,anything.,4.8270978927612305,4.77232551574707,0.054772377014160156,0.002023756504058838
RD,Story11,3,RD_Story11_s3,K,25,25,A,The,17.743732452392578,12.993732452392578,4.75,0.17787402868270874
RD,Story11,3,RD_Story11_s3,K+1,26,26,stray,stray,5.258752346038818,3.1347620487213135,2.123990297317505,0.00902336835861206
RD,Story11,3,RD_Story11_s3,K+2,27,27,dog,dog,3.2245934009552,2.368422031402588,0.8561713695526123,0.008353173732757568
RD,Story11,3,RD_Story11_s3,K+3,28,28,"arrived,","arrived,",5.842569351196289,6.060908317565918,-0.2183389663696289,0.006987154483795166
RD,Story11,3,RD_Story11_s3,K-3,40,40,enough,enough,4.664375305175781,4.461791515350342,0.20258378982543945,0.0008533596992492676
RD,Story11,3,RD_Story11_s3,K-2,41,41,to,to,1.6526439189910889,1.6491706371307373,0.0034732818603515625,0.0005365610122680664
RD,Story11,3,RD_Story11_s3,K-1,42,42,last,last,10.15284252166748,10.609439849853516,-0.45659732818603516,0.00031888484954833984
RD,Story11,3,RD_Story11_s3,K,43,43,it,him,9.466787338256836,1.1307413578033447,8.336045980453491,0.07174527645111084
RD,Story11,3,RD_Story11_s3,K+1,44,44,for,for,5.3516974449157715,2.7294650077819824,2.622232437133789,0.005137443542480469
RD,Story11,3,RD_Story11_s3,K+2,45,45,days.,days.,6.677258491516113,6.073546409606934,0.6037120819091797,0.0034950971603393555
RD,Story11,3,RD_Story11_s3,K_END,45,45,days.,days.,6.677258491516113,6.073546409606934,0.6037120819091797,0.0034950971603393555
RD,Story11,4,RD_Story11_s4,K-3,50,50,around,around,2.2383062839508057,2.269196033477783,-0.03088974952697754,0.0013045072555541992
RD,Story11,4,RD_Story11_s4,K-2,51,51,the,the,1.0451792478561401,0.8946819305419922,0.15049731731414795,0.0009779930114746094
RD,Story11,4,RD_Story11_s4,K-1,52,52,"dishes,","dishes,",18.02892303466797,18.604644775390625,-0.5757217407226562,0.0016227960586547852
RD,Story11,4,RD_Story11_s4,K,53,53,a,the,21.343299865722656,14.929887771606445,6.413412094116211,0.161024808883667
RD,Story11,4,RD_Story11_s4,K+1,54,54,cook,cook,14.451530456542969,9.80595874786377,4.645571708679199,0.009526550769805908
RD,Story11,4,RD_Story11_s4,K+2,55,55,noticed,noticed,2.75496244430542,2.826856851577759,-0.07189440727233887,0.002644181251525879
RD,Story11,4,RD_Story11_s4,K+3,56,56,him,him,1.492708683013916,2.0255160331726074,-0.5328073501586914,0.008836746215820312
RD,Story11,4,RD_Story11_s4,K_END,67,67,hesitation.,hesitation.,6.946242332458496,7.475601673126221,-0.5293593406677246,0.0054833292961120605
RD,Story11,5,RD_Story11_s5,K,68,68,Another,The,11.598785400390625,9.554047584533691,2.0447378158569336,0.05585753917694092
RD,Story11,5,RD_Story11_s5,K+1,69,69,dog,dog,1.140575885772705,5.247098445892334,-4.106522560119629,0.03715604543685913
RD,Story11,5,RD_Story11_s5,K+2,70,70,landed,landed,8.39065170288086,3.074037790298462,5.3166139125823975,0.003621339797973633
RD,Story11,5,RD_Story11_s5,K+3,71,71,on,on,1.0774797201156616,1.0543893575668335,0.023090362548828125,0.005611121654510498
RD,Story11,5,RD_Story11_s5,K_END,79,79,pain.,pain.,3.2923858165740967,3.787750005722046,-0.4953641891479492,0.010323584079742432
RD,Story11,8,RD_Story11_s8,K-3,108,108,even,even,2.021836996078491,1.8567975759506226,0.16503942012786865,0.0006830692291259766
RD,Story11,8,RD_Story11_s8,K-2,109,109,know,know,0.4229484796524048,0.5949885845184326,-0.17204010486602783,0.0007851719856262207
RD,Story11,8,RD_Story11_s8,K-1,110,110,how,how,2.2901649475097656,2.3967065811157227,-0.10654163360595703,0.0023920536041259766
RD,Story11,8,RD_Story11_s8,K,111,111,they,I,4.369611740112305,0.8430464267730713,3.5265653133392334,0.06287878751754761
RD,Story11,8,RD_Story11_s8,K+1,112,112,ended,ended,5.216812610626221,3.7830135822296143,1.4337990283966064,0.04410213232040405
RD,Story11,8,RD_Story11_s8,K+2,113,113,up,up,0.16644400358200073,0.041099321097135544,0.1253446824848652,0.019627630710601807
RD,Story11,8,RD_Story11_s8,K+3,114,114,"outside.""","outside.""",4.446482181549072,3.0793309211730957,1.3671512603759766,0.006080448627471924
RD,Story11,8,RD_Story11_s8,K_END,114,114,"outside.""","outside.""",4.446482181549072,3.0793309211730957,1.3671512603759766,0.006080448627471924
CD,Story12,2,CD_Story12_s2,K-3,30,30,neck,neck,1.8573004007339478,1.8573004007339478,0.0,5.960464477539063e-08
CD,Story12,2,CD_Story12_s2,K-2,31,31,of,of,0.1401069462299347,0.1401069462299347,0.0,-1.1920928955078125e-07
CD,Story12,2,CD_Story12_s2,K-1,32,32,the,the,0.2865859866142273,0.2865859866142273,0.0,1.1920928955078125e-07
CD,Story12,2,CD_Story12_s2,K,33,33,curtain,jar,19.591272354125977,0.039682965725660324,19.551589388400316,0.07828456163406372
CD,Story12,2,CD_Story12_s2,K+1,34,34,trapped,trapped,7.225693702697754,5.193915367126465,2.031778335571289,0.0013899803161621094
CD,Story12,2,CD_Story12_s2,K+2,35,35,him.,him.,4.936794281005859,5.011531352996826,-0.0747370719909668,0.008734643459320068
CD,Story12,2,CD_Story12_s2,K_END,35,35,him.,him.,4.936794281005859,5.011531352996826,-0.0747370719909668,0.008734643459320068
CD,Story12,3,CD_Story12_s3,K-3,45,45,to,to,0.8188871145248413,0.7409300804138184,0.07795703411102295,0.002062857151031494
CD,Story12,3,CD_Story12_s3,K-2,46,46,free,free,2.084437608718872,2.404350757598877,-0.3199131488800049,0.0005374550819396973
CD,Story12,3,CD_Story12_s3,K-1,47,47,his,his,0.722176194190979,0.6017836332321167,0.1203925609588623,0.0012996792793273926
CD,Story12,3,CD_Story12_s3,K,48,48,"paw,","hand,",12.47651481628418,1.075054407119751,11.401460409164429,0.00345611572265625
CD,Story12,3,CD_Story12_s3,K+1,49,49,he,he,0.5252147912979126,0.5318439602851868,-0.00662916898727417,0.012463808059692383
CD,Story12,3,CD_Story12_s3,K+2,50,50,started,started,4.355042457580566,4.636677265167236,-0.2816348075866699,0.007836103439331055
CD,Story12,3,CD_Story12_s3,K+3,51,51,to,to,0.9575788378715515,1.0928672552108765,-0.13528841733932495,0.006597399711608887
CD,Story12,3,CD_Story12_s3,K_END,54,54,frustration.,frustration.,3.5364320278167725,2.8108127117156982,0.7256193161010742,0.009725034236907959
RD,Story12,2,RD_Story12_s2,K-3,18,18,"could,","could,",2.857123613357544,2.857123613357544,0.0,0.0
RD,Story12,2,RD_Story12_s2,K-2,19,19,but,but,11.147087097167969,11.147087097167969,0.0,-1.1920928955078125e-07
RD,Story12,2,RD_Story12_s2,K-1,20,20,when,when,2.999009847640991,2.999009847640991,0.0,5.960464477539063e-08
RD,Story12,2,RD_Story12_s2,K,21,21,she,he,11.408503532409668,0.5335035920143127,10.874999940395355,0.10034525394439697
RD,Story12,2,RD_Story12_s2,K+1,22,22,tried,tried,11.312990188598633,9.027307510375977,2.2856826782226562,0.004189670085906982
RD,Story12,2,RD_Story12_s2,K+2,23,23,to,to,0.8153963685035706,0.7300389409065247,0.0853574275970459,0.0024231672286987305
RD,Story12,2,RD_Story12_s2,K+3,24,24,pull,pull,6.93679141998291,6.545401096343994,0.391390323638916,0.0034796595573425293
RD,Story12,2,RD_Story12_s2,K_END,35,35,him.,him.,5.350330352783203,5.011531352996826,0.33879899978637695,0.005953848361968994
RD,Story12,3,RD_Story12_s3,K-3,44,44,unable,unable,5.784121513366699,5.675163269042969,0.10895824432373047,0.0005959868431091309
RD,Story12,3,RD_Story12_s3,K-2,45,45,to,to,0.8422452807426453,0.7409300804138184,0.1013152003288269,0.0013779401779174805
RD,Story12,3,RD_Story12_s3,K-1,46,46,free,free,2.494063138961792,2.404350757598877,0.08971238136291504,0.001023709774017334
RD,Story12,3,RD_Story12_s3,K,47,47,a,his,9.625020980834961,0.6017836332321167,9.023237347602844,0.22080618143081665
RD,Story12,3,RD_Story12_s3,K+1,48,48,"hand,","hand,",6.694531440734863,1.075054407119751,5.619477033615112,0.005315184593200684
RD,Story12,3,RD_Story12_s3,K+2,49,49,he,he,0.569973349571228,0.5318439602851868,0.03812938928604126,0.007160604000091553
RD,Story12,3,RD_Story12_s3,K+3,50,50,started,started,5.136244773864746,4.636677265167236,0.49956750869750977,0.004089057445526123
RD,Story12,3,RD_Story12_s3,K_END,54,54,frustration.,frustration.,3.4713692665100098,2.8108127117156982,0.6605565547943115,0.008965253829956055
RD,Story12,4,RD_Story12_s4,K-3,67,67,able,able,0.06371591240167618,0.07784118503332138,-0.014125272631645203,0.001323103904724121
RD,Story12,4,RD_Story12_s4,K-2,68,68,to,to,0.4368440806865692,0.34940510988235474,0.08743897080421448,0.005082845687866211
RD,Story12,4,RD_Story12_s4,K-1,69,69,pull,pull,5.991719722747803,4.733926773071289,1.2577929496765137,0.0029842257499694824
RD,Story12,4,RD_Story12_s4,K,70,70,my,your,9.287118911743164,0.5915684700012207,8.695550441741943,0.07463181018829346
RD,Story12,4,RD_Story12_s4,K+1,71,71,hand,hand,1.2157955169677734,0.03225574642419815,1.1835397705435753,0.011963367462158203
RD,Story12,4,RD_Story12_s4,K+2,72,72,out,out,0.10606905817985535,0.03518706187605858,0.07088199630379677,0.00782787799835205
RD,Story12,4,RD_Story12_s4,K+3,73,73,"easily.""","easily.""",5.743489742279053,4.584565162658691,1.1589245796203613,0.004776716232299805
RD,Story12,4,RD_Story12_s4,K_END,73,73,"easily.""","easily.""",5.743489742279053,4.584565162658691,1.1589245796203613,0.004776716232299805
CD,Story13,2,CD_Story13_s2,K-3,23,23,bring,bring,1.4672553539276123,1.4672553539276123,0.0,-1.1920928955078125e-07
CD,Story13,2,CD_Story13_s2,K-2,24,24,in,in,1.5262401103973389,1.5262401103973389,0.0,-1.1920928955078125e-07
CD,Story13,2,CD_Story13_s2,K-1,25,25,a,a,8.239155769348145,8.239155769348145,0.0,-1.1920928955078125e-07
CD,Story13,2,CD_Story13_s2,K,26,26,liter,bundle,17.09246063232422,8.904960632324219,8.1875,0.1352514624595642
CD,Story13,2,CD_Story13_s2,K+1,27,27,of,of,0.6633120775222778,0.36872994899749756,0.2945821285247803,0.08393138647079468
CD,Story13,2,CD_Story13_s2,K+2,28,28,sticks,sticks,13.322463989257812,4.151531219482422,9.17093276977539,0.013212859630584717
CD,Story13,2,CD_Story13_s2,K+3,29,29,and,and,1.8209445476531982,1.4441970586776733,0.3767474889755249,0.017754077911376953
CD,Story13,2,CD_Story13_s2,K-3,47,47,couldn’t,couldn’t,4.837200164794922,4.552618503570557,0.28458166122436523,0.00315093994140625
CD,Story13,2,CD_Story13_s2,K-2,48,48,break,break,0.3687096834182739,0.3042384386062622,0.06447124481201172,0.004137396812438965
CD,Story13,2,CD_Story13_s2,K-1,49,49,the,the,1.7994199991226196,1.8541533946990967,-0.05473339557647705,0.03034299612045288
CD,Story13,2,CD_Story13_s2,K,50,50,"truth,","bundle,",15.884172439575195,4.170646667480469,11.713525772094727,0.017786681652069092
CD,Story13,2,CD_Story13_s2,K+1,51,51,no,no,12.311418533325195,13.552046775817871,-1.2406282424926758,0.00721895694732666
CD,Story13,2,CD_Story13_s2,K+2,52,52,matter,matter,5.873141765594482,6.808020114898682,-0.9348783493041992,0.004288971424102783
CD,Story13,2,CD_Story13_s2,K+3,53,53,how,how,0.08984918892383575,0.05778200179338455,0.0320671871304512,0.005204975605010986
CD,Story13,2,CD_Story13_s2,K_END,56,56,tried.,tried.,7.276849269866943,7.186334609985352,0.0905146598815918,0.005143463611602783
CD,Story13,4,CD_Story13_s4,K-3,70,70,"said,","said,",7.297760963439941,5.488471984863281,1.8092889785766602,0.004804015159606934
CD,Story13,4,CD_Story13_s4,K-2,71,71,"""Untie","""Untie",23.927654266357422,23.445323944091797,0.482330322265625,0.01070868968963623
CD,Story13,4,CD_Story13_s4,K-1,72,72,the,the,6.040227890014648,5.285256862640381,0.7549710273742676,0.03794974088668823
CD,Story13,4,CD_Story13_s4,K,73,73,wind,bundle,11.148794174194336,0.03650590032339096,11.112288273870945,0.14392000436782837
CD,Story13,4,CD_Story13_s4,K+1,74,74,and,and,4.127412796020508,0.7246435880661011,3.4027692079544067,0.03115689754486084
CD,Story13,4,CD_Story13_s4,K+2,75,75,take,take,5.410117149353027,5.921079635620117,-0.5109624862670898,0.021785616874694824
CD,Story13,4,CD_Story13_s4,K+3,76,76,a,a,4.578690528869629,3.3277575969696045,1.2509329319000244,0.04137760400772095
CD,Story13,4,CD_Story13_s4,K_END,95,95,easily.,easily.,1.8492714166641235,1.7154854536056519,0.13378596305847168,0.00391775369644165
RD,Story13,2,RD_Story13_s2,K-2,18,18,He,He,9.95676040649414,9.95676040649414,0.0,-1.1920928955078125e-07
RD,Story13,2,RD_Story13_s2,K-1,19,19,asked,asked,1.6279059648513794,1.6279059648513794,0.0,5.960464477539063e-08
RD,Story13,2,RD_Story13_s2,K,20,20,their,his,5.9551615715026855,2.5801615715026855,3.375,0.09359508752822876
RD,Story13,2,RD_Story13_s2,K+1,21,21,servants,servants,12.927083015441895,17.49685287475586,-4.569769859313965,0.004590630531311035
RD,Story13,2,RD_Story13_s2,K+2,22,22,to,to,12.443321228027344,12.72579288482666,-0.2824716567993164,0.00558704137802124
RD,Story13,2,RD_Story13_s2,K+3,23,23,bring,bring,2.139782190322876,1.4672553539276123,0.6725268363952637,0.0014867782592773438
RD,Story13,2,RD_Story13_s2,K-3,36,36,"saying,","saying,",19.955978393554688,20.416574478149414,-0.46059608459472656,0.00030040740966796875
RD,Story13,2,RD_Story13_s2,K-2,37,37,"""Break","""Break",20.560100555419922,20.07833480834961,0.4817657470703125,0.0004564523696899414
RD,Story13,2,RD_Story13_s2,K-1,38,38,"it.""","it.""",2.2813401222229004,2.3725807666778564,-0.09124064445495605,0.0006589889526367188
RD,Story13,2,RD_Story13_s2,K,39,39,A,The,6.225950241088867,0.7571659684181213,5.468784272670746,0.19077152013778687
RD,Story13,2,RD_Story13_s2,K+1,40,40,son,son,0.8214211463928223,9.103333473205566,-8.281912326812744,0.10060423612594604
RD,Story13,2,RD_Story13_s2,K+2,41,41,struggled,struggled,9.172374725341797,2.5233497619628906,6.649024963378906,0.005777537822723389
RD,Story13,2,RD_Story13_s2,K+3,42,42,with,with,1.7913734912872314,2.3364667892456055,-0.545093297958374,0.0047130584716796875
RD,Story13,2,RD_Story13_s2,K_END,56,56,tried.,tried.,8.155940055847168,7.186334609985352,0.9696054458618164,0.0033339858055114746
RD,Story13,4,RD_Story13_s4,K-3,77,77,stick,stick,4.886302947998047,5.501864910125732,-0.6155619621276855,0.0005951523780822754
RD,Story13,4,RD_Story13_s4,K-2,78,78,"each.""","each.""",5.0600152015686035,5.583863735198975,-0.5238485336303711,0.0015274286270141602
RD,Story13,4,RD_Story13_s4,K-1,79,79,Once,Once,5.035122871398926,4.994145393371582,0.04097747802734375,0.0009971857070922852
RD,Story13,4,RD_Story13_s4,K,80,80,she,they,15.807366371154785,6.058570861816406,9.748795509338379,0.19401711225509644
RD,Story13,4,RD_Story13_s4,K+1,81,81,had,had,6.4423933029174805,1.801331877708435,4.641061425209045,0.009439051151275635
RD,Story13,4,RD_Story13_s4,K+2,82,82,done,done,2.7287869453430176,2.2458252906799316,0.48296165466308594,0.0028504133224487305
RD,Story13,4,RD_Story13_s4,K+3,83,83,"so,","so,",5.10589599609375,4.988752365112305,0.11714363098144531,0.00864177942276001
RD,Story13,4,RD_Story13_s4,K_END,95,95,easily.,easily.,1.6388309001922607,1.7154854536056519,-0.07665455341339111,0.0012007951736450195
RD,Story13,5,RD_Story13_s5,K-2,96,96,"""You","""You",12.762954711914062,12.694363594055176,0.06859111785888672,0.0009548068046569824
RD,Story13,5,RD_Story13_s5,K-1,97,97,see,see,2.5527937412261963,2.444432258605957,0.10836148262023926,0.0006105303764343262
RD,Story13,5,RD_Story13_s5,K,98,98,their,my,14.341211318969727,11.53231143951416,2.8088998794555664,0.1732410192489624
RD,Story13,5,RD_Story13_s5,K+1,99,99,"point,""","point,""",8.716313362121582,7.094121932983398,1.6221914291381836,0.005061507225036621
RD,Story13,5,RD_Story13_s5,K+2,100,100,the,the,1.6414070129394531,1.6620962619781494,-0.02068924903869629,0.0024729371070861816
RD,Story13,5,RD_Story13_s5,K+3,101,101,father,father,2.379756450653076,2.752901792526245,-0.37314534187316895,0.0036931633949279785
RD,Story13,5,RD_Story13_s5,K_END,102,102,said.,said.,4.7219038009643555,4.460129261016846,0.26177453994750977,0.017184555530548096
CD,Story14,2,CD_Story14_s2,K-3,33,33,hung,hung,5.358865737915039,5.358865737915039,0.0,0.0
CD,Story14,2,CD_Story14_s2,K-2,34,34,from,from,3.488281488418579,3.488281488418579,0.0,-1.1920928955078125e-07
CD,Story14,2,CD_Story14_s2,K-1,35,35,the,the,1.1694698333740234,1.1694698333740234,0.0,5.960464477539063e-08
CD,Story14,2,CD_Story14_s2,K,36,36,teeth,bars,16.052820205688477,6.557444095611572,9.495376110076904,0.05391716957092285
CD,Story14,2,CD_Story14_s2,K+1,37,37,of,of,0.07499174773693085,1.0135300159454346,-0.9385382682085037,0.04829758405685425
CD,Story14,2,CD_Story14_s2,K+2,38,38,the,the,1.0600184202194214,1.737189531326294,-0.6771711111068726,0.0541461706161499
CD,Story14,2,CD_Story14_s2,K+3,39,39,"cage,","cage,",7.800236701965332,8.263091087341309,-0.46285438537597656,0.005620300769805908
CD,Story14,2,CD_Story14_s2,K-3,51,51,only,only,1.0354044437408447,0.8654076457023621,0.16999679803848267,0.00020742416381835938
CD,Story14,2,CD_Story14_s2,K-2,52,52,sang,sang,0.4720804691314697,0.44165873527526855,0.030421733856201172,0.00013840198516845703
CD,Story14,2,CD_Story14_s2,K-1,53,53,at,at,0.20620226860046387,0.21252986788749695,-0.006327599287033081,0.0001462697982788086
CD,Story14,2,CD_Story14_s2,K,54,54,"work,","night,",16.739593505859375,3.2272658348083496,13.512327671051025,0.006355106830596924
CD,Story14,2,CD_Story14_s2,K+1,55,55,with,with,4.364093780517578,4.378662109375,-0.014568328857421875,0.003494083881378174
CD,Story14,2,CD_Story14_s2,K+2,56,56,genuine,genuine,12.867204666137695,12.950712203979492,-0.08350753784179688,0.0020211338996887207
CD,Story14,2,CD_Story14_s2,K+3,57,57,curiosity.,curiosity.,2.8523917198181152,2.770021915435791,0.08236980438232422,0.0015481114387512207
CD,Story14,2,CD_Story14_s2,K_END,57,57,curiosity.,curiosity.,2.8523917198181152,2.770021915435791,0.08236980438232422,0.0015481114387512207
CD,Story14,4,CD_Story14_s4,K-3,76,76,"me,","me,",3.345369338989258,3.5052504539489746,-0.1598811149597168,0.0007248520851135254
CD,Story14,4,CD_Story14_s4,K-2,77,77,set,set,10.999672889709473,10.542798042297363,0.4568748474121094,0.0005658864974975586
CD,Story14,4,CD_Story14_s4,K-1,78,78,his,his,1.3012504577636719,1.228938102722168,0.0723123550415039,0.0008307695388793945
CD,Story14,4,CD_Story14_s4,K,79,79,"eggs,","nets,",17.001079559326172,4.612244129180908,12.388835430145264,0.019712209701538086
CD,Story14,4,CD_Story14_s4,K+1,80,80,and,and,7.575557708740234,8.574920654296875,-0.9993629455566406,0.01945340633392334
CD,Story14,4,CD_Story14_s4,K+2,81,81,caught,caught,1.688377857208252,0.8336738348007202,0.8547040224075317,0.010770201683044434
CD,Story14,4,CD_Story14_s4,K+3,82,82,me.,me.,2.6199700832366943,2.8160274028778076,-0.19605731964111328,0.009095430374145508
CD,Story14,4,CD_Story14_s4,K_END,82,82,me.,me.,2.6199700832366943,2.8160274028778076,-0.19605731964111328,0.009095430374145508
RD,Story14,2,RD_Story14_s2,K-2,27,27,One,One,11.848699569702148,11.848699569702148,0.0,5.960464477539063e-08
RD,Story14,2,RD_Story14_s2,K-1,28,28,"night,","night,",8.323283195495605,8.323283195495605,0.0,-1.1920928955078125e-07
RD,Story14,2,RD_Story14_s2,K,29,29,the,a,12.503240585327148,17.00324058532715,-4.5,0.1271231770515442
RD,Story14,2,RD_Story14_s2,K+1,30,30,bat,bat,8.967815399169922,15.879425048828125,-6.911609649658203,0.056496381759643555
RD,Story14,2,RD_Story14_s2,K+2,31,31,came,came,4.4470086097717285,1.9697318077087402,2.4772768020629883,0.006130516529083252
RD,Story14,2,RD_Story14_s2,K+3,32,32,and,and,1.9312471151351929,2.1106348037719727,-0.17938768863677979,0.008737385272979736
RD,Story14,2,RD_Story14_s2,K-3,35,35,the,the,1.0004562139511108,1.1694698333740234,-0.1690136194229126,0.00352400541305542
RD,Story14,2,RD_Story14_s2,K-2,36,36,bars,bars,6.441675186157227,6.557444095611572,-0.1157689094543457,0.001697838306427002
RD,Story14,2,RD_Story14_s2,K-1,37,37,of,of,0.9956371784210205,1.0135300159454346,-0.017892837524414062,0.0010506510734558105
RD,Story14,2,RD_Story14_s2,K,38,38,a,the,8.76073932647705,1.737189531326294,7.023549795150757,0.1414034366607666
RD,Story14,2,RD_Story14_s2,K+1,39,39,"cage,","cage,",21.526325225830078,8.263091087341309,13.26323413848877,0.00876462459564209
RD,Story14,2,RD_Story14_s2,K+2,40,40,asking,asking,2.6154870986938477,5.393848419189453,-2.7783613204956055,0.0019226670265197754
RD,Story14,2,RD_Story14_s2,K+3,41,41,the,the,1.6417460441589355,1.7928982973098755,-0.15115225315093994,0.0025911331176757812
RD,Story14,2,RD_Story14_s2,K_END,57,57,curiosity.,curiosity.,3.0845396518707275,2.770021915435791,0.3145177364349365,0.0005886554718017578
RD,Story14,3,RD_Story14_s3,K-2,58,58,"""I","""I",13.759780883789062,13.80282211303711,-0.043041229248046875,0.00030624866485595703
RD,Story14,3,RD_Story14_s3,K-1,59,59,have,have,2.7605230808258057,2.7862296104431152,-0.02570652961730957,0.00029468536376953125
RD,Story14,3,RD_Story14_s3,K,60,60,another,a,5.633204936981201,2.917447566986084,2.715757369995117,0.12382286787033081
RD,Story14,3,RD_Story14_s3,K+1,61,61,good,good,7.341330528259277,7.424679279327393,-0.08334875106811523,0.020949602127075195
RD,Story14,3,RD_Story14_s3,K+2,62,62,"reason,""","reason,""",2.1908392906188965,0.9341139197349548,1.2567253708839417,0.0025141239166259766
RD,Story14,3,RD_Story14_s3,K+3,63,63,the,the,1.5163960456848145,1.5830354690551758,-0.06663942337036133,0.00205308198928833
RD,Story14,3,RD_Story14_s3,K_END,65,65,replied.,replied.,3.855440616607666,4.052862167358398,-0.19742155075073242,0.007218539714813232
RD,Story14,4,RD_Story14_s4,K-3,79,79,"nets,","nets,",4.782181262969971,4.612244129180908,0.1699371337890625,0.00036025047302246094
RD,Story14,4,RD_Story14_s4,K-2,80,80,and,and,8.434950828552246,8.574920654296875,-0.1399698257446289,0.0005705952644348145
RD,Story14,4,RD_Story14_s4,K-1,81,81,caught,caught,0.7795795798301697,0.8336738348007202,-0.05409425497055054,0.0004976391792297363
RD,Story14,4,RD_Story14_s4,K,82,82,you.,me.,12.710232734680176,2.8160274028778076,9.894205331802368,0.029460608959197998
RD,Story14,4,RD_Story14_s4,K_END,82,82,you.,me.,12.710232734680176,2.8160274028778076,9.894205331802368,0.029460608959197998
RD,Story14,6,RD_Story14_s6,K-3,106,106,been,been,3.1830976009368896,3.3504064083099365,-0.16730880737304688,0.0018285512924194336
RD,Story14,6,RD_Story14_s6,K-2,107,107,careful,careful,4.814788341522217,4.791629314422607,0.023159027099609375,0.0009067654609680176
RD,Story14,6,RD_Story14_s6,K-1,108,108,before,before,3.414686679840088,3.344761371612549,0.06992530822753906,0.001075446605682373
RD,Story14,6,RD_Story14_s6,K,109,109,they,you,6.622859001159668,3.230748176574707,3.392110824584961,0.07224458456039429
RD,Story14,6,RD_Story14_s6,K+1,110,110,were,were,3.6288082599639893,1.3214555978775024,2.307352662086487,0.053398966789245605
RD,Story14,6,RD_Story14_s6,K+2,111,111,"caught,","caught,",3.064728260040283,1.1112821102142334,1.9534461498260498,0.005815386772155762
RD,Story14,6,RD_Story14_s6,K+3,112,112,you,you,8.74305248260498,8.18804931640625,0.5550031661987305,0.004430890083312988
RD,Story14,6,RD_Story14_s6,K_END,116,116,"free.""","free.""",1.8912086486816406,1.5292065143585205,0.3620021343231201,0.0009971261024475098
CD,Story15,1,CD_Story15_s1,K-3,11,11,by,by,1.8640217781066895,1.8640217781066895,0.0,5.960464477539063e-08
CD,Story15,1,CD_Story15_s1,K-2,12,12,its,its,0.39062267541885376,0.39062267541885376,0.0,-1.1920928955078125e-07
CD,Story15,1,CD_Story15_s1,K-1,13,13,massive,massive,5.377206802368164,5.377206802368164,0.0,-1.1920928955078125e-07
CD,Story15,1,CD_Story15_s1,K,14,14,success,size,18.473474502563477,8.28597354888916,10.187500953674316,0.1163281798362732
CD,Story15,1,CD_Story15_s1,K+1,15,15,that,that,5.980710983276367,6.008973598480225,-0.028262615203857422,0.0037111639976501465
CD,Story15,1,CD_Story15_s1,K+2,16,16,they,they,0.31756797432899475,0.25104400515556335,0.0665239691734314,0.005822122097015381
CD,Story15,1,CD_Story15_s1,K+3,17,17,ran,ran,4.998965740203857,4.564864158630371,0.43410158157348633,0.0015261173248291016
CD,Story15,1,CD_Story15_s1,K_END,18,18,away.,away.,2.9540274143218994,3.0852015018463135,-0.13117408752441406,0.0025794506072998047
CD,Story15,2,CD_Story15_s2,K-3,26,26,calm,calm,5.905485153198242,5.618781089782715,0.28670406341552734,0.0023137331008911133
CD,Story15,2,CD_Story15_s2,K-2,27,27,and,and,2.7137863636016846,2.4406492710113525,0.27313709259033203,0.0039923787117004395
CD,Story15,2,CD_Story15_s2,K-1,28,28,gentle,gentle,3.3963065147399902,2.561600923538208,0.8347055912017822,0.0020449161529541016
CD,Story15,2,CD_Story15_s2,K,29,29,"shadow,","nature,",14.158238410949707,4.096877574920654,10.061360836029053,0.004086136817932129
CD,Story15,2,CD_Story15_s2,K+1,30,30,they,they,0.13701437413692474,0.08993352204561234,0.04708085209131241,0.004829764366149902
CD,Story15,2,CD_Story15_s2,K+2,31,31,gained,gained,8.949413299560547,8.301213264465332,0.6482000350952148,0.0030257701873779297
CD,Story15,2,CD_Story15_s2,K+3,32,32,enough,enough,3.8799850940704346,4.106639862060547,-0.2266547679901123,0.0016146302223205566
CD,Story15,2,CD_Story15_s2,K_END,36,36,it.,it.,3.090360403060913,2.949023723602295,0.14133667945861816,0.001423656940460205
RD,Story15,2,RD_Story15_s2,K-3,21,21,a,a,2.027369499206543,2.027369499206543,0.0,5.960464477539063e-08
RD,Story15,2,RD_Story15_s2,K-2,22,22,"while,","while,",2.2396202087402344,2.2396202087402344,0.0,0.0
RD,Story15,2,RD_Story15_s2,K-1,23,23,noticing,noticing,8.761628150939941,8.761628150939941,0.0,0.0
RD,Story15,2,RD_Story15_s2,K,24,24,an,the,6.447961330413818,2.3229613304138184,4.125,0.14623761177062988
RD,Story15,2,RD_Story15_s2,K+1,25,25,animal’s,animal’s,8.844642639160156,2.225254774093628,6.619387865066528,0.0216367244720459
RD,Story15,2,RD_Story15_s2,K+2,26,26,calm,calm,7.920596599578857,5.618781089782715,2.3018155097961426,0.0014340877532958984
RD,Story15,2,RD_Story15_s2,K+3,27,27,and,and,2.8991644382476807,2.4406492710113525,0.4585151672363281,0.0018333792686462402
RD,Story15,2,RD_Story15_s2,K_END,36,36,it.,it.,3.0264291763305664,2.949023723602295,0.07740545272827148,0.0007725954055786133
RD,Story15,3,RD_Story15_s3,K-3,38,38,"long,","long,",1.188626766204834,1.2538814544677734,-0.06525468826293945,0.000764012336730957
RD,Story15,3,RD_Story15_s3,K-2,39,39,realizing,realizing,10.092686653137207,10.060404777526855,0.03228187561035156,0.003702104091644287
RD,Story15,3,RD_Story15_s3,K-1,40,40,that,that,1.0648235082626343,0.941294252872467,0.12352925539016724,0.0022320151329040527
RD,Story15,3,RD_Story15_s3,K,41,41,some,the,10.457542419433594,1.9672199487686157,8.490322470664978,0.07698565721511841
RD,Story15,3,RD_Story15_s3,K+1,42,42,camel,camel,2.3399364948272705,1.3159067630767822,1.0240297317504883,0.09558093547821045
RD,Story15,3,RD_Story15_s3,K+2,43,43,lacked,lacked,22.704465866088867,10.630304336547852,12.074161529541016,0.0400579571723938
RD,Story15,3,RD_Story15_s3,K+3,44,44,any,any,5.339303493499756,2.197298526763916,3.14200496673584,0.02266991138458252
RD,Story15,3,RD_Story15_s3,K-3,53,53,a,a,5.7019524574279785,6.068102836608887,-0.3661503791809082,0.006230473518371582
RD,Story15,3,RD_Story15_s3,K-2,54,54,bridle,bridle,12.147730827331543,12.112422943115234,0.035307884216308594,0.0012974739074707031
RD,Story15,3,RD_Story15_s3,K-1,55,55,on,on,0.9121357202529907,0.8873369693756104,0.02479875087738037,0.018973171710968018
RD,Story15,3,RD_Story15_s3,K,56,56,her,it,7.975600242614746,0.24244479835033417,7.733155444264412,0.037622928619384766
RD,Story15,3,RD_Story15_s3,K+1,57,57,and,and,1.8427505493164062,1.5459232330322266,0.2968273162841797,0.0022439956665039062
RD,Story15,3,RD_Story15_s3,K+2,58,58,let,let,5.236257076263428,5.44025993347168,-0.20400285720825195,0.019982099533081055
RD,Story15,3,RD_Story15_s3,K+3,59,59,a,a,7.034780502319336,10.07443904876709,-3.039658546447754,0.005750596523284912
RD,Story15,3,RD_Story15_s3,K_END,62,62,it.,it.,3.9539880752563477,1.8630362749099731,2.0909518003463745,0.0013374686241149902
CD,Story16,2,CD_Story16_s2,K-3,31,31,small,small,9.03859806060791,9.03859806060791,0.0,-1.1920928955078125e-07
CD,Story16,2,CD_Story16_s2,K-2,32,32,amount,amount,0.6283913254737854,0.6283913254737854,0.0,-1.1920928955078125e-07
CD,Story16,2,CD_Story16_s2,K-1,33,33,of,of,0.04389249533414841,0.04389249533414841,0.0,0.0
CD,Story16,2,CD_Story16_s2,K,34,34,"emotions,","water,",20.915525436401367,3.476083278656006,17.43944215774536,0.03960716724395752
CD,Story16,2,CD_Story16_s2,K+1,35,35,which,which,1.2149142026901245,1.1394752264022827,0.0754389762878418,0.015204191207885742
CD,Story16,2,CD_Story16_s2,K+2,36,36,he,he,2.380453109741211,2.360588550567627,0.019864559173583984,0.01350414752960205
CD,Story16,2,CD_Story16_s2,K+3,37,37,couldn’t,couldn’t,4.0488128662109375,2.9109554290771484,1.137857437133789,0.023168623447418213
CD,Story16,2,CD_Story16_s2,K_END,38,38,reach.,reach.,7.435797691345215,4.958717346191406,2.4770803451538086,0.014797031879425049
CD,Story16,4,CD_Story16_s4,K-3,76,76,pitcher,pitcher,1.3200037479400635,1.1002767086029053,0.2197270393371582,0.001446545124053955
CD,Story16,4,CD_Story16_s4,K-2,77,77,with,with,5.736512184143066,5.733241558074951,0.0032706260681152344,0.004614830017089844
CD,Story16,4,CD_Story16_s4,K-1,78,78,his,his,3.189444065093994,3.730286121368408,-0.5408420562744141,0.005013585090637207
CD,Story16,4,CD_Story16_s4,K,79,79,"lips,","beak,",13.127189636230469,3.784907817840576,9.342281818389893,0.007827460765838623
CD,Story16,4,CD_Story16_s4,K+1,80,80,raising,raising,4.050534248352051,2.6731104850769043,1.3774237632751465,0.017610490322113037
CD,Story16,4,CD_Story16_s4,K+2,81,81,the,the,0.9820518493652344,0.5458152294158936,0.4362366199493408,0.018547892570495605
CD,Story16,4,CD_Story16_s4,K+3,82,82,water,water,4.599203586578369,4.39902925491333,0.20017433166503906,0.002329528331756592
CD,Story16,4,CD_Story16_s4,K_END,89,89,life.,life.,1.4883549213409424,1.5267096757888794,-0.03835475444793701,0.0013271570205688477
RD,Story16,2,RD_Story16_s2,K-3,19,19,When,When,10.919008255004883,10.919008255004883,0.0,5.960464477539063e-08
RD,Story16,2,RD_Story16_s2,K-2,20,20,he,he,0.7008042931556702,0.7008042931556702,0.0,-1.1920928955078125e-07
RD,Story16,2,RD_Story16_s2,K-1,21,21,"arrived,","arrived,",4.392923831939697,4.392923831939697,0.0,0.0
RD,Story16,2,RD_Story16_s2,K,22,22,she,he,14.989221572875977,0.6767220497131348,14.312499523162842,0.023357629776000977
RD,Story16,2,RD_Story16_s2,K+1,23,23,sadly,sadly,17.162841796875,17.200565338134766,-0.037723541259765625,0.0012745857238769531
RD,Story16,2,RD_Story16_s2,K+2,24,24,discovered,discovered,1.929680585861206,1.8656065464019775,0.06407403945922852,0.0013138055801391602
RD,Story16,2,RD_Story16_s2,K+3,25,25,that,that,0.5409371852874756,0.5129982829093933,0.027938902378082275,0.001108407974243164
RD,Story16,2,RD_Story16_s2,K_END,38,38,reach.,reach.,5.686033248901367,4.958717346191406,0.7273159027099609,0.002936065196990967
RD,Story16,3,RD_Story16_s3,K,39,39,They,He,14.904045104980469,8.761218070983887,6.142827033996582,0.17923355102539062
RD,Story16,3,RD_Story16_s3,K+1,40,40,tried,tried,8.830743789672852,13.412050247192383,-4.581306457519531,0.008621454238891602
RD,Story16,3,RD_Story16_s3,K+2,41,41,everything,everything,3.764512777328491,4.727623462677002,-0.9631106853485107,0.01039820909500122
RD,Story16,3,RD_Story16_s3,K+3,42,42,he,he,5.865314483642578,2.1606860160827637,3.7046284675598145,0.008838474750518799
RD,Story16,3,RD_Story16_s3,K_END,57,57,vain.,vain.,3.5833325386047363,3.87695050239563,-0.29361796379089355,0.0024114251136779785
RD,Story16,4,RD_Story16_s4,K-3,78,78,his,his,3.5547189712524414,3.730286121368408,-0.1755671501159668,0.0012447834014892578
RD,Story16,4,RD_Story16_s4,K-2,79,79,"beak,","beak,",3.3905692100524902,3.784907817840576,-0.39433860778808594,0.0016096234321594238
RD,Story16,4,RD_Story16_s4,K-1,80,80,raising,raising,2.516820192337036,2.6731104850769043,-0.15629029273986816,0.0005958676338195801
RD,Story16,4,RD_Story16_s4,K,81,81,some,the,11.415090560913086,0.5458152294158936,10.869275331497192,0.10493505001068115
RD,Story16,4,RD_Story16_s4,K+1,82,82,water,water,2.1068227291107178,4.39902925491333,-2.2922065258026123,0.04141700267791748
RD,Story16,4,RD_Story16_s4,K+2,83,83,level,level,4.476038932800293,0.2192327231168747,4.256806209683418,0.024337053298950195
RD,Story16,4,RD_Story16_s4,K+3,84,84,within,within,9.102195739746094,9.08827018737793,0.013925552368164062,0.011983931064605713
RD,Story16,4,RD_Story16_s4,K-3,85,85,reach,reach,5.293675422668457,6.125335216522217,-0.8316597938537598,0.003881394863128662
RD,Story16,4,RD_Story16_s4,K-2,86,86,and,and,5.209312438964844,5.671903610229492,-0.46259117126464844,0.014177083969116211
RD,Story16,4,RD_Story16_s4,K-1,87,87,saving,saving,6.243309020996094,5.376855850219727,0.8664531707763672,0.0027828216552734375
RD,Story16,4,RD_Story16_s4,K,88,88,the,his,4.9456048011779785,0.5814462304115295,4.364158570766449,0.15016025304794312
RD,Story16,4,RD_Story16_s4,K+1,89,89,life.,life.,16.932180404663086,1.5267096757888794,15.405470728874207,0.00781947374343872
RD,Story16,4,RD_Story16_s4,K_END,89,89,life.,life.,16.932180404663086,1.5267096757888794,15.405470728874207,0.00781947374343872
CD,Story17,2,CD_Story17_s2,K-3,33,33,keeping,keeping,3.2727980613708496,3.2727980613708496,0.0,-1.1920928955078125e-07
CD,Story17,2,CD_Story17_s2,K-2,34,34,them,them,1.1855950355529785,1.1855950355529785,0.0,5.960464477539063e-08
CD,Story17,2,CD_Story17_s2,K-1,35,35,from,from,1.6949763298034668,1.6949763298034668,0.0,0.0
CD,Story17,2,CD_Story17_s2,K,36,36,"blinking,","sleeping,",16.854047775268555,4.082312107086182,12.771735668182373,0.030878126621246338
CD,Story17,2,CD_Story17_s2,K+1,37,37,with,with,6.164759159088135,6.246311187744141,-0.08155202865600586,0.009626269340515137
CD,Story17,2,CD_Story17_s2,K+2,38,38,feigned,feigned,12.101496696472168,12.988054275512695,-0.8865575790405273,0.0025664567947387695
CD,Story17,2,CD_Story17_s2,K+3,39,39,indignation.,indignation.,6.687161445617676,6.919164180755615,-0.23200273513793945,0.0011014342308044434
CD,Story17,2,CD_Story17_s2,K_END,39,39,indignation.,indignation.,6.687161445617676,6.919164180755615,-0.23200273513793945,0.0011014342308044434
CD,Story17,3,CD_Story17_s3,K-3,55,55,time,time,5.321326732635498,6.1371307373046875,-0.8158040046691895,0.0013548731803894043
CD,Story17,3,CD_Story17_s3,K-2,56,56,for,for,0.7310991883277893,0.5242133736610413,0.20688581466674805,0.0019173026084899902
CD,Story17,3,CD_Story17_s3,K-1,57,57,their,their,3.505201816558838,3.6005003452301025,-0.09529852867126465,0.004423022270202637
CD,Story17,3,CD_Story17_s3,K,58,58,"past,","work,",15.414814949035645,3.6176795959472656,11.797135353088379,0.07374900579452515
CD,Story17,3,CD_Story17_s3,K+1,59,59,with,with,1.341811180114746,1.8643370866775513,-0.5225259065628052,0.005194187164306641
CD,Story17,3,CD_Story17_s3,K+2,60,60,a,a,3.5480897426605225,3.5611777305603027,-0.013087987899780273,0.005064666271209717
CD,Story17,3,CD_Story17_s3,K+3,61,61,tone,tone,14.389911651611328,14.598099708557129,-0.20818805694580078,0.002196669578552246
CD,Story17,3,CD_Story17_s3,K_END,64,64,pride.,pride.,4.049540042877197,4.343900203704834,-0.2943601608276367,0.010044217109680176
RD,Story17,2,RD_Story17_s2,K-3,31,31,night,night,1.5069379806518555,1.5069379806518555,0.0,0.0
RD,Story17,2,RD_Story17_s2,K-2,32,32,and,and,1.7294085025787354,1.7294085025787354,0.0,0.0
RD,Story17,2,RD_Story17_s2,K-1,33,33,keeping,keeping,3.2727980613708496,3.2727980613708496,0.0,-1.1920928955078125e-07
RD,Story17,2,RD_Story17_s2,K,34,34,it,them,6.3105950355529785,1.1855950355529785,5.125,0.09822791814804077
RD,Story17,2,RD_Story17_s2,K+1,35,35,from,from,5.389124870300293,1.6949763298034668,3.694148540496826,0.02060115337371826
RD,Story17,2,RD_Story17_s2,K+2,36,36,"sleeping,","sleeping,",4.35880708694458,4.082312107086182,0.27649497985839844,0.0006394386291503906
RD,Story17,2,RD_Story17_s2,K+3,37,37,with,with,6.244682312011719,6.246311187744141,-0.001628875732421875,0.0009885430335998535
RD,Story17,2,RD_Story17_s2,K_END,39,39,indignation.,indignation.,6.982309818267822,6.919164180755615,0.06314563751220703,0.00019919872283935547
RD,Story17,3,RD_Story17_s3,K-3,40,40,The,The,13.120067596435547,13.110480308532715,0.009587287902832031,0.00012171268463134766
RD,Story17,3,RD_Story17_s3,K-2,41,41,rooster,rooster,4.823662281036377,4.860641002655029,-0.036978721618652344,0.000277101993560791
RD,Story17,3,RD_Story17_s3,K-1,42,42,defended,defended,5.319803237915039,5.376615524291992,-0.056812286376953125,0.0004839301109313965
RD,Story17,3,RD_Story17_s3,K,43,43,"her,","himself,",17.505802154541016,2.1599948406219482,15.345807313919067,0.01340019702911377
RD,Story17,3,RD_Story17_s3,K+1,44,44,saying,saying,13.644508361816406,15.138067245483398,-1.4935588836669922,0.006444454193115234
RD,Story17,3,RD_Story17_s3,K+2,45,45,that,that,0.7919867634773254,0.6280860304832458,0.1639007329940796,0.004524171352386475
RD,Story17,3,RD_Story17_s3,K+3,46,46,he,he,2.771902084350586,1.3360358476638794,1.4358662366867065,0.0030789971351623535
RD,Story17,3,RD_Story17_s3,K_END,64,64,pride.,pride.,4.16018533706665,4.343900203704834,-0.1837148666381836,0.0007163286209106445
RD,Story17,4,RD_Story17_s4,K-3,70,70,how,how,0.9147453308105469,0.8873593807220459,0.027385950088500977,0.0009197592735290527
RD,Story17,4,RD_Story17_s4,K-2,71,71,many,many,4.135464668273926,4.067904472351074,0.06756019592285156,0.0007287859916687012
RD,Story17,4,RD_Story17_s4,K-1,72,72,excuses,excuses,4.934428691864014,5.439455032348633,-0.5050263404846191,0.0011553764343261719
RD,Story17,4,RD_Story17_s4,K,73,73,we,you,7.3046464920043945,0.18470224738121033,7.119944244623184,0.047567903995513916
RD,Story17,4,RD_Story17_s4,K+1,74,74,"give,","give,",5.163546085357666,3.9391775131225586,1.2243685722351074,0.014271199703216553
RD,Story17,4,RD_Story17_s4,K+2,75,75,I’m,I’m,18.2554988861084,15.761208534240723,2.494290351867676,0.005509555339813232
RD,Story17,4,RD_Story17_s4,K+3,76,76,not,not,2.001826763153076,1.29722261428833,0.7046041488647461,0.003262758255004883
RD,Story17,4,RD_Story17_s4,K_END,84,84,him.,him.,2.859304189682007,2.747623920440674,0.11168026924133301,0.0002523660659790039
CD,Story18,3,CD_Story18_s3,K-3,30,30,hid,hid,3.2118523120880127,3.2118523120880127,0.0,0.0
CD,Story18,3,CD_Story18_s3,K-2,31,31,in,in,1.9271162748336792,1.9271162748336792,0.0,-1.1920928955078125e-07
CD,Story18,3,CD_Story18_s3,K-1,32,32,their,their,2.240000009536743,2.240000009536743,0.0,0.0
CD,Story18,3,CD_Story18_s3,K,33,33,mirrors,holes,12.361211776733398,1.0502359867095947,11.310975790023804,0.028652310371398926
CD,Story18,3,CD_Story18_s3,K+1,34,34,and,and,1.8521050214767456,1.1679625511169434,0.6841424703598022,0.033712685108184814
CD,Story18,3,CD_Story18_s3,K+2,35,35,refused,refused,9.45583724975586,4.858004093170166,4.597833156585693,0.007706165313720703
CD,Story18,3,CD_Story18_s3,K+3,36,36,to,to,0.7019814848899841,0.539492130279541,0.16248935461044312,0.03846001625061035
CD,Story18,3,CD_Story18_s3,K_END,38,38,out.,out.,2.2805087566375732,2.445420503616333,-0.16491174697875977,0.008210837841033936
CD,Story18,5,CD_Story18_s5,K-3,55,55,climbed,climbed,4.685052871704102,5.713210582733154,-1.0281577110290527,0.006927549839019775
CD,Story18,5,CD_Story18_s5,K-2,56,56,onto,onto,2.9614500999450684,3.26185941696167,-0.30040931701660156,0.008575260639190674
CD,Story18,5,CD_Story18_s5,K-1,57,57,a,a,2.4008147716522217,2.067079782485962,0.33373498916625977,0.01414954662322998
CD,Story18,5,CD_Story18_s5,K,58,58,"thought,","peg,",19.143173217773438,12.201642036437988,6.941531181335449,0.0177079439163208
CD,Story18,5,CD_Story18_s5,K+1,59,59,hung,hung,8.980500221252441,6.804133892059326,2.1763663291931152,0.005321621894836426
CD,Story18,5,CD_Story18_s5,K+2,60,60,herself,herself,3.6664650440216064,3.686840057373047,-0.02037501335144043,0.0043392181396484375
CD,Story18,5,CD_Story18_s5,K+3,61,61,from,from,1.6302005052566528,1.7308863401412964,-0.10068583488464355,0.014326930046081543
CD,Story18,5,CD_Story18_s5,K_END,67,67,dead.,dead.,10.707479476928711,9.574882507324219,1.1325969696044922,0.002444624900817871
CD,Story18,6,CD_Story18_s6,K-3,86,86,a,a,3.491793155670166,3.7212865352630615,-0.2294933795928955,0.009990274906158447
CD,Story18,6,CD_Story18_s6,K-2,87,87,sack,sack,27.620153427124023,28.31454849243164,-0.6943950653076172,0.001180112361907959
CD,Story18,6,CD_Story18_s6,K-1,88,88,of,of,0.38005509972572327,0.4398229122161865,-0.05976781249046326,0.0012598037719726562
CD,Story18,6,CD_Story18_s6,K,89,89,"air,","grain,",9.914701461791992,5.450760841369629,4.463940620422363,0.006187856197357178
CD,Story18,6,CD_Story18_s6,K+1,90,90,we,we,1.0206282138824463,0.7079979777336121,0.31263023614883423,0.006658673286437988
CD,Story18,6,CD_Story18_s6,K+2,91,91,still,still,6.382084846496582,6.235280990600586,0.1468038558959961,0.01028817892074585
CD,Story18,6,CD_Story18_s6,K+3,92,92,wouldn’t,wouldn’t,2.1387784481048584,0.8821397423744202,1.2566387057304382,0.003426492214202881
CD,Story18,6,CD_Story18_s6,K_END,95,95,you.”,you.”,1.049655795097351,0.9010195136070251,0.14863628149032593,0.0029783248901367188
RD,Story18,3,RD_Story18_s3,K-2,24,24,Fearing,Fearing,25.221887588500977,25.221887588500977,0.0,0.0
RD,Story18,3,RD_Story18_s3,K-1,25,25,for,for,2.603581190109253,2.603581190109253,0.0,0.0
RD,Story18,3,RD_Story18_s3,K,26,26,her,their,0.4324936866760254,2.4324936866760254,-2.0,0.037514328956604004
RD,Story18,3,RD_Story18_s3,K+1,27,27,"lives,","lives,",4.333280086517334,0.7300881743431091,3.603191912174225,0.0021405816078186035
RD,Story18,3,RD_Story18_s3,K+2,28,28,the,the,12.226459503173828,12.15430736541748,0.07215213775634766,0.003932476043701172
RD,Story18,3,RD_Story18_s3,K+3,29,29,mice,mice,12.73139762878418,13.294051170349121,-0.5626535415649414,0.0009617209434509277
RD,Story18,3,RD_Story18_s3,K_END,38,38,out.,out.,2.3883259296417236,2.445420503616333,-0.057094573974609375,0.0004392862319946289
RD,Story18,4,RD_Story18_s4,K-3,41,41,couldn’t,couldn’t,4.0436248779296875,4.061759948730469,-0.01813507080078125,0.00046950578689575195
RD,Story18,4,RD_Story18_s4,K-2,42,42,reach,reach,3.4005937576293945,3.3819973468780518,0.018596410751342773,0.0007092952728271484
RD,Story18,4,RD_Story18_s4,K-1,43,43,"them,","them,",1.6182575225830078,1.9678168296813965,-0.34955930709838867,0.00025153160095214844
RD,Story18,4,RD_Story18_s4,K,44,44,some,the,19.06559181213379,13.49487590789795,5.57071590423584,0.12108868360519409
RD,Story18,4,RD_Story18_s4,K+1,45,45,cat,cat,4.1247076988220215,3.024837017059326,1.0998706817626953,0.1170954704284668
RD,Story18,4,RD_Story18_s4,K+2,46,46,decided,decided,7.859935760498047,3.03257417678833,4.827361583709717,0.00971895456314087
RD,Story18,4,RD_Story18_s4,K+3,47,47,to,to,0.9711724519729614,1.0057257413864136,-0.03455328941345215,0.013205468654632568
RD,Story18,4,RD_Story18_s4,K_END,53,53,trick.,trick.,17.371814727783203,17.702850341796875,-0.3310356140136719,0.00817638635635376
RD,Story18,5,RD_Story18_s5,K-3,54,54,She,She,8.326502799987793,7.599792003631592,0.7267107963562012,0.0035689473152160645
RD,Story18,5,RD_Story18_s5,K-2,55,55,climbed,climbed,6.188378810882568,5.713210582733154,0.47516822814941406,0.001209259033203125
RD,Story18,5,RD_Story18_s5,K-1,56,56,onto,onto,3.3470144271850586,3.26185941696167,0.08515501022338867,0.001981198787689209
RD,Story18,5,RD_Story18_s5,K,57,57,another,a,6.509143829345703,2.067079782485962,4.442064046859741,0.19275176525115967
RD,Story18,5,RD_Story18_s5,K+1,58,58,"peg,","peg,",13.088277816772461,12.201642036437988,0.8866357803344727,0.007661283016204834
RD,Story18,5,RD_Story18_s5,K+2,59,59,hung,hung,7.58820915222168,6.804133892059326,0.7840752601623535,0.0045588016510009766
RD,Story18,5,RD_Story18_s5,K+3,60,60,herself,herself,3.3214056491851807,3.686840057373047,-0.3654344081878662,0.0016148090362548828
RD,Story18,5,RD_Story18_s5,K_END,67,67,dead.,dead.,9.90306282043457,9.574882507324219,0.32818031311035156,0.004577994346618652
RD,Story18,6,RD_Story18_s6,K-3,87,87,sack,sack,28.08724594116211,28.31454849243164,-0.22730255126953125,0.00045937299728393555
RD,Story18,6,RD_Story18_s6,K-2,88,88,of,of,0.49766138195991516,0.4398229122161865,0.05783846974372864,0.0005706548690795898
RD,Story18,6,RD_Story18_s6,K-1,89,89,"grain,","grain,",5.324366569519043,5.450760841369629,-0.12639427185058594,0.0007700324058532715
RD,Story18,6,RD_Story18_s6,K,90,90,he,we,7.063958644866943,0.7079979777336121,6.355960667133331,0.11097270250320435
RD,Story18,6,RD_Story18_s6,K+1,91,91,still,still,5.30222749710083,6.235280990600586,-0.9330534934997559,0.0245053768157959
RD,Story18,6,RD_Story18_s6,K+2,92,92,wouldn’t,wouldn’t,1.4951040744781494,0.8821397423744202,0.6129643321037292,0.01855069398880005
RD,Story18,6,RD_Story18_s6,K+3,93,93,come,come,2.786285877227783,1.1573764085769653,1.6289094686508179,0.022108256816864014
RD,Story18,6,RD_Story18_s6,K_END,95,95,you.”,you.”,1.8208669424057007,0.9010195136070251,0.9198474287986755,0.0061356425285339355
CD,Story19,1,CD_Story19_s1,K-3,20,20,to,to,1.6060713529586792,1.6060713529586792,0.0,-1.1920928955078125e-07
CD,Story19,1,CD_Story19_s1,K-2,21,21,fight,fight,3.9734458923339844,3.9734458923339844,0.0,-1.1920928955078125e-07
CD,Story19,1,CD_Story19_s1,K-1,22,22,in,in,2.502251625061035,2.502251625061035,0.0,0.0
CD,Story19,1,CD_Story19_s1,K,23,23,"peace,","battle,",14.07102108001709,6.5465898513793945,7.524431228637695,0.04403191804885864
CD,Story19,1,CD_Story19_s1,K+1,24,24,with,with,3.9889988899230957,4.899224281311035,-0.9102253913879395,0.013543248176574707
CD,Story19,1,CD_Story19_s1,K+2,25,25,a,a,3.554983139038086,3.4006969928741455,0.15428614616394043,0.013222694396972656
CD,Story19,1,CD_Story19_s1,K+3,26,26,heavy,heavy,3.0210671424865723,3.259244918823242,-0.23817777633666992,0.006873369216918945
CD,Story19,1,CD_Story19_s1,K_END,27,27,heart.,heart.,3.6959097385406494,3.1701412200927734,0.525768518447876,0.0057936906814575195
CD,Story19,2,CD_Story19_s2,K-3,32,32,forced,forced,5.412923812866211,5.349043846130371,0.06387996673583984,0.0007248520851135254
CD,Story19,2,CD_Story19_s2,K-2,33,33,to,to,0.6188076138496399,0.6097116470336914,0.009095966815948486,0.0022467374801635742
CD,Story19,2,CD_Story19_s2,K-1,34,34,grind,grind,12.630080223083496,12.347020149230957,0.28306007385253906,0.0017294883728027344
CD,Story19,2,CD_Story19_s2,K,35,35,clouds,grain,12.00322151184082,2.4993796348571777,9.503841876983643,0.06383126974105835
CD,Story19,2,CD_Story19_s2,K+1,36,36,instead,instead,5.129046440124512,4.7119293212890625,0.4171171188354492,0.00634002685546875
CD,Story19,2,CD_Story19_s2,K+2,37,37,of,of,0.03920634835958481,0.06139881908893585,-0.022192470729351044,0.02598261833190918
CD,Story19,2,CD_Story19_s2,K+3,38,38,serving,serving,9.607730865478516,7.627666473388672,1.9800643920898438,0.014640331268310547
CD,Story19,2,CD_Story19_s2,K-3,65,65,armor,armor,2.8034591674804688,2.556993007659912,0.24646615982055664,0.000703275203704834
CD,Story19,2,CD_Story19_s2,K-2,66,66,and,and,0.8816620707511902,0.8185610771179199,0.06310099363327026,0.0014244318008422852
CD,Story19,2,CD_Story19_s2,K-1,67,67,a,a,6.162257194519043,6.081002712249756,0.08125448226928711,0.0019347667694091797
CD,Story19,2,CD_Story19_s2,K,68,68,bridge,groom,10.406057357788086,25.517871856689453,-15.111814498901367,0.06941533088684082
CD,Story19,2,CD_Story19_s2,K+1,69,69,to,to,11.873712539672852,2.5657742023468018,9.30793833732605,0.09523475170135498
CD,Story19,2,CD_Story19_s2,K+2,70,70,care,care,11.62536334991455,5.132785797119141,6.49257755279541,0.08007985353469849
CD,Story19,2,CD_Story19_s2,K+3,71,71,for,for,1.0231578350067139,0.1954420506954193,0.8277157843112946,0.05430024862289429
CD,Story19,2,CD_Story19_s2,K_END,72,72,me.,me.,7.433148384094238,4.9179582595825195,2.5151901245117188,0.004152178764343262
RD,Story19,2,RD_Story19_s2,K-3,41,41,"wars,","wars,",12.444375038146973,12.444375038146973,0.0,-1.1920928955078125e-07
RD,Story19,2,RD_Story19_s2,K-2,42,42,he,he,0.3892155885696411,0.3892155885696411,0.0,5.960464477539063e-08
RD,Story19,2,RD_Story19_s2,K-1,43,43,lamented,lamented,14.58958625793457,14.58958625793457,0.0,0.0
RD,Story19,2,RD_Story19_s2,K,44,44,her,his,6.748618125915527,2.4986178874969482,4.250000238418579,0.10876888036727905
RD,Story19,2,RD_Story19_s2,K+1,45,45,change,change,7.691879749298096,5.09246826171875,2.5994114875793457,0.00638580322265625
RD,Story19,2,RD_Story19_s2,K+2,46,46,in,in,1.8295068740844727,1.5439447164535522,0.2855621576309204,0.006788313388824463
RD,Story19,2,RD_Story19_s2,K+3,47,47,fortune,fortune,3.0970258712768555,1.8043519258499146,1.292673945426941,0.0012248754501342773
RD,Story19,2,RD_Story19_s2,K-3,69,69,to,to,2.8697142601013184,2.5657742023468018,0.3039400577545166,0.00023049116134643555
RD,Story19,2,RD_Story19_s2,K-2,70,70,care,care,5.3412041664123535,5.132785797119141,0.2084183692932129,0.00011456012725830078
RD,Story19,2,RD_Story19_s2,K-1,71,71,for,for,0.22111216187477112,0.1954420506954193,0.025670111179351807,0.0001977086067199707
RD,Story19,2,RD_Story19_s2,K,72,72,it.,me.,6.168125152587891,4.9179582595825195,1.250166893005371,0.0009933710098266602
RD,Story19,2,RD_Story19_s2,K_END,72,72,it.,me.,6.168125152587891,4.9179582595825195,1.250166893005371,0.0009933710098266602
RD,Story19,3,RD_Story19_s3,K-3,81,81,the,the,3.2802367210388184,3.24546217918396,0.0347745418548584,0.0005332827568054199
RD,Story19,3,RD_Story19_s3,K-2,82,82,mill,mill,10.874908447265625,10.61760139465332,0.2573070526123047,0.0002905130386352539
RD,Story19,3,RD_Story19_s3,K-3,83,83,over,over,3.186843156814575,3.283491849899292,-0.0966486930847168,0.00019925832748413086
RD,Story19,3,RD_Story19_s3,K-1,83,83,over,over,3.186843156814575,3.283491849899292,-0.0966486930847168,0.00019925832748413086
RD,Story19,3,RD_Story19_s3,K-2,84,84,another,the,8.409921646118164,0.5259490013122559,7.883972644805908,0.10277056694030762
RD,Story19,3,RD_Story19_s3,K,84,84,another,the,8.409921646118164,0.5259490013122559,7.883972644805908,0.10277056694030762
RD,Story19,3,RD_Story19_s3,K-1,85,85,battlefield.”,battlefield.”,5.991633415222168,1.6027231216430664,4.388910293579102,0.0010298490524291992
RD,Story19,3,RD_Story19_s3,K+1,85,85,battlefield.”,battlefield.”,5.991633415222168,1.6027231216430664,4.388910293579102,0.0010298490524291992
RD,Story19,3,RD_Story19_s3,K,86,86,A,The,4.562792778015137,2.256627321243286,2.3061654567718506,0.11413776874542236
RD,Story19,3,RD_Story19_s3,K+2,86,86,A,The,4.562792778015137,2.256627321243286,2.3061654567718506,0.11413776874542236
RD,Story19,3,RD_Story19_s3,K+1,87,87,miller,miller,13.439504623413086,11.739923477172852,1.6995811462402344,0.037758052349090576
RD,Story19,3,RD_Story19_s3,K+3,87,87,miller,miller,13.439504623413086,11.739923477172852,1.6995811462402344,0.037758052349090576
RD,Story19,3,RD_Story19_s3,K+2,88,88,"replied,","replied,",4.895458698272705,2.55572247505188,2.339736223220825,0.00533825159072876
RD,Story19,3,RD_Story19_s3,K+3,89,89,“Stop,“Stop,8.006509780883789,8.198576927185059,-0.19206714630126953,0.0003746151924133301
RD,Story19,3,RD_Story19_s3,K_END,93,93,past.,past.,9.222095489501953,9.27971076965332,-0.05761528015136719,0.0007663369178771973
RD,Story19,4,RD_Story19_s4,K-3,95,95,the,the,4.373990058898926,4.320011138916016,0.053978919982910156,0.000539243221282959
RD,Story19,4,RD_Story19_s4,K-2,96,96,fate,fate,9.410417556762695,9.325568199157715,0.08484935760498047,0.0006269216537475586
RD,Story19,4,RD_Story19_s4,K-1,97,97,of,of,0.2960146963596344,0.33474013209342957,-0.038725435733795166,0.0006197690963745117
RD,Story19,4,RD_Story19_s4,K,98,98,the,all,2.010467529296875,2.9008381366729736,-0.8903706073760986,0.12195104360580444
RD,Story19,4,RD_Story19_s4,K+1,99,99,mortals,mortals,16.197301864624023,3.676966905593872,12.520334959030151,0.01670360565185547
RD,Story19,4,RD_Story19_s4,K+2,100,100,to,to,13.186582565307617,10.583536148071289,2.603046417236328,0.01039499044418335
RD,Story19,4,RD_Story19_s4,K+3,101,101,experience,experience,2.700897693634033,2.622476577758789,0.07842111587524414,0.0034412741661071777
RD,Story19,4,RD_Story19_s4,K_END,107,107,fortune.”,fortune.”,5.977823734283447,6.968960762023926,-0.9911370277404785,0.0016437768936157227
CD,Story2,2,CD_Story2_s2,K-3,32,32,with,with,3.1718878746032715,3.1718878746032715,0.0,-1.1920928955078125e-07
CD,Story2,2,CD_Story2_s2,K-2,33,33,his,his,1.0720890760421753,1.0720890760421753,0.0,-1.1920928955078125e-07
CD,Story2,2,CD_Story2_s2,K-1,34,34,other,other,1.7158204317092896,1.7158204317092896,0.0,5.960464477539063e-08
CD,Story2,2,CD_Story2_s2,K,35,35,"fingers,","donkeys,",18.895023345947266,4.6327128410339355,14.26231050491333,0.021736562252044678
CD,Story2,2,CD_Story2_s2,K+1,36,36,so,so,4.879914283752441,4.941928386688232,-0.062014102935791016,0.006118178367614746
CD,Story2,2,CD_Story2_s2,K+2,37,37,it,it,3.806429386138916,3.5524535179138184,0.25397586822509766,0.013307929039001465
CD,Story2,2,CD_Story2_s2,K+3,38,38,could,could,1.0665982961654663,0.5576086044311523,0.508989691734314,0.0165061354637146
CD,Story2,2,CD_Story2_s2,K_END,39,39,rest.,rest.,8.990533828735352,11.061721801757812,-2.071187973022461,0.0057065486907958984
CD,Story2,3,CD_Story2_s3,K-3,43,43,donkey,donkey,0.39548417925834656,0.14699511229991913,0.24848906695842743,0.005454063415527344
CD,Story2,3,CD_Story2_s3,K-2,44,44,left,left,6.598628044128418,7.267577171325684,-0.6689491271972656,0.003346681594848633
CD,Story2,3,CD_Story2_s3,K-1,45,45,the,the,1.408632516860962,1.1481454372406006,0.26048707962036133,0.005757749080657959
CD,Story2,3,CD_Story2_s3,K,46,46,pillow,group,13.227667808532715,5.143843173980713,8.083824634552002,0.04731464385986328
CD,Story2,3,CD_Story2_s3,K+1,47,47,and,and,1.0201656818389893,0.43757903575897217,0.5825866460800171,0.02236652374267578
CD,Story2,3,CD_Story2_s3,K+2,48,48,joined,joined,5.676647663116455,4.323528289794922,1.3531193733215332,0.015064001083374023
CD,Story2,3,CD_Story2_s3,K+3,49,49,the,the,1.0274980068206787,1.0971803665161133,-0.06968235969543457,0.029970884323120117
CD,Story2,3,CD_Story2_s3,K_END,56,56,all.,all.,5.039593696594238,8.238216400146484,-3.198622703552246,0.011273801326751709
CD,Story2,4,CD_Story2_s4,K-3,60,60,man,man,14.62890625,15.484968185424805,-0.8560619354248047,0.004066646099090576
CD,Story2,4,CD_Story2_s4,K-2,61,61,put,put,5.654416084289551,6.123966217041016,-0.46955013275146484,0.006545543670654297
CD,Story2,4,CD_Story2_s4,K-1,62,62,a,a,3.6132664680480957,3.8406927585601807,-0.22742629051208496,0.008007228374481201
CD,Story2,4,CD_Story2_s4,K,63,63,lock,halter,9.724198341369629,7.070699691772461,2.653498649597168,0.038512587547302246
CD,Story2,4,CD_Story2_s4,K+1,64,64,on,on,0.36784881353378296,0.6822168827056885,-0.3143680691719055,0.027400195598602295
CD,Story2,4,CD_Story2_s4,K+2,65,65,the,the,0.39048755168914795,0.5655227303504944,-0.17503517866134644,0.07151204347610474
CD,Story2,4,CD_Story2_s4,K+3,66,66,donkey,donkey,8.998787879943848,7.123457431793213,1.8753304481506348,0.0501825213432312
CD,Story2,4,CD_Story2_s4,K_END,73,73,owner.,owner.,1.9290190935134888,2.0790152549743652,-0.14999616146087646,0.013429105281829834
RD,Story2,2,RD_Story2_s2,K-3,25,25,home,home,2.642317771911621,2.642317771911621,0.0,0.0
RD,Story2,2,RD_Story2_s2,K-2,26,26,and,and,0.5451310873031616,0.5451310873031616,0.0,0.0
RD,Story2,2,RD_Story2_s2,K-1,27,27,placed,placed,3.9778025150299072,3.9778025150299072,0.0,0.0
RD,Story2,2,RD_Story2_s2,K,28,28,them,it,6.709146022796631,0.3341459631919861,6.375000059604645,0.11151689291000366
RD,Story2,2,RD_Story2_s2,K+1,29,29,in,in,5.19902229309082,1.292749285697937,3.9062730073928833,0.0037097930908203125
RD,Story2,2,RD_Story2_s2,K+2,30,30,the,the,1.3024756908416748,1.0505048036575317,0.25197088718414307,0.0022304654121398926
RD,Story2,2,RD_Story2_s2,K+3,31,31,stable,stable,7.59627103805542,6.799271106719971,0.7969999313354492,0.0009350180625915527
RD,Story2,2,RD_Story2_s2,K_END,39,39,rest.,rest.,11.613537788391113,11.061721801757812,0.5518159866333008,0.00039958953857421875
RD,Story2,3,RD_Story2_s3,K-1,40,40,"Immediately,","Immediately,",9.37335205078125,9.418814659118652,-0.045462608337402344,0.0005237460136413574
RD,Story2,3,RD_Story2_s3,K,41,41,a,the,16.363073348999023,9.446996688842773,6.91607666015625,0.14578616619110107
RD,Story2,3,RD_Story2_s3,K+1,42,42,new,new,11.621026992797852,11.3335542678833,0.2874727249145508,0.051852643489837646
RD,Story2,3,RD_Story2_s3,K+2,43,43,donkey,donkey,1.4084482192993164,0.14699511229991913,1.2614531069993973,0.0587117075920105
RD,Story2,3,RD_Story2_s3,K+3,44,44,left,left,6.7881550788879395,7.267577171325684,-0.47942209243774414,0.009143054485321045
RD,Story2,3,RD_Story2_s3,K_END,56,56,all.,all.,7.738990306854248,8.238216400146484,-0.49922609329223633,0.0029559731483459473
RD,Story2,4,RD_Story2_s4,K-3,62,62,a,a,3.750105381011963,3.8406927585601807,-0.09058737754821777,0.002204298973083496
RD,Story2,4,RD_Story2_s4,K-2,63,63,halter,halter,8.040006637573242,7.070699691772461,0.9693069458007812,0.0009247064590454102
RD,Story2,4,RD_Story2_s4,K-1,64,64,on,on,0.6746017336845398,0.6822168827056885,-0.007615149021148682,0.005995333194732666
RD,Story2,4,RD_Story2_s4,K,65,65,another,the,7.180944442749023,0.5655227303504944,6.615421712398529,0.08054643869400024
RD,Story2,4,RD_Story2_s4,K+1,66,66,donkey,donkey,0.16941584646701813,7.123457431793213,-6.954041585326195,0.020108699798583984
RD,Story2,4,RD_Story2_s4,K+2,67,67,and,and,0.5362083911895752,0.7926020622253418,-0.2563936710357666,0.007342278957366943
RD,Story2,4,RD_Story2_s4,K+3,68,68,took,took,2.666011333465576,2.8044145107269287,-0.13840317726135254,0.006781160831451416
RD,Story2,4,RD_Story2_s4,K_END,73,73,owner.,owner.,2.1584343910217285,2.0790152549743652,0.07941913604736328,0.0037593841552734375
RD,Story2,5,RD_Story2_s5,K-3,81,81,animal,animal,1.2756541967391968,0.872979998588562,0.40267419815063477,0.003233790397644043
RD,Story2,5,RD_Story2_s5,K-2,82,82,so,so,3.084540367126465,3.411055088043213,-0.32651472091674805,0.002452075481414795
RD,Story2,5,RD_Story2_s5,K-1,83,83,"quickly,","quickly,",0.8173680305480957,0.8565530776977539,-0.0391850471496582,0.001981496810913086
RD,Story2,5,RD_Story2_s5,K,84,84,she,he,16.092153549194336,1.133442759513855,14.958710789680481,0.0320550799369812
RD,Story2,5,RD_Story2_s5,K+1,85,85,"replied,","replied,",14.135756492614746,12.800318717956543,1.3354377746582031,0.0021504759788513184
RD,Story2,5,RD_Story2_s5,K+2,86,86,"""I","""I",12.219250679016113,12.352651596069336,-0.13340091705322266,0.0037938952445983887
RD,Story2,5,RD_Story2_s5,K+3,87,87,don’t,don’t,7.878390312194824,8.111522674560547,-0.23313236236572266,0.007759153842926025
RD,Story2,5,RD_Story2_s5,K_END,91,91,time.,time.,3.695056438446045,3.926253080368042,-0.23119664192199707,0.0018770694732666016
CD,Story20,3,CD_Story20_s3,K-3,32,32,from,from,3.3071882724761963,3.3071882724761963,0.0,5.960464477539063e-08
CD,Story20,3,CD_Story20_s3,K-2,33,33,beneath,beneath,2.9413437843322754,2.9413437843322754,0.0,0.0
CD,Story20,3,CD_Story20_s3,K-1,34,34,the,the,0.8042351007461548,0.8042351007461548,0.0,5.960464477539063e-08
CD,Story20,3,CD_Story20_s3,K,35,35,"sky,","straw,",21.12906837463379,5.417459011077881,15.711609363555908,0.010755062103271484
CD,Story20,3,CD_Story20_s3,K+1,36,36,with,with,4.8477396965026855,5.32338285446167,-0.4756431579589844,0.0033875703811645508
CD,Story20,3,CD_Story20_s3,K+2,37,37,great,great,3.812854290008545,3.0090126991271973,0.8038415908813477,0.002741694450378418
CD,Story20,3,CD_Story20_s3,K+3,38,38,excitement.,excitement.,5.056353569030762,4.834357261657715,0.22199630737304688,0.0021567940711975098
CD,Story20,3,CD_Story20_s3,K_END,38,38,excitement.,excitement.,5.056353569030762,4.834357261657715,0.22199630737304688,0.0021567940711975098
CD,Story20,5,CD_Story20_s5,K-3,74,74,single,single,11.660314559936523,11.572589874267578,0.08772468566894531,0.000344693660736084
CD,Story20,5,CD_Story20_s5,K-2,75,75,grain,grain,1.3466887474060059,1.2920905351638794,0.054598212242126465,0.0001984238624572754
CD,Story20,5,CD_Story20_s5,K-1,76,76,of,of,0.08085142821073532,0.08102425187826157,-0.00017282366752624512,0.0006586909294128418
CD,Story20,5,CD_Story20_s5,K,77,77,time,barley,9.025272369384766,5.595517158508301,3.429755210876465,0.055049359798431396
CD,Story20,5,CD_Story20_s5,K+1,78,78,than,than,8.177330017089844,2.262641668319702,5.914688348770142,0.007293701171875
CD,Story20,5,CD_Story20_s5,K+2,79,79,a,a,6.037050724029541,5.8910369873046875,0.14601373672485352,0.013274073600769043
CD,Story20,5,CD_Story20_s5,K+3,80,80,whole,whole,1.7803980112075806,2.565000057220459,-0.7846020460128784,0.010670185089111328
CD,Story20,5,CD_Story20_s5,K_END,83,83,"pearls.""","pearls.""",3.6640779972076416,1.940645694732666,1.7234323024749756,0.003090381622314453
RD,Story20,3,RD_Story20_s3,K-1,21,21,"ho!""","ho!""",6.890769958496094,6.890769958496094,0.0,-1.1920928955078125e-07
RD,Story20,3,RD_Story20_s3,K,22,22,they,he,5.349087715148926,0.9740877747535706,4.374999940395355,0.22825753688812256
RD,Story20,3,RD_Story20_s3,K+1,23,23,"said,","said,",11.393061637878418,11.299312591552734,0.0937490463256836,0.041205763816833496
RD,Story20,3,RD_Story20_s3,K+2,24,24,"""That’s","""That’s",15.819696426391602,15.764172554016113,0.05552387237548828,0.003600180149078369
RD,Story20,3,RD_Story20_s3,K+3,25,25,for,for,7.385793685913086,7.165271282196045,0.22052240371704102,0.007411003112792969
RD,Story20,3,RD_Story20_s3,K-3,31,31,out,out,0.5583678483963013,0.5327975749969482,0.025570273399353027,0.004033684730529785
RD,Story20,3,RD_Story20_s3,K-2,32,32,from,from,3.4870927333831787,3.3071882724761963,0.17990446090698242,0.0032929182052612305
RD,Story20,3,RD_Story20_s3,K-1,33,33,beneath,beneath,3.345808267593384,2.9413437843322754,0.4044644832611084,0.003961741924285889
RD,Story20,3,RD_Story20_s3,K,34,34,a,the,5.232155799865723,0.8042351007461548,4.427920699119568,0.11224758625030518
RD,Story20,3,RD_Story20_s3,K+1,35,35,"straw,","straw,",13.21043872833252,5.417459011077881,7.792979717254639,0.016811728477478027
RD,Story20,3,RD_Story20_s3,K+2,36,36,with,with,4.826540946960449,5.32338285446167,-0.4968419075012207,0.007814884185791016
RD,Story20,3,RD_Story20_s3,K+3,37,37,great,great,3.993222713470459,3.0090126991271973,0.9842100143432617,0.009014427661895752
RD,Story20,3,RD_Story20_s3,K_END,38,38,excitement.,excitement.,4.259202003479004,4.834357261657715,-0.5751552581787109,0.018168628215789795
RD,Story20,4,RD_Story20_s4,K-3,48,48,been,been,2.4600942134857178,2.5547280311584473,-0.09463381767272949,0.002192199230194092
RD,Story20,4,RD_Story20_s4,K-2,49,49,lost,lost,3.682252883911133,4.079866886138916,-0.3976140022277832,0.0016531944274902344
RD,Story20,4,RD_Story20_s4,K-1,50,50,in,in,1.6157269477844238,1.7050729990005493,-0.08934605121612549,0.0027780532836914062
RD,Story20,4,RD_Story20_s4,K,51,51,some,the,11.500787734985352,0.31289565563201904,11.187892079353333,0.060657501220703125
RD,Story20,4,RD_Story20_s4,K+1,52,52,yard.,yard.,12.300928115844727,8.502138137817383,3.7987899780273438,0.009241640567779541
RD,Story20,4,RD_Story20_s4,K_END,52,52,yard.,yard.,12.300928115844727,8.502138137817383,3.7987899780273438,0.009241640567779541
RD,Story20,5,RD_Story20_s5,K-3,56,56,a,a,2.5580196380615234,2.533163070678711,0.0248565673828125,0.0042531490325927734
RD,Story20,5,RD_Story20_s5,K-2,57,57,"treasure,""","treasure,""",20.732927322387695,21.09508514404297,-0.36215782165527344,0.00919419527053833
RD,Story20,5,RD_Story20_s5,K-1,58,58,said,said,1.5435882806777954,1.8245105743408203,-0.2809222936630249,0.00555872917175293
RD,Story20,5,RD_Story20_s5,K,59,59,a,the,4.730869770050049,0.5890396237373352,4.141830146312714,0.12542206048965454
RD,Story20,5,RD_Story20_s5,K+1,60,60,"rooster,","rooster,",12.195751190185547,8.879000663757324,3.3167505264282227,0.028624534606933594
RD,Story20,5,RD_Story20_s5,K+2,61,61,"""to","""to",25.33380699157715,24.73797607421875,0.5958309173583984,0.004226386547088623
RD,Story20,5,RD_Story20_s5,K+3,62,62,those,those,3.3795220851898193,3.368551015853882,0.0109710693359375,0.004450798034667969
RD,Story20,5,RD_Story20_s5,K_END,83,83,"pearls.""","pearls.""",1.6400837898254395,1.940645694732666,-0.30056190490722656,0.011520862579345703
CD,Story21,2,CD_Story21_s2,K-3,27,27,shot,shot,0.921937882900238,0.921937882900238,0.0,0.0
CD,Story21,2,CD_Story21_s2,K-2,28,28,him,him,5.881174564361572,5.881174564361572,0.0,1.1920928955078125e-07
CD,Story21,2,CD_Story21_s2,K-1,29,29,with,with,2.0281310081481934,2.0281310081481934,0.0,0.0
CD,Story21,2,CD_Story21_s2,K,30,30,a,an,6.004615306854248,0.5046154260635376,5.4999998807907104,0.2834849953651428
CD,Story21,2,CD_Story21_s2,K,31,31,"blanket,","arrow,",17.06024742126465,3.1340811252593994,13.926166296005249,0.027240991592407227
CD,Story21,2,CD_Story21_s2,K+1,32,32,without,without,5.6111741065979,4.197754383087158,1.4134197235107422,0.022797882556915283
CD,Story21,2,CD_Story21_s2,K+2,33,33,mercy.,mercy.,13.310652732849121,14.77507209777832,-1.4644193649291992,0.010878920555114746
CD,Story21,2,CD_Story21_s2,K_END,33,33,mercy.,mercy.,13.310652732849121,14.77507209777832,-1.4644193649291992,0.010878920555114746
CD,Story21,3,CD_Story21_s3,K-3,44,44,that,that,3.853267192840576,4.800941467285156,-0.9476742744445801,0.0028304457664489746
CD,Story21,3,CD_Story21_s3,K-2,45,45,struck,struck,3.932415008544922,4.465778827667236,-0.5333638191223145,0.0014719367027282715
CD,Story21,3,CD_Story21_s3,K-1,46,46,his,his,2.6933112144470215,2.587852716445923,0.10545849800109863,0.002853870391845703
CD,Story21,3,CD_Story21_s3,K,47,47,reflection,heart,14.499320983886719,1.4398736953735352,13.059447288513184,0.06418561935424805
CD,Story21,3,CD_Story21_s3,K+1,48,48,and,and,2.5174217224121094,1.7375143766403198,0.7799073457717896,0.007639110088348389
CD,Story21,3,CD_Story21_s3,K+2,49,49,noticed,noticed,5.606047630310059,6.286804676055908,-0.6807570457458496,0.00830930471420288
CD,Story21,3,CD_Story21_s3,K+3,50,50,that,that,0.9385756850242615,0.8110044002532959,0.12757128477096558,0.00929403305053711
CD,Story21,3,CD_Story21_s3,K_END,57,57,wings.,wings.,3.7995307445526123,3.3695743083953857,0.42995643615722656,0.004818916320800781
RD,Story21,2,RD_Story21_s2,K-3,19,19,hidden,hidden,11.983283042907715,11.983283042907715,0.0,-1.1920928955078125e-07
RD,Story21,2,RD_Story21_s2,K-2,20,20,archer,archer,9.02211856842041,9.02211856842041,0.0,5.960464477539063e-08
RD,Story21,2,RD_Story21_s2,K-1,21,21,spotted,spotted,11.056319236755371,11.056319236755371,0.0,-1.1920928955078125e-07
RD,Story21,2,RD_Story21_s2,K,22,22,some,the,10.728309631347656,0.7283096313476562,10.0,0.14554250240325928
RD,Story21,2,RD_Story21_s2,K+1,23,23,"eagle,","eagle,",11.91870403289795,3.1644973754882812,8.754206657409668,0.03860342502593994
RD,Story21,2,RD_Story21_s2,K+2,24,24,aimed,aimed,3.785607099533081,1.562454342842102,2.223152756690979,0.0039004087448120117
RD,Story21,2,RD_Story21_s2,K+3,25,25,"carefully,","carefully,",7.379855632781982,6.924934387207031,0.45492124557495117,0.006491541862487793
RD,Story21,2,RD_Story21_s2,K_END,33,33,mercy.,mercy.,13.564837455749512,14.77507209777832,-1.2102346420288086,0.00854867696762085
RD,Story21,3,RD_Story21_s3,K-3,39,39,he,he,0.32617297768592834,0.288164347410202,0.03800863027572632,0.006601989269256592
RD,Story21,3,RD_Story21_s3,K-2,40,40,looked,looked,8.260674476623535,7.930598258972168,0.3300762176513672,0.004327058792114258
RD,Story21,3,RD_Story21_s3,K-1,41,41,at,at,2.037994384765625,2.300386667251587,-0.2623922824859619,0.005668818950653076
RD,Story21,3,RD_Story21_s3,K,42,42,an,the,9.596460342407227,0.3224124610424042,9.274047881364822,0.16642576456069946
RD,Story21,3,RD_Story21_s3,K+1,43,43,arrow,arrow,1.3516969680786133,3.6372828483581543,-2.285585880279541,0.029110074043273926
RD,Story21,3,RD_Story21_s3,K+2,44,44,that,that,4.797740459442139,4.800941467285156,-0.003201007843017578,0.01375114917755127
RD,Story21,3,RD_Story21_s3,K+3,45,45,struck,struck,3.7117667198181152,4.465778827667236,-0.7540121078491211,0.018354058265686035
RD,Story21,3,RD_Story21_s3,K_END,57,57,wings.,wings.,3.16255521774292,3.3695743083953857,-0.20701909065246582,0.0056035518646240234
RD,Story21,4,RD_Story21_s4,K-3,59,59,hurts,hurts,11.34117317199707,11.303604125976562,0.03756904602050781,0.006035506725311279
RD,Story21,4,RD_Story21_s4,K-2,60,60,even,even,13.494068145751953,12.283672332763672,1.2103958129882812,0.00710374116897583
RD,Story21,4,RD_Story21_s4,K-1,61,61,"more,”","more,”",1.5849525928497314,1.0657076835632324,0.519244909286499,0.0018306970596313477
RD,Story21,4,RD_Story21_s4,K,62,62,she,he,5.774615287780762,1.691772222518921,4.082843065261841,0.09675717353820801
RD,Story21,4,RD_Story21_s4,K+1,63,63,"said,","said,",10.003061294555664,11.65041732788086,-1.6473560333251953,0.008497357368469238
RD,Story21,4,RD_Story21_s4,K+2,64,64,“to,“to,3.1410255432128906,3.212259292602539,-0.07123374938964844,0.011167526245117188
RD,Story21,4,RD_Story21_s4,K+3,65,65,be,be,7.159338474273682,6.40350341796875,0.7558350563049316,0.006098508834838867
RD,Story21,4,RD_Story21_s4,K_END,74,74,feathers.”,feathers.”,1.130416750907898,1.2332452535629272,-0.1028285026550293,0.009504735469818115
CD,Story3,3,CD_Story3_s3,K-3,43,43,only,only,4.7680745124816895,4.7680745124816895,0.0,-1.1920928955078125e-07
CD,Story3,3,CD_Story3_s3,K-2,44,44,provided,provided,2.3472158908843994,2.3472158908843994,0.0,0.0
CD,Story3,3,CD_Story3_s3,K-1,45,45,enough,enough,7.701702117919922,7.701702117919922,0.0,0.0
CD,Story3,3,CD_Story3_s3,K,46,46,light,space,5.850295543670654,3.4752955436706543,2.375,0.05084395408630371
CD,Story3,3,CD_Story3_s3,K+1,47,47,for,for,0.7260887622833252,0.2455042451620102,0.480584517121315,0.017964482307434082
CD,Story3,3,CD_Story3_s3,K+2,48,48,one,one,5.513354301452637,2.0239570140838623,3.4893972873687744,0.025598347187042236
CD,Story3,3,CD_Story3_s3,K+3,49,49,"person,","person,",3.0107836723327637,1.861008882522583,1.1497747898101807,0.0037990808486938477
CD,Story3,3,CD_Story3_s3,K_END,62,62,it.,it.,4.126269817352295,5.059335708618164,-0.9330658912658691,0.0006071925163269043
CD,Story3,4,CD_Story3_s4,K-3,72,72,"donkey,","donkey,",8.713059425354004,9.42697525024414,-0.7139158248901367,0.0002936720848083496
CD,Story3,4,CD_Story3_s4,K-2,73,73,not,not,0.4945564270019531,0.49738675355911255,-0.002830326557159424,0.0006342530250549316
CD,Story3,4,CD_Story3_s4,K-1,74,74,its,its,0.510359525680542,0.5237641334533691,-0.013404607772827148,0.0011764168739318848
CD,Story3,4,CD_Story3_s4,K,75,75,"answer,","shadow,",17.165454864501953,1.0344281196594238,16.13102674484253,0.025336265563964844
CD,Story3,4,CD_Story3_s4,K+1,76,76,speaking,speaking,14.23843002319336,15.146867752075195,-0.9084377288818359,0.027947723865509033
CD,Story3,4,CD_Story3_s4,K+2,77,77,in,in,2.8193178176879883,1.9261618852615356,0.8931559324264526,0.019042789936065674
CD,Story3,4,CD_Story3_s4,K+3,78,78,a,a,7.1680145263671875,7.409303188323975,-0.2412886619567871,0.006205201148986816
CD,Story3,4,CD_Story3_s4,K_END,85,85,serious.,serious.,9.682889938354492,9.641477584838867,0.041412353515625,0.003592550754547119
CD,Story3,6,CD_Story3_s6,K-3,111,111,and,and,9.063234329223633,9.019902229309082,0.04333209991455078,0.0001823902130126953
CD,Story3,6,CD_Story3_s6,K-2,112,112,amid,amid,9.367795944213867,9.353137969970703,0.014657974243164062,0.00010639429092407227
CD,Story3,6,CD_Story3_s6,K-1,113,113,the,the,2.550135612487793,2.660365581512451,-0.1102299690246582,0.0001456141471862793
CD,Story3,6,CD_Story3_s6,K,114,114,"rumors,","chaos,",27.951431274414062,4.966544151306152,22.98488712310791,0.019371747970581055
CD,Story3,6,CD_Story3_s6,K+1,115,115,the,the,11.030668258666992,9.789212226867676,1.2414560317993164,0.03141748905181885
CD,Story3,6,CD_Story3_s6,K+2,116,116,donkey,donkey,5.796675682067871,4.276605129241943,1.5200705528259277,0.01589411497116089
CD,Story3,6,CD_Story3_s6,K+3,117,117,took,took,5.090096473693848,4.676776885986328,0.41331958770751953,0.006006479263305664
CD,Story3,6,CD_Story3_s6,K_END,121,121,away.,away.,1.7590150833129883,1.783642053604126,-0.024626970291137695,0.001863718032836914
RD,Story3,2,RD_Story3_s2,K-3,20,20,sun,sun,10.758052825927734,10.758052825927734,0.0,0.0
RD,Story3,2,RD_Story3_s2,K-2,21,21,blazing,blazing,3.681394338607788,3.681394338607788,0.0,-1.1920928955078125e-07
RD,Story3,2,RD_Story3_s2,K-1,22,22,"down,","down,",2.711463451385498,2.711463451385498,0.0,5.960464477539063e-08
RD,Story3,2,RD_Story3_s2,K,23,23,a,the,20.050891876220703,10.425891876220703,9.625,0.1394525170326233
RD,Story3,2,RD_Story3_s2,K+1,24,24,traveler,traveler,10.778382301330566,4.598221778869629,6.1801605224609375,0.010799229145050049
RD,Story3,2,RD_Story3_s2,K+2,25,25,decided,decided,3.5568580627441406,3.1405301094055176,0.41632795333862305,0.0025316476821899414
RD,Story3,2,RD_Story3_s2,K+3,26,26,to,to,1.0121140480041504,1.0385651588439941,-0.02645111083984375,0.002637624740600586
RD,Story3,2,RD_Story3_s2,K_END,39,39,shadow.,shadow.,7.041136741638184,7.288361072540283,-0.2472243309020996,0.0013079047203063965
RD,Story3,3,RD_Story3_s3,K-3,59,59,the,the,1.7711635828018188,1.804418683052063,-0.03325510025024414,0.0002650022506713867
RD,Story3,3,RD_Story3_s3,K-2,60,60,right,right,10.144065856933594,10.247962951660156,-0.1038970947265625,0.0002447366714477539
RD,Story3,3,RD_Story3_s3,K-1,61,61,to,to,0.900246262550354,0.8931266069412231,0.007119655609130859,0.0001838207244873047
RD,Story3,3,RD_Story3_s3,K,62,62,her.,it.,12.945241928100586,5.059335708618164,7.885906219482422,0.0034322142601013184
RD,Story3,3,RD_Story3_s3,K_END,62,62,her.,it.,12.945241928100586,5.059335708618164,7.885906219482422,0.0034322142601013184
RD,Story3,4,RD_Story3_s4,K-3,64,64,owner,owner,0.2522796094417572,0.2510158121585846,0.0012637972831726074,0.0006988644599914551
RD,Story3,4,RD_Story3_s4,K-2,65,65,argued,argued,1.4797340631484985,1.3935819864273071,0.0861520767211914,0.0007598400115966797
RD,Story3,4,RD_Story3_s4,K-1,66,66,that,that,0.47400546073913574,0.5191057920455933,-0.04510033130645752,0.0005180835723876953
RD,Story3,4,RD_Story3_s4,K,67,67,they,he,3.5246691703796387,1.4508578777313232,2.0738112926483154,0.062140583992004395
RD,Story3,4,RD_Story3_s4,K+1,68,68,had,had,1.2362295389175415,0.635478138923645,0.6007513999938965,0.007308304309844971
RD,Story3,4,RD_Story3_s4,K+2,69,69,only,only,6.0327982902526855,6.51226806640625,-0.47946977615356445,0.0056781768798828125
RD,Story3,4,RD_Story3_s4,K+3,70,70,lent,lent,7.0253801345825195,5.177224636077881,1.8481554985046387,0.008628666400909424
RD,Story3,4,RD_Story3_s4,K_END,85,85,serious.,serious.,9.722174644470215,9.641477584838867,0.08069705963134766,0.00170058012008667
RD,Story3,5,RD_Story3_s5,K-3,98,98,had,had,1.3670235872268677,1.0247353315353394,0.3422882556915283,0.0007938742637634277
RD,Story3,5,RD_Story3_s5,K-2,99,99,also,also,1.3966021537780762,1.311833381652832,0.08476877212524414,0.0006131529808044434
RD,Story3,5,RD_Story3_s5,K-1,100,100,hired,hired,0.35647615790367126,0.2917677164077759,0.06470844149589539,0.0005412101745605469
RD,Story3,5,RD_Story3_s5,K,101,101,another,its,9.99246597290039,0.33279603719711304,9.659669935703278,0.07169520854949951
RD,Story3,5,RD_Story3_s5,K+1,102,102,shadow.,shadow.,8.510472297668457,2.4977529048919678,6.012719392776489,0.004449307918548584
RD,Story3,5,RD_Story3_s5,K_END,102,102,shadow.,shadow.,8.510472297668457,2.4977529048919678,6.012719392776489,0.004449307918548584
RD,Story3,6,RD_Story3_s6,K-3,112,112,amid,amid,9.540364265441895,9.353137969970703,0.1872262954711914,0.0003203153610229492
RD,Story3,6,RD_Story3_s6,K-2,113,113,the,the,2.7711446285247803,2.660365581512451,0.1107790470123291,0.0005080699920654297
RD,Story3,6,RD_Story3_s6,K-1,114,114,"chaos,","chaos,",4.718114376068115,4.966544151306152,-0.2484297752380371,0.000557243824005127
RD,Story3,6,RD_Story3_s6,K,115,115,a,the,15.625375747680664,9.789212226867676,5.836163520812988,0.11948573589324951
RD,Story3,6,RD_Story3_s6,K+1,116,116,donkey,donkey,10.164864540100098,4.276605129241943,5.888259410858154,0.05000948905944824
RD,Story3,6,RD_Story3_s6,K+2,117,117,took,took,5.8968658447265625,4.676776885986328,1.2200889587402344,0.009019732475280762
RD,Story3,6,RD_Story3_s6,K+3,118,118,off,off,1.7531499862670898,1.0948125123977661,0.6583374738693237,0.007623016834259033
RD,Story3,6,RD_Story3_s6,K_END,121,121,away.,away.,1.7886319160461426,1.783642053604126,0.0049898624420166016,0.0029549002647399902
CD,Story4,2,CD_Story4_s2,K-3,45,45,the,the,0.6246718168258667,0.6246718168258667,0.0,0.0
CD,Story4,2,CD_Story4_s2,K-2,46,46,heart,heart,4.181331157684326,4.181331157684326,0.0,-1.1920928955078125e-07
CD,Story4,2,CD_Story4_s2,K-1,47,47,of,of,0.03438480943441391,0.03438480943441391,0.0,0.0
CD,Story4,2,CD_Story4_s2,K,48,48,a,"battle,",6.1709136962890625,7.915525913238525,-1.744612216949463,0.4350675940513611
CD,Story4,2,CD_Story4_s2,K,49,48,"jar,","battle,",20.043731689453125,7.915525913238525,12.1282057762146,0.03231161832809448
CD,Story4,2,CD_Story4_s2,K+1,50,49,while,while,1.8562134504318237,1.2770987749099731,0.5791146755218506,0.00511699914932251
CD,Story4,2,CD_Story4_s2,K+2,51,50,the,the,0.8630928993225098,0.5510715246200562,0.3120213747024536,0.004491865634918213
CD,Story4,2,CD_Story4_s2,K+3,52,51,donkey,donkey,8.452486038208008,8.35300064086914,0.09948539733886719,0.0057070255279541016
CD,Story4,2,CD_Story4_s2,K_END,54,53,behind.,behind.,5.534891605377197,5.874063968658447,-0.33917236328125,0.002542257308959961
CD,Story4,3,CD_Story4_s3,K-3,62,61,dead,dead,3.5548839569091797,3.7323594093322754,-0.1774754524230957,0.0013387203216552734
CD,Story4,3,CD_Story4_s3,K-2,63,62,on,on,2.400622606277466,2.480661153793335,-0.08003854751586914,0.0016402006149291992
CD,Story4,3,CD_Story4_s3,K-1,64,63,the,the,0.24140843749046326,0.22022123634815216,0.021187201142311096,0.005754292011260986
CD,Story4,3,CD_Story4_s3,K,65,64,"plate,","battlefield,",13.994301795959473,2.1200077533721924,11.87429404258728,0.006553173065185547
CD,Story4,3,CD_Story4_s3,K+1,66,65,tragically.,tragically.,14.425313949584961,15.060752868652344,-0.6354389190673828,0.006270945072174072
CD,Story4,3,CD_Story4_s3,K_END,66,65,tragically.,tragically.,14.425313949584961,15.060752868652344,-0.6354389190673828,0.006270945072174072
RD,Story4,1,RD_Story4_s1,K-3,23,23,work,work,1.2368687391281128,1.2368687391281128,0.0,0.0
RD,Story4,1,RD_Story4_s1,K-2,24,24,hard,hard,0.8763750791549683,0.8763750791549683,0.0,5.960464477539063e-08
RD,Story4,1,RD_Story4_s1,K-1,25,25,for,for,2.5840907096862793,2.5840907096862793,0.0,0.0
RD,Story4,1,RD_Story4_s1,K,26,26,her.,it.,14.376256942749023,4.39491605758667,9.981340885162354,0.0020847320556640625
RD,Story4,1,RD_Story4_s1,K_END,26,26,her.,it.,14.376256942749023,4.39491605758667,9.981340885162354,0.0020847320556640625
RD,Story4,2,RD_Story4_s2,K-3,36,36,the,the,1.8779065608978271,1.7772091627120972,0.10069739818572998,0.0003470182418823242
RD,Story4,2,RD_Story4_s2,K-2,37,37,teeth,teeth,8.71623420715332,8.562771797180176,0.15346240997314453,0.0008398890495300293
RD,Story4,2,RD_Story4_s2,K-1,38,38,mounted,mounted,4.6565446853637695,4.022952079772949,0.6335926055908203,0.0004813075065612793
RD,Story4,2,RD_Story4_s2,K,39,39,a,the,4.910800933837891,0.49054282903671265,4.420258104801178,0.14707112312316895
RD,Story4,2,RD_Story4_s2,K+1,40,40,horse,horse,4.529440879821777,0.40694165229797363,4.122499227523804,0.008260250091552734
RD,Story4,2,RD_Story4_s2,K+2,41,41,and,and,0.32489168643951416,0.41852977871894836,-0.0936380922794342,0.008565068244934082
RD,Story4,2,RD_Story4_s2,K+3,42,42,charged,charged,3.795811176300049,5.160577297210693,-1.3647661209106445,0.006260097026824951
RD,Story4,2,RD_Story4_s2,K_END,53,53,behind.,behind.,5.851121425628662,5.874063968658447,-0.022942543029785156,0.0030603408813476562
RD,Story4,3,RD_Story4_s3,K-3,60,60,fell,fell,3.4638102054595947,3.8451015949249268,-0.38129138946533203,0.0004354715347290039
RD,Story4,3,RD_Story4_s3,K-2,61,61,dead,dead,3.240429401397705,3.7323594093322754,-0.4919300079345703,0.000489354133605957
RD,Story4,3,RD_Story4_s3,K-1,62,62,on,on,2.683110475540161,2.480661153793335,0.20244932174682617,0.0012261271476745605
RD,Story4,3,RD_Story4_s3,K,63,63,a,the,9.753861427307129,0.22022123634815216,9.533640190958977,0.16547101736068726
RD,Story4,3,RD_Story4_s3,K+1,64,64,"battlefield,","battlefield,",12.214428901672363,2.1200077533721924,10.094421148300171,0.002984762191772461
RD,Story4,3,RD_Story4_s3,K+2,65,65,tragically.,tragically.,15.211660385131836,15.060752868652344,0.1509075164794922,0.0023728609085083008
RD,Story4,3,RD_Story4_s3,K_END,65,65,tragically.,tragically.,15.211660385131836,15.060752868652344,0.1509075164794922,0.0023728609085083008
RD,Story4,4,RD_Story4_s4,K-3,68,68,the,the,8.43533706665039,8.524362564086914,-0.08902549743652344,0.0009503960609436035
RD,Story4,4,RD_Story4_s4,K-2,69,69,donkey,donkey,6.6902289390563965,6.545889377593994,0.14433956146240234,0.0005960464477539062
RD,Story4,4,RD_Story4_s4,K-1,70,70,changed,changed,7.473944664001465,7.094764709472656,0.3791799545288086,0.001208484172821045
RD,Story4,4,RD_Story4_s4,K,71,71,their,his,6.772945404052734,0.8980998992919922,5.874845504760742,0.028619825839996338
RD,Story4,4,RD_Story4_s4,K+1,72,72,mind,mind,1.4434010982513428,1.0931663513183594,0.3502347469329834,0.00681537389755249
RD,Story4,4,RD_Story4_s4,K+2,73,73,and,and,0.9598203897476196,0.8254382610321045,0.13438212871551514,0.004526972770690918
RD,Story4,4,RD_Story4_s4,K+3,74,74,felt,felt,3.8589656352996826,4.388004302978516,-0.529038667678833,0.003956615924835205
RD,Story4,4,RD_Story4_s4,K_END,86,86,life.,life.,1.954311728477478,1.9528775215148926,0.0014342069625854492,0.00574260950088501
CD,Story5,3,CD_Story5_s3,K-3,39,39,they,they,4.587070465087891,4.587070465087891,0.0,5.960464477539063e-08
CD,Story5,3,CD_Story5_s3,K-2,40,40,were,were,0.6132634878158569,0.6132634878158569,0.0,5.960464477539063e-08
CD,Story5,3,CD_Story5_s3,K-1,41,41,showing,showing,9.04417610168457,9.04417610168457,0.0,5.960464477539063e-08
CD,Story5,3,CD_Story5_s3,K,42,42,their,respect,2.1170766353607178,1.2420766353607178,0.875,0.16704529523849487
CD,Story5,3,CD_Story5_s3,K,43,42,expertise,respect,12.692278861999512,1.2420766353607178,11.450202226638794,0.06818443536758423
CD,Story5,3,CD_Story5_s3,K+1,44,43,to,to,10.021513938903809,0.6055813431739807,9.415932595729828,0.11291700601577759
CD,Story5,3,CD_Story5_s3,K+2,45,44,"him,","him,",2.27915358543396,0.8316009044647217,1.4475526809692383,0.01424342393875122
CD,Story5,3,CD_Story5_s3,K+3,46,45,became,became,6.830524444580078,6.0662384033203125,0.7642860412597656,0.009887158870697021
CD,Story5,3,CD_Story5_s3,K_END,56,55,further.,further.,2.190580368041992,2.08781361579895,0.10276675224304199,0.0009077787399291992
CD,Story5,4,CD_Story5_s4,K-3,64,63,him,him,0.6910181045532227,0.5436348915100098,0.1473832130432129,0.0004577040672302246
CD,Story5,4,CD_Story5_s4,K-2,65,64,with,with,0.9517198801040649,0.8444304466247559,0.10728943347930908,0.00030678510665893555
CD,Story5,4,CD_Story5_s4,K-1,66,65,his,his,4.684872627258301,4.757786273956299,-0.07291364669799805,0.0004075169563293457
CD,Story5,4,CD_Story5_s4,K,67,66,memory,whip,15.057701110839844,0.6194280982017517,14.438273012638092,0.08168762922286987
CD,Story5,4,CD_Story5_s4,K+1,68,67,and,and,2.3347792625427246,1.657941460609436,0.6768378019332886,0.011996865272521973
CD,Story5,4,CD_Story5_s4,K+2,69,68,"said,","said,",7.5642499923706055,6.9331512451171875,0.631098747253418,0.001797020435333252
CD,Story5,4,CD_Story5_s4,K+3,70,69,"""You","""You",11.79837417602539,11.414546966552734,0.38382720947265625,0.006868124008178711
CD,Story5,4,CD_Story5_s4,K_END,72,71,animal!,animal!,3.481489896774292,2.556550979614258,0.9249389171600342,0.0030394792556762695
RD,Story5,2,RD_Story5_s2,K-3,31,31,in,in,3.3618216514587402,3.3618216514587402,0.0,5.960464477539063e-08
RD,Story5,2,RD_Story5_s2,K-2,32,32,reverence,reverence,4.491517543792725,4.491517543792725,0.0,0.0
RD,Story5,2,RD_Story5_s2,K-1,33,33,to,to,6.2329254150390625,6.2329254150390625,0.0,5.960464477539063e-08
RD,Story5,2,RD_Story5_s2,K,34,34,a,the,10.106649398803711,0.9816495180130005,9.12499988079071,0.14136362075805664
RD,Story5,2,RD_Story5_s2,K+1,35,35,statue.,statue.,13.178579330444336,8.949663162231445,4.228916168212891,0.002924323081970215
RD,Story5,2,RD_Story5_s2,K_END,35,35,statue.,statue.,13.178579330444336,8.949663162231445,4.228916168212891,0.002924323081970215
RD,Story5,3,RD_Story5_s3,K-3,41,41,showing,showing,9.40832233428955,9.04417610168457,0.36414623260498047,0.0011064410209655762
RD,Story5,3,RD_Story5_s3,K-2,42,42,respect,respect,1.1549501419067383,1.2420766353607178,-0.08712649345397949,0.0014835000038146973
RD,Story5,3,RD_Story5_s3,K-1,43,43,to,to,0.5603031516075134,0.6055813431739807,-0.045278191566467285,0.003183603286743164
RD,Story5,3,RD_Story5_s3,K,44,44,"them,","him,",9.662734031677246,0.8316009044647217,8.831133127212524,0.008886873722076416
RD,Story5,3,RD_Story5_s3,K+1,45,45,became,became,5.548299312591553,6.0662384033203125,-0.5179390907287598,0.004563271999359131
RD,Story5,3,RD_Story5_s3,K+2,46,46,"proud,","proud,",5.52121114730835,4.866145610809326,0.6550655364990234,0.001183629035949707
RD,Story5,3,RD_Story5_s3,K+3,47,47,puffed,puffed,18.902313232421875,18.94386863708496,-0.04155540466308594,0.0006772875785827637
RD,Story5,3,RD_Story5_s3,K_END,55,55,further.,further.,2.0102386474609375,2.08781361579895,-0.0775749683380127,0.0004788637161254883
RD,Story5,4,RD_Story5_s4,K-1,56,56,Seeing,Seeing,8.918655395507812,8.890281677246094,0.02837371826171875,0.0003260374069213867
RD,Story5,4,RD_Story5_s4,K,57,57,some,the,11.496688842773438,2.3316969871520996,9.164991855621338,0.0799221396446228
RD,Story5,4,RD_Story5_s4,K+1,58,58,donkey,donkey,15.630268096923828,6.554818630218506,9.075449466705322,0.14644956588745117
RD,Story5,4,RD_Story5_s4,K+2,59,59,"stop,","stop,",14.035008430480957,4.677976131439209,9.357032299041748,0.028444409370422363
RD,Story5,4,RD_Story5_s4,K+3,60,60,the,the,12.168327331542969,9.883788108825684,2.284539222717285,0.012930572032928467
RD,Story5,4,RD_Story5_s4,K_END,71,71,animal!,animal!,2.680108070373535,2.556550979614258,0.12355709075927734,0.0016468167304992676
RD,Story5,5,RD_Story5_s5,K-2,72,72,It’s,It’s,9.898326873779297,10.236248016357422,-0.337921142578125,0.010162174701690674
RD,Story5,5,RD_Story5_s5,K-1,73,73,not,not,0.8208998441696167,0.31147289276123047,0.5094269514083862,0.009639382362365723
RD,Story5,5,RD_Story5_s5,K,74,74,her,you,9.511402130126953,0.6423376202583313,8.869064509868622,0.1500868797302246
RD,Story5,5,RD_Story5_s5,K+1,75,75,they,they,10.348989486694336,1.6769875288009644,8.672001957893372,0.010593593120574951
RD,Story5,5,RD_Story5_s5,K+2,76,76,are,are,1.5466891527175903,1.84733247756958,-0.30064332485198975,0.006641209125518799
RD,Story5,5,RD_Story5_s5,K+3,77,77,bowing,bowing,1.2948462963104248,1.6298773288726807,-0.33503103256225586,0.01051706075668335
RD,Story5,5,RD_Story5_s5,K_END,83,83,donkey.,donkey.,11.4523344039917,11.127517700195312,0.3248167037963867,0.0016486048698425293
CD,Story6,2,CD_Story6_s2,K-3,18,18,blew,blew,3.1805992126464844,3.1805992126464844,0.0,-1.1920928955078125e-07
CD,Story6,2,CD_Story6_s2,K-2,19,19,off,off,1.410041093826294,1.410041093826294,0.0,0.0
CD,Story6,2,CD_Story6_s2,K-3,20,20,his,his,0.4514683485031128,0.4514683485031128,0.0,0.0
CD,Story6,2,CD_Story6_s2,K-1,20,20,his,his,0.4514683485031128,0.4514683485031128,0.0,0.0
CD,Story6,2,CD_Story6_s2,K-2,21,21,wig,hat,0.019316069781780243,7.14431619644165,-7.12500012665987,0.010729193687438965
CD,Story6,2,CD_Story6_s2,K,21,21,wig,hat,0.019316069781780243,7.14431619644165,-7.12500012665987,0.010729193687438965
CD,Story6,2,CD_Story6_s2,K-1,22,22,and,and,1.9932339191436768,2.555912733078003,-0.5626788139343262,0.007427990436553955
CD,Story6,2,CD_Story6_s2,K+1,22,22,and,and,1.9932339191436768,2.555912733078003,-0.5626788139343262,0.007427990436553955
CD,Story6,2,CD_Story6_s2,K,23,23,"hand,","wig,",16.275558471679688,13.196690559387207,3.0788679122924805,0.042828500270843506
CD,Story6,2,CD_Story6_s2,K+2,23,23,"hand,","wig,",16.275558471679688,13.196690559387207,3.0788679122924805,0.042828500270843506
CD,Story6,2,CD_Story6_s2,K+1,24,24,causing,causing,5.0157084465026855,3.404228448867798,1.6114799976348877,0.00880730152130127
CD,Story6,2,CD_Story6_s2,K+3,24,24,causing,causing,5.0157084465026855,3.404228448867798,1.6114799976348877,0.00880730152130127
CD,Story6,2,CD_Story6_s2,K+2,25,25,his,his,3.2805707454681396,2.7392172813415527,0.5413534641265869,0.012006759643554688
CD,Story6,2,CD_Story6_s2,K+3,26,26,companions,companions,5.24375057220459,4.978911876678467,0.26483869552612305,0.001737356185913086
CD,Story6,2,CD_Story6_s2,K_END,30,30,laughter.,laughter.,5.285378932952881,5.3830156326293945,-0.09763669967651367,0.0020595788955688477
CD,Story6,3,CD_Story6_s3,K-3,58,58,the,the,2.9544577598571777,3.113499164581299,-0.1590414047241211,0.0021471381187438965
CD,Story6,3,CD_Story6_s3,K-2,59,59,man,man,15.54527473449707,14.970202445983887,0.5750722885131836,0.0011076927185058594
CD,Story6,3,CD_Story6_s3,K-1,60,60,whose,whose,3.8871030807495117,4.0178728103637695,-0.1307697296142578,0.0013242363929748535
CD,Story6,3,CD_Story6_s3,K,61,61,pocket,head,11.350656509399414,1.4411661624908447,9.90949034690857,0.021512269973754883
CD,Story6,3,CD_Story6_s3,K+1,62,62,they,they,0.4071156680583954,0.2730482518672943,0.13406741619110107,0.02928471565246582
CD,Story6,3,CD_Story6_s3,K+2,63,63,originally,originally,3.984041690826416,2.835452079772949,1.1485896110534668,0.03314095735549927
CD,Story6,3,CD_Story6_s3,K+3,64,64,belonged,belonged,3.0970075130462646,1.5910749435424805,1.5059325695037842,0.0036849379539489746
CD,Story6,3,CD_Story6_s3,K_END,65,65,"to?""","to?""",1.5365855693817139,1.5470088720321655,-0.01042330265045166,0.001178145408630371
RD,Story6,2,RD_Story6_s2,K-3,22,22,and,and,2.555912733078003,2.555912733078003,0.0,5.960464477539063e-08
RD,Story6,2,RD_Story6_s2,K-2,23,23,"wig,","wig,",13.196690559387207,13.196690559387207,0.0,0.0
RD,Story6,2,RD_Story6_s2,K-1,24,24,causing,causing,3.404228448867798,3.404228448867798,0.0,-1.1920928955078125e-07
RD,Story6,2,RD_Story6_s2,K,25,25,her,his,6.364217281341553,2.7392172813415527,3.625,0.11653697490692139
RD,Story6,2,RD_Story6_s2,K+1,26,26,companions,companions,12.426151275634766,4.978911876678467,7.447239398956299,0.0018346309661865234
RD,Story6,2,RD_Story6_s2,K+2,27,27,to,to,10.61977481842041,11.155820846557617,-0.536046028137207,0.0007299184799194336
RD,Story6,2,RD_Story6_s2,K+3,28,28,burst,burst,4.877686500549316,4.779329776763916,0.09835672378540039,0.00027108192443847656
RD,Story6,2,RD_Story6_s2,K_END,30,30,laughter.,laughter.,5.549840927124023,5.3830156326293945,0.1668252944946289,0.0026306509971618652
RD,Story6,3,RD_Story6_s3,K-1,31,31,Stopping,Stopping,12.041522026062012,11.493391036987305,0.548130989074707,0.001055300235748291
RD,Story6,3,RD_Story6_s3,K,32,32,a,his,7.270015716552734,2.6152725219726562,4.654743194580078,0.3128553628921509
RD,Story6,3,RD_Story6_s3,K+1,33,33,"horse,","horse,",12.257137298583984,1.9223625659942627,10.334774732589722,0.007141709327697754
RD,Story6,3,RD_Story6_s3,K+2,34,34,he,he,1.0938235521316528,0.9146562218666077,0.17916733026504517,0.00526350736618042
RD,Story6,3,RD_Story6_s3,K+3,35,35,laughed,laughed,17.174837112426758,15.840599060058594,1.334238052368164,0.004109382629394531
RD,Story6,3,RD_Story6_s3,K-3,52,52,leave,leave,6.294714450836182,6.539013385772705,-0.24429893493652344,0.0008337497711181641
RD,Story6,3,RD_Story6_s3,K-2,53,53,me,me,6.844391345977783,6.710565567016602,0.13382577896118164,0.0014570355415344238
RD,Story6,3,RD_Story6_s3,K-1,54,54,when,when,8.07512378692627,8.17343521118164,-0.0983114242553711,0.0005438923835754395
RD,Story6,3,RD_Story6_s3,K,55,55,she,they,11.98305892944336,7.000204086303711,4.982854843139648,0.13510149717330933
RD,Story6,3,RD_Story6_s3,K+1,56,56,already,already,7.167128562927246,6.837944030761719,0.32918453216552734,0.03259319067001343
RD,Story6,3,RD_Story6_s3,K+2,57,57,abandoned,abandoned,6.718725204467773,9.27922248840332,-2.560497283935547,0.018516600131988525
RD,Story6,3,RD_Story6_s3,K+3,58,58,the,the,4.498251914978027,3.113499164581299,1.3847527503967285,0.022327840328216553
RD,Story6,3,RD_Story6_s3,K_END,65,65,"to?""","to?""",1.4973907470703125,1.5470088720321655,-0.04961812496185303,0.0030708909034729004
CD,Story7,2,CD_Story7_s2,K-3,21,21,with,with,1.6006765365600586,1.6006765365600586,0.0,5.960464477539063e-08
CD,Story7,2,CD_Story7_s2,K-2,22,22,a,a,1.6792728900909424,1.6792728900909424,0.0,0.0
CD,Story7,2,CD_Story7_s2,K-1,23,23,hard,hard,9.8817138671875,9.8817138671875,0.0,5.960464477539063e-08
CD,Story7,2,CD_Story7_s2,K,24,24,feather,slap,8.434468269348145,8.220427513122559,0.21404075622558594,0.05731463432312012
CD,Story7,2,CD_Story7_s2,K+1,25,25,but,but,2.2671313285827637,2.979539632797241,-0.7124083042144775,0.003323197364807129
CD,Story7,2,CD_Story7_s2,K+2,26,26,ended,ended,6.710588455200195,5.492772102355957,1.2178163528442383,0.0019596219062805176
CD,Story7,2,CD_Story7_s2,K+3,27,27,up,up,0.160810649394989,0.14695529639720917,0.013855352997779846,0.007294058799743652
CD,Story7,2,CD_Story7_s2,K_END,30,30,instead.,instead.,5.010419845581055,4.604907989501953,0.40551185607910156,0.0016242265701293945
CD,Story7,3,CD_Story7_s3,K-3,39,39,wanted,wanted,5.881120204925537,5.927180290222168,-0.04606008529663086,0.0049266815185546875
CD,Story7,3,CD_Story7_s3,K-2,40,40,to,to,1.8124778270721436,2.081284999847412,-0.26880717277526855,0.004900872707366943
CD,Story7,3,CD_Story7_s3,K-1,41,41,take,take,12.779154777526855,13.15389633178711,-0.3747415542602539,0.0017924308776855469
CD,Story7,3,CD_Story7_s3,K,42,42,notes,revenge,14.256220817565918,11.781747817993164,2.474472999572754,0.034990131855010986
CD,Story7,3,CD_Story7_s3,K+1,43,43,on,on,1.9935195446014404,1.1313810348510742,0.8621385097503662,0.04894214868545532
CD,Story7,3,CD_Story7_s3,K+2,44,44,a,a,7.389142990112305,7.589147567749023,-0.20000457763671875,0.06130582094192505
CD,Story7,3,CD_Story7_s3,K+3,45,45,tiny,tiny,17.46375846862793,12.342766761779785,5.1209917068481445,0.04272913932800293
CD,Story7,3,CD_Story7_s3,K_END,71,71,harm.,harm.,4.711589336395264,4.553818225860596,0.15777111053466797,0.003415346145629883
CD,Story7,4,CD_Story7_s4,K-3,78,78,that,that,5.5738205909729,5.203963279724121,0.3698573112487793,0.002106964588165283
CD,Story7,4,CD_Story7_s4,K-2,79,79,enjoys,enjoys,7.266995906829834,7.110988616943359,0.1560072898864746,0.0012241601943969727
CD,Story7,4,CD_Story7_s4,K-1,80,80,biting,biting,1.140412449836731,1.2257308959960938,-0.08531844615936279,0.001246809959411621
CD,Story7,4,CD_Story7_s4,K,81,81,"dreams,","people,",16.618885040283203,1.6200919151306152,14.998793125152588,0.007317543029785156
CD,Story7,4,CD_Story7_s4,K+1,82,82,I,I,15.070379257202148,15.973560333251953,-0.9031810760498047,0.002450883388519287
CD,Story7,4,CD_Story7_s4,K+2,83,83,wish,wish,5.649260997772217,5.712130546569824,-0.06286954879760742,0.0016137957572937012
CD,Story7,4,CD_Story7_s4,K+3,84,84,I,I,0.7657918930053711,0.7254788875579834,0.040313005447387695,0.001587510108947754
CD,Story7,4,CD_Story7_s4,K_END,95,95,"pain.""","pain.""",3.199282169342041,2.7159781455993652,0.4833040237426758,0.0016601085662841797
RD,Story7,3,RD_Story7_s3,K,31,31,A,The,19.290546417236328,13.665546417236328,5.625,0.13039344549179077
RD,Story7,3,RD_Story7_s3,K+1,32,32,"fly,","fly,",8.652009010314941,3.1353704929351807,5.516638517379761,0.052841901779174805
RD,Story7,3,RD_Story7_s3,K+2,33,33,having,having,10.687607765197754,9.994864463806152,0.6927433013916016,0.01185518503189087
RD,Story7,3,RD_Story7_s3,K+3,34,34,"escaped,","escaped,",7.273115158081055,4.599794864654541,2.6733202934265137,0.005425095558166504
RD,Story7,3,RD_Story7_s3,K-3,45,45,tiny,tiny,12.271724700927734,12.342766761779785,-0.07104206085205078,0.0009064078330993652
RD,Story7,3,RD_Story7_s3,K-2,46,46,insect,insect,3.211514472961426,3.4521632194519043,-0.24064874649047852,0.0003497004508972168
RD,Story7,3,RD_Story7_s3,K-1,47,47,like,like,3.592528820037842,3.50373911857605,0.08878970146179199,0.0010502934455871582
RD,Story7,3,RD_Story7_s3,K,48,48,"them,","me,",10.731234550476074,8.236271858215332,2.494962692260742,0.0037667155265808105
RD,Story7,3,RD_Story7_s3,K+1,49,49,and,and,11.478862762451172,11.754135131835938,-0.2752723693847656,0.0026625990867614746
RD,Story7,3,RD_Story7_s3,K+2,50,50,look—you’ve,look—you’ve,19.03326988220215,18.64510726928711,0.38816261291503906,0.0007387399673461914
RD,Story7,3,RD_Story7_s3,K+3,51,51,only,only,3.745967388153076,3.1867594718933105,0.5592079162597656,0.0007687807083129883
RD,Story7,3,RD_Story7_s3,K-3,52,52,hurt,hurt,1.471415400505066,1.4420669078826904,0.02934849262237549,0.0013391375541687012
RD,Story7,3,RD_Story7_s3,K-2,53,53,yourself,yourself,0.36760222911834717,0.3403662443161011,0.027235984802246094,0.0008508563041687012
RD,Story7,3,RD_Story7_s3,K-1,54,54,"instead!""","instead!""",6.479173183441162,6.138584136962891,0.3405890464782715,0.001858532428741455
RD,Story7,3,RD_Story7_s3,K,55,55,A,The,4.56796932220459,1.3159226179122925,3.2520467042922974,0.12125188112258911
RD,Story7,3,RD_Story7_s3,K+1,56,56,bald,bald,13.490617752075195,3.8076674938201904,9.682950258255005,0.027619004249572754
RD,Story7,3,RD_Story7_s3,K+2,57,57,man,man,0.7259314060211182,0.5601977705955505,0.16573363542556763,0.041146039962768555
RD,Story7,3,RD_Story7_s3,K+3,58,58,"replied,","replied,",6.1312103271484375,5.076515197753906,1.0546951293945312,0.008458077907562256
RD,Story7,3,RD_Story7_s3,K_END,71,71,harm.,harm.,4.60797643661499,4.553818225860596,0.05415821075439453,0.0038248300552368164
RD,Story7,4,RD_Story7_s4,K-3,85,85,could,could,0.4002334177494049,0.5128961205482483,-0.11266270279884338,0.0011926889419555664
RD,Story7,4,RD_Story7_s4,K-2,86,86,have,have,4.458492279052734,4.2742919921875,0.18420028686523438,0.0009517073631286621
RD,Story7,4,RD_Story7_s4,K-1,87,87,killed,killed,2.2182207107543945,2.1515750885009766,0.06664562225341797,0.0005919337272644043
RD,Story7,4,RD_Story7_s4,K,88,88,"her,","you,",12.983245849609375,4.304749488830566,8.678496360778809,0.006468355655670166
RD,Story7,4,RD_Story7_s4,K+1,89,89,even,even,2.0834054946899414,1.4862351417541504,0.597170352935791,0.0029999613761901855
RD,Story7,4,RD_Story7_s4,K+2,90,90,if,if,0.4725174903869629,0.3757609724998474,0.09675651788711548,0.006702423095703125
RD,Story7,4,RD_Story7_s4,K+3,91,91,it,it,1.0521442890167236,1.1102406978607178,-0.05809640884399414,0.0013521909713745117
RD,Story7,4,RD_Story7_s4,K_END,95,95,"pain.""","pain.""",3.1177449226379395,2.7159781455993652,0.4017667770385742,0.00343167781829834
CD,Story8,2,CD_Story8_s2,K-3,20,20,couldn’t,couldn’t,8.709409713745117,8.709409713745117,0.0,-1.1920928955078125e-07
CD,Story8,2,CD_Story8_s2,K-2,21,21,decide,decide,3.2074992656707764,3.2074992656707764,0.0,5.960464477539063e-08
CD,Story8,2,CD_Story8_s2,K-1,22,22,which,which,1.6713364124298096,1.6713364124298096,0.0,-1.1920928955078125e-07
CD,Story8,2,CD_Story8_s2,K,23,23,page,side,11.400757789611816,0.15075816214084625,11.24999962747097,0.0494685173034668
CD,Story8,2,CD_Story8_s2,K+1,24,24,to,to,11.280577659606934,8.677536010742188,2.603041648864746,0.06763666868209839
CD,Story8,2,CD_Story8_s2,K+2,25,25,join.,join.,6.037228584289551,1.964767575263977,4.072461009025574,0.0035718679428100586
CD,Story8,2,CD_Story8_s2,K_END,25,25,join.,join.,6.037228584289551,1.964767575263977,4.072461009025574,0.0035718679428100586
CD,Story8,3,CD_Story8_s3,K-3,59,59,"declared,","declared,",7.778299808502197,7.91769552230835,-0.13939571380615234,0.0010111331939697266
CD,Story8,3,CD_Story8_s3,K-2,60,60,and,and,10.096529960632324,10.54556655883789,-0.4490365982055664,0.0012726783752441406
CD,Story8,3,CD_Story8_s3,K-1,61,61,no,no,3.3555636405944824,2.986233949661255,0.36932969093322754,0.001121222972869873
CD,Story8,3,CD_Story8_s3,K,62,62,leakage,battle,21.196693420410156,6.734896183013916,14.46179723739624,0.05454814434051514
CD,Story8,3,CD_Story8_s3,K+1,63,63,occurred.,occurred.,2.315943956375122,2.9405574798583984,-0.6246135234832764,0.012815117835998535
CD,Story8,3,CD_Story8_s3,K_END,63,63,occurred.,occurred.,2.315943956375122,2.9405574798583984,-0.6246135234832764,0.012815117835998535
CD,Story8,6,CD_Story8_s6,K-3,92,92,Reflecting,Reflecting,6.618590354919434,6.495067119598389,0.12352323532104492,0.000831305980682373
CD,Story8,6,CD_Story8_s6,K-2,93,93,on,on,0.7279883623123169,0.652592122554779,0.07539623975753784,0.0012941360473632812
CD,Story8,6,CD_Story8_s6,K-1,94,94,his,his,1.5281789302825928,1.215977430343628,0.31220149993896484,0.002010643482208252
CD,Story8,6,CD_Story8_s6,K,95,95,"sneeze,","situation,",26.374685287475586,6.732345104217529,19.642340183258057,0.010296165943145752
CD,Story8,6,CD_Story8_s6,K+1,96,96,the,the,12.914132118225098,11.086163520812988,1.8279685974121094,0.008547723293304443
CD,Story8,6,CD_Story8_s6,K+2,97,97,Bat,Bat,0.13403011858463287,0.08965390175580978,0.04437621682882309,0.00848156213760376
CD,Story8,6,CD_Story8_s6,K+3,98,98,"said,","said,",6.854620456695557,5.851647853851318,1.0029726028442383,0.0044234395027160645
CD,Story8,6,CD_Story8_s6,K_END,114,114,friends.’”,friends.’”,5.619625091552734,5.031887054443359,0.587738037109375,0.0019120573997497559
RD,Story8,2,RD_Story8_s2,K-1,14,14,When,When,13.134862899780273,13.134862899780273,0.0,5.960464477539063e-08
RD,Story8,2,RD_Story8_s2,K,15,15,some,the,9.077686309814453,3.452686071395874,5.625000238418579,0.06106865406036377
RD,Story8,2,RD_Story8_s2,K+1,16,16,armies,armies,10.130756378173828,12.831048011779785,-2.700291633605957,0.03066575527191162
RD,Story8,2,RD_Story8_s2,K+2,17,17,"gathered,","gathered,",8.237357139587402,4.791925430297852,3.445431709289551,0.008869469165802002
RD,Story8,2,RD_Story8_s2,K+3,18,18,the,the,11.7951021194458,11.35132122039795,0.44378089904785156,0.005997657775878906
RD,Story8,2,RD_Story8_s2,K_END,25,25,join.,join.,2.1292965412139893,1.964767575263977,0.1645289659500122,0.0016309022903442383
RD,Story8,3,RD_Story8_s3,K-3,47,47,join,join,0.17296452820301056,0.1669335961341858,0.006030932068824768,0.0019332170486450195
RD,Story8,3,RD_Story8_s3,K-2,48,48,"them,","them,",2.9551687240600586,3.1133651733398438,-0.15819644927978516,0.0017426013946533203
RD,Story8,3,RD_Story8_s3,K-1,49,49,but,but,10.977744102478027,10.720512390136719,0.2572317123413086,0.0008044838905334473
RD,Story8,3,RD_Story8_s3,K,50,50,she,he,6.91597318649292,0.5729988217353821,6.342974364757538,0.04957699775695801
RD,Story8,3,RD_Story8_s3,K+1,51,51,"claimed,","claimed,",7.650252342224121,6.667206764221191,0.9830455780029297,0.005294620990753174
RD,Story8,3,RD_Story8_s3,K+2,52,52,“I,“I,6.761460304260254,6.759919166564941,0.0015411376953125,0.0016998648643493652
RD,Story8,3,RD_Story8_s3,K+3,53,53,am,am,0.10575047880411148,0.07163715362548828,0.0341133251786232,0.001838982105255127
RD,Story8,3,RD_Story8_s3,K_END,63,63,occurred.,occurred.,2.9821557998657227,2.9405574798583984,0.04159832000732422,0.0013931989669799805
RD,Story8,4,RD_Story8_s4,K-3,70,70,the,the,1.6545636653900146,1.6245834827423096,0.029980182647705078,0.0016464591026306152
RD,Story8,4,RD_Story8_s4,K-2,71,71,"Birds,","Birds,",3.085387706756592,3.0916924476623535,-0.006304740905761719,0.0010030865669250488
RD,Story8,4,RD_Story8_s4,K-1,72,72,but,but,9.87325382232666,9.942626953125,-0.06937313079833984,0.0011284947395324707
RD,Story8,4,RD_Story8_s4,K,73,73,he,they,3.2759652137756348,0.5338664054870605,2.742098808288574,0.11894434690475464
RD,Story8,4,RD_Story8_s4,K+1,74,74,rejected,rejected,13.611459732055664,3.90767765045166,9.703782081604004,0.027044594287872314
RD,Story8,4,RD_Story8_s4,K+2,75,75,"him,","him,",4.125217914581299,1.3705518245697021,2.7546660900115967,0.011696100234985352
RD,Story8,4,RD_Story8_s4,K+3,76,76,forcing,forcing,8.383339881896973,7.702095985412598,0.681243896484375,0.016633987426757812
RD,Story8,4,RD_Story8_s4,K_END,79,79,leave.,leave.,5.6160173416137695,5.104852199554443,0.5111651420593262,0.0048642754554748535
RD,Story8,5,RD_Story8_s5,K-3,86,86,turned,turned,2.7074999809265137,2.9498538970947266,-0.2423539161682129,0.0018344521522521973
RD,Story8,5,RD_Story8_s5,K-2,87,87,"hostile,","hostile,",11.73034381866455,11.053817749023438,0.6765260696411133,0.0025069117546081543
RD,Story8,5,RD_Story8_s5,K-1,88,88,and,and,8.84518051147461,8.887349128723145,-0.042168617248535156,0.002034425735473633
RD,Story8,5,RD_Story8_s5,K,89,89,she,he,6.5747575759887695,0.7620666027069092,5.81269097328186,0.007683396339416504
RD,Story8,5,RD_Story8_s5,K+1,90,90,barely,barely,8.029409408569336,7.850306034088135,0.17910337448120117,0.002377748489379883
RD,Story8,5,RD_Story8_s5,K+2,91,91,escaped.,escaped.,1.7596611976623535,1.628723382949829,0.13093781471252441,0.0038765668869018555
RD,Story8,5,RD_Story8_s5,K_END,91,91,escaped.,escaped.,1.7596611976623535,1.628723382949829,0.13093781471252441,0.0038765668869018555
RD,Story8,6,RD_Story8_s6,K-2,92,92,Reflecting,Reflecting,7.122086524963379,6.495067119598389,0.6270194053649902,0.0010905265808105469
RD,Story8,6,RD_Story8_s6,K-1,93,93,on,on,0.7056007385253906,0.652592122554779,0.05300861597061157,0.00228041410446167
RD,Story8,6,RD_Story8_s6,K,94,94,some,his,13.660301208496094,1.215977430343628,12.444323778152466,0.1524708867073059
RD,Story8,6,RD_Story8_s6,K+1,95,95,"situation,","situation,",20.455337524414062,6.732345104217529,13.722992420196533,0.04473501443862915
RD,Story8,6,RD_Story8_s6,K+2,96,96,the,the,11.7494478225708,11.086163520812988,0.6632843017578125,0.026684463024139404
RD,Story8,6,RD_Story8_s6,K+3,97,97,Bat,Bat,0.2154892235994339,0.08965390175580978,0.12583532184362411,0.00819551944732666
RD,Story8,6,RD_Story8_s6,K_END,114,114,friends.’”,friends.’”,4.756110191345215,5.031887054443359,-0.27577686309814453,0.0016146302223205566
CD,Story9,2,CD_Story9_s2,K-3,22,22,hid,hid,1.057580828666687,1.057580828666687,0.0,-1.1920928955078125e-07
CD,Story9,2,CD_Story9_s2,K-2,23,23,among,among,5.300986289978027,5.300986289978027,0.0,0.0
CD,Story9,2,CD_Story9_s2,K-1,24,24,the,the,0.7650426626205444,0.7650426626205444,0.0,5.960464477539063e-08
CD,Story9,2,CD_Story9_s2,K,25,25,"whispers,","branches,",24.200651168823242,3.039639711380005,21.161011457443237,0.007110595703125
CD,Story9,2,CD_Story9_s2,K+1,26,26,leaving,leaving,2.4040043354034424,2.8719401359558105,-0.46793580055236816,0.0014727115631103516
CD,Story9,2,CD_Story9_s2,K+2,27,27,the,the,0.9625115394592285,0.7966974377632141,0.1658141016960144,0.001311957836151123
CD,Story9,2,CD_Story9_s2,K+3,28,28,other,other,0.15198403596878052,0.12320204824209213,0.028781987726688385,0.0017033219337463379
CD,Story9,2,CD_Story9_s2,K_END,30,30,behind.,behind.,7.309436321258545,6.988777160644531,0.32065916061401367,0.0023874640464782715
CD,Story9,5,CD_Story9_s5,K-2,50,50,Holding,Holding,22.610992431640625,22.672191619873047,-0.061199188232421875,0.0005241632461547852
CD,Story9,5,CD_Story9_s5,K-1,51,51,his,his,0.8223596215248108,0.7602171301841736,0.06214249134063721,0.0006985068321228027
CD,Story9,5,CD_Story9_s5,K,52,52,"future,","breath,",19.546573638916016,1.050498127937317,18.4960755109787,0.029133915901184082
CD,Story9,5,CD_Story9_s5,K+1,53,53,the,the,13.456815719604492,11.801705360412598,1.6551103591918945,0.016218245029449463
CD,Story9,5,CD_Story9_s5,K+2,54,54,man,man,8.639442443847656,8.946113586425781,-0.306671142578125,0.02415311336517334
CD,Story9,5,CD_Story9_s5,K+3,55,55,pretended,pretended,4.2859063148498535,3.26405930519104,1.0218470096588135,0.01127701997756958
CD,Story9,5,CD_Story9_s5,K_END,66,66,corpses.,corpses.,9.49048137664795,9.386041641235352,0.10443973541259766,0.0038538575172424316
CD,Story9,8,CD_Story9_s8,K-3,113,113,in,in,1.2709418535232544,1.311503529548645,-0.040561676025390625,0.0007060766220092773
CD,Story9,8,CD_Story9_s8,K-2,114,114,times,times,7.3787689208984375,7.400180339813232,-0.021411418914794922,0.000503242015838623
CD,Story9,8,CD_Story9_s8,K-1,115,115,of,of,0.09832262992858887,0.09408452361822128,0.004238106310367584,0.0004929304122924805
CD,Story9,8,CD_Story9_s8,K,116,116,"prayer,","danger,",18.41500473022461,6.454729080200195,11.960275650024414,0.017826616764068604
CD,Story9,8,CD_Story9_s8,K+1,117,117,especially,especially,3.3769783973693848,2.534627676010132,0.8423507213592529,0.0045969486236572266
CD,Story9,8,CD_Story9_s8,K+2,118,118,without,without,5.589182376861572,5.389354228973389,0.1998281478881836,0.00827401876449585
CD,Story9,8,CD_Story9_s8,K+3,119,119,hesitation.”,hesitation.”,9.655649185180664,10.232621192932129,-0.5769720077514648,0.0012154579162597656
CD,Story9,8,CD_Story9_s8,K_END,119,119,hesitation.”,hesitation.”,9.655649185180664,10.232621192932129,-0.5769720077514648,0.0012154579162597656
RD,Story9,3,RD_Story9_s3,K-3,31,31,The,The,12.638871192932129,12.638871192932129,0.0,-1.1920928955078125e-07
RD,Story9,3,RD_Story9_s3,K-2,32,32,"other,","other,",7.630232810974121,7.630232810974121,0.0,0.0
RD,Story9,3,RD_Story9_s3,K-1,33,33,realizing,realizing,3.9273178577423096,3.9273178577423096,0.0,0.0
RD,Story9,3,RD_Story9_s3,K,34,34,it,he,4.336888313293457,2.211888313293457,2.125,0.09456795454025269
RD,Story9,3,RD_Story9_s3,K+1,35,35,couldn’t,couldn’t,4.889474868774414,3.2187633514404297,1.6707115173339844,0.005032837390899658
RD,Story9,3,RD_Story9_s3,K+2,36,36,"escape,","escape,",2.743722438812256,2.5768966674804688,0.1668257713317871,0.0008481740951538086
RD,Story9,3,RD_Story9_s3,K+3,37,37,lay,lay,4.546132564544678,4.459830284118652,0.08630228042602539,0.0006254315376281738
RD,Story9,3,RD_Story9_s3,K_END,41,41,ground.,ground.,5.5649824142456055,5.713868141174316,-0.14888572692871094,0.0006337165832519531
RD,Story9,5,RD_Story9_s5,K-3,50,50,Holding,Holding,21.408100128173828,22.672191619873047,-1.2640914916992188,0.0002974271774291992
RD,Story9,5,RD_Story9_s5,K-2,51,51,his,his,0.8201496601104736,0.7602171301841736,0.05993252992630005,0.0005081295967102051
RD,Story9,5,RD_Story9_s5,K-1,52,52,"breath,","breath,",1.0885968208312988,1.050498127937317,0.038098692893981934,0.0007753372192382812
RD,Story9,5,RD_Story9_s5,K,53,53,a,the,23.749675750732422,11.801705360412598,11.947970390319824,0.1985740065574646
RD,Story9,5,RD_Story9_s5,K+1,54,54,man,man,17.74066734313965,8.946113586425781,8.794553756713867,0.05141216516494751
RD,Story9,5,RD_Story9_s5,K+2,55,55,pretended,pretended,7.003026008605957,3.26405930519104,3.738966703414917,0.007236778736114502
RD,Story9,5,RD_Story9_s5,K+3,56,56,to,to,1.4367022514343262,1.1525824069976807,0.2841198444366455,0.012182056903839111
RD,Story9,5,RD_Story9_s5,K_END,66,66,corpses.,corpses.,9.58901596069336,9.386041641235352,0.2029743194580078,0.003962457180023193
RD,Story9,6,RD_Story9_s6,K-3,67,67,After,After,9.986471176147461,10.26347541809082,-0.2770042419433594,0.001132965087890625
RD,Story9,6,RD_Story9_s6,K-2,68,68,inspecting,inspecting,4.4648237228393555,4.556061744689941,-0.09123802185058594,0.0011004209518432617
RD,Story9,6,RD_Story9_s6,K-1,69,69,"him,","him,",2.4270482063293457,2.5054917335510254,-0.07844352722167969,0.0015254616737365723
RD,Story9,6,RD_Story9_s6,K,70,70,another,the,7.676815986633301,10.116567611694336,-2.439751625061035,0.06868201494216919
RD,Story9,6,RD_Story9_s6,K+1,71,71,Bear,Bear,1.2083935737609863,0.02183971181511879,1.1865538619458675,0.07272642850875854
RD,Story9,6,RD_Story9_s6,K+2,72,72,wandered,wandered,6.664525508880615,5.405437469482422,1.2590880393981934,0.03508758544921875
RD,Story9,6,RD_Story9_s6,K+3,73,73,off.,off.,5.225905418395996,2.952691078186035,2.273214340209961,0.018117785453796387
RD,Story9,6,RD_Story9_s6,K_END,73,73,off.,off.,5.225905418395996,2.952691078186035,2.273214340209961,0.018117785453796387
RD,Story9,7,RD_Story9_s7,K-3,76,76,danger,danger,12.734537124633789,13.585511207580566,-0.8509740829467773,0.0013360977172851562
RD,Story9,7,RD_Story9_s7,K-2,77,77,had,had,1.3401644229888916,1.4162145853042603,-0.07605016231536865,0.0013529062271118164
RD,Story9,7,RD_Story9_s7,K-1,78,78,"passed,","passed,",0.713584840297699,0.8588128685951233,-0.14522802829742432,0.007177829742431641
RD,Story9,7,RD_Story9_s7,K,79,79,some,the,14.744927406311035,10.454075813293457,4.290851593017578,0.12348663806915283
RD,Story9,7,RD_Story9_s7,K+1,80,80,man,man,15.35028076171875,7.182765007019043,8.167515754699707,0.05116581916809082
RD,Story9,7,RD_Story9_s7,K+2,81,81,in,in,4.647359848022461,3.3352153301239014,1.3121445178985596,0.07566946744918823
RD,Story9,7,RD_Story9_s7,K+3,82,82,the,the,1.0247079133987427,0.08810650557279587,0.9366014078259468,0.09861516952514648
RD,Story9,7,RD_Story9_s7,K-3,92,92,Bear,Bear,0.10653500258922577,0.03205523267388344,0.07447976991534233,0.003323197364807129
RD,Story9,7,RD_Story9_s7,K-2,93,93,whisper,whisper,7.6381306648254395,5.362748146057129,2.2753825187683105,0.0032012462615966797
RD,Story9,7,RD_Story9_s7,K-1,94,94,in,in,2.568403720855713,1.730907678604126,0.8374960422515869,0.012202084064483643
RD,Story9,7,RD_Story9_s7,K,95,95,her,your,5.139591693878174,1.0361038446426392,4.103487849235535,0.058191657066345215
RD,Story9,7,RD_Story9_s7,K+1,96,96,ear?”.,ear?”.,7.762454032897949,5.838733673095703,1.923720359802246,0.016062796115875244
RD,Story9,7,RD_Story9_s7,K_END,96,96,ear?”.,ear?”.,7.762454032897949,5.838733673095703,1.923720359802246,0.016062796115875244
