DistType,Story,PerturbationID,Distance,AtBoundary,DistWordIndex,OriginalWordIndex,DistSurprisal,OriginalSurprisal,DeltaSurprisal,RepresentationDistance
CD,Story1,CD_Story1_s1_k18,0,0,18,18,18.42430305480957,6.9496965408325195,11.47460651397705,0.04398244619369507
CD,Story1,CD_Story1_s1_k18,1,0,19,19,21.79825210571289,21.636531829833984,0.16172027587890625,0.005877554416656494
CD,Story1,CD_Story1_s1_k18,2,1,20,20,3.104384660720825,2.7259185314178467,0.3784661293029785,0.007535874843597412
CD,Story1,CD_Story1_s2_k26,0,0,26,26,22.346586227416992,8.847896575927734,13.498689651489258,0.08696931600570679
CD,Story1,CD_Story1_s2_k26,1,0,27,27,4.280716896057129,10.37745475769043,-6.096737861633301,0.041768014430999756
CD,Story1,CD_Story1_s2_k26,2,0,28,28,1.5799472332000732,0.4381587505340576,1.1417884826660156,0.01838761568069458
CD,Story1,CD_Story1_s2_k26,3,0,29,29,1.954110860824585,2.2810065746307373,-0.32689571380615234,0.020190834999084473
CD,Story1,CD_Story1_s2_k26,4,0,30,30,5.012492656707764,5.285863399505615,-0.27337074279785156,0.005364656448364258
CD,Story1,CD_Story1_s2_k26,5,0,31,31,2.4714064598083496,2.1207547187805176,0.35065174102783203,0.0014134645462036133
CD,Story1,CD_Story1_s2_k26,6,0,32,32,2.1272077560424805,1.792844533920288,0.3343632221221924,0.0053116679191589355
CD,Story1,CD_Story1_s2_k26,7,0,33,33,4.309716701507568,3.688216209411621,0.6215004920959473,0.002306699752807617
CD,Story1,CD_Story1_s2_k26,8,1,34,34,4.930441856384277,5.076349258422852,-0.14590740203857422,0.0029414892196655273
CD,Story1,CD_Story1_s4_k53,0,0,53,53,20.294788360595703,0.047089431434869766,20.247698929160833,0.07261121273040771
CD,Story1,CD_Story1_s4_k53,1,0,54,54,1.211775302886963,0.8011637926101685,0.41061151027679443,0.00904613733291626
CD,Story1,CD_Story1_s4_k53,2,0,55,55,8.459409713745117,7.331836700439453,1.127573013305664,0.0042931437492370605
CD,Story1,CD_Story1_s4_k53,3,0,56,56,5.183093070983887,4.136104583740234,1.0469884872436523,0.0029013752937316895
CD,Story1,CD_Story1_s4_k53,4,0,57,57,3.0837149620056152,2.792786121368408,0.29092884063720703,0.0032987594604492188
CD,Story1,CD_Story1_s4_k53,5,0,58,58,0.5018066167831421,0.49665695428848267,0.005149662494659424,0.00241166353225708
CD,Story1,CD_Story1_s4_k53,6,1,59,59,4.681576251983643,4.572170257568359,0.1094059944152832,0.001515209674835205
CD,Story2,CD_Story2_s2_k35,0,0,35,35,18.895023345947266,4.6327128410339355,14.26231050491333,0.021736562252044678
CD,Story2,CD_Story2_s2_k35,1,0,36,36,4.879914283752441,4.941928386688232,-0.062014102935791016,0.006118178367614746
CD,Story2,CD_Story2_s2_k35,2,0,37,37,3.806429386138916,3.5524535179138184,0.25397586822509766,0.013307929039001465
CD,Story2,CD_Story2_s2_k35,3,0,38,38,1.0665982961654663,0.5576086044311523,0.508989691734314,0.0165061354637146
CD,Story2,CD_Story2_s2_k35,4,1,39,39,8.990533828735352,11.061721801757812,-2.071187973022461,0.0057065486907958984
CD,Story2,CD_Story2_s3_k46,0,0,46,46,13.227667808532715,5.143843173980713,8.083824634552002,0.04731464385986328
CD,Story2,CD_Story2_s3_k46,1,0,47,47,1.0201656818389893,0.43757903575897217,0.5825866460800171,0.02236652374267578
CD,Story2,CD_Story2_s3_k46,2,0,48,48,5.676647663116455,4.323528289794922,1.3531193733215332,0.015064001083374023
CD,Story2,CD_Story2_s3_k46,3,0,49,49,1.0274980068206787,1.0971803665161133,-0.06968235969543457,0.029970884323120117
CD,Story2,CD_Story2_s3_k46,4,0,50,50,23.712177276611328,20.168466567993164,3.543710708618164,0.014933168888092041
CD,Story2,CD_Story2_s3_k46,5,0,51,51,3.377725601196289,2.774592876434326,0.6031327247619629,0.009984135627746582
CD,Story2,CD_Story2_s3_k46,6,0,52,52,5.710449695587158,6.022177696228027,-0.31172800064086914,0.016918957233428955
CD,Story2,CD_Story2_s3_k46,7,0,53,53,3.515101194381714,3.091613292694092,0.42348790168762207,0.02282506227493286
CD,Story2,CD_Story2_s3_k46,8,0,54,54,1.3419640064239502,2.5803418159484863,-1.2383778095245361,0.008494853973388672
CD,Story2,CD_Story2_s3_k46,9,0,55,55,2.5246071815490723,1.7987334728240967,0.7258737087249756,0.026174724102020264
CD,Story2,CD_Story2_s3_k46,10,1,56,56,5.039593696594238,8.238216400146484,-3.198622703552246,0.011273801326751709
CD,Story2,CD_Story2_s4_k63,0,0,63,63,9.724198341369629,7.070699691772461,2.653498649597168,0.038512587547302246
CD,Story2,CD_Story2_s4_k63,1,0,64,64,0.36784881353378296,0.6822168827056885,-0.3143680691719055,0.027400195598602295
CD,Story2,CD_Story2_s4_k63,2,0,65,65,0.39048755168914795,0.5655227303504944,-0.17503517866134644,0.07151204347610474
CD,Story2,CD_Story2_s4_k63,3,0,66,66,8.998787879943848,7.123457431793213,1.8753304481506348,0.0501825213432312
CD,Story2,CD_Story2_s4_k63,4,0,67,67,2.1452393531799316,0.7926020622253418,1.3526372909545898,0.029334843158721924
CD,Story2,CD_Story2_s4_k63,5,0,68,68,3.041667938232422,2.8044145107269287,0.23725342750549316,0.011891484260559082
CD,Story2,CD_Story2_s4_k63,6,0,69,69,0.47888875007629395,0.3265846371650696,0.15230411291122437,0.01648533344268799
CD,Story2,CD_Story2_s4_k63,7,0,70,70,2.4642343521118164,2.64640212059021,-0.18216776847839355,0.007160186767578125
CD,Story2,CD_Story2_s4_k63,8,0,71,71,0.3367854356765747,0.20579944550991058,0.13098599016666412,0.007790625095367432
CD,Story2,CD_Story2_s4_k63,9,0,72,72,1.631643295288086,2.2234315872192383,-0.5917882919311523,0.006318271160125732
CD,Story2,CD_Story2_s4_k63,10,1,73,73,1.9290190935134888,2.0790152549743652,-0.14999616146087646,0.013429105281829834
CD,Story3,CD_Story3_s3_k46,0,0,46,46,5.850295543670654,3.4752955436706543,2.375,0.05084395408630371
CD,Story3,CD_Story3_s3_k46,1,0,47,47,0.7260887622833252,0.2455042451620102,0.480584517121315,0.017964482307434082
CD,Story3,CD_Story3_s3_k46,2,0,48,48,5.513354301452637,2.0239570140838623,3.4893972873687744,0.025598347187042236
CD,Story3,CD_Story3_s3_k46,3,0,49,49,3.0107836723327637,1.861008882522583,1.1497747898101807,0.0037990808486938477
CD,Story3,CD_Story3_s3_k46,4,0,50,50,9.762825965881348,9.926311492919922,-0.16348552703857422,0.0031546354293823242
CD,Story3,CD_Story3_s3_k46,5,0,51,51,5.410057544708252,5.723928451538086,-0.313870906829834,0.0015949606895446777
CD,Story3,CD_Story3_s3_k46,6,0,52,52,0.9393851161003113,0.9361188411712646,0.003266274929046631,0.000484466552734375
CD,Story3,CD_Story3_s3_k46,7,0,53,53,2.3727614879608154,2.134730815887451,0.23803067207336426,0.0011428594589233398
CD,Story3,CD_Story3_s3_k46,8,0,54,54,0.08747407793998718,0.07669061422348022,0.010783463716506958,0.0003581047058105469
CD,Story3,CD_Story3_s3_k46,9,0,55,55,1.4351081848144531,1.4225506782531738,0.012557506561279297,0.0007083415985107422
CD,Story3,CD_Story3_s3_k46,10,0,56,56,12.268861770629883,13.319596290588379,-1.050734519958496,0.003975927829742432
CD,Story3,CD_Story3_s4_k75,0,0,75,75,17.165454864501953,1.0344281196594238,16.13102674484253,0.025336265563964844
CD,Story3,CD_Story3_s4_k75,1,0,76,76,14.23843002319336,15.146867752075195,-0.9084377288818359,0.027947723865509033
CD,Story3,CD_Story3_s4_k75,2,0,77,77,2.8193178176879883,1.9261618852615356,0.8931559324264526,0.019042789936065674
CD,Story3,CD_Story3_s4_k75,3,0,78,78,7.1680145263671875,7.409303188323975,-0.2412886619567871,0.006205201148986816
CD,Story3,CD_Story3_s4_k75,4,0,79,79,11.671581268310547,11.876376152038574,-0.20479488372802734,0.0007799267768859863
CD,Story3,CD_Story3_s4_k75,5,0,80,80,6.62746000289917,6.723391532897949,-0.0959315299987793,0.0012947320938110352
CD,Story3,CD_Story3_s4_k75,6,0,81,81,12.161933898925781,12.706876754760742,-0.5449428558349609,0.0006811618804931641
CD,Story3,CD_Story3_s4_k75,7,0,82,82,1.4063411951065063,1.4466086626052856,-0.0402674674987793,0.0005148649215698242
CD,Story3,CD_Story3_s4_k75,8,0,83,83,5.1829514503479,5.128279209136963,0.0546722412109375,0.000704348087310791
CD,Story3,CD_Story3_s4_k75,9,0,84,84,8.553704261779785,8.261587142944336,0.2921171188354492,0.0023615360260009766
CD,Story3,CD_Story3_s4_k75,10,1,85,85,9.682889938354492,9.641477584838867,0.041412353515625,0.003592550754547119
CD,Story3,CD_Story3_s6_k114,0,0,114,114,27.951431274414062,4.966544151306152,22.98488712310791,0.019371747970581055
CD,Story3,CD_Story3_s6_k114,1,0,115,115,11.030668258666992,9.789212226867676,1.2414560317993164,0.03141748905181885
CD,Story3,CD_Story3_s6_k114,2,0,116,116,5.796675682067871,4.276605129241943,1.5200705528259277,0.01589411497116089
CD,Story3,CD_Story3_s6_k114,3,0,117,117,5.090096473693848,4.676776885986328,0.41331958770751953,0.006006479263305664
CD,Story3,CD_Story3_s6_k114,4,0,118,118,0.9964869022369385,1.0948125123977661,-0.09832561016082764,0.0018213391304016113
CD,Story3,CD_Story3_s6_k114,5,0,119,119,2.5356831550598145,3.0759453773498535,-0.5402622222900391,0.004493772983551025
CD,Story3,CD_Story3_s6_k114,6,0,120,120,1.0776844024658203,0.5883281826972961,0.48935621976852417,0.0011991262435913086
CD,Story3,CD_Story3_s6_k114,7,1,121,121,1.7590150833129883,1.783642053604126,-0.024626970291137695,0.001863718032836914
CD,Story4,CD_Story4_s2_k49,0,0,49,48,20.043731689453125,7.915525913238525,12.1282057762146,0.03231161832809448
CD,Story4,CD_Story4_s2_k49,1,0,50,49,1.8562134504318237,1.2770987749099731,0.5791146755218506,0.00511699914932251
CD,Story4,CD_Story4_s2_k49,2,0,51,50,0.8630928993225098,0.5510715246200562,0.3120213747024536,0.004491865634918213
CD,Story4,CD_Story4_s2_k49,3,0,52,51,8.452486038208008,8.35300064086914,0.09948539733886719,0.0057070255279541016
CD,Story4,CD_Story4_s2_k49,4,0,53,52,4.648858070373535,3.299880027770996,1.348978042602539,0.00314176082611084
CD,Story4,CD_Story4_s2_k49,5,1,54,53,5.534891605377197,5.874063968658447,-0.33917236328125,0.002542257308959961
CD,Story4,CD_Story4_s3_k65,0,0,65,64,13.994301795959473,2.1200077533721924,11.87429404258728,0.006553173065185547
CD,Story4,CD_Story4_s3_k65,1,1,66,65,14.425313949584961,15.060752868652344,-0.6354389190673828,0.006270945072174072
CD,Story5,CD_Story5_s3_k43,0,0,43,42,12.692278861999512,1.2420766353607178,11.450202226638794,0.06818443536758423
CD,Story5,CD_Story5_s3_k43,1,0,44,43,10.021513938903809,0.6055813431739807,9.415932595729828,0.11291700601577759
CD,Story5,CD_Story5_s3_k43,2,0,45,44,2.27915358543396,0.8316009044647217,1.4475526809692383,0.01424342393875122
CD,Story5,CD_Story5_s3_k43,3,0,46,45,6.830524444580078,6.0662384033203125,0.7642860412597656,0.009887158870697021
CD,Story5,CD_Story5_s3_k43,4,0,47,46,5.27724552154541,4.866145610809326,0.411099910736084,0.0025008320808410645
CD,Story5,CD_Story5_s3_k43,5,0,48,47,20.098190307617188,18.94386863708496,1.1543216705322266,0.0011333823204040527
CD,Story5,CD_Story5_s3_k43,6,0,49,48,3.9308087825775146,3.906604290008545,0.024204492568969727,0.0006479024887084961
CD,Story5,CD_Story5_s3_k43,7,0,50,49,1.868042230606079,1.8475515842437744,0.020490646362304688,0.0009007453918457031
CD,Story5,CD_Story5_s3_k43,8,0,51,50,9.19544792175293,9.064427375793457,0.13102054595947266,0.0012273192405700684
CD,Story5,CD_Story5_s3_k43,9,0,52,51,6.151614665985107,6.645150184631348,-0.49353551864624023,0.0020672082901000977
CD,Story5,CD_Story5_s3_k43,10,0,53,52,0.9023711681365967,0.8781238198280334,0.024247348308563232,0.00106126070022583
CD,Story5,CD_Story5_s4_k67,0,0,67,66,15.057701110839844,0.6194280982017517,14.438273012638092,0.08168762922286987
CD,Story5,CD_Story5_s4_k67,1,0,68,67,2.3347792625427246,1.657941460609436,0.6768378019332886,0.011996865272521973
CD,Story5,CD_Story5_s4_k67,2,0,69,68,7.5642499923706055,6.9331512451171875,0.631098747253418,0.001797020435333252
CD,Story5,CD_Story5_s4_k67,3,0,70,69,11.79837417602539,11.414546966552734,0.38382720947265625,0.006868124008178711
CD,Story5,CD_Story5_s4_k67,4,0,71,70,6.988765716552734,7.338653087615967,-0.3498873710632324,0.0036461949348449707
CD,Story5,CD_Story5_s4_k67,5,1,72,71,3.481489896774292,2.556550979614258,0.9249389171600342,0.0030394792556762695
CD,Story6,CD_Story6_s2_k23,0,0,23,23,16.275558471679688,13.196690559387207,3.0788679122924805,0.042828500270843506
CD,Story6,CD_Story6_s2_k23,1,0,24,24,5.0157084465026855,3.404228448867798,1.6114799976348877,0.00880730152130127
CD,Story6,CD_Story6_s2_k23,2,0,25,25,3.2805707454681396,2.7392172813415527,0.5413534641265869,0.012006759643554688
CD,Story6,CD_Story6_s2_k23,3,0,26,26,5.24375057220459,4.978911876678467,0.26483869552612305,0.001737356185913086
CD,Story6,CD_Story6_s2_k23,4,0,27,27,10.78979778289795,11.155820846557617,-0.36602306365966797,0.0015116333961486816
CD,Story6,CD_Story6_s2_k23,5,0,28,28,4.7129316329956055,4.779329776763916,-0.06639814376831055,0.0015375614166259766
CD,Story6,CD_Story6_s2_k23,6,0,29,29,1.2957175970077515,1.0611687898635864,0.23454880714416504,0.0016584992408752441
CD,Story6,CD_Story6_s2_k23,7,1,30,30,5.285378932952881,5.3830156326293945,-0.09763669967651367,0.0020595788955688477
CD,Story6,CD_Story6_s3_k61,0,0,61,61,11.350656509399414,1.4411661624908447,9.90949034690857,0.021512269973754883
CD,Story6,CD_Story6_s3_k61,1,0,62,62,0.4071156680583954,0.2730482518672943,0.13406741619110107,0.02928471565246582
CD,Story6,CD_Story6_s3_k61,2,0,63,63,3.984041690826416,2.835452079772949,1.1485896110534668,0.03314095735549927
CD,Story6,CD_Story6_s3_k61,3,0,64,64,3.0970075130462646,1.5910749435424805,1.5059325695037842,0.0036849379539489746
CD,Story6,CD_Story6_s3_k61,4,1,65,65,1.5365855693817139,1.5470088720321655,-0.01042330265045166,0.001178145408630371
CD,Story7,CD_Story7_s2_k24,0,0,24,24,8.434468269348145,8.220427513122559,0.21404075622558594,0.05731463432312012
CD,Story7,CD_Story7_s2_k24,1,0,25,25,2.2671313285827637,2.979539632797241,-0.7124083042144775,0.003323197364807129
CD,Story7,CD_Story7_s2_k24,2,0,26,26,6.710588455200195,5.492772102355957,1.2178163528442383,0.0019596219062805176
CD,Story7,CD_Story7_s2_k24,3,0,27,27,0.160810649394989,0.14695529639720917,0.013855352997779846,0.007294058799743652
CD,Story7,CD_Story7_s2_k24,4,0,28,28,3.761063575744629,4.100311279296875,-0.3392477035522461,0.0022767186164855957
CD,Story7,CD_Story7_s2_k24,5,0,29,29,0.6346207857131958,0.8430058360099792,-0.20838505029678345,0.002450704574584961
CD,Story7,CD_Story7_s2_k24,6,1,30,30,5.010419845581055,4.604907989501953,0.40551185607910156,0.0016242265701293945
CD,Story7,CD_Story7_s3_k42,0,0,42,42,14.256220817565918,11.781747817993164,2.474472999572754,0.034990131855010986
CD,Story7,CD_Story7_s3_k42,1,0,43,43,1.9935195446014404,1.1313810348510742,0.8621385097503662,0.04894214868545532
CD,Story7,CD_Story7_s3_k42,2,0,44,44,7.389142990112305,7.589147567749023,-0.20000457763671875,0.06130582094192505
CD,Story7,CD_Story7_s3_k42,3,0,45,45,17.46375846862793,12.342766761779785,5.1209917068481445,0.04272913932800293
CD,Story7,CD_Story7_s3_k42,4,0,46,46,5.357637405395508,3.4521632194519043,1.9054741859436035,0.01813685894012451
CD,Story7,CD_Story7_s3_k42,5,0,47,47,4.516076564788818,3.50373911857605,1.0123374462127686,0.00930720567703247
CD,Story7,CD_Story7_s3_k42,6,0,48,48,7.940670013427734,8.236271858215332,-0.29560184478759766,0.0108642578125
CD,Story7,CD_Story7_s3_k42,7,0,49,49,11.071545600891113,11.754135131835938,-0.6825895309448242,0.017334282398223877
CD,Story7,CD_Story7_s3_k42,8,0,50,50,19.455326080322266,18.64510726928711,0.8102188110351562,0.028840482234954834
CD,Story7,CD_Story7_s3_k42,9,0,51,51,3.4698967933654785,3.1867594718933105,0.28313732147216797,0.05005073547363281
CD,Story7,CD_Story7_s3_k42,10,0,52,52,3.7644412517547607,1.4420669078826904,2.3223743438720703,0.004047274589538574
CD,Story7,CD_Story7_s4_k81,0,0,81,81,16.618885040283203,1.6200919151306152,14.998793125152588,0.007317543029785156
CD,Story7,CD_Story7_s4_k81,1,0,82,82,15.070379257202148,15.973560333251953,-0.9031810760498047,0.002450883388519287
CD,Story7,CD_Story7_s4_k81,2,0,83,83,5.649260997772217,5.712130546569824,-0.06286954879760742,0.0016137957572937012
CD,Story7,CD_Story7_s4_k81,3,0,84,84,0.7657918930053711,0.7254788875579834,0.040313005447387695,0.001587510108947754
CD,Story7,CD_Story7_s4_k81,4,0,85,85,0.582944393157959,0.5128961205482483,0.0700482726097107,0.004643082618713379
CD,Story7,CD_Story7_s4_k81,5,0,86,86,4.437028884887695,4.2742919921875,0.1627368927001953,0.012450635433197021
CD,Story7,CD_Story7_s4_k81,6,0,87,87,3.525258779525757,2.1515750885009766,1.3736836910247803,0.0045729875564575195
CD,Story7,CD_Story7_s4_k81,7,0,88,88,3.718811511993408,4.304749488830566,-0.5859379768371582,0.0032542943954467773
CD,Story7,CD_Story7_s4_k81,8,0,89,89,2.0736703872680664,1.4862351417541504,0.587435245513916,0.0025870800018310547
CD,Story7,CD_Story7_s4_k81,9,0,90,90,0.4499959647655487,0.3757609724998474,0.0742349922657013,0.001041412353515625
CD,Story7,CD_Story7_s4_k81,10,0,91,91,1.1745765209197998,1.1102406978607178,0.06433582305908203,0.0009996294975280762
CD,Story8,CD_Story8_s2_k23,0,0,23,23,11.400757789611816,0.15075816214084625,11.24999962747097,0.0494685173034668
CD,Story8,CD_Story8_s2_k23,1,0,24,24,11.280577659606934,8.677536010742188,2.603041648864746,0.06763666868209839
CD,Story8,CD_Story8_s2_k23,2,1,25,25,6.037228584289551,1.964767575263977,4.072461009025574,0.0035718679428100586
CD,Story8,CD_Story8_s3_k62,0,0,62,62,21.196693420410156,6.734896183013916,14.46179723739624,0.05454814434051514
CD,Story8,CD_Story8_s3_k62,1,1,63,63,2.315943956375122,2.9405574798583984,-0.6246135234832764,0.012815117835998535
CD,Story8,CD_Story8_s6_k95,0,0,95,95,26.374685287475586,6.732345104217529,19.642340183258057,0.010296165943145752
CD,Story8,CD_Story8_s6_k95,1,0,96,96,12.914132118225098,11.086163520812988,1.8279685974121094,0.008547723293304443
CD,Story8,CD_Story8_s6_k95,2,0,97,97,0.13403011858463287,0.08965390175580978,0.04437621682882309,0.00848156213760376
CD,Story8,CD_Story8_s6_k95,3,0,98,98,6.854620456695557,5.851647853851318,1.0029726028442383,0.0044234395027160645
CD,Story8,CD_Story8_s6_k95,4,0,99,99,4.302953720092773,4.264893531799316,0.03806018829345703,0.002596557140350342
CD,Story8,CD_Story8_s6_k95,5,0,100,100,0.5954346060752869,0.5740677118301392,0.021366894245147705,0.005503952503204346
CD,Story8,CD_Story8_s6_k95,6,0,101,101,4.436020851135254,4.782422065734863,-0.3464012145996094,0.02338951826095581
CD,Story8,CD_Story8_s6_k95,7,0,102,102,8.79667854309082,7.966405868530273,0.8302726745605469,0.020262479782104492
CD,Story8,CD_Story8_s6_k95,8,0,103,103,7.078577041625977,6.944941997528076,0.1336350440979004,0.016999244689941406
CD,Story8,CD_Story8_s6_k95,9,0,104,104,12.175579071044922,12.070743560791016,0.10483551025390625,0.0036503076553344727
CD,Story8,CD_Story8_s6_k95,10,0,105,105,2.456991195678711,1.6926478147506714,0.7643433809280396,0.008619368076324463
CD,Story9,CD_Story9_s2_k25,0,0,25,25,24.200651168823242,3.039639711380005,21.161011457443237,0.007110595703125
CD,Story9,CD_Story9_s2_k25,1,0,26,26,2.4040043354034424,2.8719401359558105,-0.46793580055236816,0.0014727115631103516
CD,Story9,CD_Story9_s2_k25,2,0,27,27,0.9625115394592285,0.7966974377632141,0.1658141016960144,0.001311957836151123
CD,Story9,CD_Story9_s2_k25,3,0,28,28,0.15198403596878052,0.12320204824209213,0.028781987726688385,0.0017033219337463379
CD,Story9,CD_Story9_s2_k25,4,0,29,29,1.2728583812713623,1.2396996021270752,0.03315877914428711,0.001141190528869629
CD,Story9,CD_Story9_s2_k25,5,1,30,30,7.309436321258545,6.988777160644531,0.32065916061401367,0.0023874640464782715
CD,Story9,CD_Story9_s5_k52,0,0,52,52,19.546573638916016,1.050498127937317,18.4960755109787,0.029133915901184082
CD,Story9,CD_Story9_s5_k52,1,0,53,53,13.456815719604492,11.801705360412598,1.6551103591918945,0.016218245029449463
CD,Story9,CD_Story9_s5_k52,2,0,54,54,8.639442443847656,8.946113586425781,-0.306671142578125,0.02415311336517334
CD,Story9,CD_Story9_s5_k52,3,0,55,55,4.2859063148498535,3.26405930519104,1.0218470096588135,0.01127701997756958
CD,Story9,CD_Story9_s5_k52,4,0,56,56,1.1669626235961914,1.1525824069976807,0.014380216598510742,0.02244943380355835
CD,Story9,CD_Story9_s5_k52,5,0,57,57,4.935561656951904,5.262444496154785,-0.32688283920288086,0.012419044971466064
CD,Story9,CD_Story9_s5_k52,6,0,58,58,10.278301239013672,11.015216827392578,-0.7369155883789062,0.007861077785491943
CD,Story9,CD_Story9_s5_k52,7,0,59,59,10.541006088256836,10.114497184753418,0.42650890350341797,0.0015824437141418457
CD,Story9,CD_Story9_s5_k52,8,0,60,60,0.9884524941444397,0.8302303552627563,0.15822213888168335,0.002045154571533203
CD,Story9,CD_Story9_s5_k52,9,0,61,61,4.234545707702637,4.355854511260986,-0.12130880355834961,0.0014327168464660645
CD,Story9,CD_Story9_s5_k52,10,0,62,62,1.1741634607315063,1.121168613433838,0.05299484729766846,0.001828312873840332
CD,Story9,CD_Story9_s8_k116,0,0,116,116,18.41500473022461,6.454729080200195,11.960275650024414,0.017826616764068604
CD,Story9,CD_Story9_s8_k116,1,0,117,117,3.3769783973693848,2.534627676010132,0.8423507213592529,0.0045969486236572266
CD,Story9,CD_Story9_s8_k116,2,0,118,118,5.589182376861572,5.389354228973389,0.1998281478881836,0.00827401876449585
CD,Story9,CD_Story9_s8_k116,3,1,119,119,9.655649185180664,10.232621192932129,-0.5769720077514648,0.0012154579162597656
CD,Story10,CD_Story10_s3_k65,0,0,65,65,17.303955078125,9.248614311218262,8.055340766906738,0.06334680318832397
CD,Story10,CD_Story10_s3_k65,1,0,66,66,3.8021740913391113,3.184570074081421,0.6176040172576904,0.008283138275146484
CD,Story10,CD_Story10_s3_k65,2,0,67,67,7.4124298095703125,7.472511291503906,-0.06008148193359375,0.008869767189025879
CD,Story10,CD_Story10_s3_k65,3,0,68,68,1.8633681535720825,0.7908910512924194,1.072477102279663,0.01230931282043457
CD,Story10,CD_Story10_s3_k65,4,1,69,69,4.926536560058594,3.7297887802124023,1.1967477798461914,0.002915024757385254
CD,Story10,CD_Story10_s5_k94,0,0,94,94,16.70162010192871,13.851354598999023,2.8502655029296875,0.045972347259521484
CD,Story10,CD_Story10_s5_k94,1,0,95,95,4.279002666473389,4.848960876464844,-0.5699582099914551,0.06817549467086792
CD,Story10,CD_Story10_s5_k94,2,0,96,96,9.829732894897461,3.148127794265747,6.681605100631714,0.020316362380981445
CD,Story10,CD_Story10_s5_k94,3,0,97,97,7.7563605308532715,7.781338214874268,-0.024977684020996094,0.01729196310043335
CD,Story10,CD_Story10_s5_k94,4,0,98,98,1.606330156326294,0.8065547347068787,0.7997754216194153,0.008877873420715332
CD,Story10,CD_Story10_s5_k94,5,0,99,99,0.5846008658409119,0.30463752150535583,0.27996334433555603,0.024189651012420654
CD,Story10,CD_Story10_s5_k94,6,0,100,100,5.072011947631836,3.2214395999908447,1.8505723476409912,0.015517234802246094
CD,Story10,CD_Story10_s5_k94,7,0,101,101,6.967438220977783,6.970657825469971,-0.0032196044921875,0.0106431245803833
CD,Story10,CD_Story10_s5_k94,8,0,102,102,0.5341634750366211,0.4827866554260254,0.0513768196105957,0.007667362689971924
CD,Story10,CD_Story10_s5_k94,9,1,103,103,2.406383514404297,1.5288195610046387,0.8775639533996582,0.0017044544219970703
CD,Story11,CD_Story11_s2_k22,0,0,22,22,13.343046188354492,0.3846311569213867,12.958415031433105,0.059019625186920166
CD,Story11,CD_Story11_s2_k22,1,0,23,23,3.77817964553833,4.719465732574463,-0.9412860870361328,0.009006977081298828
CD,Story11,CD_Story11_s2_k22,2,1,24,24,2.6928648948669434,2.6675209999084473,0.025343894958496094,0.004638314247131348
CD,Story11,CD_Story11_s4_k64,0,0,64,64,18.211244583129883,11.962924003601074,6.248320579528809,0.006036639213562012
CD,Story11,CD_Story11_s4_k64,1,0,65,65,3.6882846355438232,4.150475025177002,-0.4621903896331787,0.0039027929306030273
CD,Story11,CD_Story11_s4_k64,2,0,66,66,3.868515729904175,4.137116432189941,-0.2686007022857666,0.008596956729888916
CD,Story11,CD_Story11_s4_k64,3,1,67,67,7.946760654449463,7.475601673126221,0.4711589813232422,0.002417922019958496
CD,Story11,CD_Story11_s7_k100,0,0,100,100,9.906037330627441,2.0639376640319824,7.842099666595459,0.08452028036117554
CD,Story11,CD_Story11_s7_k100,1,0,101,101,1.4753130674362183,3.857426166534424,-2.3821130990982056,0.007582962512969971
CD,Story11,CD_Story11_s7_k100,2,0,102,102,0.6447660326957703,0.5349015593528748,0.10986447334289551,0.006057143211364746
CD,Story11,CD_Story11_s7_k100,3,0,103,103,13.652165412902832,13.118282318115234,0.5338830947875977,0.0048024654388427734
CD,Story11,CD_Story11_s7_k100,4,0,104,104,0.9860983490943909,0.6220006942749023,0.3640976548194885,0.002336263656616211
CD,Story11,CD_Story11_s7_k100,5,1,105,105,4.8270978927612305,4.77232551574707,0.054772377014160156,0.002023756504058838
CD,Story12,CD_Story12_s2_k33,0,0,33,33,19.591272354125977,0.039682965725660324,19.551589388400316,0.07828456163406372
CD,Story12,CD_Story12_s2_k33,1,0,34,34,7.225693702697754,5.193915367126465,2.031778335571289,0.0013899803161621094
CD,Story12,CD_Story12_s2_k33,2,1,35,35,4.936794281005859,5.011531352996826,-0.0747370719909668,0.008734643459320068
CD,Story12,CD_Story12_s3_k48,0,0,48,48,12.47651481628418,1.075054407119751,11.401460409164429,0.00345611572265625
CD,Story12,CD_Story12_s3_k48,1,0,49,49,0.5252147912979126,0.5318439602851868,-0.00662916898727417,0.012463808059692383
CD,Story12,CD_Story12_s3_k48,2,0,50,50,4.355042457580566,4.636677265167236,-0.2816348075866699,0.007836103439331055
CD,Story12,CD_Story12_s3_k48,3,0,51,51,0.9575788378715515,1.0928672552108765,-0.13528841733932495,0.006597399711608887
CD,Story12,CD_Story12_s3_k48,4,0,52,52,5.352138996124268,4.232686996459961,1.1194519996643066,0.003346741199493408
CD,Story12,CD_Story12_s3_k48,5,0,53,53,4.749133586883545,5.302587985992432,-0.5534543991088867,0.002912580966949463
CD,Story12,CD_Story12_s3_k48,6,1,54,54,3.5364320278167725,2.8108127117156982,0.7256193161010742,0.009725034236907959
CD,Story13,CD_Story13_s2_k50,0,0,50,50,15.884172439575195,4.170646667480469,11.713525772094727,0.017786681652069092
CD,Story13,CD_Story13_s2_k50,1,0,51,51,12.311418533325195,13.552046775817871,-1.2406282424926758,0.00721895694732666
CD,Story13,CD_Story13_s2_k50,2,0,52,52,5.873141765594482,6.808020114898682,-0.9348783493041992,0.004288971424102783
CD,Story13,CD_Story13_s2_k50,3,0,53,53,0.08984918892383575,0.05778200179338455,0.0320671871304512,0.005204975605010986
CD,Story13,CD_Story13_s2_k50,4,0,54,54,0.19219951331615448,0.17621447145938873,0.015985041856765747,0.001355886459350586
CD,Story13,CD_Story13_s2_k50,5,0,55,55,1.2966108322143555,2.390641450881958,-1.0940306186676025,0.0021513700485229492
CD,Story13,CD_Story13_s2_k50,6,1,56,56,7.276849269866943,7.186334609985352,0.0905146598815918,0.005143463611602783
CD,Story13,CD_Story13_s4_k73,0,0,73,73,11.148794174194336,0.03650590032339096,11.112288273870945,0.14392000436782837
CD,Story13,CD_Story13_s4_k73,1,0,74,74,4.127412796020508,0.7246435880661011,3.4027692079544067,0.03115689754486084
CD,Story13,CD_Story13_s4_k73,2,0,75,75,5.410117149353027,5.921079635620117,-0.5109624862670898,0.021785616874694824
CD,Story13,CD_Story13_s4_k73,3,0,76,76,4.578690528869629,3.3277575969696045,1.2509329319000244,0.04137760400772095
CD,Story13,CD_Story13_s4_k73,4,0,77,77,7.53055477142334,5.501864910125732,2.0286898612976074,0.020047485828399658
CD,Story13,CD_Story13_s4_k73,5,0,78,78,6.649757385253906,5.583863735198975,1.0658936500549316,0.010963082313537598
CD,Story13,CD_Story13_s4_k73,6,0,79,79,4.9629669189453125,4.994145393371582,-0.03117847442626953,0.011043190956115723
CD,Story13,CD_Story13_s4_k73,7,0,80,80,5.607280731201172,6.058570861816406,-0.4512901306152344,0.011211574077606201
CD,Story13,CD_Story13_s4_k73,8,0,81,81,1.1945184469223022,1.801331877708435,-0.6068134307861328,0.017767369747161865
CD,Story13,CD_Story13_s4_k73,9,0,82,82,2.4650497436523438,2.2458252906799316,0.2192244529724121,0.0030432939529418945
CD,Story13,CD_Story13_s4_k73,10,0,83,83,5.39403772354126,4.988752365112305,0.4052853584289551,0.006692051887512207
CD,Story14,CD_Story14_s2_k54,0,0,54,54,16.739593505859375,3.2272658348083496,13.512327671051025,0.006355106830596924
CD,Story14,CD_Story14_s2_k54,1,0,55,55,4.364093780517578,4.378662109375,-0.014568328857421875,0.003494083881378174
CD,Story14,CD_Story14_s2_k54,2,0,56,56,12.867204666137695,12.950712203979492,-0.08350753784179688,0.0020211338996887207
CD,Story14,CD_Story14_s2_k54,3,1,57,57,2.8523917198181152,2.770021915435791,0.08236980438232422,0.0015481114387512207
CD,Story14,CD_Story14_s4_k79,0,0,79,79,17.001079559326172,4.612244129180908,12.388835430145264,0.019712209701538086
CD,Story14,CD_Story14_s4_k79,1,0,80,80,7.575557708740234,8.574920654296875,-0.9993629455566406,0.01945340633392334
CD,Story14,CD_Story14_s4_k79,2,0,81,81,1.688377857208252,0.8336738348007202,0.8547040224075317,0.010770201683044434
CD,Story14,CD_Story14_s4_k79,3,1,82,82,2.6199700832366943,2.8160274028778076,-0.19605731964111328,0.009095430374145508
CD,Story15,CD_Story15_s1_k14,0,0,14,14,18.473474502563477,8.28597354888916,10.187500953674316,0.1163281798362732
CD,Story15,CD_Story15_s1_k14,1,0,15,15,5.980710983276367,6.008973598480225,-0.028262615203857422,0.0037111639976501465
CD,Story15,CD_Story15_s1_k14,2,0,16,16,0.31756797432899475,0.25104400515556335,0.0665239691734314,0.005822122097015381
CD,Story15,CD_Story15_s1_k14,3,0,17,17,4.998965740203857,4.564864158630371,0.43410158157348633,0.0015261173248291016
CD,Story15,CD_Story15_s1_k14,4,1,18,18,2.9540274143218994,3.0852015018463135,-0.13117408752441406,0.0025794506072998047
CD,Story15,CD_Story15_s2_k29,0,0,29,29,14.158238410949707,4.096877574920654,10.061360836029053,0.004086136817932129
CD,Story15,CD_Story15_s2_k29,1,0,30,30,0.13701437413692474,0.08993352204561234,0.04708085209131241,0.004829764366149902
CD,Story15,CD_Story15_s2_k29,2,0,31,31,8.949413299560547,8.301213264465332,0.6482000350952148,0.0030257701873779297
CD,Story15,CD_Story15_s2_k29,3,0,32,32,3.8799850940704346,4.106639862060547,-0.2266547679901123,0.0016146302223205566
CD,Story15,CD_Story15_s2_k29,4,0,33,33,1.9110229015350342,1.5080974102020264,0.4029254913330078,0.0011990070343017578
CD,Story15,CD_Story15_s2_k29,5,0,34,34,3.8417134284973145,3.969421148300171,-0.12770771980285645,0.004104554653167725
CD,Story15,CD_Story15_s2_k29,6,0,35,35,0.3241579830646515,0.2790512442588806,0.045106738805770874,0.002188265323638916
CD,Story15,CD_Story15_s2_k29,7,1,36,36,3.090360403060913,2.949023723602295,0.14133667945861816,0.001423656940460205
CD,Story16,CD_Story16_s2_k34,0,0,34,34,20.915525436401367,3.476083278656006,17.43944215774536,0.03960716724395752
CD,Story16,CD_Story16_s2_k34,1,0,35,35,1.2149142026901245,1.1394752264022827,0.0754389762878418,0.015204191207885742
CD,Story16,CD_Story16_s2_k34,2,0,36,36,2.380453109741211,2.360588550567627,0.019864559173583984,0.01350414752960205
CD,Story16,CD_Story16_s2_k34,3,0,37,37,4.0488128662109375,2.9109554290771484,1.137857437133789,0.023168623447418213
CD,Story16,CD_Story16_s2_k34,4,1,38,38,7.435797691345215,4.958717346191406,2.4770803451538086,0.014797031879425049
CD,Story16,CD_Story16_s4_k79,0,0,79,79,13.127189636230469,3.784907817840576,9.342281818389893,0.007827460765838623
CD,Story16,CD_Story16_s4_k79,1,0,80,80,4.050534248352051,2.6731104850769043,1.3774237632751465,0.017610490322113037
CD,Story16,CD_Story16_s4_k79,2,0,81,81,0.9820518493652344,0.5458152294158936,0.4362366199493408,0.018547892570495605
CD,Story16,CD_Story16_s4_k79,3,0,82,82,4.599203586578369,4.39902925491333,0.20017433166503906,0.002329528331756592
CD,Story16,CD_Story16_s4_k79,4,0,83,83,0.2866040766239166,0.2192327231168747,0.06737135350704193,0.0017385482788085938
CD,Story16,CD_Story16_s4_k79,5,0,84,84,9.040668487548828,9.08827018737793,-0.04760169982910156,0.0020598173141479492
CD,Story16,CD_Story16_s4_k79,6,0,85,85,6.181087493896484,6.125335216522217,0.05575227737426758,0.002097904682159424
CD,Story16,CD_Story16_s4_k79,7,0,86,86,5.350078582763672,5.671903610229492,-0.3218250274658203,0.0023542046546936035
CD,Story16,CD_Story16_s4_k79,8,0,87,87,5.6368513107299805,5.376855850219727,0.2599954605102539,0.0009381771087646484
CD,Story16,CD_Story16_s4_k79,9,0,88,88,0.6585333347320557,0.5814462304115295,0.07708710432052612,0.0015451312065124512
CD,Story16,CD_Story16_s4_k79,10,1,89,89,1.4883549213409424,1.5267096757888794,-0.03835475444793701,0.0013271570205688477
CD,Story17,CD_Story17_s2_k36,0,0,36,36,16.854047775268555,4.082312107086182,12.771735668182373,0.030878126621246338
CD,Story17,CD_Story17_s2_k36,1,0,37,37,6.164759159088135,6.246311187744141,-0.08155202865600586,0.009626269340515137
CD,Story17,CD_Story17_s2_k36,2,0,38,38,12.101496696472168,12.988054275512695,-0.8865575790405273,0.0025664567947387695
CD,Story17,CD_Story17_s2_k36,3,1,39,39,6.687161445617676,6.919164180755615,-0.23200273513793945,0.0011014342308044434
CD,Story17,CD_Story17_s3_k58,0,0,58,58,15.414814949035645,3.6176795959472656,11.797135353088379,0.07374900579452515
CD,Story17,CD_Story17_s3_k58,1,0,59,59,1.341811180114746,1.8643370866775513,-0.5225259065628052,0.005194187164306641
CD,Story17,CD_Story17_s3_k58,2,0,60,60,3.5480897426605225,3.5611777305603027,-0.013087987899780273,0.005064666271209717
CD,Story17,CD_Story17_s3_k58,3,0,61,61,14.389911651611328,14.598099708557129,-0.20818805694580078,0.002196669578552246
CD,Story17,CD_Story17_s3_k58,4,0,62,62,0.14374582469463348,0.1584514081478119,-0.014705583453178406,0.0029432177543640137
CD,Story17,CD_Story17_s3_k58,5,0,63,63,7.271780014038086,7.03925085067749,0.2325291633605957,0.0015805363655090332
CD,Story17,CD_Story17_s3_k58,6,1,64,64,4.049540042877197,4.343900203704834,-0.2943601608276367,0.010044217109680176
CD,Story18,CD_Story18_s3_k33,0,0,33,33,12.361211776733398,1.0502359867095947,11.310975790023804,0.028652310371398926
CD,Story18,CD_Story18_s3_k33,1,0,34,34,1.8521050214767456,1.1679625511169434,0.6841424703598022,0.033712685108184814
CD,Story18,CD_Story18_s3_k33,2,0,35,35,9.45583724975586,4.858004093170166,4.597833156585693,0.007706165313720703
CD,Story18,CD_Story18_s3_k33,3,0,36,36,0.7019814848899841,0.539492130279541,0.16248935461044312,0.03846001625061035
CD,Story18,CD_Story18_s3_k33,4,0,37,37,4.66607141494751,2.807523250579834,1.8585481643676758,0.010134339332580566
CD,Story18,CD_Story18_s3_k33,5,1,38,38,2.2805087566375732,2.445420503616333,-0.16491174697875977,0.008210837841033936
CD,Story18,CD_Story18_s5_k58,0,0,58,58,19.143173217773438,12.201642036437988,6.941531181335449,0.0177079439163208
CD,Story18,CD_Story18_s5_k58,1,0,59,59,8.980500221252441,6.804133892059326,2.1763663291931152,0.005321621894836426
CD,Story18,CD_Story18_s5_k58,2,0,60,60,3.6664650440216064,3.686840057373047,-0.02037501335144043,0.0043392181396484375
CD,Story18,CD_Story18_s5_k58,3,0,61,61,1.6302005052566528,1.7308863401412964,-0.10068583488464355,0.014326930046081543
CD,Story18,CD_Story18_s5_k58,4,0,62,62,3.9784345626831055,2.4505393505096436,1.527895212173462,0.0037851929664611816
CD,Story18,CD_Story18_s5_k58,5,0,63,63,8.633930206298828,8.099298477172852,0.5346317291259766,0.0038010478019714355
CD,Story18,CD_Story18_s5_k58,6,0,64,64,2.7550063133239746,1.8554611206054688,0.8995451927185059,0.0013669729232788086
CD,Story18,CD_Story18_s5_k58,7,0,65,65,1.8569903373718262,1.7724239826202393,0.08456635475158691,0.005334317684173584
CD,Story18,CD_Story18_s5_k58,8,0,66,66,4.6711530685424805,4.418869972229004,0.25228309631347656,0.011211991310119629
CD,Story18,CD_Story18_s5_k58,9,1,67,67,10.707479476928711,9.574882507324219,1.1325969696044922,0.002444624900817871
CD,Story18,CD_Story18_s6_k89,0,0,89,89,9.914701461791992,5.450760841369629,4.463940620422363,0.006187856197357178
CD,Story18,CD_Story18_s6_k89,1,0,90,90,1.0206282138824463,0.7079979777336121,0.31263023614883423,0.006658673286437988
CD,Story18,CD_Story18_s6_k89,2,0,91,91,6.382084846496582,6.235280990600586,0.1468038558959961,0.01028817892074585
CD,Story18,CD_Story18_s6_k89,3,0,92,92,2.1387784481048584,0.8821397423744202,1.2566387057304382,0.003426492214202881
CD,Story18,CD_Story18_s6_k89,4,0,93,93,1.2605137825012207,1.1573764085769653,0.10313737392425537,0.004069685935974121
CD,Story18,CD_Story18_s6_k89,5,0,94,94,8.034463882446289,7.875591278076172,0.1588726043701172,0.0022826194763183594
CD,Story18,CD_Story18_s6_k89,6,1,95,95,1.049655795097351,0.9010195136070251,0.14863628149032593,0.0029783248901367188
CD,Story19,CD_Story19_s1_k23,0,0,23,23,14.07102108001709,6.5465898513793945,7.524431228637695,0.04403191804885864
CD,Story19,CD_Story19_s1_k23,1,0,24,24,3.9889988899230957,4.899224281311035,-0.9102253913879395,0.013543248176574707
CD,Story19,CD_Story19_s1_k23,2,0,25,25,3.554983139038086,3.4006969928741455,0.15428614616394043,0.013222694396972656
CD,Story19,CD_Story19_s1_k23,3,0,26,26,3.0210671424865723,3.259244918823242,-0.23817777633666992,0.006873369216918945
CD,Story19,CD_Story19_s1_k23,4,1,27,27,3.6959097385406494,3.1701412200927734,0.525768518447876,0.0057936906814575195
CD,Story19,CD_Story19_s2_k68,0,0,68,68,10.406057357788086,25.517871856689453,-15.111814498901367,0.06941533088684082
CD,Story19,CD_Story19_s2_k68,1,0,69,69,11.873712539672852,2.5657742023468018,9.30793833732605,0.09523475170135498
CD,Story19,CD_Story19_s2_k68,2,0,70,70,11.62536334991455,5.132785797119141,6.49257755279541,0.08007985353469849
CD,Story19,CD_Story19_s2_k68,3,0,71,71,1.0231578350067139,0.1954420506954193,0.8277157843112946,0.05430024862289429
CD,Story19,CD_Story19_s2_k68,4,1,72,72,7.433148384094238,4.9179582595825195,2.5151901245117188,0.004152178764343262
CD,Story20,CD_Story20_s3_k35,0,0,35,35,21.12906837463379,5.417459011077881,15.711609363555908,0.010755062103271484
CD,Story20,CD_Story20_s3_k35,1,0,36,36,4.8477396965026855,5.32338285446167,-0.4756431579589844,0.0033875703811645508
CD,Story20,CD_Story20_s3_k35,2,0,37,37,3.812854290008545,3.0090126991271973,0.8038415908813477,0.002741694450378418
CD,Story20,CD_Story20_s3_k35,3,1,38,38,5.056353569030762,4.834357261657715,0.22199630737304688,0.0021567940711975098
CD,Story20,CD_Story20_s5_k77,0,0,77,77,9.025272369384766,5.595517158508301,3.429755210876465,0.055049359798431396
CD,Story20,CD_Story20_s5_k77,1,0,78,78,8.177330017089844,2.262641668319702,5.914688348770142,0.007293701171875
CD,Story20,CD_Story20_s5_k77,2,0,79,79,6.037050724029541,5.8910369873046875,0.14601373672485352,0.013274073600769043
CD,Story20,CD_Story20_s5_k77,3,0,80,80,1.7803980112075806,2.565000057220459,-0.7846020460128784,0.010670185089111328
CD,Story20,CD_Story20_s5_k77,4,0,81,81,4.259528160095215,3.8116793632507324,0.4478487968444824,0.008868217468261719
CD,Story20,CD_Story20_s5_k77,5,0,82,82,0.17554569244384766,0.06480575352907181,0.11073993891477585,0.02415555715560913
CD,Story20,CD_Story20_s5_k77,6,1,83,83,3.6640779972076416,1.940645694732666,1.7234323024749756,0.003090381622314453
CD,Story21,CD_Story21_s2_k31,0,0,31,31,17.06024742126465,3.1340811252593994,13.926166296005249,0.027240991592407227
CD,Story21,CD_Story21_s2_k31,1,0,32,32,5.6111741065979,4.197754383087158,1.4134197235107422,0.022797882556915283
CD,Story21,CD_Story21_s2_k31,2,1,33,33,13.310652732849121,14.77507209777832,-1.4644193649291992,0.010878920555114746
CD,Story21,CD_Story21_s3_k47,0,0,47,47,14.499320983886719,1.4398736953735352,13.059447288513184,0.06418561935424805
CD,Story21,CD_Story21_s3_k47,1,0,48,48,2.5174217224121094,1.7375143766403198,0.7799073457717896,0.007639110088348389
CD,Story21,CD_Story21_s3_k47,2,0,49,49,5.606047630310059,6.286804676055908,-0.6807570457458496,0.00830930471420288
CD,Story21,CD_Story21_s3_k47,3,0,50,50,0.9385756850242615,0.8110044002532959,0.12757128477096558,0.00929403305053711
CD,Story21,CD_Story21_s3_k47,4,0,51,51,4.805263519287109,3.9698634147644043,0.8354001045227051,0.05387145280838013
CD,Story21,CD_Story21_s3_k47,5,0,52,52,5.565547943115234,4.230075836181641,1.3354721069335938,0.012822449207305908
CD,Story21,CD_Story21_s3_k47,6,0,53,53,7.445897102355957,7.044502258300781,0.4013948440551758,0.020536839962005615
CD,Story21,CD_Story21_s3_k47,7,0,54,54,1.2673503160476685,0.11426202207803726,1.1530882939696312,0.010016202926635742
CD,Story21,CD_Story21_s3_k47,8,0,55,55,2.453950881958008,2.791672468185425,-0.337721586227417,0.01807349920272827
CD,Story21,CD_Story21_s3_k47,9,0,56,56,0.22919334471225739,0.07452403753995895,0.15466930717229843,0.014133751392364502
CD,Story21,CD_Story21_s3_k47,10,1,57,57,3.7995307445526123,3.3695743083953857,0.42995643615722656,0.004818916320800781
RD,Story1,RD_Story1_s2_k32,0,0,32,32,5.042844772338867,1.792844533920288,3.250000238418579,0.1671360731124878
RD,Story1,RD_Story1_s2_k32,1,0,33,33,3.9242606163024902,3.688216209411621,0.23604440689086914,0.05832570791244507
RD,Story1,RD_Story1_s2_k32,2,1,34,34,6.465392589569092,5.076349258422852,1.3890433311462402,0.004193127155303955
RD,Story1,RD_Story1_s3_k36,0,0,36,36,5.900154113769531,3.0318422317504883,2.868311882019043,0.1940973997116089
RD,Story1,RD_Story1_s3_k36,1,0,37,37,7.011177062988281,4.410533905029297,2.6006431579589844,0.004280686378479004
RD,Story1,RD_Story1_s3_k36,2,0,38,38,10.431779861450195,10.775500297546387,-0.3437204360961914,0.0033539533615112305
RD,Story1,RD_Story1_s3_k36,3,0,39,39,14.345842361450195,13.344637870788574,1.001204490661621,0.0041463375091552734
RD,Story1,RD_Story1_s3_k36,4,0,40,40,3.936426877975464,4.0197649002075195,-0.08333802223205566,0.003940403461456299
RD,Story1,RD_Story1_s3_k36,5,0,41,41,0.2636796236038208,0.1863197237253189,0.07735989987850189,0.0023566484451293945
RD,Story1,RD_Story1_s3_k36,6,0,42,42,0.7938995361328125,0.7041719555854797,0.08972758054733276,0.0063356757164001465
RD,Story1,RD_Story1_s3_k36,7,0,43,43,0.17522677779197693,0.12978801131248474,0.04543876647949219,0.0020251870155334473
RD,Story1,RD_Story1_s3_k36,8,0,44,44,7.529330730438232,7.4059929847717285,0.1233377456665039,0.0021300911903381348
RD,Story1,RD_Story1_s3_k36,9,0,45,45,3.9177589416503906,4.191567897796631,-0.27380895614624023,0.0013086199760437012
RD,Story1,RD_Story1_s3_k36,10,0,46,46,0.9145944118499756,0.7258319854736328,0.18876242637634277,0.005094349384307861
RD,Story1,RD_Story1_s5_k73,0,0,73,73,8.623224258422852,2.7049899101257324,5.918234348297119,0.1800709366798401
RD,Story1,RD_Story1_s5_k73,1,1,74,74,23.980499267578125,13.016228675842285,10.96427059173584,0.002604365348815918
RD,Story1,RD_Story1_s6_k80,0,0,80,80,7.131068229675293,0.48322269320487976,6.647845536470413,0.15165692567825317
RD,Story1,RD_Story1_s6_k80,1,0,81,81,16.341121673583984,5.506893157958984,10.834228515625,0.007449090480804443
RD,Story1,RD_Story1_s6_k80,2,1,82,82,4.5291972160339355,4.423779010772705,0.10541820526123047,0.005428612232208252
RD,Story1,RD_Story1_s7_k87,0,0,87,87,13.572100639343262,0.7390554547309875,12.833045184612274,0.04665940999984741
RD,Story1,RD_Story1_s7_k87,1,0,88,88,2.398723602294922,4.942361831665039,-2.543638229370117,0.010506808757781982
RD,Story1,RD_Story1_s7_k87,2,0,89,89,1.614877462387085,0.8540867567062378,0.7607907056808472,0.003041505813598633
RD,Story1,RD_Story1_s7_k87,3,0,90,90,9.45528507232666,8.377494812011719,1.0777902603149414,0.003502070903778076
RD,Story1,RD_Story1_s7_k87,4,0,91,91,10.54057788848877,11.285216331481934,-0.7446384429931641,0.0045397281646728516
RD,Story1,RD_Story1_s7_k87,5,0,92,92,3.6455507278442383,3.5183215141296387,0.1272292137145996,0.005621552467346191
RD,Story1,RD_Story1_s7_k87,6,0,93,93,9.158727645874023,8.406875610351562,0.7518520355224609,0.003156125545501709
RD,Story1,RD_Story1_s7_k87,7,0,94,94,6.631321907043457,6.723977088928223,-0.09265518188476562,0.0036472082138061523
RD,Story1,RD_Story1_s7_k87,8,0,95,95,2.5313265323638916,2.3440985679626465,0.18722796440124512,0.0043964385986328125
RD,Story1,RD_Story1_s7_k87,9,0,96,96,1.2651309967041016,0.6877833008766174,0.5773476958274841,0.005116283893585205
RD,Story1,RD_Story1_s7_k87,10,0,97,97,13.772148132324219,12.715317726135254,1.0568304061889648,0.003104984760284424
RD,Story2,RD_Story2_s2_k28,0,0,28,28,6.709146022796631,0.3341459631919861,6.375000059604645,0.11151689291000366
RD,Story2,RD_Story2_s2_k28,1,0,29,29,5.19902229309082,1.292749285697937,3.9062730073928833,0.0037097930908203125
RD,Story2,RD_Story2_s2_k28,2,0,30,30,1.3024756908416748,1.0505048036575317,0.25197088718414307,0.0022304654121398926
RD,Story2,RD_Story2_s2_k28,3,0,31,31,7.59627103805542,6.799271106719971,0.7969999313354492,0.0009350180625915527
RD,Story2,RD_Story2_s2_k28,4,0,32,32,3.449694871902466,3.1718878746032715,0.27780699729919434,0.0013877153396606445
RD,Story2,RD_Story2_s2_k28,5,0,33,33,1.0229923725128174,1.0720890760421753,-0.04909670352935791,0.0008984804153442383
RD,Story2,RD_Story2_s2_k28,6,0,34,34,1.659618854522705,1.7158204317092896,-0.05620157718658447,0.0007041096687316895
RD,Story2,RD_Story2_s2_k28,7,0,35,35,4.5092363357543945,4.6327128410339355,-0.12347650527954102,0.00037670135498046875
RD,Story2,RD_Story2_s2_k28,8,0,36,36,4.7613115310668945,4.941928386688232,-0.1806168556213379,0.0011898279190063477
RD,Story2,RD_Story2_s2_k28,9,0,37,37,4.891658306121826,3.5524535179138184,1.3392047882080078,0.0016263127326965332
RD,Story2,RD_Story2_s2_k28,10,0,38,38,0.7039307951927185,0.5576086044311523,0.14632219076156616,0.0017071366310119629
RD,Story2,RD_Story2_s3_k41,0,0,41,41,16.363073348999023,9.446996688842773,6.91607666015625,0.14578616619110107
RD,Story2,RD_Story2_s3_k41,1,0,42,42,11.621026992797852,11.3335542678833,0.2874727249145508,0.051852643489837646
RD,Story2,RD_Story2_s3_k41,2,0,43,43,1.4084482192993164,0.14699511229991913,1.2614531069993973,0.0587117075920105
RD,Story2,RD_Story2_s3_k41,3,0,44,44,6.7881550788879395,7.267577171325684,-0.47942209243774414,0.009143054485321045
RD,Story2,RD_Story2_s3_k41,4,0,45,45,1.2950215339660645,1.1481454372406006,0.14687609672546387,0.008146345615386963
RD,Story2,RD_Story2_s3_k41,5,0,46,46,4.653097152709961,5.143843173980713,-0.49074602127075195,0.004175066947937012
RD,Story2,RD_Story2_s3_k41,6,0,47,47,0.4653841257095337,0.43757903575897217,0.027805089950561523,0.022280573844909668
RD,Story2,RD_Story2_s3_k41,7,0,48,48,1.1898993253707886,4.323528289794922,-3.1336289644241333,0.01803898811340332
RD,Story2,RD_Story2_s3_k41,8,0,49,49,1.1367404460906982,1.0971803665161133,0.03956007957458496,0.037129878997802734
RD,Story2,RD_Story2_s3_k41,9,0,50,50,23.162403106689453,20.168466567993164,2.993936538696289,0.00468677282333374
RD,Story2,RD_Story2_s3_k41,10,0,51,51,3.0174384117126465,2.774592876434326,0.2428455352783203,0.003071129322052002
RD,Story2,RD_Story2_s4_k65,0,0,65,65,7.180944442749023,0.5655227303504944,6.615421712398529,0.08054643869400024
RD,Story2,RD_Story2_s4_k65,1,0,66,66,0.16941584646701813,7.123457431793213,-6.954041585326195,0.020108699798583984
RD,Story2,RD_Story2_s4_k65,2,0,67,67,0.5362083911895752,0.7926020622253418,-0.2563936710357666,0.007342278957366943
RD,Story2,RD_Story2_s4_k65,3,0,68,68,2.666011333465576,2.8044145107269287,-0.13840317726135254,0.006781160831451416
RD,Story2,RD_Story2_s4_k65,4,0,69,69,0.6208586692810059,0.3265846371650696,0.2942740321159363,0.00594097375869751
RD,Story2,RD_Story2_s4_k65,5,0,70,70,3.107464551925659,2.64640212059021,0.4610624313354492,0.0017375349998474121
RD,Story2,RD_Story2_s4_k65,6,0,71,71,0.30188682675361633,0.20579944550991058,0.09608738124370575,0.004020094871520996
RD,Story2,RD_Story2_s4_k65,7,0,72,72,2.368508815765381,2.2234315872192383,0.14507722854614258,0.001396477222442627
RD,Story2,RD_Story2_s4_k65,8,1,73,73,2.1584343910217285,2.0790152549743652,0.07941913604736328,0.0037593841552734375
RD,Story2,RD_Story2_s5_k84,0,0,84,84,16.092153549194336,1.133442759513855,14.958710789680481,0.0320550799369812
RD,Story2,RD_Story2_s5_k84,1,0,85,85,14.135756492614746,12.800318717956543,1.3354377746582031,0.0021504759788513184
RD,Story2,RD_Story2_s5_k84,2,0,86,86,12.219250679016113,12.352651596069336,-0.13340091705322266,0.0037938952445983887
RD,Story2,RD_Story2_s5_k84,3,0,87,87,7.878390312194824,8.111522674560547,-0.23313236236572266,0.007759153842926025
RD,Story2,RD_Story2_s5_k84,4,0,88,88,1.656548023223877,1.5687686204910278,0.08777940273284912,0.0010829567909240723
RD,Story2,RD_Story2_s5_k84,5,0,89,89,3.197239398956299,3.303248405456543,-0.10600900650024414,0.0011101961135864258
RD,Story2,RD_Story2_s5_k84,6,0,90,90,5.24449348449707,4.816951751708984,0.42754173278808594,0.0027983784675598145
RD,Story2,RD_Story2_s5_k84,7,1,91,91,3.695056438446045,3.926253080368042,-0.23119664192199707,0.0018770694732666016
RD,Story3,RD_Story3_s2_k23,0,0,23,23,20.050891876220703,10.425891876220703,9.625,0.1394525170326233
RD,Story3,RD_Story3_s2_k23,1,0,24,24,10.778382301330566,4.598221778869629,6.1801605224609375,0.010799229145050049
RD,Story3,RD_Story3_s2_k23,2,0,25,25,3.5568580627441406,3.1405301094055176,0.41632795333862305,0.0025316476821899414
RD,Story3,RD_Story3_s2_k23,3,0,26,26,1.0121140480041504,1.0385651588439941,-0.02645111083984375,0.002637624740600586
RD,Story3,RD_Story3_s2_k23,4,0,27,27,8.58784008026123,8.220160484313965,0.3676795959472656,0.0031491518020629883
RD,Story3,RD_Story3_s2_k23,5,0,28,28,1.7045941352844238,1.5773876905441284,0.1272064447402954,0.002950906753540039
RD,Story3,RD_Story3_s2_k23,6,0,29,29,4.102786064147949,3.920200824737549,0.1825852394104004,0.0008388161659240723
RD,Story3,RD_Story3_s2_k23,7,0,30,30,1.5645471811294556,1.4532978534698486,0.11124932765960693,0.0016648173332214355
RD,Story3,RD_Story3_s2_k23,8,0,31,31,11.678001403808594,11.32563591003418,0.35236549377441406,0.0006624460220336914
RD,Story3,RD_Story3_s2_k23,9,0,32,32,2.9034149646759033,2.912715435028076,-0.009300470352172852,0.0003845691680908203
RD,Story3,RD_Story3_s2_k23,10,0,33,33,2.3371362686157227,2.3830249309539795,-0.045888662338256836,0.0006875991821289062
RD,Story3,RD_Story3_s3_k62,0,1,62,62,12.945241928100586,5.059335708618164,7.885906219482422,0.0034322142601013184
RD,Story3,RD_Story3_s4_k67,0,0,67,67,3.5246691703796387,1.4508578777313232,2.0738112926483154,0.062140583992004395
RD,Story3,RD_Story3_s4_k67,1,0,68,68,1.2362295389175415,0.635478138923645,0.6007513999938965,0.007308304309844971
RD,Story3,RD_Story3_s4_k67,2,0,69,69,6.0327982902526855,6.51226806640625,-0.47946977615356445,0.0056781768798828125
RD,Story3,RD_Story3_s4_k67,3,0,70,70,7.0253801345825195,5.177224636077881,1.8481554985046387,0.008628666400909424
RD,Story3,RD_Story3_s4_k67,4,0,71,71,0.7695888876914978,0.7330276370048523,0.03656125068664551,0.0027770400047302246
RD,Story3,RD_Story3_s4_k67,5,0,72,72,9.877299308776855,9.42697525024414,0.45032405853271484,0.003375828266143799
RD,Story3,RD_Story3_s4_k67,6,0,73,73,0.4635361433029175,0.49738675355911255,-0.03385061025619507,0.0016252398490905762
RD,Story3,RD_Story3_s4_k67,7,0,74,74,0.43334823846817017,0.5237641334533691,-0.09041589498519897,0.0011282563209533691
RD,Story3,RD_Story3_s4_k67,8,0,75,75,1.039594054222107,1.0344281196594238,0.0051659345626831055,0.0017213821411132812
RD,Story3,RD_Story3_s4_k67,9,0,76,76,14.858247756958008,15.146867752075195,-0.2886199951171875,0.0010799765586853027
RD,Story3,RD_Story3_s4_k67,10,0,77,77,1.9846264123916626,1.9261618852615356,0.05846452713012695,0.0008907318115234375
RD,Story3,RD_Story3_s5_k101,0,0,101,101,9.99246597290039,0.33279603719711304,9.659669935703278,0.07169520854949951
RD,Story3,RD_Story3_s5_k101,1,1,102,102,8.510472297668457,2.4977529048919678,6.012719392776489,0.004449307918548584
RD,Story3,RD_Story3_s6_k115,0,0,115,115,15.625375747680664,9.789212226867676,5.836163520812988,0.11948573589324951
RD,Story3,RD_Story3_s6_k115,1,0,116,116,10.164864540100098,4.276605129241943,5.888259410858154,0.05000948905944824
RD,Story3,RD_Story3_s6_k115,2,0,117,117,5.8968658447265625,4.676776885986328,1.2200889587402344,0.009019732475280762
RD,Story3,RD_Story3_s6_k115,3,0,118,118,1.7531499862670898,1.0948125123977661,0.6583374738693237,0.007623016834259033
RD,Story3,RD_Story3_s6_k115,4,0,119,119,2.6126809120178223,3.0759453773498535,-0.46326446533203125,0.005050718784332275
RD,Story3,RD_Story3_s6_k115,5,0,120,120,0.5272210836410522,0.5883281826972961,-0.061107099056243896,0.0022052526473999023
RD,Story3,RD_Story3_s6_k115,6,1,121,121,1.7886319160461426,1.783642053604126,0.0049898624420166016,0.0029549002647399902
RD,Story4,RD_Story4_s1_k26,0,1,26,26,14.376256942749023,4.39491605758667,9.981340885162354,0.0020847320556640625
RD,Story4,RD_Story4_s2_k39,0,0,39,39,4.910800933837891,0.49054282903671265,4.420258104801178,0.14707112312316895
RD,Story4,RD_Story4_s2_k39,1,0,40,40,4.529440879821777,0.40694165229797363,4.122499227523804,0.008260250091552734
RD,Story4,RD_Story4_s2_k39,2,0,41,41,0.32489168643951416,0.41852977871894836,-0.0936380922794342,0.008565068244934082
RD,Story4,RD_Story4_s2_k39,3,0,42,42,3.795811176300049,5.160577297210693,-1.3647661209106445,0.006260097026824951
RD,Story4,RD_Story4_s2_k39,4,0,43,43,3.514000654220581,3.810063123703003,-0.2960624694824219,0.004800021648406982
RD,Story4,RD_Story4_s2_k39,5,0,44,44,1.604610562324524,0.8292073011398315,0.7754032611846924,0.02668052911758423
RD,Story4,RD_Story4_s2_k39,6,0,45,45,0.5690878629684448,0.6246718168258667,-0.055583953857421875,0.02641129493713379
RD,Story4,RD_Story4_s2_k39,7,0,46,46,4.477125644683838,4.181331157684326,0.2957944869995117,0.006764113903045654
RD,Story4,RD_Story4_s2_k39,8,0,47,47,0.02511037513613701,0.03438480943441391,-0.009274434298276901,0.01975548267364502
RD,Story4,RD_Story4_s2_k39,9,0,48,48,9.457865715026855,7.915525913238525,1.54233980178833,0.003281533718109131
RD,Story4,RD_Story4_s2_k39,10,0,49,49,1.2060773372650146,1.2770987749099731,-0.0710214376449585,0.008261919021606445
RD,Story4,RD_Story4_s3_k63,0,0,63,63,9.753861427307129,0.22022123634815216,9.533640190958977,0.16547101736068726
RD,Story4,RD_Story4_s3_k63,1,0,64,64,12.214428901672363,2.1200077533721924,10.094421148300171,0.002984762191772461
RD,Story4,RD_Story4_s3_k63,2,1,65,65,15.211660385131836,15.060752868652344,0.1509075164794922,0.0023728609085083008
RD,Story4,RD_Story4_s4_k71,0,0,71,71,6.772945404052734,0.8980998992919922,5.874845504760742,0.028619825839996338
RD,Story4,RD_Story4_s4_k71,1,0,72,72,1.4434010982513428,1.0931663513183594,0.3502347469329834,0.00681537389755249
RD,Story4,RD_Story4_s4_k71,2,0,73,73,0.9598203897476196,0.8254382610321045,0.13438212871551514,0.004526972770690918
RD,Story4,RD_Story4_s4_k71,3,0,74,74,3.8589656352996826,4.388004302978516,-0.529038667678833,0.003956615924835205
RD,Story4,RD_Story4_s4_k71,4,0,75,75,4.281174182891846,4.640807151794434,-0.3596329689025879,0.0020644664764404297
RD,Story4,RD_Story4_s4_k71,5,0,76,76,0.43438720703125,0.4274453818798065,0.0069418251514434814,0.008426189422607422
RD,Story4,RD_Story4_s4_k71,6,0,77,77,0.39074718952178955,1.0702158212661743,-0.6794686317443848,0.002395033836364746
RD,Story4,RD_Story4_s4_k71,7,0,78,78,2.1127867698669434,2.202383041381836,-0.08959627151489258,0.004770219326019287
RD,Story4,RD_Story4_s4_k71,8,0,79,79,3.8087048530578613,4.075390338897705,-0.26668548583984375,0.0030062198638916016
RD,Story4,RD_Story4_s4_k71,9,0,80,80,2.514677047729492,2.69472074508667,-0.18004369735717773,0.0017061829566955566
RD,Story4,RD_Story4_s4_k71,10,0,81,81,8.99815845489502,8.57723617553711,0.42092227935791016,0.00211942195892334
RD,Story5,RD_Story5_s2_k34,0,0,34,34,10.106649398803711,0.9816495180130005,9.12499988079071,0.14136362075805664
RD,Story5,RD_Story5_s2_k34,1,1,35,35,13.178579330444336,8.949663162231445,4.228916168212891,0.002924323081970215
RD,Story5,RD_Story5_s3_k44,0,0,44,44,9.662734031677246,0.8316009044647217,8.831133127212524,0.008886873722076416
RD,Story5,RD_Story5_s3_k44,1,0,45,45,5.548299312591553,6.0662384033203125,-0.5179390907287598,0.004563271999359131
RD,Story5,RD_Story5_s3_k44,2,0,46,46,5.52121114730835,4.866145610809326,0.6550655364990234,0.001183629035949707
RD,Story5,RD_Story5_s3_k44,3,0,47,47,18.902313232421875,18.94386863708496,-0.04155540466308594,0.0006772875785827637
RD,Story5,RD_Story5_s3_k44,4,0,48,48,3.9741289615631104,3.906604290008545,0.06752467155456543,0.0007902383804321289
RD,Story5,RD_Story5_s3_k44,5,0,49,49,1.7940618991851807,1.8475515842437744,-0.05348968505859375,0.0006324648857116699
RD,Story5,RD_Story5_s3_k44,6,0,50,50,9.210456848144531,9.064427375793457,0.14602947235107422,0.0005279779434204102
RD,Story5,RD_Story5_s3_k44,7,0,51,51,6.493893623352051,6.645150184631348,-0.15125656127929688,0.0004050731658935547
RD,Story5,RD_Story5_s3_k44,8,0,52,52,0.8995286822319031,0.8781238198280334,0.02140486240386963,0.0008505582809448242
RD,Story5,RD_Story5_s3_k44,9,0,53,53,7.644969463348389,7.568126678466797,0.0768427848815918,0.0005216002464294434
RD,Story5,RD_Story5_s3_k44,10,0,54,54,1.9481017589569092,1.8344745635986328,0.11362719535827637,0.0004987120628356934
RD,Story5,RD_Story5_s4_k57,0,0,57,57,11.496688842773438,2.3316969871520996,9.164991855621338,0.0799221396446228
RD,Story5,RD_Story5_s4_k57,1,0,58,58,15.630268096923828,6.554818630218506,9.075449466705322,0.14644956588745117
RD,Story5,RD_Story5_s4_k57,2,0,59,59,14.035008430480957,4.677976131439209,9.357032299041748,0.028444409370422363
RD,Story5,RD_Story5_s4_k57,3,0,60,60,12.168327331542969,9.883788108825684,2.284539222717285,0.012930572032928467
RD,Story5,RD_Story5_s4_k57,4,0,61,61,9.650638580322266,11.787556648254395,-2.136918067932129,0.0056421756744384766
RD,Story5,RD_Story5_s4_k57,5,0,62,62,5.982348442077637,5.285179138183594,0.697169303894043,0.013623178005218506
RD,Story5,RD_Story5_s4_k57,6,0,63,63,1.4645260572433472,0.5436348915100098,0.9208911657333374,0.002168118953704834
RD,Story5,RD_Story5_s4_k57,7,0,64,64,0.8759562969207764,0.8444304466247559,0.03152585029602051,0.014631271362304688
RD,Story5,RD_Story5_s4_k57,8,0,65,65,6.194788932800293,4.757786273956299,1.4370026588439941,0.002816438674926758
RD,Story5,RD_Story5_s4_k57,9,0,66,66,0.7344533801078796,0.6194280982017517,0.11502528190612793,0.0012888312339782715
RD,Story5,RD_Story5_s4_k57,10,0,67,67,1.5404502153396606,1.657941460609436,-0.11749124526977539,0.0032706260681152344
RD,Story5,RD_Story5_s5_k74,0,0,74,74,9.511402130126953,0.6423376202583313,8.869064509868622,0.1500868797302246
RD,Story5,RD_Story5_s5_k74,1,0,75,75,10.348989486694336,1.6769875288009644,8.672001957893372,0.010593593120574951
RD,Story5,RD_Story5_s5_k74,2,0,76,76,1.5466891527175903,1.84733247756958,-0.30064332485198975,0.006641209125518799
RD,Story5,RD_Story5_s5_k74,3,0,77,77,1.2948462963104248,1.6298773288726807,-0.33503103256225586,0.01051706075668335
RD,Story5,RD_Story5_s5_k74,4,0,78,78,3.6474080085754395,3.11793851852417,0.5294694900512695,0.008858919143676758
RD,Story5,RD_Story5_s5_k74,5,0,79,79,8.075460433959961,9.326294898986816,-1.2508344650268555,0.003103971481323242
RD,Story5,RD_Story5_s5_k74,6,0,80,80,3.6062779426574707,4.010276794433594,-0.40399885177612305,0.0024999380111694336
RD,Story5,RD_Story5_s5_k74,7,0,81,81,8.428447723388672,8.365856170654297,0.062591552734375,0.0123710036277771
RD,Story5,RD_Story5_s5_k74,8,0,82,82,3.226872205734253,3.644071102142334,-0.41719889640808105,0.012530624866485596
RD,Story5,RD_Story5_s5_k74,9,1,83,83,11.4523344039917,11.127517700195312,0.3248167037963867,0.0016486048698425293
RD,Story6,RD_Story6_s2_k25,0,0,25,25,6.364217281341553,2.7392172813415527,3.625,0.11653697490692139
RD,Story6,RD_Story6_s2_k25,1,0,26,26,12.426151275634766,4.978911876678467,7.447239398956299,0.0018346309661865234
RD,Story6,RD_Story6_s2_k25,2,0,27,27,10.61977481842041,11.155820846557617,-0.536046028137207,0.0007299184799194336
RD,Story6,RD_Story6_s2_k25,3,0,28,28,4.877686500549316,4.779329776763916,0.09835672378540039,0.00027108192443847656
RD,Story6,RD_Story6_s2_k25,4,0,29,29,1.140864610671997,1.0611687898635864,0.07969582080841064,0.00031298398971557617
RD,Story6,RD_Story6_s2_k25,5,1,30,30,5.549840927124023,5.3830156326293945,0.1668252944946289,0.0026306509971618652
RD,Story6,RD_Story6_s3_k55,0,0,55,55,11.98305892944336,7.000204086303711,4.982854843139648,0.13510149717330933
RD,Story6,RD_Story6_s3_k55,1,0,56,56,7.167128562927246,6.837944030761719,0.32918453216552734,0.03259319067001343
RD,Story6,RD_Story6_s3_k55,2,0,57,57,6.718725204467773,9.27922248840332,-2.560497283935547,0.018516600131988525
RD,Story6,RD_Story6_s3_k55,3,0,58,58,4.498251914978027,3.113499164581299,1.3847527503967285,0.022327840328216553
RD,Story6,RD_Story6_s3_k55,4,0,59,59,13.392019271850586,14.970202445983887,-1.5781831741333008,0.015081346035003662
RD,Story6,RD_Story6_s3_k55,5,0,60,60,5.12875509262085,4.0178728103637695,1.11088228225708,0.011833131313323975
RD,Story6,RD_Story6_s3_k55,6,0,61,61,3.04946231842041,1.4411661624908447,1.6082961559295654,0.007262885570526123
RD,Story6,RD_Story6_s3_k55,7,0,62,62,0.571750283241272,0.2730482518672943,0.29870203137397766,0.004619717597961426
RD,Story6,RD_Story6_s3_k55,8,0,63,63,3.6345932483673096,2.835452079772949,0.7991411685943604,0.00626826286315918
RD,Story6,RD_Story6_s3_k55,9,0,64,64,1.1215236186981201,1.5910749435424805,-0.46955132484436035,0.003439009189605713
RD,Story6,RD_Story6_s3_k55,10,1,65,65,1.4973907470703125,1.5470088720321655,-0.04961812496185303,0.0030708909034729004
RD,Story7,RD_Story7_s3_k55,0,0,55,55,4.56796932220459,1.3159226179122925,3.2520467042922974,0.12125188112258911
RD,Story7,RD_Story7_s3_k55,1,0,56,56,13.490617752075195,3.8076674938201904,9.682950258255005,0.027619004249572754
RD,Story7,RD_Story7_s3_k55,2,0,57,57,0.7259314060211182,0.5601977705955505,0.16573363542556763,0.041146039962768555
RD,Story7,RD_Story7_s3_k55,3,0,58,58,6.1312103271484375,5.076515197753906,1.0546951293945312,0.008458077907562256
RD,Story7,RD_Story7_s3_k55,4,0,59,59,10.235566139221191,10.208478927612305,0.02708721160888672,0.0018537640571594238
RD,Story7,RD_Story7_s3_k55,5,0,60,60,3.770820140838623,3.7719902992248535,-0.0011701583862304688,0.001574099063873291
RD,Story7,RD_Story7_s3_k55,6,0,61,61,7.414712905883789,7.66689395904541,-0.2521810531616211,0.005056619644165039
RD,Story7,RD_Story7_s3_k55,7,0,62,62,8.720986366271973,9.151296615600586,-0.4303102493286133,0.0006452798843383789
RD,Story7,RD_Story7_s3_k55,8,0,63,63,4.038503170013428,4.229201316833496,-0.19069814682006836,0.001215517520904541
RD,Story7,RD_Story7_s3_k55,9,0,64,64,0.5328608751296997,0.5626553297042847,-0.02979445457458496,0.0009071230888366699
RD,Story7,RD_Story7_s3_k55,10,0,65,65,4.29006814956665,3.84297513961792,0.44709300994873047,0.0017886161804199219
RD,Story7,RD_Story7_s4_k88,0,0,88,88,12.983245849609375,4.304749488830566,8.678496360778809,0.006468355655670166
RD,Story7,RD_Story7_s4_k88,1,0,89,89,2.0834054946899414,1.4862351417541504,0.597170352935791,0.0029999613761901855
RD,Story7,RD_Story7_s4_k88,2,0,90,90,0.4725174903869629,0.3757609724998474,0.09675651788711548,0.006702423095703125
RD,Story7,RD_Story7_s4_k88,3,0,91,91,1.0521442890167236,1.1102406978607178,-0.05809640884399414,0.0013521909713745117
RD,Story7,RD_Story7_s4_k88,4,0,92,92,3.149322986602783,3.2662038803100586,-0.11688089370727539,0.0017948150634765625
RD,Story7,RD_Story7_s4_k88,5,0,93,93,1.3637771606445312,1.2696553468704224,0.09412181377410889,0.0027546286582946777
RD,Story7,RD_Story7_s4_k88,6,0,94,94,12.294832229614258,11.671359062194824,0.6234731674194336,0.002361893653869629
RD,Story7,RD_Story7_s4_k88,7,1,95,95,3.1177449226379395,2.7159781455993652,0.4017667770385742,0.00343167781829834
RD,Story8,RD_Story8_s2_k15,0,0,15,15,9.077686309814453,3.452686071395874,5.625000238418579,0.06106865406036377
RD,Story8,RD_Story8_s2_k15,1,0,16,16,10.130756378173828,12.831048011779785,-2.700291633605957,0.03066575527191162
RD,Story8,RD_Story8_s2_k15,2,0,17,17,8.237357139587402,4.791925430297852,3.445431709289551,0.008869469165802002
RD,Story8,RD_Story8_s2_k15,3,0,18,18,11.7951021194458,11.35132122039795,0.44378089904785156,0.005997657775878906
RD,Story8,RD_Story8_s2_k15,4,0,19,19,9.584080696105957,9.462440490722656,0.12164020538330078,0.005400896072387695
RD,Story8,RD_Story8_s2_k15,5,0,20,20,8.542630195617676,8.709409713745117,-0.1667795181274414,0.007495582103729248
RD,Story8,RD_Story8_s2_k15,6,0,21,21,3.907961368560791,3.2074992656707764,0.7004621028900146,0.002759277820587158
RD,Story8,RD_Story8_s2_k15,7,0,22,22,2.0554604530334473,1.6713364124298096,0.3841240406036377,0.00528562068939209
RD,Story8,RD_Story8_s2_k15,8,0,23,23,0.22288468480110168,0.15075816214084625,0.07212652266025543,0.002103745937347412
RD,Story8,RD_Story8_s2_k15,9,0,24,24,9.036308288574219,8.677536010742188,0.35877227783203125,0.00415116548538208
RD,Story8,RD_Story8_s2_k15,10,1,25,25,2.1292965412139893,1.964767575263977,0.1645289659500122,0.0016309022903442383
RD,Story8,RD_Story8_s3_k50,0,0,50,50,6.91597318649292,0.5729988217353821,6.342974364757538,0.04957699775695801
RD,Story8,RD_Story8_s3_k50,1,0,51,51,7.650252342224121,6.667206764221191,0.9830455780029297,0.005294620990753174
RD,Story8,RD_Story8_s3_k50,2,0,52,52,6.761460304260254,6.759919166564941,0.0015411376953125,0.0016998648643493652
RD,Story8,RD_Story8_s3_k50,3,0,53,53,0.10575047880411148,0.07163715362548828,0.0341133251786232,0.001838982105255127
RD,Story8,RD_Story8_s3_k50,4,0,54,54,2.6740503311157227,2.51175856590271,0.1622917652130127,0.002539694309234619
RD,Story8,RD_Story8_s3_k50,5,0,55,55,0.27247893810272217,0.25582170486450195,0.016657233238220215,0.0018214583396911621
RD,Story8,RD_Story8_s3_k50,6,0,56,56,8.764236450195312,9.142107009887695,-0.3778705596923828,0.0022814273834228516
RD,Story8,RD_Story8_s3_k50,7,0,57,57,6.825249195098877,6.40003776550293,0.42521142959594727,0.001197516918182373
RD,Story8,RD_Story8_s3_k50,8,0,58,58,1.2823476791381836,1.1376432180404663,0.14470446109771729,0.0022742152214050293
RD,Story8,RD_Story8_s3_k50,9,0,59,59,8.249673843383789,7.91769552230835,0.33197832107543945,0.0009890198707580566
RD,Story8,RD_Story8_s3_k50,10,0,60,60,10.421723365783691,10.54556655883789,-0.12384319305419922,0.0016594529151916504
RD,Story8,RD_Story8_s4_k73,0,0,73,73,3.2759652137756348,0.5338664054870605,2.742098808288574,0.11894434690475464
RD,Story8,RD_Story8_s4_k73,1,0,74,74,13.611459732055664,3.90767765045166,9.703782081604004,0.027044594287872314
RD,Story8,RD_Story8_s4_k73,2,0,75,75,4.125217914581299,1.3705518245697021,2.7546660900115967,0.011696100234985352
RD,Story8,RD_Story8_s4_k73,3,0,76,76,8.383339881896973,7.702095985412598,0.681243896484375,0.016633987426757812
RD,Story8,RD_Story8_s4_k73,4,0,77,77,0.50574791431427,0.17837893962860107,0.32736897468566895,0.0050931572914123535
RD,Story8,RD_Story8_s4_k73,5,0,78,78,0.5202761292457581,0.49388113617897034,0.02639499306678772,0.004071295261383057
RD,Story8,RD_Story8_s4_k73,6,1,79,79,5.6160173416137695,5.104852199554443,0.5111651420593262,0.0048642754554748535
RD,Story8,RD_Story8_s5_k89,0,0,89,89,6.5747575759887695,0.7620666027069092,5.81269097328186,0.007683396339416504
RD,Story8,RD_Story8_s5_k89,1,0,90,90,8.029409408569336,7.850306034088135,0.17910337448120117,0.002377748489379883
RD,Story8,RD_Story8_s5_k89,2,1,91,91,1.7596611976623535,1.628723382949829,0.13093781471252441,0.0038765668869018555
RD,Story8,RD_Story8_s6_k94,0,0,94,94,13.660301208496094,1.215977430343628,12.444323778152466,0.1524708867073059
RD,Story8,RD_Story8_s6_k94,1,0,95,95,20.455337524414062,6.732345104217529,13.722992420196533,0.04473501443862915
RD,Story8,RD_Story8_s6_k94,2,0,96,96,11.7494478225708,11.086163520812988,0.6632843017578125,0.026684463024139404
RD,Story8,RD_Story8_s6_k94,3,0,97,97,0.2154892235994339,0.08965390175580978,0.12583532184362411,0.00819551944732666
RD,Story8,RD_Story8_s6_k94,4,0,98,98,5.85198974609375,5.851647853851318,0.0003418922424316406,0.009417414665222168
RD,Story8,RD_Story8_s6_k94,5,0,99,99,4.875178337097168,4.264893531799316,0.6102848052978516,0.0026078224182128906
RD,Story8,RD_Story8_s6_k94,6,0,100,100,0.6386417150497437,0.5740677118301392,0.06457400321960449,0.003065168857574463
RD,Story8,RD_Story8_s6_k94,7,0,101,101,4.510122299194336,4.782422065734863,-0.27229976654052734,0.003128647804260254
RD,Story8,RD_Story8_s6_k94,8,0,102,102,7.937292575836182,7.966405868530273,-0.029113292694091797,0.002932608127593994
RD,Story8,RD_Story8_s6_k94,9,0,103,103,7.341753005981445,6.944941997528076,0.39681100845336914,0.0012656450271606445
RD,Story8,RD_Story8_s6_k94,10,0,104,104,11.891592025756836,12.070743560791016,-0.1791515350341797,0.0009403228759765625
RD,Story9,RD_Story9_s3_k34,0,0,34,34,4.336888313293457,2.211888313293457,2.125,0.09456795454025269
RD,Story9,RD_Story9_s3_k34,1,0,35,35,4.889474868774414,3.2187633514404297,1.6707115173339844,0.005032837390899658
RD,Story9,RD_Story9_s3_k34,2,0,36,36,2.743722438812256,2.5768966674804688,0.1668257713317871,0.0008481740951538086
RD,Story9,RD_Story9_s3_k34,3,0,37,37,4.546132564544678,4.459830284118652,0.08630228042602539,0.0006254315376281738
RD,Story9,RD_Story9_s3_k34,4,0,38,38,2.1861112117767334,2.1715433597564697,0.014567852020263672,0.00039386749267578125
RD,Story9,RD_Story9_s3_k34,5,0,39,39,0.6658022999763489,0.6677577495574951,-0.0019554495811462402,0.0005187392234802246
RD,Story9,RD_Story9_s3_k34,6,0,40,40,0.2876700162887573,0.2418672740459442,0.04580274224281311,0.00017958879470825195
RD,Story9,RD_Story9_s3_k34,7,1,41,41,5.5649824142456055,5.713868141174316,-0.14888572692871094,0.0006337165832519531
RD,Story9,RD_Story9_s5_k53,0,0,53,53,23.749675750732422,11.801705360412598,11.947970390319824,0.1985740065574646
RD,Story9,RD_Story9_s5_k53,1,0,54,54,17.74066734313965,8.946113586425781,8.794553756713867,0.05141216516494751
RD,Story9,RD_Story9_s5_k53,2,0,55,55,7.003026008605957,3.26405930519104,3.738966703414917,0.007236778736114502
RD,Story9,RD_Story9_s5_k53,3,0,56,56,1.4367022514343262,1.1525824069976807,0.2841198444366455,0.012182056903839111
RD,Story9,RD_Story9_s5_k53,4,0,57,57,5.164453983306885,5.262444496154785,-0.09799051284790039,0.005109608173370361
RD,Story9,RD_Story9_s5_k53,5,0,58,58,10.703368186950684,11.015216827392578,-0.31184864044189453,0.005976319313049316
RD,Story9,RD_Story9_s5_k53,6,0,59,59,11.344525337219238,10.114497184753418,1.2300281524658203,0.004775702953338623
RD,Story9,RD_Story9_s5_k53,7,0,60,60,0.8194395899772644,0.8302303552627563,-0.010790765285491943,0.0015976428985595703
RD,Story9,RD_Story9_s5_k53,8,0,61,61,4.361549377441406,4.355854511260986,0.005694866180419922,0.0017054080963134766
RD,Story9,RD_Story9_s5_k53,9,0,62,62,1.1278221607208252,1.121168613433838,0.006653547286987305,0.0020183920860290527
RD,Story9,RD_Story9_s5_k53,10,0,63,63,13.699941635131836,13.616768836975098,0.08317279815673828,0.0015750527381896973
RD,Story9,RD_Story9_s6_k70,0,0,70,70,7.676815986633301,10.116567611694336,-2.439751625061035,0.06868201494216919
RD,Story9,RD_Story9_s6_k70,1,0,71,71,1.2083935737609863,0.02183971181511879,1.1865538619458675,0.07272642850875854
RD,Story9,RD_Story9_s6_k70,2,0,72,72,6.664525508880615,5.405437469482422,1.2590880393981934,0.03508758544921875
RD,Story9,RD_Story9_s6_k70,3,1,73,73,5.225905418395996,2.952691078186035,2.273214340209961,0.018117785453796387
RD,Story9,RD_Story9_s7_k95,0,0,95,95,5.139591693878174,1.0361038446426392,4.103487849235535,0.058191657066345215
RD,Story9,RD_Story9_s7_k95,1,1,96,96,7.762454032897949,5.838733673095703,1.923720359802246,0.016062796115875244
RD,Story10,RD_Story10_s2_k32,0,0,32,32,5.348362445831299,2.566286563873291,2.782075881958008,0.10874462127685547
RD,Story10,RD_Story10_s2_k32,1,1,33,33,11.473493576049805,3.860422134399414,7.613071441650391,0.00878596305847168
RD,Story10,RD_Story10_s3_k64,0,0,64,64,9.653759956359863,1.292732834815979,8.361027121543884,0.07260525226593018
RD,Story10,RD_Story10_s3_k64,1,0,65,65,2.3216946125030518,9.248614311218262,-6.92691969871521,0.029184341430664062
RD,Story10,RD_Story10_s3_k64,2,0,66,66,3.891414165496826,3.184570074081421,0.7068440914154053,0.009227514266967773
RD,Story10,RD_Story10_s3_k64,3,0,67,67,7.188427448272705,7.472511291503906,-0.28408384323120117,0.005429446697235107
RD,Story10,RD_Story10_s3_k64,4,0,68,68,1.4179565906524658,0.7908910512924194,0.6270655393600464,0.004576921463012695
RD,Story10,RD_Story10_s3_k64,5,1,69,69,3.875492572784424,3.7297887802124023,0.14570379257202148,0.0055876970291137695
RD,Story10,RD_Story10_s5_k87,0,0,87,87,11.724574089050293,3.3505678176879883,8.374006271362305,0.016013920307159424
RD,Story10,RD_Story10_s5_k87,1,0,88,88,11.849373817443848,12.474981307983398,-0.6256074905395508,0.01179271936416626
RD,Story10,RD_Story10_s5_k87,2,0,89,89,7.7541913986206055,9.377376556396484,-1.623185157775879,0.006916165351867676
RD,Story10,RD_Story10_s5_k87,3,0,90,90,0.1975131779909134,0.2063712179660797,-0.00885803997516632,0.007902562618255615
RD,Story10,RD_Story10_s5_k87,4,0,91,91,5.913074493408203,4.687123775482178,1.2259507179260254,0.012579739093780518
RD,Story10,RD_Story10_s5_k87,5,0,92,92,1.65720796585083,1.267396330833435,0.389811635017395,0.0075261592864990234
RD,Story10,RD_Story10_s5_k87,6,0,93,93,1.30086088180542,1.095548152923584,0.20531272888183594,0.006884634494781494
RD,Story10,RD_Story10_s5_k87,7,0,94,94,14.333908081054688,13.851354598999023,0.48255348205566406,0.006177961826324463
RD,Story10,RD_Story10_s5_k87,8,0,95,95,5.2371978759765625,4.848960876464844,0.38823699951171875,0.008761167526245117
RD,Story10,RD_Story10_s5_k87,9,0,96,96,4.947958946228027,3.148127794265747,1.7998311519622803,0.006799101829528809
RD,Story10,RD_Story10_s5_k87,10,0,97,97,8.0855073928833,7.781338214874268,0.3041691780090332,0.006318867206573486
RD,Story11,RD_Story11_s3_k43,0,0,43,43,9.466787338256836,1.1307413578033447,8.336045980453491,0.07174527645111084
RD,Story11,RD_Story11_s3_k43,1,0,44,44,5.3516974449157715,2.7294650077819824,2.622232437133789,0.005137443542480469
RD,Story11,RD_Story11_s3_k43,2,1,45,45,6.677258491516113,6.073546409606934,0.6037120819091797,0.0034950971603393555
RD,Story11,RD_Story11_s4_k53,0,0,53,53,21.343299865722656,14.929887771606445,6.413412094116211,0.161024808883667
RD,Story11,RD_Story11_s4_k53,1,0,54,54,14.451530456542969,9.80595874786377,4.645571708679199,0.009526550769805908
RD,Story11,RD_Story11_s4_k53,2,0,55,55,2.75496244430542,2.826856851577759,-0.07189440727233887,0.002644181251525879
RD,Story11,RD_Story11_s4_k53,3,0,56,56,1.492708683013916,2.0255160331726074,-0.5328073501586914,0.008836746215820312
RD,Story11,RD_Story11_s4_k53,4,0,57,57,0.7833071947097778,0.9801470637321472,-0.19683986902236938,0.001916646957397461
RD,Story11,RD_Story11_s4_k53,5,0,58,58,4.278144359588623,4.557650089263916,-0.27950572967529297,0.0024951696395874023
RD,Story11,RD_Story11_s4_k53,6,0,59,59,4.300408840179443,4.436899662017822,-0.1364908218383789,0.00163191556930542
RD,Story11,RD_Story11_s4_k53,7,0,60,60,0.9865301251411438,1.0746712684631348,-0.08814114332199097,0.002330601215362549
RD,Story11,RD_Story11_s4_k53,8,0,61,61,0.42937836050987244,0.43767884373664856,-0.008300483226776123,0.0006170272827148438
RD,Story11,RD_Story11_s4_k53,9,0,62,62,1.8632675409317017,1.7367974519729614,0.12647008895874023,0.0018013715744018555
RD,Story11,RD_Story11_s4_k53,10,0,63,63,1.193116307258606,1.1984251737594604,-0.005308866500854492,0.0009403824806213379
RD,Story11,RD_Story11_s5_k68,0,0,68,68,11.598785400390625,9.554047584533691,2.0447378158569336,0.05585753917694092
RD,Story11,RD_Story11_s5_k68,1,0,69,69,1.140575885772705,5.247098445892334,-4.106522560119629,0.03715604543685913
RD,Story11,RD_Story11_s5_k68,2,0,70,70,8.39065170288086,3.074037790298462,5.3166139125823975,0.003621339797973633
RD,Story11,RD_Story11_s5_k68,3,0,71,71,1.0774797201156616,1.0543893575668335,0.023090362548828125,0.005611121654510498
RD,Story11,RD_Story11_s5_k68,4,0,72,72,0.5671417117118835,0.8538088202476501,-0.2866671085357666,0.005082249641418457
RD,Story11,RD_Story11_s5_k68,5,0,73,73,4.312905311584473,4.885379791259766,-0.572474479675293,0.006672084331512451
RD,Story11,RD_Story11_s5_k68,6,0,74,74,10.032798767089844,10.701744079589844,-0.6689453125,0.0027298927307128906
RD,Story11,RD_Story11_s5_k68,7,0,75,75,2.7727909088134766,2.336638927459717,0.43615198135375977,0.0066748857498168945
RD,Story11,RD_Story11_s5_k68,8,0,76,76,7.345785140991211,7.702923774719238,-0.35713863372802734,0.006724357604980469
RD,Story11,RD_Story11_s5_k68,9,0,77,77,6.331078052520752,6.590936660766602,-0.2598586082458496,0.0018017292022705078
RD,Story11,RD_Story11_s5_k68,10,0,78,78,2.0338857173919678,1.994136929512024,0.03974878787994385,0.004687368869781494
RD,Story11,RD_Story11_s8_k111,0,0,111,111,4.369611740112305,0.8430464267730713,3.5265653133392334,0.06287878751754761
RD,Story11,RD_Story11_s8_k111,1,0,112,112,5.216812610626221,3.7830135822296143,1.4337990283966064,0.04410213232040405
RD,Story11,RD_Story11_s8_k111,2,0,113,113,0.16644400358200073,0.041099321097135544,0.1253446824848652,0.019627630710601807
RD,Story11,RD_Story11_s8_k111,3,1,114,114,4.446482181549072,3.0793309211730957,1.3671512603759766,0.006080448627471924
RD,Story12,RD_Story12_s2_k21,0,0,21,21,11.408503532409668,0.5335035920143127,10.874999940395355,0.10034525394439697
RD,Story12,RD_Story12_s2_k21,1,0,22,22,11.312990188598633,9.027307510375977,2.2856826782226562,0.004189670085906982
RD,Story12,RD_Story12_s2_k21,2,0,23,23,0.8153963685035706,0.7300389409065247,0.0853574275970459,0.0024231672286987305
RD,Story12,RD_Story12_s2_k21,3,0,24,24,6.93679141998291,6.545401096343994,0.391390323638916,0.0034796595573425293
RD,Story12,RD_Story12_s2_k21,4,0,25,25,1.0812327861785889,0.5479741096496582,0.5332586765289307,0.0082816481590271
RD,Story12,RD_Story12_s2_k21,5,0,26,26,0.9655183553695679,0.5150210857391357,0.45049726963043213,0.003338932991027832
RD,Story12,RD_Story12_s2_k21,6,0,27,27,1.4215186834335327,1.1411378383636475,0.28038084506988525,0.006892859935760498
RD,Story12,RD_Story12_s2_k21,7,0,28,28,12.915761947631836,13.095789909362793,-0.18002796173095703,0.0030207037925720215
RD,Story12,RD_Story12_s2_k21,8,0,29,29,24.614944458007812,25.012971878051758,-0.3980274200439453,0.001762092113494873
RD,Story12,RD_Story12_s2_k21,9,0,30,30,1.9912751913070679,1.8573004007339478,0.13397479057312012,0.0019655227661132812
RD,Story12,RD_Story12_s2_k21,10,0,31,31,0.1597370058298111,0.1401069462299347,0.019630059599876404,0.0015968680381774902
RD,Story12,RD_Story12_s3_k47,0,0,47,47,9.625020980834961,0.6017836332321167,9.023237347602844,0.22080618143081665
RD,Story12,RD_Story12_s3_k47,1,0,48,48,6.694531440734863,1.075054407119751,5.619477033615112,0.005315184593200684
RD,Story12,RD_Story12_s3_k47,2,0,49,49,0.569973349571228,0.5318439602851868,0.03812938928604126,0.007160604000091553
RD,Story12,RD_Story12_s3_k47,3,0,50,50,5.136244773864746,4.636677265167236,0.49956750869750977,0.004089057445526123
RD,Story12,RD_Story12_s3_k47,4,0,51,51,1.1296968460083008,1.0928672552108765,0.036829590797424316,0.003756225109100342
RD,Story12,RD_Story12_s3_k47,5,0,52,52,4.7899322509765625,4.232686996459961,0.5572452545166016,0.0023900270462036133
RD,Story12,RD_Story12_s3_k47,6,0,53,53,5.252579689025879,5.302587985992432,-0.050008296966552734,0.0023047327995300293
RD,Story12,RD_Story12_s3_k47,7,1,54,54,3.4713692665100098,2.8108127117156982,0.6605565547943115,0.008965253829956055
RD,Story12,RD_Story12_s4_k70,0,0,70,70,9.287118911743164,0.5915684700012207,8.695550441741943,0.07463181018829346
RD,Story12,RD_Story12_s4_k70,1,0,71,71,1.2157955169677734,0.03225574642419815,1.1835397705435753,0.011963367462158203
RD,Story12,RD_Story12_s4_k70,2,0,72,72,0.10606905817985535,0.03518706187605858,0.07088199630379677,0.00782787799835205
RD,Story12,RD_Story12_s4_k70,3,1,73,73,5.743489742279053,4.584565162658691,1.1589245796203613,0.004776716232299805
RD,Story13,RD_Story13_s2_k39,0,0,39,39,6.225950241088867,0.7571659684181213,5.468784272670746,0.19077152013778687
RD,Story13,RD_Story13_s2_k39,1,0,40,40,0.8214211463928223,9.103333473205566,-8.281912326812744,0.10060423612594604
RD,Story13,RD_Story13_s2_k39,2,0,41,41,9.172374725341797,2.5233497619628906,6.649024963378906,0.005777537822723389
RD,Story13,RD_Story13_s2_k39,3,0,42,42,1.7913734912872314,2.3364667892456055,-0.545093297958374,0.0047130584716796875
RD,Story13,RD_Story13_s2_k39,4,0,43,43,4.454676628112793,4.361965656280518,0.09271097183227539,0.011786997318267822
RD,Story13,RD_Story13_s2_k39,5,0,44,44,0.22768615186214447,5.406385898590088,-5.178699746727943,0.002461731433868408
RD,Story13,RD_Story13_s2_k39,6,0,45,45,0.08049985021352768,0.06119038164615631,0.01930946856737137,0.012349426746368408
RD,Story13,RD_Story13_s2_k39,7,0,46,46,1.7057889699935913,1.4311163425445557,0.27467262744903564,0.0047798752784729
RD,Story13,RD_Story13_s2_k39,8,0,47,47,4.872743129730225,4.552618503570557,0.32012462615966797,0.0024261474609375
RD,Story13,RD_Story13_s2_k39,9,0,48,48,0.4244385063648224,0.3042384386062622,0.12020006775856018,0.0013869404792785645
RD,Story13,RD_Story13_s2_k39,10,0,49,49,1.9167838096618652,1.8541533946990967,0.06263041496276855,0.0015344023704528809
RD,Story13,RD_Story13_s4_k80,0,0,80,80,15.807366371154785,6.058570861816406,9.748795509338379,0.19401711225509644
RD,Story13,RD_Story13_s4_k80,1,0,81,81,6.4423933029174805,1.801331877708435,4.641061425209045,0.009439051151275635
RD,Story13,RD_Story13_s4_k80,2,0,82,82,2.7287869453430176,2.2458252906799316,0.48296165466308594,0.0028504133224487305
RD,Story13,RD_Story13_s4_k80,3,0,83,83,5.10589599609375,4.988752365112305,0.11714363098144531,0.00864177942276001
RD,Story13,RD_Story13_s4_k80,4,0,84,84,2.453627586364746,3.3608884811401367,-0.9072608947753906,0.008934497833251953
RD,Story13,RD_Story13_s4_k80,5,0,85,85,19.946054458618164,18.547815322875977,1.3982391357421875,0.005078911781311035
RD,Story13,RD_Story13_s4_k80,6,0,86,86,2.4024150371551514,1.9886620044708252,0.41375303268432617,0.0054749250411987305
RD,Story13,RD_Story13_s4_k80,7,0,87,87,11.6866455078125,11.935876846313477,-0.24923133850097656,0.0028113722801208496
RD,Story13,RD_Story13_s4_k80,8,0,88,88,6.355507850646973,5.914712905883789,0.4407949447631836,0.000793159008026123
RD,Story13,RD_Story13_s4_k80,9,0,89,89,3.513824462890625,3.2339587211608887,0.27986574172973633,0.0028325319290161133
RD,Story13,RD_Story13_s4_k80,10,0,90,90,2.2060368061065674,2.455732822418213,-0.2496960163116455,0.0029184818267822266
RD,Story13,RD_Story13_s5_k98,0,0,98,98,14.341211318969727,11.53231143951416,2.8088998794555664,0.1732410192489624
RD,Story13,RD_Story13_s5_k98,1,0,99,99,8.716313362121582,7.094121932983398,1.6221914291381836,0.005061507225036621
RD,Story13,RD_Story13_s5_k98,2,0,100,100,1.6414070129394531,1.6620962619781494,-0.02068924903869629,0.0024729371070861816
RD,Story13,RD_Story13_s5_k98,3,0,101,101,2.379756450653076,2.752901792526245,-0.37314534187316895,0.0036931633949279785
RD,Story13,RD_Story13_s5_k98,4,1,102,102,4.7219038009643555,4.460129261016846,0.26177453994750977,0.017184555530548096
RD,Story14,RD_Story14_s2_k38,0,0,38,38,8.76073932647705,1.737189531326294,7.023549795150757,0.1414034366607666
RD,Story14,RD_Story14_s2_k38,1,0,39,39,21.526325225830078,8.263091087341309,13.26323413848877,0.00876462459564209
RD,Story14,RD_Story14_s2_k38,2,0,40,40,2.6154870986938477,5.393848419189453,-2.7783613204956055,0.0019226670265197754
RD,Story14,RD_Story14_s2_k38,3,0,41,41,1.6417460441589355,1.7928982973098755,-0.15115225315093994,0.0025911331176757812
RD,Story14,RD_Story14_s2_k38,4,0,42,42,0.12094814330339432,0.09921739250421524,0.021730750799179077,0.0012049078941345215
RD,Story14,RD_Story14_s2_k38,5,0,43,43,4.577718734741211,4.648697376251221,-0.07097864151000977,0.0007735490798950195
RD,Story14,RD_Story14_s2_k38,6,0,44,44,7.967416286468506,8.299683570861816,-0.33226728439331055,0.0005252957344055176
RD,Story14,RD_Story14_s2_k38,7,0,45,45,2.3002538681030273,2.2584972381591797,0.041756629943847656,0.0005171895027160645
RD,Story14,RD_Story14_s2_k38,8,0,46,46,11.22339916229248,11.296682357788086,-0.07328319549560547,0.0011609792709350586
RD,Story14,RD_Story14_s2_k38,9,0,47,47,5.040143966674805,4.516453742980957,0.5236902236938477,0.001981198787689209
RD,Story14,RD_Story14_s2_k38,10,0,48,48,1.263817548751831,1.3408911228179932,-0.07707357406616211,0.001135408878326416
RD,Story14,RD_Story14_s3_k60,0,0,60,60,5.633204936981201,2.917447566986084,2.715757369995117,0.12382286787033081
RD,Story14,RD_Story14_s3_k60,1,0,61,61,7.341330528259277,7.424679279327393,-0.08334875106811523,0.020949602127075195
RD,Story14,RD_Story14_s3_k60,2,0,62,62,2.1908392906188965,0.9341139197349548,1.2567253708839417,0.0025141239166259766
RD,Story14,RD_Story14_s3_k60,3,0,63,63,1.5163960456848145,1.5830354690551758,-0.06663942337036133,0.00205308198928833
RD,Story14,RD_Story14_s3_k60,4,0,64,64,0.12319140136241913,0.10077302902936935,0.022418372333049774,0.0013849139213562012
RD,Story14,RD_Story14_s3_k60,5,1,65,65,3.855440616607666,4.052862167358398,-0.19742155075073242,0.007218539714813232
RD,Story14,RD_Story14_s4_k82,0,1,82,82,12.710232734680176,2.8160274028778076,9.894205331802368,0.029460608959197998
RD,Story14,RD_Story14_s6_k109,0,0,109,109,6.622859001159668,3.230748176574707,3.392110824584961,0.07224458456039429
RD,Story14,RD_Story14_s6_k109,1,0,110,110,3.6288082599639893,1.3214555978775024,2.307352662086487,0.053398966789245605
RD,Story14,RD_Story14_s6_k109,2,0,111,111,3.064728260040283,1.1112821102142334,1.9534461498260498,0.005815386772155762
RD,Story14,RD_Story14_s6_k109,3,0,112,112,8.74305248260498,8.18804931640625,0.5550031661987305,0.004430890083312988
RD,Story14,RD_Story14_s6_k109,4,0,113,113,2.786360025405884,3.2448999881744385,-0.4585399627685547,0.0024941563606262207
RD,Story14,RD_Story14_s6_k109,5,0,114,114,1.109593391418457,1.048005223274231,0.061588168144226074,0.003230869770050049
RD,Story14,RD_Story14_s6_k109,6,0,115,115,1.1510714292526245,1.3904973268508911,-0.2394258975982666,0.0047760009765625
RD,Story14,RD_Story14_s6_k109,7,1,116,116,1.8912086486816406,1.5292065143585205,0.3620021343231201,0.0009971261024475098
RD,Story15,RD_Story15_s2_k24,0,0,24,24,6.447961330413818,2.3229613304138184,4.125,0.14623761177062988
RD,Story15,RD_Story15_s2_k24,1,0,25,25,8.844642639160156,2.225254774093628,6.619387865066528,0.0216367244720459
RD,Story15,RD_Story15_s2_k24,2,0,26,26,7.920596599578857,5.618781089782715,2.3018155097961426,0.0014340877532958984
RD,Story15,RD_Story15_s2_k24,3,0,27,27,2.8991644382476807,2.4406492710113525,0.4585151672363281,0.0018333792686462402
RD,Story15,RD_Story15_s2_k24,4,0,28,28,3.033416271209717,2.561600923538208,0.4718153476715088,0.0012775063514709473
RD,Story15,RD_Story15_s2_k24,5,0,29,29,4.16239070892334,4.096877574920654,0.06551313400268555,0.00144118070602417
RD,Story15,RD_Story15_s2_k24,6,0,30,30,0.11556731909513474,0.08993352204561234,0.0256337970495224,0.0008369088172912598
RD,Story15,RD_Story15_s2_k24,7,0,31,31,8.494888305664062,8.301213264465332,0.19367504119873047,0.00046175718307495117
RD,Story15,RD_Story15_s2_k24,8,0,32,32,4.3496880531311035,4.106639862060547,0.24304819107055664,0.00035065412521362305
RD,Story15,RD_Story15_s2_k24,9,0,33,33,1.429890513420105,1.5080974102020264,-0.07820689678192139,0.0004875063896179199
RD,Story15,RD_Story15_s2_k24,10,0,34,34,3.962662935256958,3.969421148300171,-0.006758213043212891,0.0013353824615478516
RD,Story15,RD_Story15_s3_k56,0,0,56,56,7.975600242614746,0.24244479835033417,7.733155444264412,0.037622928619384766
RD,Story15,RD_Story15_s3_k56,1,0,57,57,1.8427505493164062,1.5459232330322266,0.2968273162841797,0.0022439956665039062
RD,Story15,RD_Story15_s3_k56,2,0,58,58,5.236257076263428,5.44025993347168,-0.20400285720825195,0.019982099533081055
RD,Story15,RD_Story15_s3_k56,3,0,59,59,7.034780502319336,10.07443904876709,-3.039658546447754,0.005750596523284912
RD,Story15,RD_Story15_s3_k56,4,0,60,60,3.442296266555786,3.26556396484375,0.17673230171203613,0.0019001960754394531
RD,Story15,RD_Story15_s3_k56,5,0,61,61,3.0114481449127197,2.4241721630096436,0.5872759819030762,0.012773215770721436
RD,Story15,RD_Story15_s3_k56,6,1,62,62,3.9539880752563477,1.8630362749099731,2.0909518003463745,0.0013374686241149902
RD,Story16,RD_Story16_s2_k22,0,0,22,22,14.989221572875977,0.6767220497131348,14.312499523162842,0.023357629776000977
RD,Story16,RD_Story16_s2_k22,1,0,23,23,17.162841796875,17.200565338134766,-0.037723541259765625,0.0012745857238769531
RD,Story16,RD_Story16_s2_k22,2,0,24,24,1.929680585861206,1.8656065464019775,0.06407403945922852,0.0013138055801391602
RD,Story16,RD_Story16_s2_k22,3,0,25,25,0.5409371852874756,0.5129982829093933,0.027938902378082275,0.001108407974243164
RD,Story16,RD_Story16_s2_k22,4,0,26,26,1.6909080743789673,1.7364840507507324,-0.04557597637176514,0.0004341602325439453
RD,Story16,RD_Story16_s2_k22,5,0,27,27,1.055815577507019,1.0608031749725342,-0.004987597465515137,0.0008310675621032715
RD,Story16,RD_Story16_s2_k22,6,0,28,28,4.748269081115723,4.773465633392334,-0.025196552276611328,0.00029081106185913086
RD,Story16,RD_Story16_s2_k22,7,0,29,29,0.37754541635513306,0.3314245343208313,0.04612088203430176,0.0017004609107971191
RD,Story16,RD_Story16_s2_k22,8,0,30,30,2.5108349323272705,2.514982223510742,-0.00414729118347168,0.0027666091918945312
RD,Story16,RD_Story16_s2_k22,9,0,31,31,9.976479530334473,9.03859806060791,0.9378814697265625,0.0010883212089538574
RD,Story16,RD_Story16_s2_k22,10,0,32,32,0.6643283367156982,0.6283913254737854,0.03593701124191284,0.0005795955657958984
RD,Story16,RD_Story16_s3_k39,0,0,39,39,14.904045104980469,8.761218070983887,6.142827033996582,0.17923355102539062
RD,Story16,RD_Story16_s3_k39,1,0,40,40,8.830743789672852,13.412050247192383,-4.581306457519531,0.008621454238891602
RD,Story16,RD_Story16_s3_k39,2,0,41,41,3.764512777328491,4.727623462677002,-0.9631106853485107,0.01039820909500122
RD,Story16,RD_Story16_s3_k39,3,0,42,42,5.865314483642578,2.1606860160827637,3.7046284675598145,0.008838474750518799
RD,Story16,RD_Story16_s3_k39,4,0,43,43,0.08863238990306854,0.03503156453371048,0.05360082536935806,0.005908489227294922
RD,Story16,RD_Story16_s3_k39,5,0,44,44,0.47797223925590515,0.6237310171127319,-0.14575877785682678,0.0021396279335021973
RD,Story16,RD_Story16_s3_k39,6,0,45,45,0.04820048436522484,0.04201772063970566,0.00618276372551918,0.0025749802589416504
RD,Story16,RD_Story16_s3_k39,7,0,46,46,2.4315457344055176,1.8916306495666504,0.5399150848388672,0.0015137195587158203
RD,Story16,RD_Story16_s3_k39,8,0,47,47,0.3495901823043823,0.3487195074558258,0.0008706748485565186,0.001466214656829834
RD,Story16,RD_Story16_s3_k39,9,0,48,48,2.547459602355957,2.512197494506836,0.035262107849121094,0.0027114152908325195
RD,Story16,RD_Story16_s3_k39,10,0,49,49,1.2818613052368164,1.2518315315246582,0.030029773712158203,0.002433300018310547
RD,Story16,RD_Story16_s4_k88,0,0,88,88,4.9456048011779785,0.5814462304115295,4.364158570766449,0.15016025304794312
RD,Story16,RD_Story16_s4_k88,1,1,89,89,16.932180404663086,1.5267096757888794,15.405470728874207,0.00781947374343872
RD,Story17,RD_Story17_s2_k34,0,0,34,34,6.3105950355529785,1.1855950355529785,5.125,0.09822791814804077
RD,Story17,RD_Story17_s2_k34,1,0,35,35,5.389124870300293,1.6949763298034668,3.694148540496826,0.02060115337371826
RD,Story17,RD_Story17_s2_k34,2,0,36,36,4.35880708694458,4.082312107086182,0.27649497985839844,0.0006394386291503906
RD,Story17,RD_Story17_s2_k34,3,0,37,37,6.244682312011719,6.246311187744141,-0.001628875732421875,0.0009885430335998535
RD,Story17,RD_Story17_s2_k34,4,0,38,38,12.83435344696045,12.988054275512695,-0.1537008285522461,0.00032788515090942383
RD,Story17,RD_Story17_s2_k34,5,1,39,39,6.982309818267822,6.919164180755615,0.06314563751220703,0.00019919872283935547
RD,Story17,RD_Story17_s3_k43,0,0,43,43,17.505802154541016,2.1599948406219482,15.345807313919067,0.01340019702911377
RD,Story17,RD_Story17_s3_k43,1,0,44,44,13.644508361816406,15.138067245483398,-1.4935588836669922,0.006444454193115234
RD,Story17,RD_Story17_s3_k43,2,0,45,45,0.7919867634773254,0.6280860304832458,0.1639007329940796,0.004524171352386475
RD,Story17,RD_Story17_s3_k43,3,0,46,46,2.771902084350586,1.3360358476638794,1.4358662366867065,0.0030789971351623535
RD,Story17,RD_Story17_s3_k43,4,0,47,47,6.182497024536133,5.634654521942139,0.5478425025939941,0.0014143586158752441
RD,Story17,RD_Story17_s3_k43,5,0,48,48,2.7645814418792725,2.760209321975708,0.004372119903564453,0.003365457057952881
RD,Story17,RD_Story17_s3_k43,6,0,49,49,0.6263953447341919,0.500863254070282,0.1255320906639099,0.0014058947563171387
RD,Story17,RD_Story17_s3_k43,7,0,50,50,1.5695455074310303,1.4216889142990112,0.14785659313201904,0.0006604790687561035
RD,Story17,RD_Story17_s3_k43,8,0,51,51,3.417252779006958,3.451577663421631,-0.03432488441467285,0.0010477900505065918
RD,Story17,RD_Story17_s3_k43,9,0,52,52,0.1599532961845398,0.17022830247879028,-0.010275006294250488,0.000628352165222168
RD,Story17,RD_Story17_s3_k43,10,0,53,53,0.4368206560611725,0.3787401616573334,0.05808049440383911,0.0005301237106323242
RD,Story17,RD_Story17_s4_k73,0,0,73,73,7.3046464920043945,0.18470224738121033,7.119944244623184,0.047567903995513916
RD,Story17,RD_Story17_s4_k73,1,0,74,74,5.163546085357666,3.9391775131225586,1.2243685722351074,0.014271199703216553
RD,Story17,RD_Story17_s4_k73,2,0,75,75,18.2554988861084,15.761208534240723,2.494290351867676,0.005509555339813232
RD,Story17,RD_Story17_s4_k73,3,0,76,76,2.001826763153076,1.29722261428833,0.7046041488647461,0.003262758255004883
RD,Story17,RD_Story17_s4_k73,4,0,77,77,0.4158402383327484,0.34194475412368774,0.07389548420906067,0.001877903938293457
RD,Story17,RD_Story17_s4_k73,5,0,78,78,0.4475950002670288,0.5681780576705933,-0.12058305740356445,0.003612339496612549
RD,Story17,RD_Story17_s4_k73,6,0,79,79,14.014602661132812,13.008201599121094,1.0064010620117188,0.0027800798416137695
RD,Story17,RD_Story17_s4_k73,7,0,80,80,1.4664092063903809,1.3793132305145264,0.08709597587585449,0.0015683770179748535
RD,Story17,RD_Story17_s4_k73,8,0,81,81,5.53892183303833,5.777965068817139,-0.2390432357788086,0.0006900429725646973
RD,Story17,RD_Story17_s4_k73,9,0,82,82,0.9140849113464355,0.9046949744224548,0.009389936923980713,0.0006722211837768555
RD,Story17,RD_Story17_s4_k73,10,0,83,83,0.4941246509552002,0.44229644536972046,0.051828205585479736,0.002279818058013916
RD,Story18,RD_Story18_s3_k26,0,0,26,26,0.4324936866760254,2.4324936866760254,-2.0,0.037514328956604004
RD,Story18,RD_Story18_s3_k26,1,0,27,27,4.333280086517334,0.7300881743431091,3.603191912174225,0.0021405816078186035
RD,Story18,RD_Story18_s3_k26,2,0,28,28,12.226459503173828,12.15430736541748,0.07215213775634766,0.003932476043701172
RD,Story18,RD_Story18_s3_k26,3,0,29,29,12.73139762878418,13.294051170349121,-0.5626535415649414,0.0009617209434509277
RD,Story18,RD_Story18_s3_k26,4,0,30,30,3.2059366703033447,3.2118523120880127,-0.005915641784667969,0.0004588961601257324
RD,Story18,RD_Story18_s3_k26,5,0,31,31,1.935215950012207,1.9271162748336792,0.008099675178527832,0.0011200904846191406
RD,Story18,RD_Story18_s3_k26,6,0,32,32,2.439849853515625,2.240000009536743,0.19984984397888184,0.0026601552963256836
RD,Story18,RD_Story18_s3_k26,7,0,33,33,0.8765447735786438,1.0502359867095947,-0.17369121313095093,0.0006991028785705566
RD,Story18,RD_Story18_s3_k26,8,0,34,34,1.3544957637786865,1.1679625511169434,0.18653321266174316,0.00124281644821167
RD,Story18,RD_Story18_s3_k26,9,0,35,35,4.761281967163086,4.858004093170166,-0.09672212600708008,0.0004031658172607422
RD,Story18,RD_Story18_s3_k26,10,0,36,36,0.5130643844604492,0.539492130279541,-0.026427745819091797,0.0011771321296691895
RD,Story18,RD_Story18_s4_k44,0,0,44,44,19.06559181213379,13.49487590789795,5.57071590423584,0.12108868360519409
RD,Story18,RD_Story18_s4_k44,1,0,45,45,4.1247076988220215,3.024837017059326,1.0998706817626953,0.1170954704284668
RD,Story18,RD_Story18_s4_k44,2,0,46,46,7.859935760498047,3.03257417678833,4.827361583709717,0.00971895456314087
RD,Story18,RD_Story18_s4_k44,3,0,47,47,0.9711724519729614,1.0057257413864136,-0.03455328941345215,0.013205468654632568
RD,Story18,RD_Story18_s4_k44,4,0,48,48,17.9379825592041,18.18023109436035,-0.24224853515625,0.004660129547119141
RD,Story18,RD_Story18_s4_k44,5,0,49,49,0.4160183072090149,0.25442028045654297,0.16159802675247192,0.0019512772560119629
RD,Story18,RD_Story18_s4_k44,6,0,50,50,0.1387711614370346,0.12212373316287994,0.016647428274154663,0.0029801130294799805
RD,Story18,RD_Story18_s4_k44,7,0,51,51,1.3663965463638306,1.1200754642486572,0.24632108211517334,0.0030919909477233887
RD,Story18,RD_Story18_s4_k44,8,0,52,52,2.452430248260498,2.4662184715270996,-0.013788223266601562,0.005302727222442627
RD,Story18,RD_Story18_s4_k44,9,1,53,53,17.371814727783203,17.702850341796875,-0.3310356140136719,0.00817638635635376
RD,Story18,RD_Story18_s5_k57,0,0,57,57,6.509143829345703,2.067079782485962,4.442064046859741,0.19275176525115967
RD,Story18,RD_Story18_s5_k57,1,0,58,58,13.088277816772461,12.201642036437988,0.8866357803344727,0.007661283016204834
RD,Story18,RD_Story18_s5_k57,2,0,59,59,7.58820915222168,6.804133892059326,0.7840752601623535,0.0045588016510009766
RD,Story18,RD_Story18_s5_k57,3,0,60,60,3.3214056491851807,3.686840057373047,-0.3654344081878662,0.0016148090362548828
RD,Story18,RD_Story18_s5_k57,4,0,61,61,1.743955373764038,1.7308863401412964,0.0130690336227417,0.0038772225379943848
RD,Story18,RD_Story18_s5_k57,5,0,62,62,2.5356526374816895,2.4505393505096436,0.0851132869720459,0.0028440356254577637
RD,Story18,RD_Story18_s5_k57,6,0,63,63,7.426702499389648,8.099298477172852,-0.6725959777832031,0.0021901726722717285
RD,Story18,RD_Story18_s5_k57,7,0,64,64,1.9697579145431519,1.8554611206054688,0.1142967939376831,0.0011710524559020996
RD,Story18,RD_Story18_s5_k57,8,0,65,65,1.817032814025879,1.7724239826202393,0.04460883140563965,0.003107130527496338
RD,Story18,RD_Story18_s5_k57,9,0,66,66,3.4542222023010254,4.418869972229004,-0.9646477699279785,0.0023981332778930664
RD,Story18,RD_Story18_s5_k57,10,1,67,67,9.90306282043457,9.574882507324219,0.32818031311035156,0.004577994346618652
RD,Story18,RD_Story18_s6_k90,0,0,90,90,7.063958644866943,0.7079979777336121,6.355960667133331,0.11097270250320435
RD,Story18,RD_Story18_s6_k90,1,0,91,91,5.30222749710083,6.235280990600586,-0.9330534934997559,0.0245053768157959
RD,Story18,RD_Story18_s6_k90,2,0,92,92,1.4951040744781494,0.8821397423744202,0.6129643321037292,0.01855069398880005
RD,Story18,RD_Story18_s6_k90,3,0,93,93,2.786285877227783,1.1573764085769653,1.6289094686508179,0.022108256816864014
RD,Story18,RD_Story18_s6_k90,4,0,94,94,8.319329261779785,7.875591278076172,0.4437379837036133,0.010699748992919922
RD,Story18,RD_Story18_s6_k90,5,1,95,95,1.8208669424057007,0.9010195136070251,0.9198474287986755,0.0061356425285339355
RD,Story19,RD_Story19_s2_k72,0,1,72,72,6.168125152587891,4.9179582595825195,1.250166893005371,0.0009933710098266602
RD,Story19,RD_Story19_s3_k86,0,0,86,86,4.562792778015137,2.256627321243286,2.3061654567718506,0.11413776874542236
RD,Story19,RD_Story19_s3_k86,1,0,87,87,13.439504623413086,11.739923477172852,1.6995811462402344,0.037758052349090576
RD,Story19,RD_Story19_s3_k86,2,0,88,88,4.895458698272705,2.55572247505188,2.339736223220825,0.00533825159072876
RD,Story19,RD_Story19_s3_k86,3,0,89,89,8.006509780883789,8.198576927185059,-0.19206714630126953,0.0003746151924133301
RD,Story19,RD_Story19_s3_k86,4,0,90,90,0.9237842559814453,0.9014499187469482,0.02233433723449707,0.00047725439071655273
RD,Story19,RD_Story19_s3_k86,5,0,91,91,2.608961582183838,2.925576686859131,-0.31661510467529297,0.0005377531051635742
RD,Story19,RD_Story19_s3_k86,6,0,92,92,2.6701958179473877,2.771293878555298,-0.10109806060791016,0.001023411750793457
RD,Story19,RD_Story19_s3_k86,7,1,93,93,9.222095489501953,9.27971076965332,-0.05761528015136719,0.0007663369178771973
RD,Story19,RD_Story19_s4_k98,0,0,98,98,2.010467529296875,2.9008381366729736,-0.8903706073760986,0.12195104360580444
RD,Story19,RD_Story19_s4_k98,1,0,99,99,16.197301864624023,3.676966905593872,12.520334959030151,0.01670360565185547
RD,Story19,RD_Story19_s4_k98,2,0,100,100,13.186582565307617,10.583536148071289,2.603046417236328,0.01039499044418335
RD,Story19,RD_Story19_s4_k98,3,0,101,101,2.700897693634033,2.622476577758789,0.07842111587524414,0.0034412741661071777
RD,Story19,RD_Story19_s4_k98,4,0,102,102,5.673419952392578,5.451344013214111,0.2220759391784668,0.00383836030960083
RD,Story19,RD_Story19_s4_k98,5,0,103,103,4.301213264465332,3.968320369720459,0.33289289474487305,0.000633537769317627
RD,Story19,RD_Story19_s4_k98,6,0,104,104,0.016313396394252777,0.014285205863416195,0.002028190530836582,0.0008589029312133789
RD,Story19,RD_Story19_s4_k98,7,0,105,105,1.0321921110153198,1.3510617017745972,-0.31886959075927734,0.0025601983070373535
RD,Story19,RD_Story19_s4_k98,8,0,106,106,4.637866020202637,4.0262956619262695,0.6115703582763672,0.002382814884185791
RD,Story19,RD_Story19_s4_k98,9,1,107,107,5.977823734283447,6.968960762023926,-0.9911370277404785,0.0016437768936157227
RD,Story20,RD_Story20_s3_k34,0,0,34,34,5.232155799865723,0.8042351007461548,4.427920699119568,0.11224758625030518
RD,Story20,RD_Story20_s3_k34,1,0,35,35,13.21043872833252,5.417459011077881,7.792979717254639,0.016811728477478027
RD,Story20,RD_Story20_s3_k34,2,0,36,36,4.826540946960449,5.32338285446167,-0.4968419075012207,0.007814884185791016
RD,Story20,RD_Story20_s3_k34,3,0,37,37,3.993222713470459,3.0090126991271973,0.9842100143432617,0.009014427661895752
RD,Story20,RD_Story20_s3_k34,4,1,38,38,4.259202003479004,4.834357261657715,-0.5751552581787109,0.018168628215789795
RD,Story20,RD_Story20_s4_k51,0,0,51,51,11.500787734985352,0.31289565563201904,11.187892079353333,0.060657501220703125
RD,Story20,RD_Story20_s4_k51,1,1,52,52,12.300928115844727,8.502138137817383,3.7987899780273438,0.009241640567779541
RD,Story20,RD_Story20_s5_k59,0,0,59,59,4.730869770050049,0.5890396237373352,4.141830146312714,0.12542206048965454
RD,Story20,RD_Story20_s5_k59,1,0,60,60,12.195751190185547,8.879000663757324,3.3167505264282227,0.028624534606933594
RD,Story20,RD_Story20_s5_k59,2,0,61,61,25.33380699157715,24.73797607421875,0.5958309173583984,0.004226386547088623
RD,Story20,RD_Story20_s5_k59,3,0,62,62,3.3795220851898193,3.368551015853882,0.0109710693359375,0.004450798034667969
RD,Story20,RD_Story20_s5_k59,4,0,63,63,1.3847957849502563,1.364210844039917,0.020584940910339355,0.0034490227699279785
RD,Story20,RD_Story20_s5_k59,5,0,64,64,7.721425533294678,7.951216220855713,-0.22979068756103516,0.0024656057357788086
RD,Story20,RD_Story20_s5_k59,6,0,65,65,3.223644256591797,3.213763475418091,0.009880781173706055,0.003610670566558838
RD,Story20,RD_Story20_s5_k59,7,0,66,66,8.47022819519043,8.751724243164062,-0.2814960479736328,0.004116058349609375
RD,Story20,RD_Story20_s5_k59,8,0,67,67,4.388937950134277,4.974246025085449,-0.5853080749511719,0.0027294158935546875
RD,Story20,RD_Story20_s5_k59,9,0,68,68,4.3181962966918945,3.9697184562683105,0.348477840423584,0.005480706691741943
RD,Story20,RD_Story20_s5_k59,10,0,69,69,14.381214141845703,15.465119361877441,-1.0839052200317383,0.004704415798187256
RD,Story21,RD_Story21_s2_k22,0,0,22,22,10.728309631347656,0.7283096313476562,10.0,0.14554250240325928
RD,Story21,RD_Story21_s2_k22,1,0,23,23,11.91870403289795,3.1644973754882812,8.754206657409668,0.03860342502593994
RD,Story21,RD_Story21_s2_k22,2,0,24,24,3.785607099533081,1.562454342842102,2.223152756690979,0.0039004087448120117
RD,Story21,RD_Story21_s2_k22,3,0,25,25,7.379855632781982,6.924934387207031,0.45492124557495117,0.006491541862487793
RD,Story21,RD_Story21_s2_k22,4,0,26,26,9.852900505065918,9.8372163772583,0.015684127807617188,0.007122635841369629
RD,Story21,RD_Story21_s2_k22,5,0,27,27,0.9476318955421448,0.921937882900238,0.02569401264190674,0.0066384077072143555
RD,Story21,RD_Story21_s2_k22,6,0,28,28,4.6099419593811035,5.881174564361572,-1.2712326049804688,0.006838977336883545
RD,Story21,RD_Story21_s2_k22,7,0,29,29,2.3056859970092773,2.0281310081481934,0.277554988861084,0.005019783973693848
RD,Story21,RD_Story21_s2_k22,8,0,30,30,0.6675899028778076,0.5046154260635376,0.16297447681427002,0.0026707053184509277
RD,Story21,RD_Story21_s2_k22,9,0,31,31,3.509636640548706,3.1340811252593994,0.37555551528930664,0.006926178932189941
RD,Story21,RD_Story21_s2_k22,10,0,32,32,4.720147132873535,4.197754383087158,0.522392749786377,0.01109325885772705
RD,Story21,RD_Story21_s3_k42,0,0,42,42,9.596460342407227,0.3224124610424042,9.274047881364822,0.16642576456069946
RD,Story21,RD_Story21_s3_k42,1,0,43,43,1.3516969680786133,3.6372828483581543,-2.285585880279541,0.029110074043273926
RD,Story21,RD_Story21_s3_k42,2,0,44,44,4.797740459442139,4.800941467285156,-0.003201007843017578,0.01375114917755127
RD,Story21,RD_Story21_s3_k42,3,0,45,45,3.7117667198181152,4.465778827667236,-0.7540121078491211,0.018354058265686035
RD,Story21,RD_Story21_s3_k42,4,0,46,46,1.3104897737503052,2.587852716445923,-1.2773629426956177,0.01403355598449707
RD,Story21,RD_Story21_s3_k42,5,0,47,47,1.6777061223983765,1.4398736953735352,0.2378324270248413,0.009615659713745117
RD,Story21,RD_Story21_s3_k42,6,0,48,48,1.310627818107605,1.7375143766403198,-0.42688655853271484,0.0075800418853759766
RD,Story21,RD_Story21_s3_k42,7,0,49,49,6.790777206420898,6.286804676055908,0.5039725303649902,0.005952894687652588
RD,Story21,RD_Story21_s3_k42,8,0,50,50,0.9769277572631836,0.8110044002532959,0.1659233570098877,0.007033407688140869
RD,Story21,RD_Story21_s3_k42,9,0,51,51,3.7212796211242676,3.9698634147644043,-0.24858379364013672,0.014957547187805176
RD,Story21,RD_Story21_s3_k42,10,0,52,52,4.96203088760376,4.230075836181641,0.7319550514221191,0.005262196063995361
RD,Story21,RD_Story21_s4_k62,0,0,62,62,5.774615287780762,1.691772222518921,4.082843065261841,0.09675717353820801
RD,Story21,RD_Story21_s4_k62,1,0,63,63,10.003061294555664,11.65041732788086,-1.6473560333251953,0.008497357368469238
RD,Story21,RD_Story21_s4_k62,2,0,64,64,3.1410255432128906,3.212259292602539,-0.07123374938964844,0.011167526245117188
RD,Story21,RD_Story21_s4_k62,3,0,65,65,7.159338474273682,6.40350341796875,0.7558350563049316,0.006098508834838867
RD,Story21,RD_Story21_s4_k62,4,0,66,66,4.679673671722412,3.982609748840332,0.6970639228820801,0.005570173263549805
RD,Story21,RD_Story21_s4_k62,5,0,67,67,0.5844831466674805,0.4873623847961426,0.09712076187133789,0.003207981586456299
RD,Story21,RD_Story21_s4_k62,6,0,68,68,3.86484956741333,3.6681180000305176,0.1967315673828125,0.00521165132522583
RD,Story21,RD_Story21_s4_k62,7,0,69,69,0.30191946029663086,1.3431302309036255,-1.0412107706069946,0.0029462575912475586
RD,Story21,RD_Story21_s4_k62,8,0,70,70,3.8921356201171875,3.4725565910339355,0.41957902908325195,0.0012644529342651367
RD,Story21,RD_Story21_s4_k62,9,0,71,71,5.514153003692627,5.917512893676758,-0.40335988998413086,0.0019161105155944824
RD,Story21,RD_Story21_s4_k62,10,0,72,72,1.0087661743164062,0.8351845741271973,0.17358160018920898,0.0026816725730895996
