DistType,Model,Bootstrap,Metric,Estimate
CD,log_normal,1,Baseline,-0.0009502153482899428
CD,log_normal,1,Amplitude,0.10081596119502101
CD,log_normal,1,PeakDistance,1.4132465010088842
CD,log_normal,1,PeakEffect,0.09986574584673107
CD,log_normal,1,HalfMaximumLow,0.8016429866147352
CD,log_normal,1,HalfMaximumHigh,2.4914652856231223
CD,log_normal,1,EffectAtKPlus1,0.07694235798891554
CD,log_normal,1,EffectAtKPlus10,-0.0009240162371560168
CD,log_normal,1,LocalComponentAtKPlus10,2.6199111133926034e-05
CD,log_normal,2,Baseline,0.011455139329563865
CD,log_normal,2,Amplitude,0.07952339003026374
CD,log_normal,2,PeakDistance,1.409382474562966
CD,log_normal,2,PeakEffect,0.0909785293598276
CD,log_normal,2,HalfMaximumLow,0.8518883727284587
CD,log_normal,2,HalfMaximumHigh,2.331712725745096
CD,log_normal,2,EffectAtKPlus1,0.0690844589234995
CD,log_normal,2,EffectAtKPlus10,0.011457330072126877
CD,log_normal,2,LocalComponentAtKPlus10,2.190742563011952e-06
CD,log_normal,3,Baseline,0.008833912057518585
CD,log_normal,3,Amplitude,0.08183076583726806
CD,log_normal,3,PeakDistance,1.498327769046184
CD,log_normal,3,PeakEffect,0.09066467789478665
CD,log_normal,3,HalfMaximumLow,0.8677275381412363
CD,log_normal,3,HalfMaximumHigh,2.587201632788918
CD,log_normal,3,EffectAtKPlus1,0.0648041446012293
CD,log_normal,3,EffectAtKPlus10,0.008852853959828592
CD,log_normal,3,LocalComponentAtKPlus10,1.894190231000771e-05
CD,log_normal,4,Baseline,0.01646613865231069
CD,log_normal,4,Amplitude,0.09024763810926804
CD,log_normal,4,PeakDistance,1.5259047908557897
CD,log_normal,4,PeakEffect,0.10671377676157873
CD,log_normal,4,HalfMaximumLow,0.9813445292217998
CD,log_normal,4,HalfMaximumHigh,2.3726483018181668
CD,log_normal,4,EffectAtKPlus1,0.06427879262110577
CD,log_normal,4,EffectAtKPlus10,0.01646645130951762
CD,log_normal,4,LocalComponentAtKPlus10,3.1265720693007815e-07
CD,log_normal,5,Baseline,0.015406203503569653
CD,log_normal,5,Amplitude,0.07531706811526812
CD,log_normal,5,PeakDistance,1.449789102727579
CD,log_normal,5,PeakEffect,0.09072327161883777
CD,log_normal,5,HalfMaximumLow,0.8609093883537235
CD,log_normal,5,HalfMaximumHigh,2.441474643930856
CD,log_normal,5,EffectAtKPlus1,0.06837405938671597
CD,log_normal,5,EffectAtKPlus10,0.0154117481956276
CD,log_normal,5,LocalComponentAtKPlus10,5.544692057947095e-06
CD,log_normal,6,Baseline,0.016610546553771487
CD,log_normal,6,Amplitude,0.08534246330047926
CD,log_normal,6,PeakDistance,1.6219459874730093
CD,log_normal,6,PeakEffect,0.10195300985425075
CD,log_normal,6,HalfMaximumLow,0.9864761103991777
CD,log_normal,6,HalfMaximumHigh,2.666773942670825
CD,log_normal,6,EffectAtKPlus1,0.06090974482967515
CD,log_normal,6,EffectAtKPlus10,0.016618543017106437
CD,log_normal,6,LocalComponentAtKPlus10,7.996463334949966e-06
CD,log_normal,7,Baseline,0.0222270297057978
CD,log_normal,7,Amplitude,0.06681992465905078
CD,log_normal,7,PeakDistance,1.41044136871495
CD,log_normal,7,PeakEffect,0.08904695436484858
CD,log_normal,7,HalfMaximumLow,0.841731433535683
CD,log_normal,7,HalfMaximumHigh,2.363396179974272
CD,log_normal,7,EffectAtKPlus1,0.07135090071388232
CD,log_normal,7,EffectAtKPlus10,0.022230125172241832
CD,log_normal,7,LocalComponentAtKPlus10,3.0954664440308033e-06
CD,log_normal,8,Baseline,0.01948329781206072
CD,log_normal,8,Amplitude,0.07047450480664924
CD,log_normal,8,PeakDistance,1.4289688245814642
CD,log_normal,8,PeakEffect,0.08995780261870996
CD,log_normal,8,HalfMaximumLow,0.8174388714838459
CD,log_normal,8,HalfMaximumHigh,2.497987278142405
CD,log_normal,8,EffectAtKPlus1,0.072581527803709
CD,log_normal,8,EffectAtKPlus10,0.019498971025613883
CD,log_normal,8,LocalComponentAtKPlus10,1.5673213553162035e-05
CD,log_normal,9,Baseline,0.012142410195257103
CD,log_normal,9,Amplitude,0.07573542849370213
CD,log_normal,9,PeakDistance,1.497896270872191
CD,log_normal,9,PeakEffect,0.08787783868895924
CD,log_normal,9,HalfMaximumLow,0.8551242056449869
CD,log_normal,9,HalfMaximumHigh,2.623821455972569
CD,log_normal,9,EffectAtKPlus1,0.06497429561460209
CD,log_normal,9,EffectAtKPlus10,0.01216910441901
CD,log_normal,9,LocalComponentAtKPlus10,2.6694223752897137e-05
CD,log_normal,10,Baseline,0.008531450256371585
CD,log_normal,10,Amplitude,0.08718089818054148
CD,log_normal,10,PeakDistance,1.378172462758396
CD,log_normal,10,PeakEffect,0.09571234843691306
CD,log_normal,10,HalfMaximumLow,0.7910187762100629
CD,log_normal,10,HalfMaximumHigh,2.401155818583437
CD,log_normal,10,EffectAtKPlus1,0.07770521169937764
CD,log_normal,10,EffectAtKPlus10,0.008544174455445001
CD,log_normal,10,LocalComponentAtKPlus10,1.2724199073416154e-05
CD,log_normal,11,Baseline,0.08705379442033262
CD,log_normal,11,Amplitude,-0.0784744187422377
CD,log_normal,11,PeakDistance,5.43404908303566
CD,log_normal,11,PeakEffect,0.008579375678094914
CD,log_normal,11,HalfMaximumLow,2.7167900834733434
CD,log_normal,11,HalfMaximumHigh,10.869036079183859
CD,log_normal,11,EffectAtKPlus1,0.0857949182596052
CD,log_normal,11,EffectAtKPlus10,0.04116346079560952
CD,log_normal,11,LocalComponentAtKPlus10,-0.0458903336247231
CD,log_normal,12,Baseline,0.01921342027495543
CD,log_normal,12,Amplitude,0.06355980783879824
CD,log_normal,12,PeakDistance,1.3563872129219872
CD,log_normal,12,PeakEffect,0.08277322811375366
CD,log_normal,12,HalfMaximumLow,0.7780549138850487
CD,log_normal,12,HalfMaximumHigh,2.3645969436677703
CD,log_normal,12,EffectAtKPlus1,0.0708111052699441
CD,log_normal,12,EffectAtKPlus10,0.01922161907041864
CD,log_normal,12,LocalComponentAtKPlus10,8.198795463210118e-06
CD,log_normal,13,Baseline,0.015700990268179907
CD,log_normal,13,Amplitude,0.10664689825478654
CD,log_normal,13,PeakDistance,1.424459122876177
CD,log_normal,13,PeakEffect,0.12234788852296645
CD,log_normal,13,HalfMaximumLow,0.9482562557583528
CD,log_normal,13,HalfMaximumHigh,2.1398053326022506
CD,log_normal,13,EffectAtKPlus1,0.07885418089573058
CD,log_normal,13,EffectAtKPlus10,0.015701003563066404
CD,log_normal,13,LocalComponentAtKPlus10,1.3294886497261516e-08
CD,log_normal,14,Baseline,0.005475182316449238
CD,log_normal,14,Amplitude,0.06368190509797407
CD,log_normal,14,PeakDistance,1.7101969925054346
CD,log_normal,14,PeakEffect,0.06915708741442331
CD,log_normal,14,HalfMaximumLow,0.9870902851435743
CD,log_normal,14,HalfMaximumHigh,2.963025568374649
CD,log_normal,14,EffectAtKPlus1,0.03836426577576886
CD,log_normal,14,EffectAtKPlus10,0.0055248421720594625
CD,log_normal,14,LocalComponentAtKPlus10,4.965985561022467e-05
CD,log_normal,15,Baseline,0.013807828694566383
CD,log_normal,15,Amplitude,0.07043819019383965
CD,log_normal,15,PeakDistance,1.43373945291348
CD,log_normal,15,PeakEffect,0.08424601888840604
CD,log_normal,15,HalfMaximumLow,0.8106714091499566
CD,log_normal,15,HalfMaximumHigh,2.5356868339492675
CD,log_normal,15,EffectAtKPlus1,0.06721679186228632
CD,log_normal,15,EffectAtKPlus10,0.013830456042083182
CD,log_normal,15,LocalComponentAtKPlus10,2.2627347516799082e-05
CD,log_normal,16,Baseline,0.021073433681640778
CD,log_normal,16,Amplitude,0.08323265261930787
CD,log_normal,16,PeakDistance,1.4402667904104232
CD,log_normal,16,PeakEffect,0.10430608630094865
CD,log_normal,16,HalfMaximumLow,0.8346705387149603
CD,log_normal,16,HalfMaximumHigh,2.485254158787959
CD,log_normal,16,EffectAtKPlus1,0.08212115778207263
CD,log_normal,16,EffectAtKPlus10,0.021086688814614032
CD,log_normal,16,LocalComponentAtKPlus10,1.3255132973254147e-05
CD,log_normal,17,Baseline,0.012372263137689079
CD,log_normal,17,Amplitude,0.08779577123527998
CD,log_normal,17,PeakDistance,1.4834129645815857
CD,log_normal,17,PeakEffect,0.10016803437296906
CD,log_normal,17,HalfMaximumLow,0.8943467565131218
CD,log_normal,17,HalfMaximumHigh,2.460470737399541
CD,log_normal,17,EffectAtKPlus1,0.07000144711092438
CD,log_normal,17,EffectAtKPlus10,0.012376858358371918
CD,log_normal,17,LocalComponentAtKPlus10,4.595220682839657e-06
CD,log_normal,18,Baseline,0.07068684316705734
CD,log_normal,18,Amplitude,-0.07048522736380823
CD,log_normal,18,PeakDistance,4.801480168936859
CD,log_normal,18,PeakEffect,0.00020161580324910833
CD,log_normal,18,HalfMaximumLow,3.0532606987410036
CD,log_normal,18,HalfMaximumHigh,7.550685672599204
CD,log_normal,18,EffectAtKPlus1,0.07066975792621652
CD,log_normal,18,EffectAtKPlus10,0.059271046609587964
CD,log_normal,18,LocalComponentAtKPlus10,-0.011415796557469375
CD,log_normal,19,Baseline,0.015528841051359843
CD,log_normal,19,Amplitude,0.09862074066940477
CD,log_normal,19,PeakDistance,1.569725344869878
CD,log_normal,19,PeakEffect,0.11414958172076461
CD,log_normal,19,HalfMaximumLow,1.0610136024246377
CD,log_normal,19,HalfMaximumHigh,2.322343137445191
CD,log_normal,19,EffectAtKPlus1,0.05488557273727436
CD,log_normal,19,EffectAtKPlus10,0.015528859497631602
CD,log_normal,19,LocalComponentAtKPlus10,1.844627175832947e-08
CD,log_normal,20,Baseline,0.0012877079811933778
CD,log_normal,20,Amplitude,0.09688517645102823
CD,log_normal,20,PeakDistance,1.4523888428974752
CD,log_normal,20,PeakEffect,0.09817288443222161
CD,log_normal,20,HalfMaximumLow,0.8514190146814142
CD,log_normal,20,HalfMaximumHigh,2.4775502010163333
CD,log_normal,20,EffectAtKPlus1,0.07035167362900362
CD,log_normal,20,EffectAtKPlus10,0.0012991219460305274
CD,log_normal,20,LocalComponentAtKPlus10,1.1413964837149676e-05
CD,log_normal,21,Baseline,0.011786890068232666
CD,log_normal,21,Amplitude,0.10013857944023923
CD,log_normal,21,PeakDistance,1.4653847797858177
CD,log_normal,21,PeakEffect,0.11192546950847189
CD,log_normal,21,HalfMaximumLow,0.9286936584509703
CD,log_normal,21,HalfMaximumHigh,2.312229154670487
CD,log_normal,21,EffectAtKPlus1,0.0733475765297776
CD,log_normal,21,EffectAtKPlus10,0.011787350737500856
CD,log_normal,21,LocalComponentAtKPlus10,4.606692681902169e-07
CD,log_normal,22,Baseline,0.008754116472902923
CD,log_normal,22,Amplitude,0.08858583954572019
CD,log_normal,22,PeakDistance,1.4653569513985654
CD,log_normal,22,PeakEffect,0.09733995601862311
CD,log_normal,22,HalfMaximumLow,0.7917512458320014
CD,log_normal,22,HalfMaximumHigh,2.712052562362141
CD,log_normal,22,EffectAtKPlus1,0.07657945797511016
CD,log_normal,22,EffectAtKPlus10,0.00885826431841647
CD,log_normal,22,LocalComponentAtKPlus10,0.00010414784551354694
CD,log_normal,23,Baseline,0.015283500209446264
CD,log_normal,23,Amplitude,0.09407410937791633
CD,log_normal,23,PeakDistance,1.5128117644851424
CD,log_normal,23,PeakEffect,0.1093576095873626
CD,log_normal,23,HalfMaximumLow,0.9253169031712354
CD,log_normal,23,HalfMaximumHigh,2.4733141985423464
CD,log_normal,23,EffectAtKPlus1,0.07282709570926799
CD,log_normal,23,EffectAtKPlus10,0.015286891040931637
CD,log_normal,23,LocalComponentAtKPlus10,3.3908314853725585e-06
CD,log_normal,24,Baseline,0.08321848684995152
CD,log_normal,24,Amplitude,-0.08161612088702595
CD,log_normal,24,PeakDistance,5.8647386814150915
CD,log_normal,24,PeakEffect,0.001602365962925567
CD,log_normal,24,HalfMaximumLow,3.290216388221437
CD,log_normal,24,HalfMaximumHigh,10.453768306673316
CD,log_normal,24,EffectAtKPlus1,0.08309483222788362
CD,log_normal,24,EffectAtKPlus10,0.038012516418004814
CD,log_normal,24,LocalComponentAtKPlus10,-0.045205970431946706
CD,log_normal,25,Baseline,0.085782787968323
CD,log_normal,25,Amplitude,-0.05567124639464011
CD,log_normal,25,PeakDistance,6.148426100770729
CD,log_normal,25,PeakEffect,0.03011154157368289
CD,log_normal,25,HalfMaximumLow,2.190198402113279
CD,log_normal,25,HalfMaximumHigh,17.260145692811772
CD,log_normal,25,EffectAtKPlus1,0.079271662026595
CD,log_normal,25,EffectAtKPlus10,0.03805300554412168
CD,log_normal,25,LocalComponentAtKPlus10,-0.047729782424201325
CD,log_normal,26,Baseline,0.01645831944766973
CD,log_normal,26,Amplitude,0.08987402809727896
CD,log_normal,26,PeakDistance,1.388375706881669
CD,log_normal,26,PeakEffect,0.10633234754494869
CD,log_normal,26,HalfMaximumLow,0.8422219459487459
CD,log_normal,26,HalfMaximumHigh,2.2886925622530363
CD,log_normal,26,EffectAtKPlus1,0.08312427404785747
CD,log_normal,26,EffectAtKPlus10,0.01646012469846171
CD,log_normal,26,LocalComponentAtKPlus10,1.8052507919814886e-06
CD,log_normal,27,Baseline,0.019349035766378583
CD,log_normal,27,Amplitude,0.07602396072877456
CD,log_normal,27,PeakDistance,1.4873498943933698
CD,log_normal,27,PeakEffect,0.09537299649515314
CD,log_normal,27,HalfMaximumLow,0.8849137092324499
CD,log_normal,27,HalfMaximumHigh,2.499915737852879
CD,log_normal,27,EffectAtKPlus1,0.07004716681108535
CD,log_normal,27,EffectAtKPlus10,0.019355747411115173
CD,log_normal,27,LocalComponentAtKPlus10,6.711644736590028e-06
CD,log_normal,28,Baseline,0.02021300713889948
CD,log_normal,28,Amplitude,0.06340251524611729
CD,log_normal,28,PeakDistance,1.4146068347682155
CD,log_normal,28,PeakEffect,0.08361552238501677
CD,log_normal,28,HalfMaximumLow,0.8434785367213119
CD,log_normal,28,HalfMaximumHigh,2.372452184440258
CD,log_normal,28,EffectAtKPlus1,0.06662729267790747
CD,log_normal,28,EffectAtKPlus10,0.02021613745559073
CD,log_normal,28,LocalComponentAtKPlus10,3.130316691250107e-06
CD,log_normal,29,Baseline,0.0009091273978648228
CD,log_normal,29,Amplitude,0.09725862073254148
CD,log_normal,29,PeakDistance,1.4821912616377693
CD,log_normal,29,PeakEffect,0.0981677481304063
CD,log_normal,29,HalfMaximumLow,0.8435438129897077
CD,log_normal,29,HalfMaximumHigh,2.6043590175702787
CD,log_normal,29,EffectAtKPlus1,0.07028411292061712
CD,log_normal,29,EffectAtKPlus10,0.0009433911026483523
CD,log_normal,29,LocalComponentAtKPlus10,3.426370478352948e-05
CD,log_normal,30,Baseline,0.018379543818599464
CD,log_normal,30,Amplitude,0.10273705941805393
CD,log_normal,30,PeakDistance,1.5301367757286801
CD,log_normal,30,PeakEffect,0.1211166032366534
CD,log_normal,30,HalfMaximumLow,1.009697347355394
CD,log_normal,30,HalfMaximumHigh,2.318832032756903
CD,log_normal,30,EffectAtKPlus1,0.06810262944266163
CD,log_normal,30,EffectAtKPlus10,0.01837961848328058
CD,log_normal,30,LocalComponentAtKPlus10,7.466468111491653e-08
CD,log_normal,31,Baseline,-0.0010780608188577343
CD,log_normal,31,Amplitude,0.0840766581166311
CD,log_normal,31,PeakDistance,1.6618748699026857
CD,log_normal,31,PeakEffect,0.08299859729777337
CD,log_normal,31,HalfMaximumLow,0.8909345940456532
CD,log_normal,31,HalfMaximumHigh,3.099922375527992
CD,log_normal,31,EffectAtKPlus1,0.05199101323380337
CD,log_normal,31,EffectAtKPlus10,-0.0008088128079835058
CD,log_normal,31,LocalComponentAtKPlus10,0.0002692480108742284
CD,log_normal,32,Baseline,0.009265950755701573
CD,log_normal,32,Amplitude,0.08079868684058188
CD,log_normal,32,PeakDistance,1.3062347585613467
CD,log_normal,32,PeakEffect,0.09006463759628344
CD,log_normal,32,HalfMaximumLow,0.7075833651441564
CD,log_normal,32,HalfMaximumHigh,2.411375575690936
CD,log_normal,32,EffectAtKPlus1,0.08009963217342642
CD,log_normal,32,EffectAtKPlus10,0.009304761890437541
CD,log_normal,32,LocalComponentAtKPlus10,3.8811134735968617e-05
CD,log_normal,33,Baseline,0.013636915775944053
CD,log_normal,33,Amplitude,0.08914634741094746
CD,log_normal,33,PeakDistance,1.5095565800951267
CD,log_normal,33,PeakEffect,0.10278326318689152
CD,log_normal,33,HalfMaximumLow,0.8428342647452506
CD,log_normal,33,HalfMaximumHigh,2.7036882146660917
CD,log_normal,33,EffectAtKPlus1,0.07670327679810954
CD,log_normal,33,EffectAtKPlus10,0.013697402094621114
CD,log_normal,33,LocalComponentAtKPlus10,6.0486318677060655e-05
CD,log_normal,34,Baseline,0.014870087776045036
CD,log_normal,34,Amplitude,0.06696812030109278
CD,log_normal,34,PeakDistance,1.4872003065229915
CD,log_normal,34,PeakEffect,0.08183820807713782
CD,log_normal,34,HalfMaximumLow,0.8396029589261255
CD,log_normal,34,HalfMaximumHigh,2.6342984242825747
CD,log_normal,34,EffectAtKPlus1,0.06282057884960271
CD,log_normal,34,EffectAtKPlus10,0.014900375130679301
CD,log_normal,34,LocalComponentAtKPlus10,3.0287354634265032e-05
CD,log_normal,35,Baseline,0.02077036072626394
CD,log_normal,35,Amplitude,0.08878486914149107
CD,log_normal,35,PeakDistance,1.6367481110790556
CD,log_normal,35,PeakEffect,0.10955522986775501
CD,log_normal,35,HalfMaximumLow,1.0609912245716209
CD,log_normal,35,HalfMaximumHigh,2.524944897826549
CD,log_normal,35,EffectAtKPlus1,0.05703404439258925
CD,log_normal,35,EffectAtKPlus10,0.020770863442153998
CD,log_normal,35,LocalComponentAtKPlus10,5.02715890058486e-07
CD,log_normal,36,Baseline,0.01826111697435177
CD,log_normal,36,Amplitude,0.08930603201337974
CD,log_normal,36,PeakDistance,1.5045922958739897
CD,log_normal,36,PeakEffect,0.10756714898773151
CD,log_normal,36,HalfMaximumLow,0.9329674301933707
CD,log_normal,36,HalfMaximumHigh,2.4264490951566864
CD,log_normal,36,EffectAtKPlus1,0.07207763977309155
CD,log_normal,36,EffectAtKPlus10,0.018262786161514263
CD,log_normal,36,LocalComponentAtKPlus10,1.6691871624931187e-06
CD,log_normal,37,Baseline,0.021749826255122222
CD,log_normal,37,Amplitude,0.07069397553210222
CD,log_normal,37,PeakDistance,1.5186974257050494
CD,log_normal,37,PeakEffect,0.09244380178722444
CD,log_normal,37,HalfMaximumLow,0.9559482888514702
CD,log_normal,37,HalfMaximumHigh,2.4127266063881256
CD,log_normal,37,EffectAtKPlus1,0.06193775756105262
CD,log_normal,37,EffectAtKPlus10,0.021750549169415635
CD,log_normal,37,LocalComponentAtKPlus10,7.229142934134236e-07
CD,log_normal,38,Baseline,0.023396272467133414
CD,log_normal,38,Amplitude,0.07145627690385123
CD,log_normal,38,PeakDistance,1.3446729475662003
CD,log_normal,38,PeakEffect,0.09485254937098464
CD,log_normal,38,HalfMaximumLow,0.8932646740449591
CD,log_normal,38,HalfMaximumHigh,2.0241988611601207
CD,log_normal,38,EffectAtKPlus1,0.07308163435975619
CD,log_normal,38,EffectAtKPlus10,0.023396276543604697
CD,log_normal,38,LocalComponentAtKPlus10,4.0764712820606785e-09
CD,log_normal,39,Baseline,0.07967251074968512
CD,log_normal,39,Amplitude,-0.07965446574436191
CD,log_normal,39,PeakDistance,4.885328536831833
CD,log_normal,39,PeakEffect,1.8045005323208407e-05
CD,log_normal,39,HalfMaximumLow,3.033093290333994
CD,log_normal,39,HalfMaximumHigh,7.868678154029137
CD,log_normal,39,EffectAtKPlus1,0.07963557843116797
CD,log_normal,39,EffectAtKPlus10,0.06302697233274734
CD,log_normal,39,LocalComponentAtKPlus10,-0.016645538416937777
CD,log_normal,40,Baseline,0.07904468774864506
CD,log_normal,40,Amplitude,-0.06791822327738813
CD,log_normal,40,PeakDistance,5.029411619753755
CD,log_normal,40,PeakEffect,0.011126464471256939
CD,log_normal,40,HalfMaximumLow,2.859356217826563
CD,log_normal,40,HalfMaximumHigh,8.846390345915406
CD,log_normal,40,EffectAtKPlus1,0.07881083516800523
CD,log_normal,40,EffectAtKPlus10,0.0547176277670621
CD,log_normal,40,LocalComponentAtKPlus10,-0.024327059981582966
CD,log_normal,41,Baseline,0.01505764316533966
CD,log_normal,41,Amplitude,0.10686904856705592
CD,log_normal,41,PeakDistance,1.4884348630029902
CD,log_normal,41,PeakEffect,0.12192669173239558
CD,log_normal,41,HalfMaximumLow,0.902192826065235
CD,log_normal,41,HalfMaximumHigh,2.4556151161886297
CD,log_normal,41,EffectAtKPlus1,0.08406156504088076
CD,log_normal,41,EffectAtKPlus10,0.015062332248133591
CD,log_normal,41,LocalComponentAtKPlus10,4.689082793931862e-06
CD,log_normal,42,Baseline,0.011122701739541009
CD,log_normal,42,Amplitude,0.08226069880045125
CD,log_normal,42,PeakDistance,1.6124391460004484
CD,log_normal,42,PeakEffect,0.09338340053999226
CD,log_normal,42,HalfMaximumLow,0.9660272825559525
CD,log_normal,42,HalfMaximumHigh,2.6913939663024635
CD,log_normal,42,EffectAtKPlus1,0.05614320726444891
CD,log_normal,42,EffectAtKPlus10,0.011135170860832584
CD,log_normal,42,LocalComponentAtKPlus10,1.246912129157507e-05
CD,log_normal,43,Baseline,0.012473047971118135
CD,log_normal,43,Amplitude,0.09761491509400831
CD,log_normal,43,PeakDistance,1.5818430311310756
CD,log_normal,43,PeakEffect,0.11008796306512644
CD,log_normal,43,HalfMaximumLow,0.9616840844914943
CD,log_normal,43,HalfMaximumHigh,2.601922414532878
CD,log_normal,43,EffectAtKPlus1,0.06666018264525717
CD,log_normal,43,EffectAtKPlus10,0.01248023472498516
CD,log_normal,43,LocalComponentAtKPlus10,7.1867538670254e-06
CD,log_normal,44,Baseline,0.025878934605093704
CD,log_normal,44,Amplitude,0.08854501121904972
CD,log_normal,44,PeakDistance,1.4940522851450524
CD,log_normal,44,PeakEffect,0.11442394582414342
CD,log_normal,44,HalfMaximumLow,1.0222726262225241
CD,log_normal,44,HalfMaximumHigh,2.1835586452074853
CD,log_normal,44,EffectAtKPlus1,0.06663286911193891
CD,log_normal,44,EffectAtKPlus10,0.02587893706799962
CD,log_normal,44,LocalComponentAtKPlus10,2.462905917405278e-09
CD,log_normal,45,Baseline,0.06795809051708361
CD,log_normal,45,Amplitude,-0.07186693997984415
CD,log_normal,45,PeakDistance,5.248567643418349
CD,log_normal,45,PeakEffect,-0.003908849462760544
CD,log_normal,45,HalfMaximumLow,3.011033478895283
CD,log_normal,45,HalfMaximumHigh,9.148839592990818
CD,log_normal,45,EffectAtKPlus1,0.06780790460324294
CD,log_normal,45,EffectAtKPlus10,0.039683282900312394
CD,log_normal,45,LocalComponentAtKPlus10,-0.028274807616771216
CD,log_normal,46,Baseline,0.006623235944512527
CD,log_normal,46,Amplitude,0.08952396788028705
CD,log_normal,46,PeakDistance,1.4382990998924325
CD,log_normal,46,PeakEffect,0.09614720382479958
CD,log_normal,46,HalfMaximumLow,0.86873128412211
CD,log_normal,46,HalfMaximumHigh,2.3812936618737
CD,log_normal,46,EffectAtKPlus1,0.06906835192718665
CD,log_normal,46,EffectAtKPlus10,0.00662639107702462
CD,log_normal,46,LocalComponentAtKPlus10,3.1551325120927898e-06
CD,log_normal,47,Baseline,0.016669941307219098
CD,log_normal,47,Amplitude,0.07277263071399956
CD,log_normal,47,PeakDistance,1.3797873776974168
CD,log_normal,47,PeakEffect,0.08944257202121866
CD,log_normal,47,HalfMaximumLow,0.7195989048829352
CD,log_normal,47,HalfMaximumHigh,2.645658845135163
CD,log_normal,47,EffectAtKPlus1,0.07809569592294698
CD,log_normal,47,EffectAtKPlus10,0.016788886110814968
CD,log_normal,47,LocalComponentAtKPlus10,0.0001189448035958697
CD,log_normal,48,Baseline,0.013589049362996913
CD,log_normal,48,Amplitude,0.08038398440152879
CD,log_normal,48,PeakDistance,1.598991401300801
CD,log_normal,48,PeakEffect,0.0939730337645257
CD,log_normal,48,HalfMaximumLow,1.0740061438708446
CD,log_normal,48,HalfMaximumHigh,2.3805948560210153
CD,log_normal,48,EffectAtKPlus1,0.044240006688471764
CD,log_normal,48,EffectAtKPlus10,0.013589082312763331
CD,log_normal,48,LocalComponentAtKPlus10,3.294976641879388e-08
CD,log_normal,49,Baseline,0.016134726732773056
CD,log_normal,49,Amplitude,0.08578492652416277
CD,log_normal,49,PeakDistance,1.5742038624508492
CD,log_normal,49,PeakEffect,0.10191965325693582
CD,log_normal,49,HalfMaximumLow,0.9583732635684441
CD,log_normal,49,HalfMaximumHigh,2.5857543138547636
CD,log_normal,49,EffectAtKPlus1,0.06419133338514241
CD,log_normal,49,EffectAtKPlus10,0.016140419892668838
CD,log_normal,49,LocalComponentAtKPlus10,5.693159895781702e-06
CD,log_normal,50,Baseline,0.0150486310513415
CD,log_normal,50,Amplitude,0.10421154955855995
CD,log_normal,50,PeakDistance,1.4678656363456222
CD,log_normal,50,PeakEffect,0.11926018060990146
CD,log_normal,50,HalfMaximumLow,0.8740516888853999
CD,log_normal,50,HalfMaximumHigh,2.465105386515464
CD,log_normal,50,EffectAtKPlus1,0.08632106551054572
CD,log_normal,50,EffectAtKPlus10,0.015056469416871505
CD,log_normal,50,LocalComponentAtKPlus10,7.838365530005165e-06
CD,log_normal,51,Baseline,0.06601955674055551
CD,log_normal,51,Amplitude,-0.08390010527454785
CD,log_normal,51,PeakDistance,4.69518634611908
CD,log_normal,51,PeakEffect,-0.017880548533992333
CD,log_normal,51,HalfMaximumLow,3.2163975919017056
CD,log_normal,51,HalfMaximumHigh,6.853871200590284
CD,log_normal,51,EffectAtKPlus1,0.06601877677590925
CD,log_normal,51,EffectAtKPlus10,0.060756385736139666
CD,log_normal,51,LocalComponentAtKPlus10,-0.005263171004415847
CD,log_normal,52,Baseline,0.02163601155375099
CD,log_normal,52,Amplitude,0.06365445457035744
CD,log_normal,52,PeakDistance,1.5378642173479382
CD,log_normal,52,PeakEffect,0.08529046612410843
CD,log_normal,52,HalfMaximumLow,1.0001780810059615
CD,log_normal,52,HalfMaximumHigh,2.364605259715834
CD,log_normal,52,EffectAtKPlus1,0.05344497839346675
CD,log_normal,52,EffectAtKPlus10,0.021636138327776385
CD,log_normal,52,LocalComponentAtKPlus10,1.2677402539545968e-07
CD,log_normal,53,Baseline,0.014485140478370689
CD,log_normal,53,Amplitude,0.07673781682728327
CD,log_normal,53,PeakDistance,1.5708009389765822
CD,log_normal,53,PeakEffect,0.09122295730565395
CD,log_normal,53,HalfMaximumLow,0.9891879284912738
CD,log_normal,53,HalfMaximumHigh,2.49438505952358
CD,log_normal,53,EffectAtKPlus1,0.05410981421548412
CD,log_normal,53,EffectAtKPlus10,0.01448629504411332
CD,log_normal,53,LocalComponentAtKPlus10,1.1545657426313e-06
CD,log_normal,54,Baseline,0.009620625373305953
CD,log_normal,54,Amplitude,0.11168738100005615
CD,log_normal,54,PeakDistance,1.538437083969335
CD,log_normal,54,PeakEffect,0.1213080063733621
CD,log_normal,54,HalfMaximumLow,0.9127806014717827
CD,log_normal,54,HalfMaximumHigh,2.592943646606666
CD,log_normal,54,EffectAtKPlus1,0.07928732127194255
CD,log_normal,54,EffectAtKPlus10,0.009635679052980036
CD,log_normal,54,LocalComponentAtKPlus10,1.5053679674083623e-05
CD,log_normal,55,Baseline,0.01746096136340295
CD,log_normal,55,Amplitude,0.07407853070381208
CD,log_normal,55,PeakDistance,1.4653386831463178
CD,log_normal,55,PeakEffect,0.09153949206721504
CD,log_normal,55,HalfMaximumLow,0.9316563284401325
CD,log_normal,55,HalfMaximumHigh,2.3047312520487675
CD,log_normal,55,EffectAtKPlus1,0.06269002108354853
CD,log_normal,55,EffectAtKPlus10,0.017461247266824534
CD,log_normal,55,LocalComponentAtKPlus10,2.8590342158324455e-07
CD,log_normal,56,Baseline,0.009991940855688218
CD,log_normal,56,Amplitude,0.10586243916396512
CD,log_normal,56,PeakDistance,1.4550115346582388
CD,log_normal,56,PeakEffect,0.11585438001965334
CD,log_normal,56,HalfMaximumLow,0.9021531223814564
CD,log_normal,56,HalfMaximumHigh,2.3466732126360355
CD,log_normal,56,EffectAtKPlus1,0.07908614386069811
CD,log_normal,56,EffectAtKPlus10,0.009993287278749636
CD,log_normal,56,LocalComponentAtKPlus10,1.3464230614185224e-06
CD,log_normal,57,Baseline,0.02311359451431145
CD,log_normal,57,Amplitude,0.0698785432808017
CD,log_normal,57,PeakDistance,1.4528644809022069
CD,log_normal,57,PeakEffect,0.09299213779511314
CD,log_normal,57,HalfMaximumLow,0.9111775260618555
CD,log_normal,57,HalfMaximumHigh,2.3165795242890406
CD,log_normal,57,EffectAtKPlus1,0.06792428517678895
CD,log_normal,57,EffectAtKPlus10,0.023114093507688643
CD,log_normal,57,LocalComponentAtKPlus10,4.989933771945565e-07
CD,log_normal,58,Baseline,0.060728979745456976
CD,log_normal,58,Amplitude,-0.08059808626045877
CD,log_normal,58,PeakDistance,4.39241062076515
CD,log_normal,58,PeakEffect,-0.01986910651500179
CD,log_normal,58,HalfMaximumLow,3.497568573789973
CD,log_normal,58,HalfMaximumHigh,5.516195223730597
CD,log_normal,58,EffectAtKPlus1,0.06072897974544102
CD,log_normal,58,EffectAtKPlus10,0.06071942338904034
CD,log_normal,58,LocalComponentAtKPlus10,-9.55635641663316e-06
CD,log_normal,59,Baseline,0.031585071748965264
CD,log_normal,59,Amplitude,0.06004599082589414
CD,log_normal,59,PeakDistance,1.5822624982246631
CD,log_normal,59,PeakEffect,0.0916310625748594
CD,log_normal,59,HalfMaximumLow,1.0663053258959028
CD,log_normal,59,HalfMaximumHigh,2.3478778099365503
CD,log_normal,59,EffectAtKPlus1,0.05511114411747023
CD,log_normal,59,EffectAtKPlus10,0.03158508790991476
CD,log_normal,59,LocalComponentAtKPlus10,1.6160949495303e-08
CD,log_normal,60,Baseline,0.08875532928448802
CD,log_normal,60,Amplitude,-0.08240759218646287
CD,log_normal,60,PeakDistance,5.599219771764936
CD,log_normal,60,PeakEffect,0.00634773709802515
CD,log_normal,60,HalfMaximumLow,2.9245057335553186
CD,log_normal,60,HalfMaximumHigh,10.720191686685357
CD,log_normal,60,EffectAtKPlus1,0.08812665346846475
CD,log_normal,60,EffectAtKPlus10,0.0413365609078326
CD,log_normal,60,LocalComponentAtKPlus10,-0.04741876837665542
CD,log_normal,61,Baseline,0.00878084649221569
CD,log_normal,61,Amplitude,0.10433379904070227
CD,log_normal,61,PeakDistance,1.5646524998345255
CD,log_normal,61,PeakEffect,0.11311464553291796
CD,log_normal,61,HalfMaximumLow,0.9700696936227529
CD,log_normal,61,HalfMaximumHigh,2.5236717127980675
CD,log_normal,61,EffectAtKPlus1,0.06559397484488569
CD,log_normal,61,EffectAtKPlus10,0.00878390981961685
CD,log_normal,61,LocalComponentAtKPlus10,3.0633274011593326e-06
CD,log_normal,62,Baseline,0.0667308551248281
CD,log_normal,62,Amplitude,-0.0734728208682913
CD,log_normal,62,PeakDistance,4.855123686400536
CD,log_normal,62,PeakEffect,-0.006741965743463196
CD,log_normal,62,HalfMaximumLow,3.270025135564552
CD,log_normal,62,HalfMaximumHigh,7.2085763971284935
CD,log_normal,62,EffectAtKPlus1,0.06672971956895135
CD,log_normal,62,EffectAtKPlus10,0.059485666226484955
CD,log_normal,62,LocalComponentAtKPlus10,-0.0072451888983431426
CD,log_normal,63,Baseline,0.016677055362247332
CD,log_normal,63,Amplitude,0.09799387359510241
CD,log_normal,63,PeakDistance,1.3945668307886656
CD,log_normal,63,PeakEffect,0.11467092895734973
CD,log_normal,63,HalfMaximumLow,0.7872730879008502
CD,log_normal,63,HalfMaximumHigh,2.4703202426511432
CD,log_normal,63,EffectAtKPlus1,0.09418474915271474
CD,log_normal,63,EffectAtKPlus10,0.016703211387177366
CD,log_normal,63,LocalComponentAtKPlus10,2.6156024930033134e-05
CD,log_normal,64,Baseline,0.021869802617750803
CD,log_normal,64,Amplitude,0.07365213526302751
CD,log_normal,64,PeakDistance,1.4589253729566984
CD,log_normal,64,PeakEffect,0.09552193788077831
CD,log_normal,64,HalfMaximumLow,0.9549605207732074
CD,log_normal,64,HalfMaximumHigh,2.228849462942697
CD,log_normal,64,EffectAtKPlus1,0.06433835613358577
CD,log_normal,64,EffectAtKPlus10,0.021869847977848182
CD,log_normal,64,LocalComponentAtKPlus10,4.5360097379598674e-08
CD,log_normal,65,Baseline,0.014692142856949248
CD,log_normal,65,Amplitude,0.09637416354064494
CD,log_normal,65,PeakDistance,1.4161403197431048
CD,log_normal,65,PeakEffect,0.1110663063975942
CD,log_normal,65,HalfMaximumLow,0.9414615536324689
CD,log_normal,65,HalfMaximumHigh,2.13014901932469
CD,log_normal,65,EffectAtKPlus1,0.07294480396179714
CD,log_normal,65,EffectAtKPlus10,0.014692154975664019
CD,log_normal,65,LocalComponentAtKPlus10,1.2118714771275352e-08
CD,log_normal,66,Baseline,-0.002614967674158824
CD,log_normal,66,Amplitude,0.07823780804776997
CD,log_normal,66,PeakDistance,1.2565866134582413
CD,log_normal,66,PeakEffect,0.07562284037361115
CD,log_normal,66,HalfMaximumLow,0.45236834461726444
CD,log_normal,66,HalfMaximumHigh,3.4905402553275597
CD,log_normal,66,EffectAtKPlus1,0.0729589325774856
CD,log_normal,66,EffectAtKPlus10,0.0018790770069102981
CD,log_normal,66,LocalComponentAtKPlus10,0.004494044681069122
CD,log_normal,67,Baseline,0.09643004661483927
CD,log_normal,67,Amplitude,-0.0883466587806445
CD,log_normal,67,PeakDistance,5.314655285849063
CD,log_normal,67,PeakEffect,0.008083387834194766
CD,log_normal,67,HalfMaximumLow,2.873677461742354
CD,log_normal,67,HalfMaximumHigh,9.829064389946417
CD,log_normal,67,EffectAtKPlus1,0.09589994896576351
CD,log_normal,67,EffectAtKPlus10,0.05396403667370338
CD,log_normal,67,LocalComponentAtKPlus10,-0.04246600994113589
CD,log_normal,68,Baseline,0.01845859181100819
CD,log_normal,68,Amplitude,0.0797502883087112
CD,log_normal,68,PeakDistance,1.442259550714652
CD,log_normal,68,PeakEffect,0.09820888011971939
CD,log_normal,68,HalfMaximumLow,0.900777951239695
CD,log_normal,68,HalfMaximumHigh,2.3092401504331628
CD,log_normal,68,EffectAtKPlus1,0.07088173478975117
CD,log_normal,68,EffectAtKPlus10,0.01845923363290969
CD,log_normal,68,LocalComponentAtKPlus10,6.418219014973914e-07
CD,log_normal,69,Baseline,0.008319568850244567
CD,log_normal,69,Amplitude,0.09422198724357357
CD,log_normal,69,PeakDistance,1.4980922361236348
CD,log_normal,69,PeakEffect,0.10254155609381814
CD,log_normal,69,HalfMaximumLow,0.8582095881440968
CD,log_normal,69,HalfMaximumHigh,2.615072563786235
CD,log_normal,69,EffectAtKPlus1,0.07373675144876338
CD,log_normal,69,EffectAtKPlus10,0.008349670788380267
CD,log_normal,69,LocalComponentAtKPlus10,3.010193813570046e-05
CD,log_normal,70,Baseline,0.01633061463344164
CD,log_normal,70,Amplitude,0.08963211034223784
CD,log_normal,70,PeakDistance,1.4926524633095215
CD,log_normal,70,PeakEffect,0.10596272497567948
CD,log_normal,70,HalfMaximumLow,0.9138626317446191
CD,log_normal,70,HalfMaximumHigh,2.4380156260143533
CD,log_normal,70,EffectAtKPlus1,0.07280087870186178
CD,log_normal,70,EffectAtKPlus10,0.01633329573981398
CD,log_normal,70,LocalComponentAtKPlus10,2.681106372338926e-06
CD,log_normal,71,Baseline,0.014870655398076884
CD,log_normal,71,Amplitude,0.07965219798932702
CD,log_normal,71,PeakDistance,1.5654365145242877
CD,log_normal,71,PeakEffect,0.0945228533874039
CD,log_normal,71,HalfMaximumLow,0.9166972740426207
CD,log_normal,71,HalfMaximumHigh,2.6732832641673303
CD,log_normal,71,EffectAtKPlus1,0.06385640339998716
CD,log_normal,71,EffectAtKPlus10,0.014889991790832504
CD,log_normal,71,LocalComponentAtKPlus10,1.93363927556197e-05
CD,log_normal,72,Baseline,0.017193045166688892
CD,log_normal,72,Amplitude,0.08466274465468655
CD,log_normal,72,PeakDistance,1.445986386550737
CD,log_normal,72,PeakEffect,0.10185578982137544
CD,log_normal,72,HalfMaximumLow,0.8226173154244083
CD,log_normal,72,HalfMaximumHigh,2.541736711451694
CD,log_normal,72,EffectAtKPlus1,0.08014473318314058
CD,log_normal,72,EffectAtKPlus10,0.01721756207591962
CD,log_normal,72,LocalComponentAtKPlus10,2.4516909230727635e-05
CD,log_normal,73,Baseline,0.02668737240997858
CD,log_normal,73,Amplitude,0.08852722509458745
CD,log_normal,73,PeakDistance,1.4633451008605025
CD,log_normal,73,PeakEffect,0.11521459750456603
CD,log_normal,73,HalfMaximumLow,0.9212271796550662
CD,log_normal,73,HalfMaximumHigh,2.324485134073256
CD,log_normal,73,EffectAtKPlus1,0.08206417750689614
CD,log_normal,73,EffectAtKPlus10,0.026687941653255876
CD,log_normal,73,LocalComponentAtKPlus10,5.692432772964884e-07
CD,log_normal,74,Baseline,0.012391801540831804
CD,log_normal,74,Amplitude,0.11041997872575926
CD,log_normal,74,PeakDistance,1.4214304526969652
CD,log_normal,74,PeakEffect,0.12281178026659106
CD,log_normal,74,HalfMaximumLow,0.8464839721549644
CD,log_normal,74,HalfMaximumHigh,2.3868904767453953
CD,log_normal,74,EffectAtKPlus1,0.09264860725430804
CD,log_normal,74,EffectAtKPlus10,0.012397805352130658
CD,log_normal,74,LocalComponentAtKPlus10,6.0038112988537035e-06
CD,log_normal,75,Baseline,0.021679499226937345
CD,log_normal,75,Amplitude,0.08726699128211483
CD,log_normal,75,PeakDistance,1.4350195510993338
CD,log_normal,75,PeakEffect,0.10894649050905218
CD,log_normal,75,HalfMaximumLow,0.9043834060536361
CD,log_normal,75,HalfMaximumHigh,2.2770001066507892
CD,log_normal,75,EffectAtKPlus1,0.07877680531719113
CD,log_normal,75,EffectAtKPlus10,0.021679913996507753
CD,log_normal,75,LocalComponentAtKPlus10,4.147695704080634e-07
CD,log_normal,76,Baseline,0.01684231482072053
CD,log_normal,76,Amplitude,0.06652888683293778
CD,log_normal,76,PeakDistance,1.543825564285731
CD,log_normal,76,PeakEffect,0.08337120165365831
CD,log_normal,76,HalfMaximumLow,0.8036436465325936
CD,log_normal,76,HalfMaximumHigh,2.9657390850106005
CD,log_normal,76,EffectAtKPlus1,0.06579989925487148
CD,log_normal,76,EffectAtKPlus10,0.01707019864868645
CD,log_normal,76,LocalComponentAtKPlus10,0.0002278838279659197
CD,log_normal,77,Baseline,0.006715974228145557
CD,log_normal,77,Amplitude,0.10062341003098582
CD,log_normal,77,PeakDistance,1.5917654544256645
CD,log_normal,77,PeakEffect,0.10733938425913138
CD,log_normal,77,HalfMaximumLow,1.0198874308887844
CD,log_normal,77,HalfMaximumHigh,2.484310704461693
CD,log_normal,77,EffectAtKPlus1,0.05397083491136801
CD,log_normal,77,EffectAtKPlus10,0.006716719236846348
CD,log_normal,77,LocalComponentAtKPlus10,7.450087007917355e-07
CD,log_normal,78,Baseline,0.008397290004620837
CD,log_normal,78,Amplitude,0.08696858017705447
CD,log_normal,78,PeakDistance,1.380881486391563
CD,log_normal,78,PeakEffect,0.0953658701816753
CD,log_normal,78,HalfMaximumLow,0.706997790423354
CD,log_normal,78,HalfMaximumHigh,2.6970857692739756
CD,log_normal,78,EffectAtKPlus1,0.08242688990178809
CD,log_normal,78,EffectAtKPlus10,0.008599780050775769
CD,log_normal,78,LocalComponentAtKPlus10,0.00020249004615493192
CD,log_normal,79,Baseline,0.008929664377428483
CD,log_normal,79,Amplitude,0.09929607802582988
CD,log_normal,79,PeakDistance,1.5034429640132838
CD,log_normal,79,PeakEffect,0.10822574240325836
CD,log_normal,79,HalfMaximumLow,0.9091038878341079
CD,log_normal,79,HalfMaximumHigh,2.4863393241296006
CD,log_normal,79,EffectAtKPlus1,0.07190211807550868
CD,log_normal,79,EffectAtKPlus10,0.008934985737627134
CD,log_normal,79,LocalComponentAtKPlus10,5.321360198651259e-06
CD,log_normal,80,Baseline,0.07195177725936155
CD,log_normal,80,Amplitude,-0.07588633668227433
CD,log_normal,80,PeakDistance,5.664283006508213
CD,log_normal,80,PeakEffect,-0.003934559422912778
CD,log_normal,80,HalfMaximumLow,3.210515807389039
CD,log_normal,80,HalfMaximumHigh,9.993441522379609
CD,log_normal,80,EffectAtKPlus1,0.07183385685590693
CD,log_normal,80,EffectAtKPlus10,0.03406937779813555
CD,log_normal,80,LocalComponentAtKPlus10,-0.037882399461226006
CD,log_normal,81,Baseline,0.020471085848129435
CD,log_normal,81,Amplitude,0.08712435714608216
CD,log_normal,81,PeakDistance,1.475169049297092
CD,log_normal,81,PeakEffect,0.10759544299421159
CD,log_normal,81,HalfMaximumLow,0.9720771914564724
CD,log_normal,81,HalfMaximumHigh,2.238632634455273
CD,log_normal,81,EffectAtKPlus1,0.06818014820789828
CD,log_normal,81,EffectAtKPlus10,0.02047112586725815
CD,log_normal,81,LocalComponentAtKPlus10,4.0019128715734764e-08
CD,log_normal,82,Baseline,0.01406128303351728
CD,log_normal,82,Amplitude,0.08216645102666154
CD,log_normal,82,PeakDistance,1.383674599533463
CD,log_normal,82,PeakEffect,0.09622773406017882
CD,log_normal,82,HalfMaximumLow,0.7680850481467248
CD,log_normal,82,HalfMaximumHigh,2.4926346398925836
CD,log_normal,82,EffectAtKPlus1,0.08059803003050417
CD,log_normal,82,EffectAtKPlus10,0.014094066480388658
CD,log_normal,82,LocalComponentAtKPlus10,3.2783446871378213e-05
CD,log_normal,83,Baseline,0.09566496275184853
CD,log_normal,83,Amplitude,-0.08336926980630766
CD,log_normal,83,PeakDistance,4.850011278301896
CD,log_normal,83,PeakEffect,0.012295692945540879
CD,log_normal,83,HalfMaximumLow,2.3817900026754946
CD,log_normal,83,HalfMaximumHigh,9.876021552375459
CD,log_normal,83,EffectAtKPlus1,0.09293037187900167
CD,log_normal,83,EffectAtKPlus10,0.05499053864194562
CD,log_normal,83,LocalComponentAtKPlus10,-0.040674424109902914
CD,log_normal,84,Baseline,0.06508229394639686
CD,log_normal,84,Amplitude,-0.06406184905759253
CD,log_normal,84,PeakDistance,5.048749831749845
CD,log_normal,84,PeakEffect,0.001020444888804331
CD,log_normal,84,HalfMaximumLow,3.480378808802043
CD,log_normal,84,HalfMaximumHigh,7.323879457928255
CD,log_normal,84,EffectAtKPlus1,0.06508216697084004
CD,log_normal,84,EffectAtKPlus10,0.058909082430470834
CD,log_normal,84,LocalComponentAtKPlus10,-0.006173211515926029
CD,log_normal,85,Baseline,0.002804364768948458
CD,log_normal,85,Amplitude,0.10116964541582915
CD,log_normal,85,PeakDistance,1.5531419069890997
CD,log_normal,85,PeakEffect,0.10397401018477762
CD,log_normal,85,HalfMaximumLow,0.9570522986732511
CD,log_normal,85,HalfMaximumHigh,2.5204994404065557
CD,log_normal,85,EffectAtKPlus1,0.059837956363963093
CD,log_normal,85,EffectAtKPlus10,0.002807925470779938
CD,log_normal,85,LocalComponentAtKPlus10,3.560701831480193e-06
CD,log_normal,86,Baseline,0.01249501578678764
CD,log_normal,86,Amplitude,0.10341275484207585
CD,log_normal,86,PeakDistance,1.5789743141470447
CD,log_normal,86,PeakEffect,0.11590777062886348
CD,log_normal,86,HalfMaximumLow,0.9961223620539857
CD,log_normal,86,HalfMaximumHigh,2.502865089380467
CD,log_normal,86,EffectAtKPlus1,0.06480690754702428
CD,log_normal,86,EffectAtKPlus10,0.012496534666041538
CD,log_normal,86,LocalComponentAtKPlus10,1.5188792538978202e-06
CD,log_normal,87,Baseline,0.015719081236504236
CD,log_normal,87,Amplitude,0.08424041464555194
CD,log_normal,87,PeakDistance,1.5024171745537374
CD,log_normal,87,PeakEffect,0.09995949588205619
CD,log_normal,87,HalfMaximumLow,0.890500042675173
CD,log_normal,87,HalfMaximumHigh,2.5348200541495234
CD,log_normal,87,EffectAtKPlus1,0.07107735335245412
CD,log_normal,87,EffectAtKPlus10,0.01572845768524771
CD,log_normal,87,LocalComponentAtKPlus10,9.376448743474847e-06
CD,log_normal,88,Baseline,0.0005078653711447878
CD,log_normal,88,Amplitude,0.09780482888475427
CD,log_normal,88,PeakDistance,1.4709883964337775
CD,log_normal,88,PeakEffect,0.09831269425589906
CD,log_normal,88,HalfMaximumLow,0.8580578852513997
CD,log_normal,88,HalfMaximumHigh,2.5217492894536466
CD,log_normal,88,EffectAtKPlus1,0.06906260499970712
CD,log_normal,88,EffectAtKPlus10,0.0005231475753156939
CD,log_normal,88,LocalComponentAtKPlus10,1.5282204170906128e-05
CD,log_normal,89,Baseline,0.01692847348753463
CD,log_normal,89,Amplitude,0.12858798108159633
CD,log_normal,89,PeakDistance,1.452028125606292
CD,log_normal,89,PeakEffect,0.14551645456913095
CD,log_normal,89,HalfMaximumLow,0.9704827684783934
CD,log_normal,89,HalfMaximumHigh,2.172512223846519
CD,log_normal,89,EffectAtKPlus1,0.08793126721022021
CD,log_normal,89,EffectAtKPlus10,0.01692848952131457
CD,log_normal,89,LocalComponentAtKPlus10,1.6033779939167436e-08
CD,log_normal,90,Baseline,0.020227340178318617
CD,log_normal,90,Amplitude,0.07926534520862519
CD,log_normal,90,PeakDistance,1.332619581540779
CD,log_normal,90,PeakEffect,0.09949268538694381
CD,log_normal,90,HalfMaximumLow,0.791240061164109
CD,log_normal,90,HalfMaximumHigh,2.2444199128304647
CD,log_normal,90,EffectAtKPlus1,0.08445876847994434
CD,log_normal,90,EffectAtKPlus10,0.02022984915598004
CD,log_normal,90,LocalComponentAtKPlus10,2.508977661422329e-06
CD,log_normal,91,Baseline,0.014922706019194543
CD,log_normal,91,Amplitude,0.08781536120406816
CD,log_normal,91,PeakDistance,1.3853955098278576
CD,log_normal,91,PeakEffect,0.1027380672232627
CD,log_normal,91,HalfMaximumLow,0.8435192799199092
CD,log_normal,91,HalfMaximumHigh,2.2753726729677437
CD,log_normal,91,EffectAtKPlus1,0.08002906856566962
CD,log_normal,91,EffectAtKPlus10,0.014924171579011
CD,log_normal,91,LocalComponentAtKPlus10,1.4655598164579203e-06
CD,log_normal,92,Baseline,0.0226925328781864
CD,log_normal,92,Amplitude,0.07092213216791766
CD,log_normal,92,PeakDistance,1.2380125943935723
CD,log_normal,92,PeakEffect,0.09361466504610406
CD,log_normal,92,HalfMaximumLow,0.6968215827081546
CD,log_normal,92,HalfMaximumHigh,2.1995231231507706
CD,log_normal,92,EffectAtKPlus1,0.08714481650679709
CD,log_normal,92,EffectAtKPlus10,0.02270000596377094
CD,log_normal,92,LocalComponentAtKPlus10,7.473085584540351e-06
CD,log_normal,93,Baseline,0.0184875032531724
CD,log_normal,93,Amplitude,0.07756802994508856
CD,log_normal,93,PeakDistance,1.513785050414783
CD,log_normal,93,PeakEffect,0.09605553319826096
CD,log_normal,93,HalfMaximumLow,0.8859001718581883
CD,log_normal,93,HalfMaximumHigh,2.5866855562887388
CD,log_normal,93,EffectAtKPlus1,0.06970310968730042
CD,log_normal,93,EffectAtKPlus10,0.01850167947828378
CD,log_normal,93,LocalComponentAtKPlus10,1.4176225111382085e-05
CD,log_normal,94,Baseline,0.010643083581695866
CD,log_normal,94,Amplitude,0.06839274178074117
CD,log_normal,94,PeakDistance,1.5305337136605492
CD,log_normal,94,PeakEffect,0.07903582536243704
CD,log_normal,94,HalfMaximumLow,0.8078193965797429
CD,log_normal,94,HalfMaximumHigh,2.8998232260449472
CD,log_normal,94,EffectAtKPlus1,0.060932151416755315
CD,log_normal,94,EffectAtKPlus10,0.010816057559829279
CD,log_normal,94,LocalComponentAtKPlus10,0.00017297397813341268
CD,log_normal,95,Baseline,0.013207116074306262
CD,log_normal,95,Amplitude,0.16528888827542773
CD,log_normal,95,PeakDistance,1.3402872797519856
CD,log_normal,95,PeakEffect,0.178496004349734
CD,log_normal,95,HalfMaximumLow,0.9789137664045493
CD,log_normal,95,HalfMaximumHigh,1.8350645929343314
CD,log_normal,95,EffectAtKPlus1,0.10371076208735779
CD,log_normal,95,EffectAtKPlus10,0.013207116074386092
CD,log_normal,95,LocalComponentAtKPlus10,7.983023964097669e-14
CD,log_normal,96,Baseline,0.02330861663039289
CD,log_normal,96,Amplitude,0.0707524727324473
CD,log_normal,96,PeakDistance,1.6084463960771778
CD,log_normal,96,PeakEffect,0.09406108936284019
CD,log_normal,96,HalfMaximumLow,0.9206119245679099
CD,log_normal,96,HalfMaximumHigh,2.8101958491010417
CD,log_normal,96,EffectAtKPlus1,0.06609905094729586
CD,log_normal,96,EffectAtKPlus10,0.023350429550523806
CD,log_normal,96,LocalComponentAtKPlus10,4.1812920130914616e-05
CD,log_normal,97,Baseline,0.01148229778953232
CD,log_normal,97,Amplitude,0.07677426361755502
CD,log_normal,97,PeakDistance,1.4171233238924688
CD,log_normal,97,PeakEffect,0.08825656140708733
CD,log_normal,97,HalfMaximumLow,0.8350693896943632
CD,log_normal,97,HalfMaximumHigh,2.404876217358485
CD,log_normal,97,EffectAtKPlus1,0.06828984018636788
CD,log_normal,97,EffectAtKPlus10,0.011488270290141945
CD,log_normal,97,LocalComponentAtKPlus10,5.972500609624856e-06
CD,log_normal,98,Baseline,0.006913085861799601
CD,log_normal,98,Amplitude,0.10915388383025759
CD,log_normal,98,PeakDistance,1.519866944487928
CD,log_normal,98,PeakEffect,0.1160669696920572
CD,log_normal,98,HalfMaximumLow,0.9751924851347071
CD,log_normal,98,HalfMaximumHigh,2.3687585416821397
CD,log_normal,98,EffectAtKPlus1,0.06581470570560878
CD,log_normal,98,EffectAtKPlus10,0.006913495030203146
CD,log_normal,98,LocalComponentAtKPlus10,4.09168403545275e-07
CD,log_normal,99,Baseline,0.0067458311103501195
CD,log_normal,99,Amplitude,0.0860968187308625
CD,log_normal,99,PeakDistance,1.4766430144947635
CD,log_normal,99,PeakEffect,0.09284264984121263
CD,log_normal,99,HalfMaximumLow,0.7482127424124861
CD,log_normal,99,HalfMaximumHigh,2.9142441295848682
CD,log_normal,99,EffectAtKPlus1,0.07530046638228315
CD,log_normal,99,EffectAtKPlus10,0.007102187371112886
CD,log_normal,99,LocalComponentAtKPlus10,0.0003563562607627668
CD,log_normal,100,Baseline,0.00819770754576281
CD,log_normal,100,Amplitude,0.08397927497527034
CD,log_normal,100,PeakDistance,1.530783195204553
CD,log_normal,100,PeakEffect,0.09217698252103315
CD,log_normal,100,HalfMaximumLow,0.9073131866298862
CD,log_normal,100,HalfMaximumHigh,2.582677321625377
CD,log_normal,100,EffectAtKPlus1,0.06124862376815665
CD,log_normal,100,EffectAtKPlus10,0.008208884507112699
CD,log_normal,100,LocalComponentAtKPlus10,1.1176961349888478e-05
CD,log_normal,101,Baseline,0.013569148586896226
CD,log_normal,101,Amplitude,0.07532915541138974
CD,log_normal,101,PeakDistance,1.4571787550490094
CD,log_normal,101,PeakEffect,0.08889830399828597
CD,log_normal,101,HalfMaximumLow,0.8745587333474661
CD,log_normal,101,HalfMaximumHigh,2.4279329028466248
CD,log_normal,101,EffectAtKPlus1,0.06524028823993949
CD,log_normal,101,EffectAtKPlus10,0.013573060866077265
CD,log_normal,101,LocalComponentAtKPlus10,3.91227918103941e-06
CD,log_normal,102,Baseline,0.06844227866313786
CD,log_normal,102,Amplitude,-0.06987989610552554
CD,log_normal,102,PeakDistance,4.658232895635909
CD,log_normal,102,PeakEffect,-0.0014376174423876842
CD,log_normal,102,HalfMaximumLow,3.2117784470443644
CD,log_normal,102,HalfMaximumHigh,6.756111627174383
CD,log_normal,102,EffectAtKPlus1,0.0684417897170049
CD,log_normal,102,EffectAtKPlus10,0.06469681437410245
CD,log_normal,102,LocalComponentAtKPlus10,-0.0037454642890354106
CD,log_normal,103,Baseline,0.00649175541394674
CD,log_normal,103,Amplitude,0.08214244921658927
CD,log_normal,103,PeakDistance,1.5930137214721363
CD,log_normal,103,PeakEffect,0.088634204630536
CD,log_normal,103,HalfMaximumLow,0.8867535255976059
CD,log_normal,103,HalfMaximumHigh,2.8617791117191094
CD,log_normal,103,EffectAtKPlus1,0.05950538752551493
CD,log_normal,103,EffectAtKPlus10,0.006581831282271801
CD,log_normal,103,LocalComponentAtKPlus10,9.007586832506138e-05
CD,log_normal,104,Baseline,0.010366169898728454
CD,log_normal,104,Amplitude,0.07801887841688906
CD,log_normal,104,PeakDistance,1.4681959026233014
CD,log_normal,104,PeakEffect,0.08838504831561753
CD,log_normal,104,HalfMaximumLow,0.8926744877191302
CD,log_normal,104,HalfMaximumHigh,2.4147651110626165
CD,log_normal,104,EffectAtKPlus1,0.061992671974013945
CD,log_normal,104,EffectAtKPlus10,0.010368779603612158
CD,log_normal,104,LocalComponentAtKPlus10,2.609704883704128e-06
CD,log_normal,105,Baseline,0.014432933913173945
CD,log_normal,105,Amplitude,0.0905009263457637
CD,log_normal,105,PeakDistance,1.5554177305331294
CD,log_normal,105,PeakEffect,0.10493386025893765
CD,log_normal,105,HalfMaximumLow,0.9508144216186014
CD,log_normal,105,HalfMaximumHigh,2.5444758319276843
CD,log_normal,105,EffectAtKPlus1,0.06621247138513116
CD,log_normal,105,EffectAtKPlus10,0.01443743764875364
CD,log_normal,105,LocalComponentAtKPlus10,4.503735579695564e-06
CD,log_normal,106,Baseline,0.0726653124041731
CD,log_normal,106,Amplitude,-0.07241214277170796
CD,log_normal,106,PeakDistance,5.820001429424192
CD,log_normal,106,PeakEffect,0.00025316963246513335
CD,log_normal,106,HalfMaximumLow,3.35653475624192
CD,log_normal,106,HalfMaximumHigh,10.09148395544226
CD,log_normal,106,EffectAtKPlus1,0.07260545801642854
CD,log_normal,106,EffectAtKPlus10,0.03562618868220099
CD,log_normal,106,LocalComponentAtKPlus10,-0.0370391237219721
CD,log_normal,107,Baseline,0.016642282850232063
CD,log_normal,107,Amplitude,0.06440311527730237
CD,log_normal,107,PeakDistance,1.403841191173729
CD,log_normal,107,PeakEffect,0.08104539812753443
CD,log_normal,107,HalfMaximumLow,0.7468666882759412
CD,log_normal,107,HalfMaximumHigh,2.638717352069053
CD,log_normal,107,EffectAtKPlus1,0.06935728255288302
CD,log_normal,107,EffectAtKPlus10,0.016720843043907613
CD,log_normal,107,LocalComponentAtKPlus10,7.856019367554964e-05
CD,log_normal,108,Baseline,0.012457537101811146
CD,log_normal,108,Amplitude,0.08714460350546971
CD,log_normal,108,PeakDistance,1.6796135825931942
CD,log_normal,108,PeakEffect,0.09960214060728086
CD,log_normal,108,HalfMaximumLow,1.0058981628966501
CD,log_normal,108,HalfMaximumHigh,2.8045600348923143
CD,log_normal,108,EffectAtKPlus1,0.055338530582695555
CD,log_normal,108,EffectAtKPlus10,0.01247726667582149
CD,log_normal,108,LocalComponentAtKPlus10,1.9729574010344045e-05
CD,log_normal,109,Baseline,0.015285482105991186
CD,log_normal,109,Amplitude,0.07635517914903932
CD,log_normal,109,PeakDistance,1.4006488377215944
CD,log_normal,109,PeakEffect,0.09164066125503051
CD,log_normal,109,HalfMaximumLow,0.8380335436632492
CD,log_normal,109,HalfMaximumHigh,2.340976899367622
CD,log_normal,109,EffectAtKPlus1,0.07194856705953465
CD,log_normal,109,EffectAtKPlus10,0.01528846115470465
CD,log_normal,109,LocalComponentAtKPlus10,2.9790487134639942e-06
CD,log_normal,110,Baseline,0.01403567927896251
CD,log_normal,110,Amplitude,0.0694525869918874
CD,log_normal,110,PeakDistance,1.5370121836532733
CD,log_normal,110,PeakEffect,0.08348826627084992
CD,log_normal,110,HalfMaximumLow,0.9220186468538896
CD,log_normal,110,HalfMaximumHigh,2.562211144817518
CD,log_normal,110,EffectAtKPlus1,0.0565673301268313
CD,log_normal,110,EffectAtKPlus10,0.014041973870668101
CD,log_normal,110,LocalComponentAtKPlus10,6.294591705591213e-06
CD,log_normal,111,Baseline,0.009379746130643137
CD,log_normal,111,Amplitude,0.06563846071040391
CD,log_normal,111,PeakDistance,1.4724460255424143
CD,log_normal,111,PeakEffect,0.07501820684104704
CD,log_normal,111,HalfMaximumLow,0.7690668811461527
CD,log_normal,111,HalfMaximumHigh,2.819127115322534
CD,log_normal,111,EffectAtKPlus1,0.06070442679568518
CD,log_normal,111,EffectAtKPlus10,0.009537674910816557
CD,log_normal,111,LocalComponentAtKPlus10,0.00015792878017342055
CD,log_normal,112,Baseline,0.013094747513058362
CD,log_normal,112,Amplitude,0.08765682940413161
CD,log_normal,112,PeakDistance,1.3849055959417804
CD,log_normal,112,PeakEffect,0.10075157691718997
CD,log_normal,112,HalfMaximumLow,0.8376102643401593
CD,log_normal,112,HalfMaximumHigh,2.289804210054379
CD,log_normal,112,EffectAtKPlus1,0.07863993528272575
CD,log_normal,112,EffectAtKPlus10,0.01309669545383741
CD,log_normal,112,LocalComponentAtKPlus10,1.9479407790488207e-06
CD,log_normal,113,Baseline,0.012763222061344694
CD,log_normal,113,Amplitude,0.10157304533487295
CD,log_normal,113,PeakDistance,1.3604854775273385
CD,log_normal,113,PeakEffect,0.11433626739621765
CD,log_normal,113,HalfMaximumLow,0.8367457025858417
CD,log_normal,113,HalfMaximumHigh,2.2120468964976907
CD,log_normal,113,EffectAtKPlus1,0.08968289985739426
CD,log_normal,113,EffectAtKPlus10,0.012764087370392772
CD,log_normal,113,LocalComponentAtKPlus10,8.653090480779946e-07
CD,log_normal,114,Baseline,0.017598622538119373
CD,log_normal,114,Amplitude,0.07970681615631206
CD,log_normal,114,PeakDistance,1.4847041381604666
CD,log_normal,114,PeakEffect,0.09730543869443144
CD,log_normal,114,HalfMaximumLow,0.8935146937686047
CD,log_normal,114,HalfMaximumHigh,2.4670510661368907
CD,log_normal,114,EffectAtKPlus1,0.06997758002055923
CD,log_normal,114,EffectAtKPlus10,0.01760313604384366
CD,log_normal,114,LocalComponentAtKPlus10,4.513505724286493e-06
CD,log_normal,115,Baseline,0.012089847186161594
CD,log_normal,115,Amplitude,0.06951294019855324
CD,log_normal,115,PeakDistance,1.501622139327217
CD,log_normal,115,PeakEffect,0.08160278738471483
CD,log_normal,115,HalfMaximumLow,0.8776298963943308
CD,log_normal,115,HalfMaximumHigh,2.569271008863291
CD,log_normal,115,EffectAtKPlus1,0.0588179715549841
CD,log_normal,115,EffectAtKPlus10,0.012102159167849272
CD,log_normal,115,LocalComponentAtKPlus10,1.2311981687678289e-05
CD,log_normal,116,Baseline,0.018210487145711635
CD,log_normal,116,Amplitude,0.1084323300419294
CD,log_normal,116,PeakDistance,1.507660146203525
CD,log_normal,116,PeakEffect,0.12664281718764103
CD,log_normal,116,HalfMaximumLow,0.9169779376267122
CD,log_normal,116,HalfMaximumHigh,2.4788373015095964
CD,log_normal,116,EffectAtKPlus1,0.08580741506177088
CD,log_normal,116,EffectAtKPlus10,0.018215235549391334
CD,log_normal,116,LocalComponentAtKPlus10,4.748403679699642e-06
CD,log_normal,117,Baseline,0.06353604945698438
CD,log_normal,117,Amplitude,-0.09201658581422338
CD,log_normal,117,PeakDistance,4.332289180114826
CD,log_normal,117,PeakEffect,-0.028480536357239003
CD,log_normal,117,HalfMaximumLow,3.4565459194935406
CD,log_normal,117,HalfMaximumHigh,5.4299089256392765
CD,log_normal,117,EffectAtKPlus1,0.06353604945696549
CD,log_normal,117,EffectAtKPlus10,0.06352923283798514
CD,log_normal,117,LocalComponentAtKPlus10,-6.816618999233581e-06
CD,log_normal,118,Baseline,0.013806759012381176
CD,log_normal,118,Amplitude,0.07705187195295245
CD,log_normal,118,PeakDistance,1.5033469517899034
CD,log_normal,118,PeakEffect,0.09085863096533363
CD,log_normal,118,HalfMaximumLow,0.8806791044153309
CD,log_normal,118,HalfMaximumHigh,2.566260566561764
CD,log_normal,118,EffectAtKPlus1,0.06530729843652378
CD,log_normal,118,EffectAtKPlus10,0.013819552752633812
CD,log_normal,118,LocalComponentAtKPlus10,1.2793740252635757e-05
CD,log_normal,119,Baseline,0.07262507674544591
CD,log_normal,119,Amplitude,-0.06991644281806203
CD,log_normal,119,PeakDistance,5.081621297589867
CD,log_normal,119,PeakEffect,0.00270863392738388
CD,log_normal,119,HalfMaximumLow,3.187423881809123
CD,log_normal,119,HalfMaximumHigh,8.101487586728606
CD,log_normal,119,EffectAtKPlus1,0.0726096684106748
CD,log_normal,119,EffectAtKPlus10,0.056390262054572586
CD,log_normal,119,LocalComponentAtKPlus10,-0.016234814690873324
CD,log_normal,120,Baseline,-0.09508158286016007
CD,log_normal,120,Amplitude,0.22269672789371367
CD,log_normal,120,PeakDistance,0.049787068367863965
CD,log_normal,120,PeakEffect,0.1276151450335536
CD,log_normal,120,HalfMaximumLow,0.00031180421489694057
CD,log_normal,120,HalfMaximumHigh,7.949707086177954
CD,log_normal,120,EffectAtKPlus1,0.0796796480611383
CD,log_normal,120,EffectAtKPlus10,0.009351431247077768
CD,log_normal,120,LocalComponentAtKPlus10,0.10443301410723783
CD,log_normal,121,Baseline,0.06561683673143168
CD,log_normal,121,Amplitude,-0.05624587159206534
CD,log_normal,121,PeakDistance,5.45369424214229
CD,log_normal,121,PeakEffect,0.00937096513936634
CD,log_normal,121,HalfMaximumLow,2.8794542787519393
CD,log_normal,121,HalfMaximumHigh,10.32931174016334
CD,log_normal,121,EffectAtKPlus1,0.06519347765358566
CD,log_normal,121,EffectAtKPlus10,0.03549869491384164
CD,log_normal,121,LocalComponentAtKPlus10,-0.03011814181759004
CD,log_normal,122,Baseline,0.007432657517041203
CD,log_normal,122,Amplitude,0.10702683054412862
CD,log_normal,122,PeakDistance,1.530995898679688
CD,log_normal,122,PeakEffect,0.11445948806116982
CD,log_normal,122,HalfMaximumLow,1.0202615046727757
CD,log_normal,122,HalfMaximumHigh,2.2973996676722512
CD,log_normal,122,EffectAtKPlus1,0.057317829435459745
CD,log_normal,122,EffectAtKPlus10,0.007432696713414526
CD,log_normal,122,LocalComponentAtKPlus10,3.919637332327336e-08
CD,log_normal,123,Baseline,0.014006089265101882
CD,log_normal,123,Amplitude,0.07778078825624778
CD,log_normal,123,PeakDistance,1.4721773079676002
CD,log_normal,123,PeakEffect,0.09178687752134966
CD,log_normal,123,HalfMaximumLow,0.9119400367540809
CD,log_normal,123,HalfMaximumHigh,2.3765883048724814
CD,log_normal,123,EffectAtKPlus1,0.06350229834666155
CD,log_normal,123,EffectAtKPlus10,0.014007274065426695
CD,log_normal,123,LocalComponentAtKPlus10,1.1848003248129263e-06
CD,log_normal,124,Baseline,0.01572923939815191
CD,log_normal,124,Amplitude,0.06947813753146106
CD,log_normal,124,PeakDistance,1.599986285689705
CD,log_normal,124,PeakEffect,0.08520737692961297
CD,log_normal,124,HalfMaximumLow,0.9638793395029391
CD,log_normal,124,HalfMaximumHigh,2.6558885635159237
CD,log_normal,124,EffectAtKPlus1,0.05400619178746127
CD,log_normal,124,EffectAtKPlus10,0.01573728379002797
CD,log_normal,124,LocalComponentAtKPlus10,8.044391876061568e-06
CD,log_normal,125,Baseline,0.011687998146044123
CD,log_normal,125,Amplitude,0.09995781620656555
CD,log_normal,125,PeakDistance,1.373763917047605
CD,log_normal,125,PeakEffect,0.11164581435260967
CD,log_normal,125,HalfMaximumLow,0.8576431449080218
CD,log_normal,125,HalfMaximumHigh,2.200480830502499
CD,log_normal,125,EffectAtKPlus1,0.08464217698138968
CD,log_normal,125,EffectAtKPlus10,0.01168845070027877
CD,log_normal,125,LocalComponentAtKPlus10,4.5255423464750366e-07
CD,log_normal,126,Baseline,0.07268304208376959
CD,log_normal,126,Amplitude,-0.06763623871189808
CD,log_normal,126,PeakDistance,5.193528180163662
CD,log_normal,126,PeakEffect,0.005046803371871508
CD,log_normal,126,HalfMaximumLow,2.7933590019818006
CD,log_normal,126,HalfMaximumHigh,9.656021635249093
CD,log_normal,126,EffectAtKPlus1,0.07217490751210433
CD,log_normal,126,EffectAtKPlus10,0.04147912067566756
CD,log_normal,126,LocalComponentAtKPlus10,-0.031203921408102034
CD,log_normal,127,Baseline,0.010233257550363892
CD,log_normal,127,Amplitude,0.07412295164798313
CD,log_normal,127,PeakDistance,1.5361816099414292
CD,log_normal,127,PeakEffect,0.08435620919834702
CD,log_normal,127,HalfMaximumLow,0.8237726248492627
CD,log_normal,127,HalfMaximumHigh,2.864690895930241
CD,log_normal,127,EffectAtKPlus1,0.06357729793456511
CD,log_normal,127,EffectAtKPlus10,0.010374396709031617
CD,log_normal,127,LocalComponentAtKPlus10,0.000141139158667725
CD,log_normal,128,Baseline,0.011004158586578543
CD,log_normal,128,Amplitude,0.08061714897353038
CD,log_normal,128,PeakDistance,1.5006359703607928
CD,log_normal,128,PeakEffect,0.09162130756010892
CD,log_normal,128,HalfMaximumLow,0.8002555855942831
CD,log_normal,128,HalfMaximumHigh,2.813986376450435
CD,log_normal,128,EffectAtKPlus1,0.07139393054175983
CD,log_normal,128,EffectAtKPlus10,0.011150964986383417
CD,log_normal,128,LocalComponentAtKPlus10,0.0001468063998048743
CD,log_normal,129,Baseline,0.0022622799698540875
CD,log_normal,129,Amplitude,0.06467392352581433
CD,log_normal,129,PeakDistance,1.4121649415481135
CD,log_normal,129,PeakEffect,0.06693620349566842
CD,log_normal,129,HalfMaximumLow,0.5727615684852844
CD,log_normal,129,HalfMaximumHigh,3.481745165639239
CD,log_normal,129,EffectAtKPlus1,0.06070074871978084
CD,log_normal,129,EffectAtKPlus10,0.004741531554900579
CD,log_normal,129,LocalComponentAtKPlus10,0.0024792515850464913
CD,log_normal,130,Baseline,0.0249495122162494
CD,log_normal,130,Amplitude,0.09101161470414385
CD,log_normal,130,PeakDistance,1.458467901079976
CD,log_normal,130,PeakEffect,0.11596112692039325
CD,log_normal,130,HalfMaximumLow,0.930668986504406
CD,log_normal,130,HalfMaximumHigh,2.2855909558887615
CD,log_normal,130,EffectAtKPlus1,0.08075285764853637
CD,log_normal,130,EffectAtKPlus10,0.02494978173717593
CD,log_normal,130,LocalComponentAtKPlus10,2.695209265282661e-07
CD,log_normal,131,Baseline,-0.0012601263460573153
CD,log_normal,131,Amplitude,0.12474779466989072
CD,log_normal,131,PeakDistance,1.571406534097057
CD,log_normal,131,PeakEffect,0.1234876683238334
CD,log_normal,131,HalfMaximumLow,0.9202174993975892
CD,log_normal,131,HalfMaximumHigh,2.683407452063712
CD,log_normal,131,EffectAtKPlus1,0.07482190846849227
CD,log_normal,131,EffectAtKPlus10,-0.0012288165595609668
CD,log_normal,131,LocalComponentAtKPlus10,3.13097864963485e-05
CD,log_normal,132,Baseline,0.026436305086135085
CD,log_normal,132,Amplitude,0.08313159429854279
CD,log_normal,132,PeakDistance,1.6162371734496912
CD,log_normal,132,PeakEffect,0.10956789938467787
CD,log_normal,132,HalfMaximumLow,1.060680200544279
CD,log_normal,132,HalfMaximumHigh,2.4627805812724772
CD,log_normal,132,EffectAtKPlus1,0.06021471270962679
CD,log_normal,132,EffectAtKPlus10,0.02643649723626082
CD,log_normal,132,LocalComponentAtKPlus10,1.921501257343139e-07
CD,log_normal,133,Baseline,0.02284255807959498
CD,log_normal,133,Amplitude,0.09030058464256878
CD,log_normal,133,PeakDistance,1.4786855165807282
CD,log_normal,133,PeakEffect,0.11314314272216376
CD,log_normal,133,HalfMaximumLow,1.0306912812127997
CD,log_normal,133,HalfMaximumHigh,2.121402302319642
CD,log_normal,133,EffectAtKPlus1,0.06284830111350498
CD,log_normal,133,EffectAtKPlus10,0.02284255840520782
CD,log_normal,133,LocalComponentAtKPlus10,3.2561284224463805e-10
CD,log_normal,134,Baseline,0.07195711703040682
CD,log_normal,134,Amplitude,-0.053357203272675985
CD,log_normal,134,PeakDistance,6.455569551149543
CD,log_normal,134,PeakEffect,0.018599913757730832
CD,log_normal,134,HalfMaximumLow,2.732428213019734
CD,log_normal,134,HalfMaximumHigh,15.251774239174907
CD,log_normal,134,EffectAtKPlus1,0.06991177197758713
CD,log_normal,134,EffectAtKPlus10,0.02737178491241061
CD,log_normal,134,LocalComponentAtKPlus10,-0.04458533211799621
CD,log_normal,135,Baseline,0.021783057324545246
CD,log_normal,135,Amplitude,0.06861690292025215
CD,log_normal,135,PeakDistance,1.4064308815366369
CD,log_normal,135,PeakEffect,0.09039996024479739
CD,log_normal,135,HalfMaximumLow,0.8681601545792487
CD,log_normal,135,HalfMaximumHigh,2.2784365466514376
CD,log_normal,135,EffectAtKPlus1,0.0703101594298424
CD,log_normal,135,EffectAtKPlus10,0.0217837816587974
CD,log_normal,135,LocalComponentAtKPlus10,7.243342521542906e-07
CD,log_normal,136,Baseline,0.026260859499264832
CD,log_normal,136,Amplitude,0.0809508172482176
CD,log_normal,136,PeakDistance,1.4676867438466608
CD,log_normal,136,PeakEffect,0.10721167674748243
CD,log_normal,136,HalfMaximumLow,0.9521963155348458
CD,log_normal,136,HalfMaximumHigh,2.2622481760531272
CD,log_normal,136,EffectAtKPlus1,0.0731955447268946
CD,log_normal,136,EffectAtKPlus10,0.02626095659489212
CD,log_normal,136,LocalComponentAtKPlus10,9.709562728832388e-08
CD,log_normal,137,Baseline,0.06571858031394005
CD,log_normal,137,Amplitude,-0.05481187724853217
CD,log_normal,137,PeakDistance,5.560954488948899
CD,log_normal,137,PeakEffect,0.010906703065407884
CD,log_normal,137,HalfMaximumLow,3.569428194999721
CD,log_normal,137,HalfMaximumHigh,8.66363269934425
CD,log_normal,137,EffectAtKPlus1,0.0657168795551437
CD,log_normal,137,EffectAtKPlus10,0.049443086662465593
CD,log_normal,137,LocalComponentAtKPlus10,-0.01627549365147446
CD,log_normal,138,Baseline,0.02458275376733358
CD,log_normal,138,Amplitude,0.06597278987331821
CD,log_normal,138,PeakDistance,1.5786296046333725
CD,log_normal,138,PeakEffect,0.0905555436406518
CD,log_normal,138,HalfMaximumLow,1.0196127639538803
CD,log_normal,138,HalfMaximumHigh,2.4441351822245734
CD,log_normal,138,EffectAtKPlus1,0.0555562046164597
CD,log_normal,138,EffectAtKPlus10,0.024583036137263363
CD,log_normal,138,LocalComponentAtKPlus10,2.823699297820059e-07
CD,log_normal,139,Baseline,0.0006196755960722291
CD,log_normal,139,Amplitude,0.09913301694303327
CD,log_normal,139,PeakDistance,1.380358413700058
CD,log_normal,139,PeakEffect,0.0997526925391055
CD,log_normal,139,HalfMaximumLow,0.8140434926782043
CD,log_normal,139,HalfMaximumHigh,2.3406480948626056
CD,log_normal,139,EffectAtKPlus1,0.07718954387608204
CD,log_normal,139,EffectAtKPlus10,0.0006254739834181838
CD,log_normal,139,LocalComponentAtKPlus10,5.798387345954683e-06
CD,log_normal,140,Baseline,0.08488904851802671
CD,log_normal,140,Amplitude,-0.07573109870509756
CD,log_normal,140,PeakDistance,5.2126821414059465
CD,log_normal,140,PeakEffect,0.009157949812929153
CD,log_normal,140,HalfMaximumLow,2.7229192965165763
CD,log_normal,140,HalfMaximumHigh,9.979015956181154
CD,log_normal,140,EffectAtKPlus1,0.08403146646356778
CD,log_normal,140,EffectAtKPlus10,0.04719319308557761
CD,log_normal,140,LocalComponentAtKPlus10,-0.037695855432449105
CD,log_normal,141,Baseline,0.01158365339391461
CD,log_normal,141,Amplitude,0.08160232208595757
CD,log_normal,141,PeakDistance,1.536899526747883
CD,log_normal,141,PeakEffect,0.09318597547987217
CD,log_normal,141,HalfMaximumLow,0.890446684272706
CD,log_normal,141,HalfMaximumHigh,2.652668820084536
CD,log_normal,141,EffectAtKPlus1,0.06467944284253296
CD,log_normal,141,EffectAtKPlus10,0.01160695381431232
CD,log_normal,141,LocalComponentAtKPlus10,2.3300420397710103e-05
CD,log_normal,142,Baseline,0.02096583236883011
CD,log_normal,142,Amplitude,0.06976021451800125
CD,log_normal,142,PeakDistance,1.4375407208883737
CD,log_normal,142,PeakEffect,0.09072604688683136
CD,log_normal,142,HalfMaximumLow,0.8816882676173974
CD,log_normal,142,HalfMaximumHigh,2.34382536335282
CD,log_normal,142,EffectAtKPlus1,0.06857412097334699
CD,log_normal,142,EffectAtKPlus10,0.02096710414167937
CD,log_normal,142,LocalComponentAtKPlus10,1.2717728492608882e-06
CD,log_normal,143,Baseline,0.007986804757497643
CD,log_normal,143,Amplitude,0.08004950051055232
CD,log_normal,143,PeakDistance,1.526748905911304
CD,log_normal,143,PeakEffect,0.08803630526804997
CD,log_normal,143,HalfMaximumLow,0.8783194377559286
CD,log_normal,143,HalfMaximumHigh,2.6538889172905926
CD,log_normal,143,EffectAtKPlus1,0.061324682221814385
CD,log_normal,143,EffectAtKPlus10,0.008013400220127413
CD,log_normal,143,LocalComponentAtKPlus10,2.6595462629770347e-05
CD,log_normal,144,Baseline,0.020577668626208283
CD,log_normal,144,Amplitude,2.7973653283480977
CD,log_normal,144,PeakDistance,1.4310195754087216
CD,log_normal,144,PeakEffect,2.817942996974306
CD,log_normal,144,HalfMaximumLow,1.238630966046489
CD,log_normal,144,HalfMaximumHigh,1.6532906744122993
CD,log_normal,144,EffectAtKPlus1,0.059656910929467774
CD,log_normal,144,EffectAtKPlus10,0.020577668626208283
CD,log_normal,144,LocalComponentAtKPlus10,0.0
CD,log_normal,145,Baseline,0.08048401619273647
CD,log_normal,145,Amplitude,-0.08110886291464586
CD,log_normal,145,PeakDistance,5.109531155524643
CD,log_normal,145,PeakEffect,-0.0006248467219093917
CD,log_normal,145,HalfMaximumLow,3.0544109035645923
CD,log_normal,145,HalfMaximumHigh,8.547412071771012
CD,log_normal,145,EffectAtKPlus1,0.08040749800580557
CD,log_normal,145,EffectAtKPlus10,0.055574547507494534
CD,log_normal,145,LocalComponentAtKPlus10,-0.024909468685241937
CD,log_normal,146,Baseline,0.02004185434468314
CD,log_normal,146,Amplitude,0.06160634466887002
CD,log_normal,146,PeakDistance,1.3946524325703995
CD,log_normal,146,PeakEffect,0.08164819901355316
CD,log_normal,146,HalfMaximumLow,0.8550226631695749
CD,log_normal,146,HalfMaximumHigh,2.2748583066373924
CD,log_normal,146,EffectAtKPlus1,0.06475955343765108
CD,log_normal,146,EffectAtKPlus10,0.020042666596142792
CD,log_normal,146,LocalComponentAtKPlus10,8.122514596510533e-07
CD,log_normal,147,Baseline,0.01686979289682259
CD,log_normal,147,Amplitude,0.109971832100881
CD,log_normal,147,PeakDistance,1.4197675366447466
CD,log_normal,147,PeakEffect,0.1268416249977036
CD,log_normal,147,HalfMaximumLow,0.9119702899896232
CD,log_normal,147,HalfMaximumHigh,2.2103130773407407
CD,log_normal,147,EffectAtKPlus1,0.08807975789927427
CD,log_normal,147,EffectAtKPlus10,0.01686994655290616
CD,log_normal,147,LocalComponentAtKPlus10,1.5365608356868177e-07
CD,log_normal,148,Baseline,0.018291014139358245
CD,log_normal,148,Amplitude,0.09541670590620431
CD,log_normal,148,PeakDistance,1.5204504616660626
CD,log_normal,148,PeakEffect,0.11370772004556255
CD,log_normal,148,HalfMaximumLow,1.073644869664794
CD,log_normal,148,HalfMaximumHigh,2.15319764635238
CD,log_normal,148,EffectAtKPlus1,0.05321179710758632
CD,log_normal,148,EffectAtKPlus10,0.018291014283227852
CD,log_normal,148,LocalComponentAtKPlus10,1.4386960719980912e-10
CD,log_normal,149,Baseline,0.014006541800999776
CD,log_normal,149,Amplitude,0.08850969269196202
CD,log_normal,149,PeakDistance,1.4405713086459253
CD,log_normal,149,PeakEffect,0.1025162344929618
CD,log_normal,149,HalfMaximumLow,0.9399895130550014
CD,log_normal,149,HalfMaximumHigh,2.20773281666644
CD,log_normal,149,EffectAtKPlus1,0.06732885326408675
CD,log_normal,149,EffectAtKPlus10,0.014006597617611924
CD,log_normal,149,LocalComponentAtKPlus10,5.581661214823508e-08
CD,log_normal,150,Baseline,0.0824237794991556
CD,log_normal,150,Amplitude,-0.07540468778777842
CD,log_normal,150,PeakDistance,4.944398159561996
CD,log_normal,150,PeakEffect,0.007019091711377171
CD,log_normal,150,HalfMaximumLow,2.5648537352996907
CD,log_normal,150,HalfMaximumHigh,9.531566195693232
CD,log_normal,150,EffectAtKPlus1,0.08118655538766785
CD,log_normal,150,EffectAtKPlus10,0.048480598335365485
CD,log_normal,150,LocalComponentAtKPlus10,-0.03394318116379011
CD,log_normal,151,Baseline,0.0071897285967868155
CD,log_normal,151,Amplitude,0.0641209839567051
CD,log_normal,151,PeakDistance,1.3240158998543439
CD,log_normal,151,PeakEffect,0.07131071255349192
CD,log_normal,151,HalfMaximumLow,0.5361801661516967
CD,log_normal,151,HalfMaximumHigh,3.269457196913811
CD,log_normal,151,EffectAtKPlus1,0.06716601061101989
CD,log_normal,151,EffectAtKPlus10,0.009189308562024757
CD,log_normal,151,LocalComponentAtKPlus10,0.0019995799652379413
CD,log_normal,152,Baseline,0.01460576881266994
CD,log_normal,152,Amplitude,0.09007011463512771
CD,log_normal,152,PeakDistance,1.3827547962701288
CD,log_normal,152,PeakEffect,0.10467588344779764
CD,log_normal,152,HalfMaximumLow,0.7492556107776432
CD,log_normal,152,HalfMaximumHigh,2.5518805586568685
CD,log_normal,152,EffectAtKPlus1,0.08880096428130416
CD,log_normal,152,EffectAtKPlus10,0.014671252948413205
CD,log_normal,152,LocalComponentAtKPlus10,6.548413574326492e-05
CD,log_normal,153,Baseline,0.012577114783595324
CD,log_normal,153,Amplitude,0.11059691789159584
CD,log_normal,153,PeakDistance,1.5514311358985728
CD,log_normal,153,PeakEffect,0.12317403267519117
CD,log_normal,153,HalfMaximumLow,1.0147057527952597
CD,log_normal,153,HalfMaximumHigh,2.3720557046267103
CD,log_normal,153,EffectAtKPlus1,0.06525835455060473
CD,log_normal,153,EffectAtKPlus10,0.012577290715648627
CD,log_normal,153,LocalComponentAtKPlus10,1.7593205330242168e-07
CD,log_normal,154,Baseline,0.017410636689125916
CD,log_normal,154,Amplitude,0.10292084784073173
CD,log_normal,154,PeakDistance,1.5259507660055431
CD,log_normal,154,PeakEffect,0.12033148452985765
CD,log_normal,154,HalfMaximumLow,1.0712012880763617
CD,log_normal,154,HalfMaximumHigh,2.1737518113466945
CD,log_normal,154,EffectAtKPlus1,0.055699026474349614
CD,log_normal,154,EffectAtKPlus10,0.017410637016279262
CD,log_normal,154,LocalComponentAtKPlus10,3.271533460802445e-10
CD,log_normal,155,Baseline,0.023780513279097762
CD,log_normal,155,Amplitude,0.06449026624657284
CD,log_normal,155,PeakDistance,1.4792524636577167
CD,log_normal,155,PeakEffect,0.0882707795256706
CD,log_normal,155,HalfMaximumLow,0.8935289004137876
CD,log_normal,155,HalfMaximumHigh,2.4489278972667683
CD,log_normal,155,EffectAtKPlus1,0.06623283271037406
CD,log_normal,155,EffectAtKPlus10,0.023783556931523495
CD,log_normal,155,LocalComponentAtKPlus10,3.043652425732679e-06
CD,log_normal,156,Baseline,0.07295970345255914
CD,log_normal,156,Amplitude,-0.06967100244259676
CD,log_normal,156,PeakDistance,5.408492689382387
CD,log_normal,156,PeakEffect,0.003288701009962383
CD,log_normal,156,HalfMaximumLow,3.286166635777403
CD,log_normal,156,HalfMaximumHigh,8.901494176415271
CD,log_normal,156,EffectAtKPlus1,0.07293526578325941
CD,log_normal,156,EffectAtKPlus10,0.04869409694181237
CD,log_normal,156,LocalComponentAtKPlus10,-0.024265606510746773
CD,log_normal,157,Baseline,0.01913976214318839
CD,log_normal,157,Amplitude,0.07588687700879398
CD,log_normal,157,PeakDistance,1.3128184085246466
CD,log_normal,157,PeakEffect,0.09502663915198237
CD,log_normal,157,HalfMaximumLow,0.7259316351432227
CD,log_normal,157,HalfMaximumHigh,2.3741797303283936
CD,log_normal,157,EffectAtKPlus1,0.08469963313943049
CD,log_normal,157,EffectAtKPlus10,0.019161882414134208
CD,log_normal,157,LocalComponentAtKPlus10,2.2120270945818338e-05
CD,log_normal,158,Baseline,0.005518769669679349
CD,log_normal,158,Amplitude,0.11299555597831928
CD,log_normal,158,PeakDistance,1.5790318336200155
CD,log_normal,158,PeakEffect,0.11851432564799863
CD,log_normal,158,HalfMaximumLow,0.9660270338511319
CD,log_normal,158,HalfMaximumHigh,2.5810266630381085
CD,log_normal,158,EffectAtKPlus1,0.06759009098222658
CD,log_normal,158,EffectAtKPlus10,0.005525159651430514
CD,log_normal,158,LocalComponentAtKPlus10,6.389981751164613e-06
CD,log_normal,159,Baseline,0.007094551721884906
CD,log_normal,159,Amplitude,0.0954058910116639
CD,log_normal,159,PeakDistance,1.535209843881156
CD,log_normal,159,PeakEffect,0.1025004427335488
CD,log_normal,159,HalfMaximumLow,0.8307803489573197
CD,log_normal,159,HalfMaximumHigh,2.8369342964209725
CD,log_normal,159,EffectAtKPlus1,0.07515178544703856
CD,log_normal,159,EffectAtKPlus10,0.0072445614958699485
CD,log_normal,159,LocalComponentAtKPlus10,0.00015000977398504228
CD,log_normal,160,Baseline,0.020322607472830503
CD,log_normal,160,Amplitude,0.06547747902289716
CD,log_normal,160,PeakDistance,1.272312090598505
CD,log_normal,160,PeakEffect,0.08580008649572766
CD,log_normal,160,HalfMaximumLow,0.692502328389061
CD,log_normal,160,HalfMaximumHigh,2.3375777806391405
CD,log_normal,160,EffectAtKPlus1,0.07905834625634801
CD,log_normal,160,EffectAtKPlus10,0.02034539474604377
CD,log_normal,160,LocalComponentAtKPlus10,2.278727321326779e-05
CD,log_normal,161,Baseline,0.02033843639854012
CD,log_normal,161,Amplitude,0.08141501591897025
CD,log_normal,161,PeakDistance,1.4626945533343267
CD,log_normal,161,PeakEffect,0.10175345231751037
CD,log_normal,161,HalfMaximumLow,0.8967772423127442
CD,log_normal,161,HalfMaximumHigh,2.3857377901744075
CD,log_normal,161,EffectAtKPlus1,0.07389595360884492
CD,log_normal,161,EffectAtKPlus10,0.020340269030910966
CD,log_normal,161,LocalComponentAtKPlus10,1.8326323708468817e-06
CD,log_normal,162,Baseline,0.00916075157249363
CD,log_normal,162,Amplitude,0.10780429106993772
CD,log_normal,162,PeakDistance,1.3927587073376777
CD,log_normal,162,PeakEffect,0.11696504264243135
CD,log_normal,162,HalfMaximumLow,0.9362000064744377
CD,log_normal,162,HalfMaximumHigh,2.071968386509388
CD,log_normal,162,EffectAtKPlus1,0.07572464770985522
CD,log_normal,162,EffectAtKPlus10,0.009160755725504902
CD,log_normal,162,LocalComponentAtKPlus10,4.15301127168477e-09
CD,log_normal,163,Baseline,0.0036725022511759384
CD,log_normal,163,Amplitude,0.08046089449188916
CD,log_normal,163,PeakDistance,1.7086975983504702
CD,log_normal,163,PeakEffect,0.0841333967430651
CD,log_normal,163,HalfMaximumLow,0.8140231102855291
CD,log_normal,163,HalfMaximumHigh,3.586688689445882
CD,log_normal,163,EffectAtKPlus1,0.05970575167393117
CD,log_normal,163,EffectAtKPlus10,0.0052442840690012146
CD,log_normal,163,LocalComponentAtKPlus10,0.0015717818178252762
CD,log_normal,164,Baseline,0.018601740146561664
CD,log_normal,164,Amplitude,0.07287384847231095
CD,log_normal,164,PeakDistance,1.5215532748966796
CD,log_normal,164,PeakEffect,0.09147558861887262
CD,log_normal,164,HalfMaximumLow,0.8036846235461451
CD,log_normal,164,HalfMaximumHigh,2.880637877745689
CD,log_normal,164,EffectAtKPlus1,0.07260198732697
CD,log_normal,164,EffectAtKPlus10,0.018776749244812607
CD,log_normal,164,LocalComponentAtKPlus10,0.00017500909825094238
CD,log_normal,165,Baseline,0.07952368767130337
CD,log_normal,165,Amplitude,-0.078340472077152
CD,log_normal,165,PeakDistance,5.1140712827329775
CD,log_normal,165,PeakEffect,0.0011832155941513683
CD,log_normal,165,HalfMaximumLow,3.2638946118575882
CD,log_normal,165,HalfMaximumHigh,8.01304214598681
CD,log_normal,165,EffectAtKPlus1,0.07951540229174275
CD,log_normal,165,EffectAtKPlus10,0.06282302296484198
CD,log_normal,165,LocalComponentAtKPlus10,-0.016700664706461393
CD,log_normal,166,Baseline,0.0695980064116635
CD,log_normal,166,Amplitude,-0.06818374429963206
CD,log_normal,166,PeakDistance,4.792369346204754
CD,log_normal,166,PeakEffect,0.0014142621120314391
CD,log_normal,166,HalfMaximumLow,2.7874186577299467
CD,log_normal,166,HalfMaximumHigh,8.239452615685286
CD,log_normal,166,EffectAtKPlus1,0.06939073852230573
CD,log_normal,166,EffectAtKPlus10,0.05058444530328944
CD,log_normal,166,LocalComponentAtKPlus10,-0.019013561108374058
CD,log_normal,167,Baseline,6.471437201455037e-05
CD,log_normal,167,Amplitude,0.09155139438140679
CD,log_normal,167,PeakDistance,1.4032702695211305
CD,log_normal,167,PeakEffect,0.09161610875342134
CD,log_normal,167,HalfMaximumLow,0.7318800483695729
CD,log_normal,167,HalfMaximumHigh,2.69056036396766
CD,log_normal,167,EffectAtKPlus1,0.07594258262842356
CD,log_normal,167,EffectAtKPlus10,0.0002314136843986426
CD,log_normal,167,LocalComponentAtKPlus10,0.00016669931238409225
CD,log_normal,168,Baseline,0.004272170691951157
CD,log_normal,168,Amplitude,0.10284357763579596
CD,log_normal,168,PeakDistance,1.484879542205883
CD,log_normal,168,PeakEffect,0.10711574832774712
CD,log_normal,168,HalfMaximumLow,0.8905559368970778
CD,log_normal,168,HalfMaximumHigh,2.4758324137884786
CD,log_normal,168,EffectAtKPlus1,0.07221959616183936
CD,log_normal,168,EffectAtKPlus10,0.0042788171949193305
CD,log_normal,168,LocalComponentAtKPlus10,6.646502968173963e-06
CD,log_normal,169,Baseline,0.015116739063607124
CD,log_normal,169,Amplitude,0.07828819896296695
CD,log_normal,169,PeakDistance,1.5659608101886526
CD,log_normal,169,PeakEffect,0.09340493802657407
CD,log_normal,169,HalfMaximumLow,0.9342568184465044
CD,log_normal,169,HalfMaximumHigh,2.6247956778354697
CD,log_normal,169,EffectAtKPlus1,0.06153794735943552
CD,log_normal,169,EffectAtKPlus10,0.015127082609534315
CD,log_normal,169,LocalComponentAtKPlus10,1.0343545927191805e-05
CD,log_normal,170,Baseline,0.012869179436788935
CD,log_normal,170,Amplitude,0.0988418888685159
CD,log_normal,170,PeakDistance,1.622023011398069
CD,log_normal,170,PeakEffect,0.11171106830530483
CD,log_normal,170,HalfMaximumLow,0.9488977962478856
CD,log_normal,170,HalfMaximumHigh,2.7726470225857285
CD,log_normal,170,EffectAtKPlus1,0.0690948067587248
CD,log_normal,170,EffectAtKPlus10,0.012903064292254048
CD,log_normal,170,LocalComponentAtKPlus10,3.388485546511333e-05
CD,log_normal,171,Baseline,0.028614668414009097
CD,log_normal,171,Amplitude,0.05648896642858733
CD,log_normal,171,PeakDistance,1.4156416020365108
CD,log_normal,171,PeakEffect,0.08510363484259642
CD,log_normal,171,HalfMaximumLow,0.8167298858003149
CD,log_normal,171,HalfMaximumHigh,2.4537379864001614
CD,log_normal,171,EffectAtKPlus1,0.07144484571312981
CD,log_normal,171,EffectAtKPlus10,0.0286235586656586
CD,log_normal,171,LocalComponentAtKPlus10,8.8902516495043e-06
CD,log_normal,172,Baseline,0.007629253553841754
CD,log_normal,172,Amplitude,0.08506024075515552
CD,log_normal,172,PeakDistance,1.322773479900434
CD,log_normal,172,PeakEffect,0.09268949430899727
CD,log_normal,172,HalfMaximumLow,0.7015471090698274
CD,log_normal,172,HalfMaximumHigh,2.494101474451015
CD,log_normal,172,EffectAtKPlus1,0.0819587712345907
CD,log_normal,172,EffectAtKPlus10,0.007702896700359525
CD,log_normal,172,LocalComponentAtKPlus10,7.364314651777098e-05
CD,log_normal,173,Baseline,0.007995846140916925
CD,log_normal,173,Amplitude,0.08188945504615233
CD,log_normal,173,PeakDistance,1.4741031468623618
CD,log_normal,173,PeakEffect,0.08988530118706925
CD,log_normal,173,HalfMaximumLow,0.8044526067192341
CD,log_normal,173,HalfMaximumHigh,2.7011909333621187
CD,log_normal,173,EffectAtKPlus1,0.0696052653198787
CD,log_normal,173,EffectAtKPlus10,0.008076208495203348
CD,log_normal,173,LocalComponentAtKPlus10,8.03623542864236e-05
CD,log_normal,174,Baseline,0.021809171823818887
CD,log_normal,174,Amplitude,0.08190281087523622
CD,log_normal,174,PeakDistance,1.5249167224024036
CD,log_normal,174,PeakEffect,0.10371198269905511
CD,log_normal,174,HalfMaximumLow,0.9414506563714939
CD,log_normal,174,HalfMaximumHigh,2.4699871358365746
CD,log_normal,174,EffectAtKPlus1,0.069990243431237
CD,log_normal,174,EffectAtKPlus10,0.02181133804817011
CD,log_normal,174,LocalComponentAtKPlus10,2.1662243512229895e-06
CD,log_normal,175,Baseline,0.022553425323680827
CD,log_normal,175,Amplitude,0.07680015522138388
CD,log_normal,175,PeakDistance,1.5720722534645886
CD,log_normal,175,PeakEffect,0.09935358054506471
CD,log_normal,175,HalfMaximumLow,0.9917086841335537
CD,log_normal,175,HalfMaximumHigh,2.4920737406595146
CD,log_normal,175,EffectAtKPlus1,0.06191875375484395
CD,log_normal,175,EffectAtKPlus10,0.02255449833700053
CD,log_normal,175,LocalComponentAtKPlus10,1.0730133197037195e-06
CD,log_normal,176,Baseline,0.019815556576763923
CD,log_normal,176,Amplitude,0.08824218458410477
CD,log_normal,176,PeakDistance,1.5665183346081348
CD,log_normal,176,PeakEffect,0.10805774116086869
CD,log_normal,176,HalfMaximumLow,0.9533455859178045
CD,log_normal,176,HalfMaximumHigh,2.574071489827008
CD,log_normal,176,EffectAtKPlus1,0.0699089447760001
CD,log_normal,176,EffectAtKPlus10,0.01982120144288062
CD,log_normal,176,LocalComponentAtKPlus10,5.644866116698288e-06
CD,log_normal,177,Baseline,0.01837590205692115
CD,log_normal,177,Amplitude,0.0778475353420565
CD,log_normal,177,PeakDistance,1.7763190081239126
CD,log_normal,177,PeakEffect,0.09622343739897765
CD,log_normal,177,HalfMaximumLow,1.1347302949995863
CD,log_normal,177,HalfMaximumHigh,2.780668880109059
CD,log_normal,177,EffectAtKPlus1,0.04329115143937656
CD,log_normal,177,EffectAtKPlus10,0.018378504622308466
CD,log_normal,177,LocalComponentAtKPlus10,2.6025653873142096e-06
CD,log_normal,178,Baseline,0.020187029043858103
CD,log_normal,178,Amplitude,0.08139656693842187
CD,log_normal,178,PeakDistance,1.6455581487617577
CD,log_normal,178,PeakEffect,0.10158359598227998
CD,log_normal,178,HalfMaximumLow,1.0313866087747787
CD,log_normal,178,HalfMaximumHigh,2.625457416179748
CD,log_normal,178,EffectAtKPlus1,0.057206647574493355
CD,log_normal,178,EffectAtKPlus10,0.020189655489154433
CD,log_normal,178,LocalComponentAtKPlus10,2.626445296329688e-06
CD,log_normal,179,Baseline,0.024025328942236093
CD,log_normal,179,Amplitude,0.08608502230846608
CD,log_normal,179,PeakDistance,1.4746467064359852
CD,log_normal,179,PeakEffect,0.11011035125070218
CD,log_normal,179,HalfMaximumLow,1.0442318911991344
CD,log_normal,179,HalfMaximumHigh,2.0824712663250837
CD,log_normal,179,EffectAtKPlus1,0.05980717504271743
CD,log_normal,179,EffectAtKPlus10,0.02402532898960004
CD,log_normal,179,LocalComponentAtKPlus10,4.736394609849981e-11
CD,log_normal,180,Baseline,0.08029096573011688
CD,log_normal,180,Amplitude,-0.08027243548708118
CD,log_normal,180,PeakDistance,5.281385919253423
CD,log_normal,180,PeakEffect,1.8530243035691507e-05
CD,log_normal,180,HalfMaximumLow,3.0882983611146817
CD,log_normal,180,HalfMaximumHigh,9.03184665681741
CD,log_normal,180,EffectAtKPlus1,0.08018892078565602
CD,log_normal,180,EffectAtKPlus10,0.050199889473421855
CD,log_normal,180,LocalComponentAtKPlus10,-0.03009107625669502
CD,log_normal,181,Baseline,0.013505265075537055
CD,log_normal,181,Amplitude,0.08220127752604427
CD,log_normal,181,PeakDistance,1.5308015925979341
CD,log_normal,181,PeakEffect,0.09570654260158132
CD,log_normal,181,HalfMaximumLow,0.9570045437663671
CD,log_normal,181,HalfMaximumHigh,2.4486336362395087
CD,log_normal,181,EffectAtKPlus1,0.060014626531515305
CD,log_normal,181,EffectAtKPlus10,0.013506551758088469
CD,log_normal,181,LocalComponentAtKPlus10,1.286682551414342e-06
CD,log_normal,182,Baseline,0.07704906032796005
CD,log_normal,182,Amplitude,-0.07146025177837648
CD,log_normal,182,PeakDistance,5.608381855020026
CD,log_normal,182,PeakEffect,0.005588808549583574
CD,log_normal,182,HalfMaximumLow,3.0655199707875034
CD,log_normal,182,HalfMaximumHigh,10.260558512570265
CD,log_normal,182,EffectAtKPlus1,0.07679719043178758
CD,log_normal,182,EffectAtKPlus10,0.039193791807017965
CD,log_normal,182,LocalComponentAtKPlus10,-0.037855268520942086
CD,log_normal,183,Baseline,0.08228887713060021
CD,log_normal,183,Amplitude,-0.08138131832504568
CD,log_normal,183,PeakDistance,5.403943575779444
CD,log_normal,183,PeakEffect,0.0009075588055545286
CD,log_normal,183,HalfMaximumLow,3.2399107820771977
CD,log_normal,183,HalfMaximumHigh,9.013398249036136
CD,log_normal,183,EffectAtKPlus1,0.08224556980812983
CD,log_normal,183,EffectAtKPlus10,0.05244598537821826
CD,log_normal,183,LocalComponentAtKPlus10,-0.029842891752381945
CD,log_normal,184,Baseline,0.01701150727251086
CD,log_normal,184,Amplitude,0.06905312391055825
CD,log_normal,184,PeakDistance,1.2970688393275398
CD,log_normal,184,PeakEffect,0.0860646311830691
CD,log_normal,184,HalfMaximumLow,0.7211313117402111
CD,log_normal,184,HalfMaximumHigh,2.3329836696379296
CD,log_normal,184,EffectAtKPlus1,0.0772792285162531
CD,log_normal,184,EffectAtKPlus10,0.01702717857070861
CD,log_normal,184,LocalComponentAtKPlus10,1.5671298197749567e-05
CD,log_normal,185,Baseline,0.010795189444680157
CD,log_normal,185,Amplitude,0.094417393455558
CD,log_normal,185,PeakDistance,1.4955755865813927
CD,log_normal,185,PeakEffect,0.10521258290023816
CD,log_normal,185,HalfMaximumLow,0.9671064047933654
CD,log_normal,185,HalfMaximumHigh,2.312823412286455
CD,log_normal,185,EffectAtKPlus1,0.06308779542582495
CD,log_normal,185,EffectAtKPlus10,0.010795370087661984
CD,log_normal,185,LocalComponentAtKPlus10,1.8064298182643435e-07
CD,log_normal,186,Baseline,0.08556626405741395
CD,log_normal,186,Amplitude,-0.07730454120390703
CD,log_normal,186,PeakDistance,5.622250688281235
CD,log_normal,186,PeakEffect,0.008261722853506917
CD,log_normal,186,HalfMaximumLow,2.9539766715730176
CD,log_normal,186,HalfMaximumHigh,10.700728650320178
CD,log_normal,186,EffectAtKPlus1,0.08503997419189831
CD,log_normal,186,EffectAtKPlus10,0.04118509336933612
CD,log_normal,186,LocalComponentAtKPlus10,-0.04438117068807783
CD,log_normal,187,Baseline,0.0029709373261077613
CD,log_normal,187,Amplitude,0.09173668352997942
CD,log_normal,187,PeakDistance,1.5390870886445733
CD,log_normal,187,PeakEffect,0.09470762085608718
CD,log_normal,187,HalfMaximumLow,0.8376491943390771
CD,log_normal,187,HalfMaximumHigh,2.8279010860882554
CD,log_normal,187,EffectAtKPlus1,0.06773146141731463
CD,log_normal,187,EffectAtKPlus10,0.003100919212486028
CD,log_normal,187,LocalComponentAtKPlus10,0.00012998188637826672
CD,log_normal,188,Baseline,0.0843565012823035
CD,log_normal,188,Amplitude,-0.08299836781179083
CD,log_normal,188,PeakDistance,5.632611056402751
CD,log_normal,188,PeakEffect,0.001358133470512668
CD,log_normal,188,HalfMaximumLow,2.862791001843317
CD,log_normal,188,HalfMaximumHigh,11.082299508515401
CD,log_normal,188,EffectAtKPlus1,0.08345435173069002
CD,log_normal,188,EffectAtKPlus10,0.03394637206285115
CD,log_normal,188,LocalComponentAtKPlus10,-0.05041012921945235
CD,log_normal,189,Baseline,0.01304779796135412
CD,log_normal,189,Amplitude,0.0967234839425999
CD,log_normal,189,PeakDistance,1.5732385277032566
CD,log_normal,189,PeakEffect,0.10977128190395402
CD,log_normal,189,HalfMaximumLow,0.9691346154692244
CD,log_normal,189,HalfMaximumHigh,2.5539067798662365
CD,log_normal,189,EffectAtKPlus1,0.06579523132695157
CD,log_normal,189,EffectAtKPlus10,0.0130517692245187
CD,log_normal,189,LocalComponentAtKPlus10,3.971263164580588e-06
CD,log_normal,190,Baseline,0.017271289128458992
CD,log_normal,190,Amplitude,0.08445848397427945
CD,log_normal,190,PeakDistance,1.441089652359217
CD,log_normal,190,PeakEffect,0.10172977310273844
CD,log_normal,190,HalfMaximumLow,0.8132221966480042
CD,log_normal,190,HalfMaximumHigh,2.5537170464565
CD,log_normal,190,EffectAtKPlus1,0.08093089499122154
CD,log_normal,190,EffectAtKPlus10,0.017301194429421445
CD,log_normal,190,LocalComponentAtKPlus10,2.9905300962453085e-05
CD,log_normal,191,Baseline,0.017151658784418808
CD,log_normal,191,Amplitude,0.08480353812322412
CD,log_normal,191,PeakDistance,1.5238587932882386
CD,log_normal,191,PeakEffect,0.10195519690764293
CD,log_normal,191,HalfMaximumLow,0.9509344874969134
CD,log_normal,191,HalfMaximumHigh,2.4419617254542194
CD,log_normal,191,EffectAtKPlus1,0.06592595214891118
CD,log_normal,191,EffectAtKPlus10,0.017153029180226754
CD,log_normal,191,LocalComponentAtKPlus10,1.3703958079459844e-06
CD,log_normal,192,Baseline,0.06573233540641034
CD,log_normal,192,Amplitude,-0.09384769059890666
CD,log_normal,192,PeakDistance,4.579089108693647
CD,log_normal,192,PeakEffect,-0.02811535519249632
CD,log_normal,192,HalfMaximumLow,3.8503162188511286
CD,log_normal,192,HalfMaximumHigh,5.44580129878613
CD,log_normal,192,EffectAtKPlus1,0.06573233540641034
CD,log_normal,192,EffectAtKPlus10,0.06573226289521
CD,log_normal,192,LocalComponentAtKPlus10,-7.251120033580083e-08
CD,log_normal,193,Baseline,0.06497524663243906
CD,log_normal,193,Amplitude,-0.06051656522109878
CD,log_normal,193,PeakDistance,4.861375769045847
CD,log_normal,193,PeakEffect,0.00445868141134028
CD,log_normal,193,HalfMaximumLow,3.114150961274607
CD,log_normal,193,HalfMaximumHigh,7.58889811757656
CD,log_normal,193,EffectAtKPlus1,0.06496554557277494
CD,log_normal,193,EffectAtKPlus10,0.05514986478334169
CD,log_normal,193,LocalComponentAtKPlus10,-0.00982538184909737
CD,log_normal,194,Baseline,0.01840888387862782
CD,log_normal,194,Amplitude,0.09840819322901412
CD,log_normal,194,PeakDistance,1.4346514212136356
CD,log_normal,194,PeakEffect,0.11681707710764194
CD,log_normal,194,HalfMaximumLow,0.9386684669801962
CD,log_normal,194,HalfMaximumHigh,2.192706767930374
CD,log_normal,194,EffectAtKPlus1,0.07799260022291962
CD,log_normal,194,EffectAtKPlus10,0.01840893247101987
CD,log_normal,194,LocalComponentAtKPlus10,4.859239204763055e-08
CD,log_normal,195,Baseline,0.022748104455241273
CD,log_normal,195,Amplitude,0.08342249738191808
CD,log_normal,195,PeakDistance,1.594998762346931
CD,log_normal,195,PeakEffect,0.10617060183715935
CD,log_normal,195,HalfMaximumLow,1.0952427422910396
CD,log_normal,195,HalfMaximumHigh,2.322791974468266
CD,log_normal,195,EffectAtKPlus1,0.05138377287813914
CD,log_normal,195,EffectAtKPlus10,0.022748109975959798
CD,log_normal,195,LocalComponentAtKPlus10,5.520718524693047e-09
CD,log_normal,196,Baseline,0.017965403155584543
CD,log_normal,196,Amplitude,0.09888439826762528
CD,log_normal,196,PeakDistance,1.426584941347636
CD,log_normal,196,PeakEffect,0.11684980142320983
CD,log_normal,196,HalfMaximumLow,0.9553700975955173
CD,log_normal,196,HalfMaximumHigh,2.1302159236529437
CD,log_normal,196,EffectAtKPlus1,0.0753444078213941
CD,log_normal,196,EffectAtKPlus10,0.017965410992733456
CD,log_normal,196,LocalComponentAtKPlus10,7.837148912476222e-09
CD,log_normal,197,Baseline,0.013252975973890996
CD,log_normal,197,Amplitude,0.08584722499964133
CD,log_normal,197,PeakDistance,1.5419964264679944
CD,log_normal,197,PeakEffect,0.09910020097353232
CD,log_normal,197,HalfMaximumLow,0.9527665769864035
CD,log_normal,197,HalfMaximumHigh,2.495630132997409
CD,log_normal,197,EffectAtKPlus1,0.062249004687882546
CD,log_normal,197,EffectAtKPlus10,0.013255458888110309
CD,log_normal,197,LocalComponentAtKPlus10,2.4829142193129317e-06
CD,log_normal,198,Baseline,0.06550533426508304
CD,log_normal,198,Amplitude,-0.0628975423759518
CD,log_normal,198,PeakDistance,6.418257864392574
CD,log_normal,198,PeakEffect,0.002607791889131239
CD,log_normal,198,HalfMaximumLow,3.7073829003194363
CD,log_normal,198,HalfMaximumHigh,11.111351355234378
CD,log_normal,198,EffectAtKPlus1,0.06548324387590562
CD,log_normal,198,EffectAtKPlus10,0.025500760122256196
CD,log_normal,198,LocalComponentAtKPlus10,-0.04000457414282684
CD,log_normal,199,Baseline,0.011184206203628469
CD,log_normal,199,Amplitude,0.10430511589833762
CD,log_normal,199,PeakDistance,1.4161977084439696
CD,log_normal,199,PeakEffect,0.11548932210196608
CD,log_normal,199,HalfMaximumLow,0.8804839219513242
CD,log_normal,199,HalfMaximumHigh,2.277856414410287
CD,log_normal,199,EffectAtKPlus1,0.08311699297407214
CD,log_normal,199,EffectAtKPlus10,0.01118505058154656
CD,log_normal,199,LocalComponentAtKPlus10,8.443779180907635e-07
CD,log_normal,200,Baseline,0.013269396439570962
CD,log_normal,200,Amplitude,0.0823481722435771
CD,log_normal,200,PeakDistance,1.6438662826743315
CD,log_normal,200,PeakEffect,0.09561756868314807
CD,log_normal,200,HalfMaximumLow,1.0482705792741112
CD,log_normal,200,HalfMaximumHigh,2.577861487999373
CD,log_normal,200,EffectAtKPlus1,0.048606812414541734
CD,log_normal,200,EffectAtKPlus10,0.013270564743617553
CD,log_normal,200,LocalComponentAtKPlus10,1.1683040465910316e-06
CD,log_normal,201,Baseline,0.013179757479160902
CD,log_normal,201,Amplitude,0.06914931301637008
CD,log_normal,201,PeakDistance,1.4401887480887636
CD,log_normal,201,PeakEffect,0.08232907049553098
CD,log_normal,201,HalfMaximumLow,0.8534493664503907
CD,log_normal,201,HalfMaximumHigh,2.4303066024269473
CD,log_normal,201,EffectAtKPlus1,0.06255232637658673
CD,log_normal,201,EffectAtKPlus10,0.013184897607452504
CD,log_normal,201,LocalComponentAtKPlus10,5.140128291602e-06
CD,log_normal,202,Baseline,0.026644226451019
CD,log_normal,202,Amplitude,0.06711333983420463
CD,log_normal,202,PeakDistance,1.4690979728080897
CD,log_normal,202,PeakEffect,0.09375756628522364
CD,log_normal,202,HalfMaximumLow,0.9550109955320125
CD,log_normal,202,HalfMaximumHigh,2.259920423750234
CD,log_normal,202,EffectAtKPlus1,0.06525333795060323
CD,log_normal,202,EffectAtKPlus10,0.026644298381470487
CD,log_normal,202,LocalComponentAtKPlus10,7.193045148748411e-08
CD,log_normal,203,Baseline,0.00668673598398831
CD,log_normal,203,Amplitude,0.11313133531420368
CD,log_normal,203,PeakDistance,1.4052306390607814
CD,log_normal,203,PeakEffect,0.11981807129819198
CD,log_normal,203,HalfMaximumLow,0.953685846686875
CD,log_normal,203,HalfMaximumHigh,2.070569837871904
CD,log_normal,203,EffectAtKPlus1,0.07301556936133302
CD,log_normal,203,EffectAtKPlus10,0.00668673816249003
CD,log_normal,203,LocalComponentAtKPlus10,2.178501720163928e-09
CD,log_normal,204,Baseline,0.009543423522973726
CD,log_normal,204,Amplitude,0.09164018941703057
CD,log_normal,204,PeakDistance,1.5779541291333556
CD,log_normal,204,PeakEffect,0.1011836129400043
CD,log_normal,204,HalfMaximumLow,0.8953934633096637
CD,log_normal,204,HalfMaximumHigh,2.780832489490583
CD,log_normal,204,EffectAtKPlus1,0.0680240190973606
CD,log_normal,204,EffectAtKPlus10,0.009601685433229028
CD,log_normal,204,LocalComponentAtKPlus10,5.826191025530211e-05
CD,log_normal,205,Baseline,0.004472479382655819
CD,log_normal,205,Amplitude,0.09583083140658248
CD,log_normal,205,PeakDistance,1.401882761190721
CD,log_normal,205,PeakEffect,0.1003033107892383
CD,log_normal,205,HalfMaximumLow,0.7910466008738171
CD,log_normal,205,HalfMaximumHigh,2.484398863420701
CD,log_normal,205,EffectAtKPlus1,0.07973635499601792
CD,log_normal,205,EffectAtKPlus10,0.0044995458960400084
CD,log_normal,205,LocalComponentAtKPlus10,2.7066513384189396e-05
CD,log_normal,206,Baseline,0.003691421145643912
CD,log_normal,206,Amplitude,0.10355344410594104
CD,log_normal,206,PeakDistance,1.408832330911379
CD,log_normal,206,PeakEffect,0.10724486525158496
CD,log_normal,206,HalfMaximumLow,0.8376425046800957
CD,log_normal,206,HalfMaximumHigh,2.3695174558736225
CD,log_normal,206,EffectAtKPlus1,0.08030985514458787
CD,log_normal,206,EffectAtKPlus10,0.0036968905205560535
CD,log_normal,206,LocalComponentAtKPlus10,5.469374912141396e-06
CD,log_normal,207,Baseline,0.07383135380373797
CD,log_normal,207,Amplitude,-0.07026274825121291
CD,log_normal,207,PeakDistance,4.908822454985113
CD,log_normal,207,PeakEffect,0.003568605552525056
CD,log_normal,207,HalfMaximumLow,2.9861274577841592
CD,log_normal,207,HalfMaximumHigh,8.069494097364077
CD,log_normal,207,EffectAtKPlus1,0.07377348782347483
CD,log_normal,207,EffectAtKPlus10,0.05685548758205204
CD,log_normal,207,LocalComponentAtKPlus10,-0.016975866221685926
CD,log_normal,208,Baseline,0.014470802434643831
CD,log_normal,208,Amplitude,0.11298667297959569
CD,log_normal,208,PeakDistance,1.4907819951147152
CD,log_normal,208,PeakEffect,0.12745747541423952
CD,log_normal,208,HalfMaximumLow,0.9488961621270754
CD,log_normal,208,HalfMaximumHigh,2.342122400386086
CD,log_normal,208,EffectAtKPlus1,0.08021341067401339
CD,log_normal,208,EffectAtKPlus10,0.014471314998671063
CD,log_normal,208,LocalComponentAtKPlus10,5.125640272322929e-07
CD,log_normal,209,Baseline,0.02212391162413592
CD,log_normal,209,Amplitude,0.08356522741255108
CD,log_normal,209,PeakDistance,1.5174308991137766
CD,log_normal,209,PeakEffect,0.105689139036687
CD,log_normal,209,HalfMaximumLow,0.9835131013948334
CD,log_normal,209,HalfMaximumHigh,2.3411955878571082
CD,log_normal,209,EffectAtKPlus1,0.06614228691318025
CD,log_normal,209,EffectAtKPlus10,0.02212408164413579
CD,log_normal,209,LocalComponentAtKPlus10,1.7001999987054095e-07
CD,log_normal,210,Baseline,0.014647821358651402
CD,log_normal,210,Amplitude,0.10497366193775823
CD,log_normal,210,PeakDistance,1.5732742679393124
CD,log_normal,210,PeakEffect,0.11962148329640963
CD,log_normal,210,HalfMaximumLow,1.0637233485282536
CD,log_normal,210,HalfMaximumHigh,2.326913220044108
CD,log_normal,210,EffectAtKPlus1,0.05609764151244166
CD,log_normal,210,EffectAtKPlus10,0.014647841283304793
CD,log_normal,210,LocalComponentAtKPlus10,1.9924653390721025e-08
CD,log_normal,211,Baseline,0.006731919449352596
CD,log_normal,211,Amplitude,0.10629308340457738
CD,log_normal,211,PeakDistance,1.4806709301024303
CD,log_normal,211,PeakEffect,0.11302500285392998
CD,log_normal,211,HalfMaximumLow,0.9564376903934587
CD,log_normal,211,HalfMaximumHigh,2.2922417479684363
CD,log_normal,211,EffectAtKPlus1,0.0675043055724186
CD,log_normal,211,EffectAtKPlus10,0.006732108369375567
CD,log_normal,211,LocalComponentAtKPlus10,1.8892002297092592e-07
CD,log_normal,212,Baseline,0.013324155739206246
CD,log_normal,212,Amplitude,0.07793392412000504
CD,log_normal,212,PeakDistance,1.5315700080508976
CD,log_normal,212,PeakEffect,0.09125807985921128
CD,log_normal,212,HalfMaximumLow,0.9127670353505934
CD,log_normal,212,HalfMaximumHigh,2.5698854129411464
CD,log_normal,212,EffectAtKPlus1,0.062021964883909306
CD,log_normal,212,EffectAtKPlus10,0.013332776572282712
CD,log_normal,212,LocalComponentAtKPlus10,8.6208330764663e-06
CD,log_normal,213,Baseline,0.013167772686800987
CD,log_normal,213,Amplitude,0.08175272593689921
CD,log_normal,213,PeakDistance,1.4977213843574897
CD,log_normal,213,PeakEffect,0.0949204986237002
CD,log_normal,213,HalfMaximumLow,0.9665323311400315
CD,log_normal,213,HalfMaximumHigh,2.320842534585348
CD,log_normal,213,EffectAtKPlus1,0.05850410604245178
CD,log_normal,213,EffectAtKPlus10,0.013167952837864049
CD,log_normal,213,LocalComponentAtKPlus10,1.8015106306203121e-07
CD,log_normal,214,Baseline,0.06556356456753724
CD,log_normal,214,Amplitude,-0.06450630975242704
CD,log_normal,214,PeakDistance,5.072396955140375
CD,log_normal,214,PeakEffect,0.001057254815110209
CD,log_normal,214,HalfMaximumLow,3.3605986698796837
CD,log_normal,214,HalfMaximumHigh,7.656139098406092
CD,log_normal,214,EffectAtKPlus1,0.06556222638642711
CD,log_normal,214,EffectAtKPlus10,0.055761624046468686
CD,log_normal,214,LocalComponentAtKPlus10,-0.009801940521068558
CD,log_normal,215,Baseline,0.0016537865696903355
CD,log_normal,215,Amplitude,0.0942011254480789
CD,log_normal,215,PeakDistance,1.5433192258318111
CD,log_normal,215,PeakEffect,0.09585491201776924
CD,log_normal,215,HalfMaximumLow,0.8330691670104158
CD,log_normal,215,HalfMaximumHigh,2.85910741525778
CD,log_normal,215,EffectAtKPlus1,0.06848079338951561
CD,log_normal,215,EffectAtKPlus10,0.0018156156426723995
CD,log_normal,215,LocalComponentAtKPlus10,0.00016182907298206402
CD,log_normal,216,Baseline,0.023773644262695452
CD,log_normal,216,Amplitude,0.07577448377958072
CD,log_normal,216,PeakDistance,1.380423516969587
CD,log_normal,216,PeakEffect,0.09954812804227617
CD,log_normal,216,HalfMaximumLow,0.8825190398585396
CD,log_normal,216,HalfMaximumHigh,2.1592384981383863
CD,log_normal,216,EffectAtKPlus1,0.07664135084215379
CD,log_normal,216,EffectAtKPlus10,0.023773740108553727
CD,log_normal,216,LocalComponentAtKPlus10,9.584585827435155e-08
CD,log_normal,217,Baseline,0.010532656096906932
CD,log_normal,217,Amplitude,0.12047642808818823
CD,log_normal,217,PeakDistance,1.4315963474093631
CD,log_normal,217,PeakEffect,0.13100908418509516
CD,log_normal,217,HalfMaximumLow,0.9791863108754496
CD,log_normal,217,HalfMaximumHigh,2.0930318154504075
CD,log_normal,217,EffectAtKPlus1,0.07543927907700217
CD,log_normal,217,EffectAtKPlus10,0.010532657670508637
CD,log_normal,217,LocalComponentAtKPlus10,1.5736017055373308e-09
CD,log_normal,218,Baseline,0.01941929294613714
CD,log_normal,218,Amplitude,0.07322210777470461
CD,log_normal,218,PeakDistance,1.4285460644435048
CD,log_normal,218,PeakEffect,0.09264140072084176
CD,log_normal,218,HalfMaximumLow,0.8393669952566886
CD,log_normal,218,HalfMaximumHigh,2.4312891378495793
CD,log_normal,218,EffectAtKPlus1,0.07302675365651999
CD,log_normal,218,EffectAtKPlus10,0.01942610898249232
CD,log_normal,218,LocalComponentAtKPlus10,6.81603635518252e-06
CD,log_normal,219,Baseline,0.013027077939735338
CD,log_normal,219,Amplitude,0.061159380481498125
CD,log_normal,219,PeakDistance,1.3857358967609368
CD,log_normal,219,PeakEffect,0.07418645842123346
CD,log_normal,219,HalfMaximumLow,0.7692687301243092
CD,log_normal,219,HalfMaximumHigh,2.496219981880109
CD,log_normal,219,EffectAtKPlus1,0.06245495785747408
CD,log_normal,219,EffectAtKPlus10,0.013051735288321362
CD,log_normal,219,LocalComponentAtKPlus10,2.465734858602374e-05
CD,log_normal,220,Baseline,0.00951417833789106
CD,log_normal,220,Amplitude,0.09307523541933035
CD,log_normal,220,PeakDistance,1.4325648903387205
CD,log_normal,220,PeakEffect,0.10258941375722141
CD,log_normal,220,HalfMaximumLow,0.8411421506463342
CD,log_normal,220,HalfMaximumHigh,2.4398279927527655
CD,log_normal,220,EffectAtKPlus1,0.07737751143951754
CD,log_normal,220,EffectAtKPlus10,0.009523295619636522
CD,log_normal,220,LocalComponentAtKPlus10,9.117281745461489e-06
CD,log_normal,221,Baseline,0.01703631192234243
CD,log_normal,221,Amplitude,0.07326836331067484
CD,log_normal,221,PeakDistance,1.4266819485114912
CD,log_normal,221,PeakEffect,0.09030467523301727
CD,log_normal,221,HalfMaximumLow,0.7957560443241294
CD,log_normal,221,HalfMaximumHigh,2.5578459588545353
CD,log_normal,221,EffectAtKPlus1,0.07371115283544209
CD,log_normal,221,EffectAtKPlus10,0.01706912581709579
CD,log_normal,221,LocalComponentAtKPlus10,3.281389475336127e-05
CD,log_normal,222,Baseline,0.004722247440153188
CD,log_normal,222,Amplitude,0.10266370202974053
CD,log_normal,222,PeakDistance,1.408353908447521
CD,log_normal,222,PeakEffect,0.10738594946989372
CD,log_normal,222,HalfMaximumLow,0.8025741270570368
CD,log_normal,222,HalfMaximumHigh,2.471373876345318
CD,log_normal,222,EffectAtKPlus1,0.08411922664200479
CD,log_normal,222,EffectAtKPlus10,0.0047448407343151835
CD,log_normal,222,LocalComponentAtKPlus10,2.259329416199555e-05
CD,log_normal,223,Baseline,0.01198574791665881
CD,log_normal,223,Amplitude,0.06156856904241433
CD,log_normal,223,PeakDistance,1.3683011407261363
CD,log_normal,223,PeakEffect,0.07355431695907313
CD,log_normal,223,HalfMaximumLow,0.6962825608613129
CD,log_normal,223,HalfMaximumHigh,2.6889198681013133
CD,log_normal,223,EffectAtKPlus1,0.06501369666998952
CD,log_normal,223,EffectAtKPlus10,0.012137079216965085
CD,log_normal,223,LocalComponentAtKPlus10,0.00015133130030627572
CD,log_normal,224,Baseline,0.00497308665042792
CD,log_normal,224,Amplitude,0.10245036606304522
CD,log_normal,224,PeakDistance,1.48711080161859
CD,log_normal,224,PeakEffect,0.10742345271347314
CD,log_normal,224,HalfMaximumLow,0.889126490279817
CD,log_normal,224,HalfMaximumHigh,2.487271001896147
CD,log_normal,224,EffectAtKPlus1,0.07278791277507472
CD,log_normal,224,EffectAtKPlus10,0.004980636213119858
CD,log_normal,224,LocalComponentAtKPlus10,7.549562691938107e-06
CD,log_normal,225,Baseline,0.012258585348979728
CD,log_normal,225,Amplitude,0.07787584409452207
CD,log_normal,225,PeakDistance,1.5664181208019858
CD,log_normal,225,PeakEffect,0.09013442944350179
CD,log_normal,225,HalfMaximumLow,0.9307623454163015
CD,log_normal,225,HalfMaximumHigh,2.6361892928525976
CD,log_normal,225,EffectAtKPlus1,0.05877870960501677
CD,log_normal,225,EffectAtKPlus10,0.012270430677774126
CD,log_normal,225,LocalComponentAtKPlus10,1.1845328794397869e-05
CD,log_normal,226,Baseline,0.05428262535182365
CD,log_normal,226,Amplitude,-0.06569868004683124
CD,log_normal,226,PeakDistance,4.3645669813789825
CD,log_normal,226,PeakEffect,-0.011416054695007595
CD,log_normal,226,HalfMaximumLow,3.643052590759475
CD,log_normal,226,HalfMaximumHigh,5.228978846822621
CD,log_normal,226,EffectAtKPlus1,0.05428262535182365
CD,log_normal,226,EffectAtKPlus10,0.05428259511598507
CD,log_normal,226,LocalComponentAtKPlus10,-3.023583857592049e-08
CD,log_normal,227,Baseline,0.021783692414385686
CD,log_normal,227,Amplitude,0.10496253797079567
CD,log_normal,227,PeakDistance,1.4963208971163315
CD,log_normal,227,PeakEffect,0.12674623038518135
CD,log_normal,227,HalfMaximumLow,0.9906228330353095
CD,log_normal,227,HalfMaximumHigh,2.2601702206749135
CD,log_normal,227,EffectAtKPlus1,0.07593394255355702
CD,log_normal,227,EffectAtKPlus10,0.021783735581442486
CD,log_normal,227,LocalComponentAtKPlus10,4.316705680060262e-08
CD,log_normal,228,Baseline,0.09312369594868267
CD,log_normal,228,Amplitude,-0.10054561825409711
CD,log_normal,228,PeakDistance,6.1446348904070645
CD,log_normal,228,PeakEffect,-0.007421922305414441
CD,log_normal,228,HalfMaximumLow,3.210291849196067
CD,log_normal,228,HalfMaximumHigh,11.761092047086928
CD,log_normal,228,EffectAtKPlus1,0.0926789890686497
CD,log_normal,228,EffectAtKPlus10,0.025051568824315196
CD,log_normal,228,LocalComponentAtKPlus10,-0.06807212712436747
CD,log_normal,229,Baseline,0.0040453851564501596
CD,log_normal,229,Amplitude,0.0869796719354348
CD,log_normal,229,PeakDistance,1.311409148215851
CD,log_normal,229,PeakEffect,0.09102505709188495
CD,log_normal,229,HalfMaximumLow,0.5971499023764644
CD,log_normal,229,HalfMaximumHigh,2.8800037430802514
CD,log_normal,229,EffectAtKPlus1,0.08415198669852214
CD,log_normal,229,EffectAtKPlus10,0.00490052660315884
CD,log_normal,229,LocalComponentAtKPlus10,0.0008551414467086807
CD,log_normal,230,Baseline,0.016399489789279055
CD,log_normal,230,Amplitude,0.10000036249162465
CD,log_normal,230,PeakDistance,1.4489017927801748
CD,log_normal,230,PeakEffect,0.11639985228090372
CD,log_normal,230,HalfMaximumLow,0.9636804150080395
CD,log_normal,230,HalfMaximumHigh,2.178436307750522
CD,log_normal,230,EffectAtKPlus1,0.07277788324536241
CD,log_normal,230,EffectAtKPlus10,0.016399507367398664
CD,log_normal,230,LocalComponentAtKPlus10,1.7578119609201748e-08
CD,log_normal,231,Baseline,0.05307495358834926
CD,log_normal,231,Amplitude,-0.07383628178799723
CD,log_normal,231,PeakDistance,4.165839348769167
CD,log_normal,231,PeakEffect,-0.020761328199647967
CD,log_normal,231,HalfMaximumLow,3.461578483824702
CD,log_normal,231,HalfMaximumHigh,5.013382640563106
CD,log_normal,231,EffectAtKPlus1,0.05307495358834926
CD,log_normal,231,EffectAtKPlus10,0.053074939850890554
CD,log_normal,231,LocalComponentAtKPlus10,-1.3737458705309624e-08
CD,log_normal,232,Baseline,0.0075173719035142705
CD,log_normal,232,Amplitude,0.06517334428741484
CD,log_normal,232,PeakDistance,1.2036042748049114
CD,log_normal,232,PeakEffect,0.07269071619092911
CD,log_normal,232,HalfMaximumLow,0.49038367784386483
CD,log_normal,232,HalfMaximumHigh,2.9541424720704152
CD,log_normal,232,EffectAtKPlus1,0.07079443499547546
CD,log_normal,232,EffectAtKPlus10,0.008898463959526452
CD,log_normal,232,LocalComponentAtKPlus10,0.0013810920560121814
CD,log_normal,233,Baseline,0.007350240668677434
CD,log_normal,233,Amplitude,0.08137246915450061
CD,log_normal,233,PeakDistance,1.6564053188344359
CD,log_normal,233,PeakEffect,0.08872270982317804
CD,log_normal,233,HalfMaximumLow,0.880856305808808
CD,log_normal,233,HalfMaximumHigh,3.1147856491119117
CD,log_normal,233,EffectAtKPlus1,0.05961923525502622
CD,log_normal,233,EffectAtKPlus10,0.007645660091381125
CD,log_normal,233,LocalComponentAtKPlus10,0.0002954194227036914
CD,log_normal,234,Baseline,0.009321103281701326
CD,log_normal,234,Amplitude,0.0770254316390206
CD,log_normal,234,PeakDistance,1.4922159673740498
CD,log_normal,234,PeakEffect,0.08634653492072193
CD,log_normal,234,HalfMaximumLow,0.8931231115199747
CD,log_normal,234,HalfMaximumHigh,2.49317083452976
CD,log_normal,234,EffectAtKPlus1,0.05985523306972942
CD,log_normal,234,EffectAtKPlus10,0.009326751375223154
CD,log_normal,234,LocalComponentAtKPlus10,5.648093521827893e-06
CD,log_normal,235,Baseline,0.017121165167305927
CD,log_normal,235,Amplitude,0.06256883210753385
CD,log_normal,235,PeakDistance,1.4417023902799322
CD,log_normal,235,PeakEffect,0.07968999727483977
CD,log_normal,235,HalfMaximumLow,0.861164736628243
CD,log_normal,235,HalfMaximumHigh,2.4135983438859054
CD,log_normal,235,EffectAtKPlus1,0.06124133504415045
CD,log_normal,235,EffectAtKPlus10,0.017124662927593043
CD,log_normal,235,LocalComponentAtKPlus10,3.497760287116125e-06
CD,log_normal,236,Baseline,0.006597995915480935
CD,log_normal,236,Amplitude,0.07373735027172687
CD,log_normal,236,PeakDistance,1.5548485871377986
CD,log_normal,236,PeakEffect,0.0803353461872078
CD,log_normal,236,HalfMaximumLow,0.9114607360962688
CD,log_normal,236,HalfMaximumHigh,2.652395252129726
CD,log_normal,236,EffectAtKPlus1,0.052527668057805545
CD,log_normal,236,EffectAtKPlus10,0.006614285915649696
CD,log_normal,236,LocalComponentAtKPlus10,1.629000016876124e-05
CD,log_normal,237,Baseline,0.01715828822222531
CD,log_normal,237,Amplitude,0.09038978412601248
CD,log_normal,237,PeakDistance,1.539349601039195
CD,log_normal,237,PeakEffect,0.1075480723482378
CD,log_normal,237,HalfMaximumLow,0.9955075033494066
CD,log_normal,237,HalfMaximumHigh,2.380290641955954
CD,log_normal,237,EffectAtKPlus1,0.06300167831246539
CD,log_normal,237,EffectAtKPlus10,0.017158543954250503
CD,log_normal,237,LocalComponentAtKPlus10,2.5573202519502125e-07
CD,log_normal,238,Baseline,0.07461827496771145
CD,log_normal,238,Amplitude,-0.0833797950464045
CD,log_normal,238,PeakDistance,5.124286870444633
CD,log_normal,238,PeakEffect,-0.008761520078693047
CD,log_normal,238,HalfMaximumLow,3.0185865487805117
CD,log_normal,238,HalfMaximumHigh,8.698877937165474
CD,log_normal,238,EffectAtKPlus1,0.07450577018118262
CD,log_normal,238,EffectAtKPlus10,0.04704018122903771
CD,log_normal,238,LocalComponentAtKPlus10,-0.027578093738673738
CD,log_normal,239,Baseline,0.02522554705404106
CD,log_normal,239,Amplitude,0.058416707612471516
CD,log_normal,239,PeakDistance,1.4441868056836242
CD,log_normal,239,PeakEffect,0.08364225466651258
CD,log_normal,239,HalfMaximumLow,0.7996558656926618
CD,log_normal,239,HalfMaximumHigh,2.6082163830613037
CD,log_normal,239,EffectAtKPlus1,0.06990995057568929
CD,log_normal,239,EffectAtKPlus10,0.025260279621262295
CD,log_normal,239,LocalComponentAtKPlus10,3.4732567221234384e-05
CD,log_normal,240,Baseline,0.07299213718189808
CD,log_normal,240,Amplitude,-0.07399606291299177
CD,log_normal,240,PeakDistance,4.8983033099846525
CD,log_normal,240,PeakEffect,-0.0010039257310936883
CD,log_normal,240,HalfMaximumLow,3.2239490613145776
CD,log_normal,240,HalfMaximumHigh,7.44223151802008
CD,log_normal,240,EffectAtKPlus1,0.07298878352097486
CD,log_normal,240,EffectAtKPlus10,0.0631561847092734
CD,log_normal,240,LocalComponentAtKPlus10,-0.009835952472624684
CD,log_normal,241,Baseline,0.012521578866105417
CD,log_normal,241,Amplitude,0.11994708689790767
CD,log_normal,241,PeakDistance,1.4993592872400803
CD,log_normal,241,PeakEffect,0.1324686657640131
CD,log_normal,241,HalfMaximumLow,0.9801778624806519
CD,log_normal,241,HalfMaximumHigh,2.2935411605232585
CD,log_normal,241,EffectAtKPlus1,0.07644355693616886
CD,log_normal,241,EffectAtKPlus10,0.012521699023014435
CD,log_normal,241,LocalComponentAtKPlus10,1.2015690901805154e-07
CD,log_normal,242,Baseline,0.03598144724957851
CD,log_normal,242,Amplitude,0.07379662982454749
CD,log_normal,242,PeakDistance,1.2985438871923431
CD,log_normal,242,PeakEffect,0.109778077074126
CD,log_normal,242,HalfMaximumLow,0.8485004534359782
CD,log_normal,242,HalfMaximumHigh,1.9872897181566802
CD,log_normal,242,EffectAtKPlus1,0.09281125072723573
CD,log_normal,242,EffectAtKPlus10,0.035981455967459657
CD,log_normal,242,LocalComponentAtKPlus10,8.717881146147466e-09
CD,log_normal,243,Baseline,0.017395467426852145
CD,log_normal,243,Amplitude,0.07993865460038227
CD,log_normal,243,PeakDistance,1.559639347116483
CD,log_normal,243,PeakEffect,0.09733412202723442
CD,log_normal,243,HalfMaximumLow,1.0414508653119157
CD,log_normal,243,HalfMaximumHigh,2.3356597743527736
CD,log_normal,243,EffectAtKPlus1,0.05192032605839758
CD,log_normal,243,EffectAtKPlus10,0.017395501292268037
CD,log_normal,243,LocalComponentAtKPlus10,3.3865415891704e-08
CD,log_normal,244,Baseline,0.07073368563342096
CD,log_normal,244,Amplitude,-0.06347938175602505
CD,log_normal,244,PeakDistance,5.083025768353471
CD,log_normal,244,PeakEffect,0.0072543038773959095
CD,log_normal,244,HalfMaximumLow,3.2497168481349363
CD,log_normal,244,HalfMaximumHigh,7.950585287630137
CD,log_normal,244,EffectAtKPlus1,0.07072698852817096
CD,log_normal,244,EffectAtKPlus10,0.05773737888572528
CD,log_normal,244,LocalComponentAtKPlus10,-0.012996306747695682
CD,log_normal,245,Baseline,0.026077190538698065
CD,log_normal,245,Amplitude,0.05886723575077783
CD,log_normal,245,PeakDistance,1.50865359669881
CD,log_normal,245,PeakEffect,0.0849444262894759
CD,log_normal,245,HalfMaximumLow,0.9266011719394596
CD,log_normal,245,HalfMaximumHigh,2.45632721364717
CD,log_normal,245,EffectAtKPlus1,0.06202207170203069
CD,log_normal,245,EffectAtKPlus10,0.0260789193444456
CD,log_normal,245,LocalComponentAtKPlus10,1.7288057475341179e-06
CD,log_normal,246,Baseline,0.013912709764918142
CD,log_normal,246,Amplitude,0.12124547984521551
CD,log_normal,246,PeakDistance,1.4280076427409563
CD,log_normal,246,PeakEffect,0.13515818961013365
CD,log_normal,246,HalfMaximumLow,0.928194475639474
CD,log_normal,246,HalfMaximumHigh,2.1969596687393382
CD,log_normal,246,EffectAtKPlus1,0.08938142025997563
CD,log_normal,246,EffectAtKPlus10,0.01391279667928165
CD,log_normal,246,LocalComponentAtKPlus10,8.69143635083558e-08
CD,log_normal,247,Baseline,0.07407081664868816
CD,log_normal,247,Amplitude,-0.0673756064504508
CD,log_normal,247,PeakDistance,5.609576368170818
CD,log_normal,247,PeakEffect,0.00669521019823735
CD,log_normal,247,HalfMaximumLow,3.2568439181036974
CD,log_normal,247,HalfMaximumHigh,9.661914362989314
CD,log_normal,247,EffectAtKPlus1,0.07400767078030594
CD,log_normal,247,EffectAtKPlus10,0.04329679021887589
CD,log_normal,247,LocalComponentAtKPlus10,-0.030774026429812265
CD,log_normal,248,Baseline,0.010526487617659125
CD,log_normal,248,Amplitude,0.07447480517734169
CD,log_normal,248,PeakDistance,1.4338138516226038
CD,log_normal,248,PeakEffect,0.08500129279500081
CD,log_normal,248,HalfMaximumLow,0.72286742476693
CD,log_normal,248,HalfMaximumHigh,2.843982299752535
CD,log_normal,248,EffectAtKPlus1,0.07199835737065328
CD,log_normal,248,EffectAtKPlus10,0.010808941707378734
CD,log_normal,248,LocalComponentAtKPlus10,0.0002824540897196099
CD,log_normal,249,Baseline,0.0025397991591693636
CD,log_normal,249,Amplitude,0.07669834654498967
CD,log_normal,249,PeakDistance,1.4102916429521284
CD,log_normal,249,PeakEffect,0.07923814570415903
CD,log_normal,249,HalfMaximumLow,0.6757516519230453
CD,log_normal,249,HalfMaximumHigh,2.9432743708736253
CD,log_normal,249,EffectAtKPlus1,0.06846530577165474
CD,log_normal,249,EffectAtKPlus10,0.0031034264637258115
CD,log_normal,249,LocalComponentAtKPlus10,0.0005636273045564479
CD,log_normal,250,Baseline,0.02136241306890256
CD,log_normal,250,Amplitude,0.10881345652184618
CD,log_normal,250,PeakDistance,1.4923419199265409
CD,log_normal,250,PeakEffect,0.13017586959074873
CD,log_normal,250,HalfMaximumLow,1.0823218925197688
CD,log_normal,250,HalfMaximumHigh,2.05769135906983
CD,log_normal,250,EffectAtKPlus1,0.05844178304539369
CD,log_normal,250,EffectAtKPlus10,0.02136241307192956
CD,log_normal,250,LocalComponentAtKPlus10,3.0269987905118256e-12
CD,log_normal,251,Baseline,0.0143701146967134
CD,log_normal,251,Amplitude,0.07481242542870253
CD,log_normal,251,PeakDistance,1.40777530605913
CD,log_normal,251,PeakEffect,0.08918254012541593
CD,log_normal,251,HalfMaximumLow,0.8077466837761382
CD,log_normal,251,HalfMaximumHigh,2.4535307320421373
CD,log_normal,251,EffectAtKPlus1,0.07189710166354553
CD,log_normal,251,EffectAtKPlus10,0.01438343172655929
CD,log_normal,251,LocalComponentAtKPlus10,1.3317029845890185e-05
CD,log_normal,252,Baseline,0.08610757361218487
CD,log_normal,252,Amplitude,-0.07986370100321562
CD,log_normal,252,PeakDistance,5.422788907823392
CD,log_normal,252,PeakEffect,0.0062438726089692476
CD,log_normal,252,HalfMaximumLow,3.017850902330039
CD,log_normal,252,HalfMaximumHigh,9.744232067962002
CD,log_normal,252,EffectAtKPlus1,0.08585790352423066
CD,log_normal,252,EffectAtKPlus10,0.048600394531744376
CD,log_normal,252,LocalComponentAtKPlus10,-0.03750717908044049
CD,log_normal,253,Baseline,0.03222449410693996
CD,log_normal,253,Amplitude,0.059576446308670296
CD,log_normal,253,PeakDistance,1.36976264129809
CD,log_normal,253,PeakEffect,0.09180094041561027
CD,log_normal,253,HalfMaximumLow,0.8682653646637878
CD,log_normal,253,HalfMaximumHigh,2.1609173529828025
CD,log_normal,253,EffectAtKPlus1,0.07504883829506218
CD,log_normal,253,EffectAtKPlus10,0.03222460662200436
CD,log_normal,253,LocalComponentAtKPlus10,1.1251506439741155e-07
CD,log_normal,254,Baseline,0.016864028776380827
CD,log_normal,254,Amplitude,0.07371907437645658
CD,log_normal,254,PeakDistance,1.4639353769670091
CD,log_normal,254,PeakEffect,0.09058310315283741
CD,log_normal,254,HalfMaximumLow,0.9183432616335219
CD,log_normal,254,HalfMaximumHigh,2.33366637233603
CD,log_normal,254,EffectAtKPlus1,0.06326063635248164
CD,log_normal,254,EffectAtKPlus10,0.016864599526219864
CD,log_normal,254,LocalComponentAtKPlus10,5.70749839036433e-07
CD,log_normal,255,Baseline,0.010334007766961367
CD,log_normal,255,Amplitude,0.10085248246543457
CD,log_normal,255,PeakDistance,1.6251569237246115
CD,log_normal,255,PeakEffect,0.11118649023239593
CD,log_normal,255,HalfMaximumLow,0.9612142168730166
CD,log_normal,255,HalfMaximumHigh,2.7477069943077583
CD,log_normal,255,EffectAtKPlus1,0.06609094406731282
CD,log_normal,255,EffectAtKPlus10,0.010359138054011941
CD,log_normal,255,LocalComponentAtKPlus10,2.5130287050574227e-05
CD,log_normal,256,Baseline,0.028851458524263282
CD,log_normal,256,Amplitude,0.04676983538551601
CD,log_normal,256,PeakDistance,1.6628795710866033
CD,log_normal,256,PeakEffect,0.07562129390977929
CD,log_normal,256,HalfMaximumLow,0.9591307015661881
CD,log_normal,256,HalfMaximumHigh,2.882994427580991
CD,log_normal,256,EffectAtKPlus1,0.054725207983023105
CD,log_normal,256,EffectAtKPlus10,0.028880990396391762
CD,log_normal,256,LocalComponentAtKPlus10,2.9531872128479852e-05
CD,log_normal,257,Baseline,0.006667917489036938
CD,log_normal,257,Amplitude,0.10705219502648328
CD,log_normal,257,PeakDistance,1.5688743635234872
CD,log_normal,257,PeakEffect,0.11372011251552022
CD,log_normal,257,HalfMaximumLow,0.9603962383988108
CD,log_normal,257,HalfMaximumHigh,2.5628658985845885
CD,log_normal,257,EffectAtKPlus1,0.06638488017113535
CD,log_normal,257,EffectAtKPlus10,0.006673434218043852
CD,log_normal,257,LocalComponentAtKPlus10,5.516729006913544e-06
CD,log_normal,258,Baseline,0.005572050864582244
CD,log_normal,258,Amplitude,0.06698605048121486
CD,log_normal,258,PeakDistance,1.5209058709761936
CD,log_normal,258,PeakEffect,0.07255810134579711
CD,log_normal,258,HalfMaximumLow,0.7950869574492833
CD,log_normal,258,HalfMaximumHigh,2.9093102920348235
CD,log_normal,258,EffectAtKPlus1,0.055711240538741186
CD,log_normal,258,EffectAtKPlus10,0.005766183920629789
CD,log_normal,258,LocalComponentAtKPlus10,0.00019413305604754506
CD,log_normal,259,Baseline,0.022525767770427783
CD,log_normal,259,Amplitude,0.06791863753068393
CD,log_normal,259,PeakDistance,1.5704530172248312
CD,log_normal,259,PeakEffect,0.09044440530111171
CD,log_normal,259,HalfMaximumLow,0.9222958292713654
CD,log_normal,259,HalfMaximumHigh,2.6741123629053236
CD,log_normal,259,EffectAtKPlus1,0.06378340660923183
CD,log_normal,259,EffectAtKPlus10,0.022541270650491472
CD,log_normal,259,LocalComponentAtKPlus10,1.5502880063689162e-05
CD,log_normal,260,Baseline,0.07620512956353001
CD,log_normal,260,Amplitude,-0.08758871176456859
CD,log_normal,260,PeakDistance,4.984977909993443
CD,log_normal,260,PeakEffect,-0.011383582201038578
CD,log_normal,260,HalfMaximumLow,3.2022843610772513
CD,log_normal,260,HalfMaximumHigh,7.760086850863876
CD,log_normal,260,EffectAtKPlus1,0.0761956627720539
CD,log_normal,260,EffectAtKPlus10,0.06044366950674592
CD,log_normal,260,LocalComponentAtKPlus10,-0.01576146005678409
CD,log_normal,261,Baseline,0.022818407330675902
CD,log_normal,261,Amplitude,0.07124110913601527
CD,log_normal,261,PeakDistance,1.3239751532455986
CD,log_normal,261,PeakEffect,0.09405951646669117
CD,log_normal,261,HalfMaximumLow,0.7618613684544918
CD,log_normal,261,HalfMaximumHigh,2.30082568691946
CD,log_normal,261,EffectAtKPlus1,0.08239825048009386
CD,log_normal,261,EffectAtKPlus10,0.022825059334826973
CD,log_normal,261,LocalComponentAtKPlus10,6.6520041510712e-06
CD,log_normal,262,Baseline,0.06914682381047177
CD,log_normal,262,Amplitude,-0.07436349275122925
CD,log_normal,262,PeakDistance,5.022874439554558
CD,log_normal,262,PeakEffect,-0.0052166689407574796
CD,log_normal,262,HalfMaximumLow,3.4184419724595796
CD,log_normal,262,HalfMaximumHigh,7.380341055600245
CD,log_normal,262,EffectAtKPlus1,0.0691464472446025
CD,log_normal,262,EffectAtKPlus10,0.06106511546379025
CD,log_normal,262,LocalComponentAtKPlus10,-0.008081708346681517
CD,log_normal,263,Baseline,0.0067241751261089685
CD,log_normal,263,Amplitude,0.09891966083488762
CD,log_normal,263,PeakDistance,1.529445204400976
CD,log_normal,263,PeakEffect,0.1056438359609966
CD,log_normal,263,HalfMaximumLow,0.8994715495941976
CD,log_normal,263,HalfMaximumHigh,2.6006410478691513
CD,log_normal,263,EffectAtKPlus1,0.07017266436474515
CD,log_normal,263,EffectAtKPlus10,0.006741121335135825
CD,log_normal,263,LocalComponentAtKPlus10,1.694620902685691e-05
CD,log_normal,264,Baseline,0.018494376254413435
CD,log_normal,264,Amplitude,0.07037353432562177
CD,log_normal,264,PeakDistance,1.3875190256819434
CD,log_normal,264,PeakEffect,0.08886791058003521
CD,log_normal,264,HalfMaximumLow,0.7678287346764909
CD,log_normal,264,HalfMaximumHigh,2.5073417543308243
CD,log_normal,264,EffectAtKPlus1,0.07540332718031413
CD,log_normal,264,EffectAtKPlus10,0.018525523310829368
CD,log_normal,264,LocalComponentAtKPlus10,3.1147056415933155e-05
CD,log_normal,265,Baseline,0.019368017051735437
CD,log_normal,265,Amplitude,0.07104973870765804
CD,log_normal,265,PeakDistance,1.6037688256282252
CD,log_normal,265,PeakEffect,0.09041775575939348
CD,log_normal,265,HalfMaximumLow,1.0762889728293785
CD,log_normal,265,HalfMaximumHigh,2.3897619607635625
CD,log_normal,265,EffectAtKPlus1,0.04624151502292999
CD,log_normal,265,EffectAtKPlus10,0.01936804959381791
CD,log_normal,265,LocalComponentAtKPlus10,3.25420824731637e-08
CD,log_normal,266,Baseline,0.0117773075067853
CD,log_normal,266,Amplitude,0.08949693843155303
CD,log_normal,266,PeakDistance,1.4868816423458542
CD,log_normal,266,PeakEffect,0.10127424593833832
CD,log_normal,266,HalfMaximumLow,0.9386375378781381
CD,log_normal,266,HalfMaximumHigh,2.355346903494639
CD,log_normal,266,EffectAtKPlus1,0.06522816252796666
CD,log_normal,266,EffectAtKPlus10,0.011777916030962695
CD,log_normal,266,LocalComponentAtKPlus10,6.085241773950978e-07
CD,log_normal,267,Baseline,0.020692688194181755
CD,log_normal,267,Amplitude,0.08059661194890692
CD,log_normal,267,PeakDistance,1.429561177674425
CD,log_normal,267,PeakEffect,0.10128930014308868
CD,log_normal,267,HalfMaximumLow,0.8764898815189074
CD,log_normal,267,HalfMaximumHigh,2.331624361906343
CD,log_normal,267,EffectAtKPlus1,0.0763689796657955
CD,log_normal,267,EffectAtKPlus10,0.020694089847103463
CD,log_normal,267,LocalComponentAtKPlus10,1.4016529217078522e-06
CD,log_normal,268,Baseline,0.013749317458451645
CD,log_normal,268,Amplitude,0.10432993292552321
CD,log_normal,268,PeakDistance,1.5493249429653533
CD,log_normal,268,PeakEffect,0.11807925038397486
CD,log_normal,268,HalfMaximumLow,0.9967033156566237
CD,log_normal,268,HalfMaximumHigh,2.408347339863335
CD,log_normal,268,EffectAtKPlus1,0.06645639565853767
CD,log_normal,268,EffectAtKPlus10,0.013749752877804545
CD,log_normal,268,LocalComponentAtKPlus10,4.354193528996464e-07
CD,log_normal,269,Baseline,0.0024609370975300555
CD,log_normal,269,Amplitude,0.08519755443019314
CD,log_normal,269,PeakDistance,1.0874777355407585
CD,log_normal,269,PeakEffect,0.08765849152772319
CD,log_normal,269,HalfMaximumLow,0.4321290551546734
CD,log_normal,269,HalfMaximumHigh,2.736700555517058
CD,log_normal,269,EffectAtKPlus1,0.08717227602031806
CD,log_normal,269,EffectAtKPlus10,0.004011773376874642
CD,log_normal,269,LocalComponentAtKPlus10,0.0015508362793445868
CD,log_normal,270,Baseline,0.023035674948801203
CD,log_normal,270,Amplitude,0.07422615886408826
CD,log_normal,270,PeakDistance,1.397606842223419
CD,log_normal,270,PeakEffect,0.09726183381288947
CD,log_normal,270,HalfMaximumLow,0.8373944318044791
CD,log_normal,270,HalfMaximumHigh,2.3325983685138576
CD,log_normal,270,EffectAtKPlus1,0.07824081281432854
CD,log_normal,270,EffectAtKPlus10,0.023038351996083842
CD,log_normal,270,LocalComponentAtKPlus10,2.67704728263915e-06
CD,log_normal,271,Baseline,0.007219293963674526
CD,log_normal,271,Amplitude,0.11157995704258028
CD,log_normal,271,PeakDistance,1.4155592317536114
CD,log_normal,271,PeakEffect,0.11879925100625481
CD,log_normal,271,HalfMaximumLow,0.9686167957780801
CD,log_normal,271,HalfMaximumHigh,2.0687313572683155
CD,log_normal,271,EffectAtKPlus1,0.06959679594618803
CD,log_normal,271,EffectAtKPlus10,0.007219295097567394
CD,log_normal,271,LocalComponentAtKPlus10,1.1338928676205007e-09
CD,log_normal,272,Baseline,0.020286525019518647
CD,log_normal,272,Amplitude,0.07122097468575227
CD,log_normal,272,PeakDistance,1.3317515347807252
CD,log_normal,272,PeakEffect,0.09150749970527092
CD,log_normal,272,HalfMaximumLow,0.7627823886740779
CD,log_normal,272,HalfMaximumHigh,2.325122048863435
CD,log_normal,272,EffectAtKPlus1,0.07958544628697549
CD,log_normal,272,EffectAtKPlus10,0.020294703925614974
CD,log_normal,272,LocalComponentAtKPlus10,8.178906096327487e-06
CD,log_normal,273,Baseline,0.08123314271259725
CD,log_normal,273,Amplitude,-0.06669319204480818
CD,log_normal,273,PeakDistance,5.306048786011001
CD,log_normal,273,PeakEffect,0.01453995066778907
CD,log_normal,273,HalfMaximumLow,2.5811047324618683
CD,log_normal,273,HalfMaximumHigh,10.907792064940839
CD,log_normal,273,EffectAtKPlus1,0.07961262260045691
CD,log_normal,273,EffectAtKPlus10,0.042214680708681736
CD,log_normal,273,LocalComponentAtKPlus10,-0.03901846200391552
CD,log_normal,274,Baseline,0.01176713031828784
CD,log_normal,274,Amplitude,0.05311711720677457
CD,log_normal,274,PeakDistance,1.4775562620509923
CD,log_normal,274,PeakEffect,0.0648842475250624
CD,log_normal,274,HalfMaximumLow,0.7427271858346213
CD,log_normal,274,HalfMaximumHigh,2.9394002928179
CD,log_normal,274,EffectAtKPlus1,0.0542544273652627
CD,log_normal,274,EffectAtKPlus10,0.012017505503116324
CD,log_normal,274,LocalComponentAtKPlus10,0.0002503751848284847
CD,log_normal,275,Baseline,0.05785489544530396
CD,log_normal,275,Amplitude,-0.06360477636121782
CD,log_normal,275,PeakDistance,3.9356434277495076
CD,log_normal,275,PeakEffect,-0.0057498809159138645
CD,log_normal,275,HalfMaximumLow,3.2785742911255804
CD,log_normal,275,HalfMaximumHigh,4.724397806788816
CD,log_normal,275,EffectAtKPlus1,0.05785489544530396
CD,log_normal,275,EffectAtKPlus10,0.057854894536850936
CD,log_normal,275,LocalComponentAtKPlus10,-9.084530211422859e-10
CD,log_normal,276,Baseline,0.01637611956977517
CD,log_normal,276,Amplitude,0.07110030638956058
CD,log_normal,276,PeakDistance,1.513984338052306
CD,log_normal,276,PeakEffect,0.08747642595933575
CD,log_normal,276,HalfMaximumLow,0.9182632258129009
CD,log_normal,276,HalfMaximumHigh,2.4961781234771037
CD,log_normal,276,EffectAtKPlus1,0.060508781958215865
CD,log_normal,276,EffectAtKPlus10,0.016379756488846986
CD,log_normal,276,LocalComponentAtKPlus10,3.6369190718164857e-06
CD,log_normal,277,Baseline,0.07013145085084017
CD,log_normal,277,Amplitude,-0.06863307508562577
CD,log_normal,277,PeakDistance,6.259384484454454
CD,log_normal,277,PeakEffect,0.001498375765214402
CD,log_normal,277,HalfMaximumLow,3.7310517111047066
CD,log_normal,277,HalfMaximumHigh,10.501032190901638
CD,log_normal,277,EffectAtKPlus1,0.0701201326382675
CD,log_normal,277,EffectAtKPlus10,0.031253395440906974
CD,log_normal,277,LocalComponentAtKPlus10,-0.0388780554099332
CD,log_normal,278,Baseline,0.019499469221694727
CD,log_normal,278,Amplitude,0.07764462699683293
CD,log_normal,278,PeakDistance,1.3718608950258009
CD,log_normal,278,PeakEffect,0.09714409621852765
CD,log_normal,278,HalfMaximumLow,0.8189883744191534
CD,log_normal,278,HalfMaximumHigh,2.2979597440998516
CD,log_normal,278,EffectAtKPlus1,0.07934469238660992
CD,log_normal,278,EffectAtKPlus10,0.01950213843128813
CD,log_normal,278,LocalComponentAtKPlus10,2.6692095934019444e-06
CD,log_normal,279,Baseline,0.005473712647196708
CD,log_normal,279,Amplitude,0.09563876208779341
CD,log_normal,279,PeakDistance,1.47210563066427
CD,log_normal,279,PeakEffect,0.10111247473499012
CD,log_normal,279,HalfMaximumLow,0.8392215867309328
CD,log_normal,279,HalfMaximumHigh,2.582267927920032
CD,log_normal,279,EffectAtKPlus1,0.07435516753930688
CD,log_normal,279,EffectAtKPlus10,0.005504040232445381
CD,log_normal,279,LocalComponentAtKPlus10,3.0327585248672573e-05
CD,log_normal,280,Baseline,0.018177077310892704
CD,log_normal,280,Amplitude,0.07647090795418801
CD,log_normal,280,PeakDistance,1.3950636257331364
CD,log_normal,280,PeakEffect,0.09464798526508071
CD,log_normal,280,HalfMaximumLow,0.8306557444961454
CD,log_normal,280,HalfMaximumHigh,2.3429712401786866
CD,log_normal,280,EffectAtKPlus1,0.0756371128562275
CD,log_normal,280,EffectAtKPlus10,0.018180538098685115
CD,log_normal,280,LocalComponentAtKPlus10,3.460787792411435e-06
CD,log_normal,281,Baseline,0.014195908381648805
CD,log_normal,281,Amplitude,0.10991265958702914
CD,log_normal,281,PeakDistance,1.3746264681650497
CD,log_normal,281,PeakEffect,0.12410856796867795
CD,log_normal,281,HalfMaximumLow,0.9387022058321616
CD,log_normal,281,HalfMaximumHigh,2.0129897588818233
CD,log_normal,281,EffectAtKPlus1,0.08205109054573179
CD,log_normal,281,EffectAtKPlus10,0.014195909164434323
CD,log_normal,281,LocalComponentAtKPlus10,7.827855186964827e-10
CD,log_normal,282,Baseline,0.01822634032800806
CD,log_normal,282,Amplitude,0.06569761620471828
CD,log_normal,282,PeakDistance,1.5712819040510158
CD,log_normal,282,PeakEffect,0.08392395653272634
CD,log_normal,282,HalfMaximumLow,0.8818308162877646
CD,log_normal,282,HalfMaximumHigh,2.7997738073972114
CD,log_normal,282,EffectAtKPlus1,0.061211878466853886
CD,log_normal,282,EffectAtKPlus10,0.018279745388423176
CD,log_normal,282,LocalComponentAtKPlus10,5.340506041511678e-05
CD,log_normal,283,Baseline,0.01729030270275285
CD,log_normal,283,Amplitude,0.09048207997105916
CD,log_normal,283,PeakDistance,1.7283444884565888
CD,log_normal,283,PeakEffect,0.107772382673812
CD,log_normal,283,HalfMaximumLow,1.1291355885868142
CD,log_normal,283,HalfMaximumHigh,2.6455411564140934
CD,log_normal,283,EffectAtKPlus1,0.046082044184455315
CD,log_normal,283,EffectAtKPlus10,0.0172909914795121
CD,log_normal,283,LocalComponentAtKPlus10,6.887767592493599e-07
CD,log_normal,284,Baseline,0.07113025379045144
CD,log_normal,284,Amplitude,-0.057657474035724805
CD,log_normal,284,PeakDistance,5.220696085729607
CD,log_normal,284,PeakEffect,0.01347277975472664
CD,log_normal,284,HalfMaximumLow,2.900003867018196
CD,log_normal,284,HalfMaximumHigh,9.398493543243758
CD,log_normal,284,EffectAtKPlus1,0.0708891381072848
CD,log_normal,284,EffectAtKPlus10,0.0464160777886667
CD,log_normal,284,LocalComponentAtKPlus10,-0.024714176001784743
CD,log_normal,285,Baseline,0.06540227442030444
CD,log_normal,285,Amplitude,-0.06339831416402057
CD,log_normal,285,PeakDistance,5.435003196271891
CD,log_normal,285,PeakEffect,0.002003960256283868
CD,log_normal,285,HalfMaximumLow,3.193907652869659
CD,log_normal,285,HalfMaximumHigh,9.24862674628218
CD,log_normal,285,EffectAtKPlus1,0.06534609660937403
CD,log_normal,285,EffectAtKPlus10,0.039928781235932756
CD,log_normal,285,LocalComponentAtKPlus10,-0.025473493184371684
CD,log_normal,286,Baseline,0.016403700099263837
CD,log_normal,286,Amplitude,0.0859068892749858
CD,log_normal,286,PeakDistance,1.4362406151214235
CD,log_normal,286,PeakEffect,0.10231058937424964
CD,log_normal,286,HalfMaximumLow,0.8427324586470959
CD,log_normal,286,HalfMaximumHigh,2.4477366254954953
CD,log_normal,286,EffectAtKPlus1,0.07880841769931105
CD,log_normal,286,EffectAtKPlus10,0.016412525302366917
CD,log_normal,286,LocalComponentAtKPlus10,8.825203103079993e-06
CD,log_normal,287,Baseline,0.07257208818661327
CD,log_normal,287,Amplitude,-0.08569383436265068
CD,log_normal,287,PeakDistance,5.319798714234314
CD,log_normal,287,PeakEffect,-0.01312174617603741
CD,log_normal,287,HalfMaximumLow,3.454465378786834
CD,log_normal,287,HalfMaximumHigh,8.192369949270637
CD,log_normal,287,EffectAtKPlus1,0.07256944707977125
CD,log_normal,287,EffectAtKPlus10,0.053086741164615904
CD,log_normal,287,LocalComponentAtKPlus10,-0.01948534702199737
CD,log_normal,288,Baseline,0.02273713082747921
CD,log_normal,288,Amplitude,0.08583834373030341
CD,log_normal,288,PeakDistance,1.5185479391283498
CD,log_normal,288,PeakEffect,0.10857547455778263
CD,log_normal,288,HalfMaximumLow,0.9906063644017398
CD,log_normal,288,HalfMaximumHigh,2.3278548637466323
CD,log_normal,288,EffectAtKPlus1,0.06697618216468612
CD,log_normal,288,EffectAtKPlus10,0.022737249283125295
CD,log_normal,288,LocalComponentAtKPlus10,1.1845564608370385e-07
CD,log_normal,289,Baseline,0.011704276152266262
CD,log_normal,289,Amplitude,0.09072060836690575
CD,log_normal,289,PeakDistance,1.4719756865697269
CD,log_normal,289,PeakEffect,0.102424884519172
CD,log_normal,289,HalfMaximumLow,0.8797217973020288
CD,log_normal,289,HalfMaximumHigh,2.4629518428409884
CD,log_normal,289,EffectAtKPlus1,0.07306680629596288
CD,log_normal,289,EffectAtKPlus10,0.011710402269757728
CD,log_normal,289,LocalComponentAtKPlus10,6.126117491466604e-06
CD,log_normal,290,Baseline,0.014075522479603683
CD,log_normal,290,Amplitude,0.09334219726572131
CD,log_normal,290,PeakDistance,1.5400999635202455
CD,log_normal,290,PeakEffect,0.10741771974532499
CD,log_normal,290,HalfMaximumLow,0.9900070161662953
CD,log_normal,290,HalfMaximumHigh,2.3958495837939022
CD,log_normal,290,EffectAtKPlus1,0.062223282766826066
CD,log_normal,290,EffectAtKPlus10,0.014075898226772791
CD,log_normal,290,LocalComponentAtKPlus10,3.7574716910820927e-07
CD,log_normal,291,Baseline,0.009723678774070814
CD,log_normal,291,Amplitude,0.10084791501260273
CD,log_normal,291,PeakDistance,1.5363409605513787
CD,log_normal,291,PeakEffect,0.11057159378667356
CD,log_normal,291,HalfMaximumLow,0.9687969616476363
CD,log_normal,291,HalfMaximumHigh,2.43636555491843
CD,log_normal,291,EffectAtKPlus1,0.06500837248684978
CD,log_normal,291,EffectAtKPlus10,0.009724764639033951
CD,log_normal,291,LocalComponentAtKPlus10,1.0858649631372008e-06
CD,log_normal,292,Baseline,0.028791979262582146
CD,log_normal,292,Amplitude,0.07641125891299869
CD,log_normal,292,PeakDistance,1.6212915016492446
CD,log_normal,292,PeakEffect,0.10520323817558083
CD,log_normal,292,HalfMaximumLow,1.0420138379289905
CD,log_normal,292,HalfMaximumHigh,2.522601944082043
CD,log_normal,292,EffectAtKPlus1,0.06217059228057435
CD,log_normal,292,EffectAtKPlus10,0.02879258786155858
CD,log_normal,292,LocalComponentAtKPlus10,6.085989764335886e-07
CD,log_normal,293,Baseline,0.020709671296166333
CD,log_normal,293,Amplitude,0.09602428176839929
CD,log_normal,293,PeakDistance,1.5004215123705318
CD,log_normal,293,PeakEffect,0.11673395306456563
CD,log_normal,293,HalfMaximumLow,0.9661099342133217
CD,log_normal,293,HalfMaximumHigh,2.330236585981719
CD,log_normal,293,EffectAtKPlus1,0.07400105974983917
CD,log_normal,293,EffectAtKPlus10,0.02070991876090286
CD,log_normal,293,LocalComponentAtKPlus10,2.47464736525399e-07
CD,log_normal,294,Baseline,0.08182406275990366
CD,log_normal,294,Amplitude,-0.09147702384808018
CD,log_normal,294,PeakDistance,5.627329357423119
CD,log_normal,294,PeakEffect,-0.009652961088176523
CD,log_normal,294,HalfMaximumLow,3.4613559136489758
CD,log_normal,294,HalfMaximumHigh,9.148679444389408
CD,log_normal,294,EffectAtKPlus1,0.08180971091027317
CD,log_normal,294,EffectAtKPlus10,0.047153410721547925
CD,log_normal,294,LocalComponentAtKPlus10,-0.03467065203835573
CD,log_normal,295,Baseline,0.012736375837022806
CD,log_normal,295,Amplitude,0.07423104236251166
CD,log_normal,295,PeakDistance,1.5324419743688285
CD,log_normal,295,PeakEffect,0.08696741819953446
CD,log_normal,295,HalfMaximumLow,0.9313663646557945
CD,log_normal,295,HalfMaximumHigh,2.5214335560371284
CD,log_normal,295,EffectAtKPlus1,0.05734143015793997
CD,log_normal,295,EffectAtKPlus10,0.012740351344809327
CD,log_normal,295,LocalComponentAtKPlus10,3.9755077865209765e-06
CD,log_normal,296,Baseline,0.05879009331825353
CD,log_normal,296,Amplitude,-0.06891097060365217
CD,log_normal,296,PeakDistance,4.607819265744109
CD,log_normal,296,PeakEffect,-0.010120877285398643
CD,log_normal,296,HalfMaximumLow,3.4214519393017384
CD,log_normal,296,HalfMaximumHigh,6.205552134716139
CD,log_normal,296,EffectAtKPlus1,0.05879009250576415
CD,log_normal,296,EffectAtKPlus10,0.0581607016057934
CD,log_normal,296,LocalComponentAtKPlus10,-0.0006293917124601325
CD,log_normal,297,Baseline,0.052409708209864146
CD,log_normal,297,Amplitude,-0.06714247074021189
CD,log_normal,297,PeakDistance,4.3199546121482015
CD,log_normal,297,PeakEffect,-0.014732762530347741
CD,log_normal,297,HalfMaximumLow,3.3560484569629274
CD,log_normal,297,HalfMaximumHigh,5.560708699632066
CD,log_normal,297,EffectAtKPlus1,0.05240970820466239
CD,log_normal,297,EffectAtKPlus10,0.052378072659698766
CD,log_normal,297,LocalComponentAtKPlus10,-3.163555016538061e-05
CD,log_normal,298,Baseline,0.01565130881026211
CD,log_normal,298,Amplitude,0.07870931111622788
CD,log_normal,298,PeakDistance,1.6768457908413592
CD,log_normal,298,PeakEffect,0.09436061992648999
CD,log_normal,298,HalfMaximumLow,1.0599662299018464
CD,log_normal,298,HalfMaximumHigh,2.6527371598647616
CD,log_normal,298,EffectAtKPlus1,0.04828764203002864
CD,log_normal,298,EffectAtKPlus10,0.01565346447512641
CD,log_normal,298,LocalComponentAtKPlus10,2.155664864299245e-06
CD,log_normal,299,Baseline,0.013541935289890226
CD,log_normal,299,Amplitude,0.07698371288697584
CD,log_normal,299,PeakDistance,1.6270977044407215
CD,log_normal,299,PeakEffect,0.09052564817686606
CD,log_normal,299,HalfMaximumLow,0.9674753964929484
CD,log_normal,299,HalfMaximumHigh,2.7364488537828797
CD,log_normal,299,EffectAtKPlus1,0.05546416502898021
CD,log_normal,299,EffectAtKPlus10,0.013558299711501378
CD,log_normal,299,LocalComponentAtKPlus10,1.6364421611151855e-05
CD,log_normal,300,Baseline,0.006075256280435261
CD,log_normal,300,Amplitude,0.08368845553947468
CD,log_normal,300,PeakDistance,1.5036273533932267
CD,log_normal,300,PeakEffect,0.08976371181990994
CD,log_normal,300,HalfMaximumLow,0.7571395764213973
CD,log_normal,300,HalfMaximumHigh,2.9861009624650556
CD,log_normal,300,EffectAtKPlus1,0.07157987073868807
CD,log_normal,300,EffectAtKPlus10,0.006498773192090612
CD,log_normal,300,LocalComponentAtKPlus10,0.0004235169116553507
CD,log_normal,301,Baseline,0.008984702149620428
CD,log_normal,301,Amplitude,0.0827201943386167
CD,log_normal,301,PeakDistance,1.623118611698195
CD,log_normal,301,PeakEffect,0.09170489648823713
CD,log_normal,301,HalfMaximumLow,0.8724528531793421
CD,log_normal,301,HalfMaximumHigh,3.019663490170882
CD,log_normal,301,EffectAtKPlus1,0.06323070046638438
CD,log_normal,301,EffectAtKPlus10,0.009201112645408955
CD,log_normal,301,LocalComponentAtKPlus10,0.00021641049578852677
CD,log_normal,302,Baseline,0.004358709421206718
CD,log_normal,302,Amplitude,0.09052050072494294
CD,log_normal,302,PeakDistance,1.2662296374122044
CD,log_normal,302,PeakEffect,0.09487921014614967
CD,log_normal,302,HalfMaximumLow,0.5727744265699892
CD,log_normal,302,HalfMaximumHigh,2.7992476973221248
CD,log_normal,302,EffectAtKPlus1,0.08949133742505627
CD,log_normal,302,EffectAtKPlus10,0.005179053486607682
CD,log_normal,302,LocalComponentAtKPlus10,0.0008203440654009648
CD,log_normal,303,Baseline,0.02112250886418848
CD,log_normal,303,Amplitude,0.1037354172068798
CD,log_normal,303,PeakDistance,1.4753329767641503
CD,log_normal,303,PeakEffect,0.12485792607106828
CD,log_normal,303,HalfMaximumLow,1.0272454045329003
CD,log_normal,303,HalfMaximumHigh,2.118877711911007
CD,log_normal,303,EffectAtKPlus1,0.06773804481048487
CD,log_normal,303,EffectAtKPlus10,0.021122509265287782
CD,log_normal,303,LocalComponentAtKPlus10,4.0109930307674624e-10
CD,log_normal,304,Baseline,0.022477354214530527
CD,log_normal,304,Amplitude,0.08707898941220366
CD,log_normal,304,PeakDistance,1.4980347292526934
CD,log_normal,304,PeakEffect,0.10955634362673418
CD,log_normal,304,HalfMaximumLow,0.960899104881003
CD,log_normal,304,HalfMaximumHigh,2.335425268530247
CD,log_normal,304,EffectAtKPlus1,0.07151555490033595
CD,log_normal,304,EffectAtKPlus10,0.02247762803936291
CD,log_normal,304,LocalComponentAtKPlus10,2.7382483238497235e-07
CD,log_normal,305,Baseline,0.013874815021748903
CD,log_normal,305,Amplitude,0.0689685659814591
CD,log_normal,305,PeakDistance,1.5713325959295403
CD,log_normal,305,PeakEffect,0.08284338100320801
CD,log_normal,305,HalfMaximumLow,0.9318372695883309
CD,log_normal,305,HalfMaximumHigh,2.64969668805098
CD,log_normal,305,EffectAtKPlus1,0.05493960118761532
CD,log_normal,305,EffectAtKPlus10,0.013886361350236942
CD,log_normal,305,LocalComponentAtKPlus10,1.1546328488038285e-05
CD,log_normal,306,Baseline,0.009186806604193062
CD,log_normal,306,Amplitude,0.09652203588635747
CD,log_normal,306,PeakDistance,1.473464545247438
CD,log_normal,306,PeakEffect,0.10570884249055053
CD,log_normal,306,HalfMaximumLow,0.8923586425328587
CD,log_normal,306,HalfMaximumHigh,2.4329878847128366
CD,log_normal,306,EffectAtKPlus1,0.07298301343308987
CD,log_normal,306,EffectAtKPlus10,0.009190746009882931
CD,log_normal,306,LocalComponentAtKPlus10,3.93940568986853e-06
CD,log_normal,307,Baseline,0.0001128989810212948
CD,log_normal,307,Amplitude,0.07768838438857348
CD,log_normal,307,PeakDistance,1.1794994690752216
CD,log_normal,307,PeakEffect,0.07780128336959477
CD,log_normal,307,HalfMaximumLow,0.49434612543974443
CD,log_normal,307,HalfMaximumHigh,2.81426095190121
CD,log_normal,307,EffectAtKPlus1,0.07588454856456305
CD,log_normal,307,EffectAtKPlus10,0.001292167951282606
CD,log_normal,307,LocalComponentAtKPlus10,0.0011792689702613112
CD,log_normal,308,Baseline,0.016825035721092934
CD,log_normal,308,Amplitude,0.10883552902316465
CD,log_normal,308,PeakDistance,1.5135875087148403
CD,log_normal,308,PeakEffect,0.12566056474425757
CD,log_normal,308,HalfMaximumLow,1.0549711299014621
CD,log_normal,308,HalfMaximumHigh,2.1715733081260513
CD,log_normal,308,EffectAtKPlus1,0.0604635349561464
CD,log_normal,308,EffectAtKPlus10,0.01682503635305823
CD,log_normal,308,LocalComponentAtKPlus10,6.319652960662392e-10
CD,log_normal,309,Baseline,0.01708177616738725
CD,log_normal,309,Amplitude,0.07338450656805838
CD,log_normal,309,PeakDistance,1.533051523548652
CD,log_normal,309,PeakEffect,0.09046628273544563
CD,log_normal,309,HalfMaximumLow,0.9371058904194662
CD,log_normal,309,HalfMaximumHigh,2.5079844208457893
CD,log_normal,309,EffectAtKPlus1,0.06061154421268767
CD,log_normal,309,EffectAtKPlus10,0.017084909193022097
CD,log_normal,309,LocalComponentAtKPlus10,3.133025634847325e-06
CD,log_normal,310,Baseline,0.012054504574403062
CD,log_normal,310,Amplitude,0.06468461370276268
CD,log_normal,310,PeakDistance,1.3873510611432833
CD,log_normal,310,PeakEffect,0.07673911827716574
CD,log_normal,310,HalfMaximumLow,0.8118756804677378
CD,log_normal,310,HalfMaximumHigh,2.370736078393814
CD,log_normal,310,EffectAtKPlus1,0.06198967888210685
CD,log_normal,310,EffectAtKPlus10,0.012059751927429318
CD,log_normal,310,LocalComponentAtKPlus10,5.247353026255688e-06
CD,log_normal,311,Baseline,0.010916561390077148
CD,log_normal,311,Amplitude,0.1047631958832713
CD,log_normal,311,PeakDistance,1.4728266357685433
CD,log_normal,311,PeakEffect,0.11567975727334845
CD,log_normal,311,HalfMaximumLow,0.906256030560988
CD,log_normal,311,HalfMaximumHigh,2.393604264003078
CD,log_normal,311,EffectAtKPlus1,0.07834555708450787
CD,log_normal,311,EffectAtKPlus10,0.010918734173704883
CD,log_normal,311,LocalComponentAtKPlus10,2.1727836277355556e-06
CD,log_normal,312,Baseline,0.014472980166982258
CD,log_normal,312,Amplitude,0.0931944085807106
CD,log_normal,312,PeakDistance,1.4335950527021093
CD,log_normal,312,PeakEffect,0.10766738874769285
CD,log_normal,312,HalfMaximumLow,0.8375542152700869
CD,log_normal,312,HalfMaximumHigh,2.4538050643912324
CD,log_normal,312,EffectAtKPlus1,0.08273661099131938
CD,log_normal,312,EffectAtKPlus10,0.01448388153260319
CD,log_normal,312,LocalComponentAtKPlus10,1.090136562093176e-05
CD,log_normal,313,Baseline,0.012939524323703015
CD,log_normal,313,Amplitude,0.08833246549952713
CD,log_normal,313,PeakDistance,1.545533635013279
CD,log_normal,313,PeakEffect,0.10127198982323014
CD,log_normal,313,HalfMaximumLow,0.9226939960957194
CD,log_normal,313,HalfMaximumHigh,2.588804334985139
CD,log_normal,313,EffectAtKPlus1,0.06685018537549224
CD,log_normal,313,EffectAtKPlus10,0.0129495619285874
CD,log_normal,313,LocalComponentAtKPlus10,1.0037604884384835e-05
CD,log_normal,314,Baseline,0.0074825590218377536
CD,log_normal,314,Amplitude,0.07885389946116737
CD,log_normal,314,PeakDistance,1.6265965915959255
CD,log_normal,314,PeakEffect,0.08633645848300513
CD,log_normal,314,HalfMaximumLow,0.9795789896747692
CD,log_normal,314,HalfMaximumHigh,2.700973070757594
CD,log_normal,314,EffectAtKPlus1,0.049149330986208495
CD,log_normal,314,EffectAtKPlus10,0.007493427333997896
CD,log_normal,314,LocalComponentAtKPlus10,1.0868312160142168e-05
CD,log_normal,315,Baseline,0.06430537136940614
CD,log_normal,315,Amplitude,-0.0567283417749602
CD,log_normal,315,PeakDistance,4.7828694092265405
CD,log_normal,315,PeakEffect,0.007577029594445943
CD,log_normal,315,HalfMaximumLow,3.0470197281344475
CD,log_normal,315,HalfMaximumHigh,7.507611314259813
CD,log_normal,315,EffectAtKPlus1,0.06429198022903795
CD,log_normal,315,EffectAtKPlus10,0.05542787032814637
CD,log_normal,315,LocalComponentAtKPlus10,-0.008877501041259776
CD,log_normal,316,Baseline,0.004213238306876629
CD,log_normal,316,Amplitude,0.11984160138499544
CD,log_normal,316,PeakDistance,1.4637467433547562
CD,log_normal,316,PeakEffect,0.12405483969187207
CD,log_normal,316,HalfMaximumLow,0.9366853162707168
CD,log_normal,316,HalfMaximumHigh,2.2873792206030714
CD,log_normal,316,EffectAtKPlus1,0.07654503184124377
CD,log_normal,316,EffectAtKPlus10,0.004213555088059131
CD,log_normal,316,LocalComponentAtKPlus10,3.1678118250170334e-07
CD,log_normal,317,Baseline,0.013832464339420206
CD,log_normal,317,Amplitude,0.09730408659521307
CD,log_normal,317,PeakDistance,1.4341689066902983
CD,log_normal,317,PeakEffect,0.11113655093463327
CD,log_normal,317,HalfMaximumLow,0.8670658177105991
CD,log_normal,317,HalfMaximumHigh,2.372184914806269
CD,log_normal,317,EffectAtKPlus1,0.08199879653104876
CD,log_normal,317,EffectAtKPlus10,0.013835663188822019
CD,log_normal,317,LocalComponentAtKPlus10,3.1988494018121705e-06
CD,log_normal,318,Baseline,0.008867852583161124
CD,log_normal,318,Amplitude,0.08176051425124013
CD,log_normal,318,PeakDistance,1.4737432566527502
CD,log_normal,318,PeakEffect,0.09062836683440126
CD,log_normal,318,HalfMaximumLow,0.8709445304359695
CD,log_normal,318,HalfMaximumHigh,2.493751451016351
CD,log_normal,318,EffectAtKPlus1,0.06495992175981523
CD,log_normal,318,EffectAtKPlus10,0.008876231178885061
CD,log_normal,318,LocalComponentAtKPlus10,8.378595723937052e-06
CD,log_normal,319,Baseline,0.014990325359125853
CD,log_normal,319,Amplitude,0.0924392218838464
CD,log_normal,319,PeakDistance,1.3983748596710859
CD,log_normal,319,PeakEffect,0.10742954724297225
CD,log_normal,319,HalfMaximumLow,0.8427822451167931
CD,log_normal,319,HalfMaximumHigh,2.3202342710591175
CD,log_normal,319,EffectAtKPlus1,0.08320083305488571
CD,log_normal,319,EffectAtKPlus10,0.01499296772330359
CD,log_normal,319,LocalComponentAtKPlus10,2.6423641777371942e-06
CD,log_normal,320,Baseline,0.023835734415780258
CD,log_normal,320,Amplitude,0.060998985919447
CD,log_normal,320,PeakDistance,1.3773367223379873
CD,log_normal,320,PeakEffect,0.08483472033522726
CD,log_normal,320,HalfMaximumLow,0.7604508409879464
CD,log_normal,320,HalfMaximumHigh,2.494647049421594
CD,log_normal,320,EffectAtKPlus1,0.07370966126073625
CD,log_normal,320,EffectAtKPlus10,0.02386279069717839
CD,log_normal,320,LocalComponentAtKPlus10,2.7056281398131488e-05
CD,log_normal,321,Baseline,0.07604223092002871
CD,log_normal,321,Amplitude,-0.06795021161388148
CD,log_normal,321,PeakDistance,5.277106425947464
CD,log_normal,321,PeakEffect,0.008092019306147225
CD,log_normal,321,HalfMaximumLow,2.9207392178084093
CD,log_normal,321,HalfMaximumHigh,9.534521966556051
CD,log_normal,321,EffectAtKPlus1,0.07575912707456789
CD,log_normal,321,EffectAtKPlus10,0.0457945116739696
CD,log_normal,321,LocalComponentAtKPlus10,-0.03024771924605911
CD,log_normal,322,Baseline,0.014517045205228903
CD,log_normal,322,Amplitude,0.05356585454601687
CD,log_normal,322,PeakDistance,1.540849667869168
CD,log_normal,322,PeakEffect,0.06808289975124576
CD,log_normal,322,HalfMaximumLow,0.6676186933940488
CD,log_normal,322,HalfMaximumHigh,3.556248083621574
CD,log_normal,322,EffectAtKPlus1,0.059026494221190856
CD,log_normal,322,EffectAtKPlus10,0.016190567097628113
CD,log_normal,322,LocalComponentAtKPlus10,0.0016735218923992108
CD,log_normal,323,Baseline,0.020607590812780168
CD,log_normal,323,Amplitude,0.07510116642987044
CD,log_normal,323,PeakDistance,1.3299808340583188
CD,log_normal,323,PeakEffect,0.09570875724265061
CD,log_normal,323,HalfMaximumLow,0.754478098866826
CD,log_normal,323,HalfMaximumHigh,2.3444670184848975
CD,log_normal,323,EffectAtKPlus1,0.08362699088980068
CD,log_normal,323,EffectAtKPlus10,0.020619158234966423
CD,log_normal,323,LocalComponentAtKPlus10,1.1567422186255227e-05
CD,log_normal,324,Baseline,0.019258765474996147
CD,log_normal,324,Amplitude,0.07490328785724575
CD,log_normal,324,PeakDistance,1.3486054031870227
CD,log_normal,324,PeakEffect,0.0941620533322419
CD,log_normal,324,HalfMaximumLow,0.7808135569566511
CD,log_normal,324,HalfMaximumHigh,2.3292840106338004
CD,log_normal,324,EffectAtKPlus1,0.08012059174469631
CD,log_normal,324,EffectAtKPlus10,0.019265502371830792
CD,log_normal,324,LocalComponentAtKPlus10,6.736896834644984e-06
CD,log_normal,325,Baseline,0.01220202870345307
CD,log_normal,325,Amplitude,0.07212383349176849
CD,log_normal,325,PeakDistance,1.4196479261713002
CD,log_normal,325,PeakEffect,0.08432586219522156
CD,log_normal,325,HalfMaximumLow,0.8084020219671223
CD,log_normal,325,HalfMaximumHigh,2.4930667904297246
CD,log_normal,325,EffectAtKPlus1,0.06734753900147938
CD,log_normal,325,EffectAtKPlus10,0.012219409552301181
CD,log_normal,325,LocalComponentAtKPlus10,1.7380848848110725e-05
CD,log_normal,326,Baseline,0.010330660691470962
CD,log_normal,326,Amplitude,0.09282816836562112
CD,log_normal,326,PeakDistance,1.5445101717070329
CD,log_normal,326,PeakEffect,0.10315882905709209
CD,log_normal,326,HalfMaximumLow,0.8592052524591945
CD,log_normal,326,HalfMaximumHigh,2.7764165357215167
CD,log_normal,326,EffectAtKPlus1,0.07375854240948415
CD,log_normal,326,EffectAtKPlus10,0.010412675755846496
CD,log_normal,326,LocalComponentAtKPlus10,8.201506437553394e-05
CD,log_normal,327,Baseline,0.003046987880457253
CD,log_normal,327,Amplitude,0.08948795612222177
CD,log_normal,327,PeakDistance,1.4440752296609545
CD,log_normal,327,PeakEffect,0.09253494400267902
CD,log_normal,327,HalfMaximumLow,0.6895138005734266
CD,log_normal,327,HalfMaximumHigh,3.024382205528122
CD,log_normal,327,EffectAtKPlus1,0.07844848071805198
CD,log_normal,327,EffectAtKPlus10,0.0038213999274617815
CD,log_normal,327,LocalComponentAtKPlus10,0.0007744120470045287
CD,log_normal,328,Baseline,0.004407061973569256
CD,log_normal,328,Amplitude,0.12096986743217267
CD,log_normal,328,PeakDistance,1.4380004338717824
CD,log_normal,328,PeakEffect,0.1253769294057419
CD,log_normal,328,HalfMaximumLow,0.9626575232396422
CD,log_normal,328,HalfMaximumHigh,2.1480590946367832
CD,log_normal,328,EffectAtKPlus1,0.0729614327903828
CD,log_normal,328,EffectAtKPlus10,0.004407073264748967
CD,log_normal,328,LocalComponentAtKPlus10,1.1291179710833099e-08
CD,log_normal,329,Baseline,0.006901487860491419
CD,log_normal,329,Amplitude,0.09059721856469681
CD,log_normal,329,PeakDistance,1.4568305892322133
CD,log_normal,329,PeakEffect,0.09749870642518824
CD,log_normal,329,HalfMaximumLow,0.7357942154129261
CD,log_normal,329,HalfMaximumHigh,2.8844414936472647
CD,log_normal,329,EffectAtKPlus1,0.08031465049756453
CD,log_normal,329,EffectAtKPlus10,0.007267107935686766
CD,log_normal,329,LocalComponentAtKPlus10,0.000365620075195347
CD,log_normal,330,Baseline,0.01550808071903412
CD,log_normal,330,Amplitude,0.08720062982081861
CD,log_normal,330,PeakDistance,1.4978850579033314
CD,log_normal,330,PeakEffect,0.10270871053985273
CD,log_normal,330,HalfMaximumLow,0.9295583409703679
CD,log_normal,330,HalfMaximumHigh,2.4136835180758047
CD,log_normal,330,EffectAtKPlus1,0.0685489731335045
CD,log_normal,330,EffectAtKPlus10,0.015509572564227811
CD,log_normal,330,LocalComponentAtKPlus10,1.4918451936921096e-06
CD,log_normal,331,Baseline,0.02233215248317134
CD,log_normal,331,Amplitude,0.08720271982806102
CD,log_normal,331,PeakDistance,1.5039057877268278
CD,log_normal,331,PeakEffect,0.10953487231123236
CD,log_normal,331,HalfMaximumLow,0.9282944254364502
CD,log_normal,331,HalfMaximumHigh,2.436438867221319
CD,log_normal,331,EffectAtKPlus1,0.07544377508947712
CD,log_normal,331,EffectAtKPlus10,0.022334143023998512
CD,log_normal,331,LocalComponentAtKPlus10,1.9905408271715663e-06
CD,log_normal,332,Baseline,0.02435875621688219
CD,log_normal,332,Amplitude,0.05937936218141663
CD,log_normal,332,PeakDistance,1.4696450225424564
CD,log_normal,332,PeakEffect,0.08373811839829882
CD,log_normal,332,HalfMaximumLow,0.9159957057472254
CD,log_normal,332,HalfMaximumHigh,2.357932988912769
CD,log_normal,332,EffectAtKPlus1,0.061854039207384914
CD,log_normal,332,EffectAtKPlus10,0.024359418719860537
CD,log_normal,332,LocalComponentAtKPlus10,6.625029783449699e-07
CD,log_normal,333,Baseline,0.01886924471838641
CD,log_normal,333,Amplitude,0.08896478918849282
CD,log_normal,333,PeakDistance,1.4831532276454178
CD,log_normal,333,PeakEffect,0.10783403390687923
CD,log_normal,333,HalfMaximumLow,0.9312749733327779
CD,log_normal,333,HalfMaximumHigh,2.362077323739025
CD,log_normal,333,EffectAtKPlus1,0.07297647966699096
CD,log_normal,333,EffectAtKPlus10,0.018870015297945204
CD,log_normal,333,LocalComponentAtKPlus10,7.70579558793949e-07
CD,log_normal,334,Baseline,0.01963312419515816
CD,log_normal,334,Amplitude,0.09570516287598511
CD,log_normal,334,PeakDistance,1.4302063273700123
CD,log_normal,334,PeakEffect,0.11533828707114327
CD,log_normal,334,HalfMaximumLow,0.8687605514644922
CD,log_normal,334,HalfMaximumHigh,2.3544924264817073
CD,log_normal,334,EffectAtKPlus1,0.08659715867621373
CD,log_normal,334,EffectAtKPlus10,0.019635633099386453
CD,log_normal,334,LocalComponentAtKPlus10,2.508904228294695e-06
CD,log_normal,335,Baseline,0.0804159512701225
CD,log_normal,335,Amplitude,-0.08262437788118991
CD,log_normal,335,PeakDistance,5.639483470303964
CD,log_normal,335,PeakEffect,-0.0022084266110674183
CD,log_normal,335,HalfMaximumLow,3.010221563047904
CD,log_normal,335,HalfMaximumHigh,10.565260113155839
CD,log_normal,335,EffectAtKPlus1,0.07998780617431603
CD,log_normal,335,EffectAtKPlus10,0.03401762748525857
CD,log_normal,335,LocalComponentAtKPlus10,-0.04639832378486392
CD,log_normal,336,Baseline,0.009868838474729736
CD,log_normal,336,Amplitude,0.10001627105817379
CD,log_normal,336,PeakDistance,1.5068671349577163
CD,log_normal,336,PeakEffect,0.10988510953290352
CD,log_normal,336,HalfMaximumLow,0.9441770876101276
CD,log_normal,336,HalfMaximumHigh,2.4048969120433465
CD,log_normal,336,EffectAtKPlus1,0.06854672598569508
CD,log_normal,336,EffectAtKPlus10,0.0098700030652813
CD,log_normal,336,LocalComponentAtKPlus10,1.1645905515639265e-06
CD,log_normal,337,Baseline,0.010430990580654517
CD,log_normal,337,Amplitude,0.08305996076793566
CD,log_normal,337,PeakDistance,1.4661026595683704
CD,log_normal,337,PeakEffect,0.09349095134859017
CD,log_normal,337,HalfMaximumLow,0.8662157741275538
CD,log_normal,337,HalfMaximumHigh,2.4814336942297843
CD,log_normal,337,EffectAtKPlus1,0.06800891403348464
CD,log_normal,337,EffectAtKPlus10,0.010439157983179135
CD,log_normal,337,LocalComponentAtKPlus10,8.1674025246177e-06
CD,log_normal,338,Baseline,0.014716356472839955
CD,log_normal,338,Amplitude,0.09844987951846255
CD,log_normal,338,PeakDistance,1.480441066635817
CD,log_normal,338,PeakEffect,0.11316623599130252
CD,log_normal,338,HalfMaximumLow,0.9429534671095602
CD,log_normal,338,HalfMaximumHigh,2.32429894817614
CD,log_normal,338,EffectAtKPlus1,0.0729909889805154
CD,log_normal,338,EffectAtKPlus10,0.014716749643881727
CD,log_normal,338,LocalComponentAtKPlus10,3.931710417723333e-07
CD,log_normal,339,Baseline,0.013553513162849062
CD,log_normal,339,Amplitude,0.10507251342171656
CD,log_normal,339,PeakDistance,1.4884755998755839
CD,log_normal,339,PeakEffect,0.11862602658456561
CD,log_normal,339,HalfMaximumLow,0.9412598999668333
CD,log_normal,339,HalfMaximumHigh,2.3538234354858285
CD,log_normal,339,EffectAtKPlus1,0.07588875880433796
CD,log_normal,339,EffectAtKPlus10,0.013554175355591636
CD,log_normal,339,LocalComponentAtKPlus10,6.621927425738694e-07
CD,log_normal,340,Baseline,0.0225084307390487
CD,log_normal,340,Amplitude,0.09940671193829567
CD,log_normal,340,PeakDistance,1.5072991614372246
CD,log_normal,340,PeakEffect,0.12191514267734438
CD,log_normal,340,HalfMaximumLow,0.972554761253913
CD,log_normal,340,HalfMaximumHigh,2.3360646131022365
CD,log_normal,340,EffectAtKPlus1,0.07663506597579575
CD,log_normal,340,EffectAtKPlus10,0.02250867208999661
CD,log_normal,340,LocalComponentAtKPlus10,2.4135094791113976e-07
CD,log_normal,341,Baseline,0.006720162998217924
CD,log_normal,341,Amplitude,0.08672123023370346
CD,log_normal,341,PeakDistance,1.488592727737137
CD,log_normal,341,PeakEffect,0.09344139323192138
CD,log_normal,341,HalfMaximumLow,0.8401707894118048
CD,log_normal,341,HalfMaximumHigh,2.637449834007232
CD,log_normal,341,EffectAtKPlus1,0.06873531199558666
CD,log_normal,341,EffectAtKPlus10,0.006759958760687313
CD,log_normal,341,LocalComponentAtKPlus10,3.97957624693893e-05
CD,log_normal,342,Baseline,0.013743203264295931
CD,log_normal,342,Amplitude,0.07706830550604477
CD,log_normal,342,PeakDistance,1.598656745590006
CD,log_normal,342,PeakEffect,0.0908115087703407
CD,log_normal,342,HalfMaximumLow,0.9516975491576795
CD,log_normal,342,HalfMaximumHigh,2.6854155424508663
CD,log_normal,342,EffectAtKPlus1,0.05745218234480387
CD,log_normal,342,EffectAtKPlus10,0.013756553189028468
CD,log_normal,342,LocalComponentAtKPlus10,1.3349924732536378e-05
CD,log_normal,343,Baseline,0.02298262508183746
CD,log_normal,343,Amplitude,0.050333618039482816
CD,log_normal,343,PeakDistance,1.4626758893517857
CD,log_normal,343,PeakEffect,0.07331624312132028
CD,log_normal,343,HalfMaximumLow,0.7992329466354895
CD,log_normal,343,HalfMaximumHigh,2.6768425479671505
CD,log_normal,343,EffectAtKPlus1,0.061237256665873034
CD,log_normal,343,EffectAtKPlus10,0.023027955812851626
CD,log_normal,343,LocalComponentAtKPlus10,4.533073101416554e-05
CD,log_normal,344,Baseline,0.022116884455647346
CD,log_normal,344,Amplitude,0.07114885989376693
CD,log_normal,344,PeakDistance,1.644074478154623
CD,log_normal,344,PeakEffect,0.09326574434941427
CD,log_normal,344,HalfMaximumLow,1.0574642412340685
CD,log_normal,344,HalfMaximumHigh,2.5560967305759656
CD,log_normal,344,EffectAtKPlus1,0.051634757807571256
CD,log_normal,344,EffectAtKPlus10,0.022117535869706387
CD,log_normal,344,LocalComponentAtKPlus10,6.514140590413442e-07
CD,log_normal,345,Baseline,0.011108931452217101
CD,log_normal,345,Amplitude,0.08753670082685402
CD,log_normal,345,PeakDistance,1.5336430699029886
CD,log_normal,345,PeakEffect,0.09864563227907112
CD,log_normal,345,HalfMaximumLow,0.8630135744285534
CD,log_normal,345,HalfMaximumHigh,2.72540448441832
CD,log_normal,345,EffectAtKPlus1,0.07076605410347468
CD,log_normal,345,EffectAtKPlus10,0.011164030019317563
CD,log_normal,345,LocalComponentAtKPlus10,5.509856710046203e-05
CD,log_normal,346,Baseline,0.017319058508038734
CD,log_normal,346,Amplitude,0.08539087005677101
CD,log_normal,346,PeakDistance,1.5059673403230867
CD,log_normal,346,PeakEffect,0.10270992856480975
CD,log_normal,346,HalfMaximumLow,0.9825189119004931
CD,log_normal,346,HalfMaximumHigh,2.3082890340837348
CD,log_normal,346,EffectAtKPlus1,0.06247655734137829
CD,log_normal,346,EffectAtKPlus10,0.017319162279496148
CD,log_normal,346,LocalComponentAtKPlus10,1.0377145741313765e-07
CD,log_normal,347,Baseline,0.022848142281842277
CD,log_normal,347,Amplitude,0.07395952086990765
CD,log_normal,347,PeakDistance,1.4297852661848218
CD,log_normal,347,PeakEffect,0.09680766315174992
CD,log_normal,347,HalfMaximumLow,1.0017463170152947
CD,log_normal,347,HalfMaximumHigh,2.040722159568458
CD,log_normal,347,EffectAtKPlus1,0.059576732953285444
CD,log_normal,347,EffectAtKPlus10,0.022848142356255357
CD,log_normal,347,LocalComponentAtKPlus10,7.441307986466583e-11
CD,log_normal,348,Baseline,0.07025508607706407
CD,log_normal,348,Amplitude,-0.06328716924628969
CD,log_normal,348,PeakDistance,6.11802319590687
CD,log_normal,348,PeakEffect,0.006967916830774384
CD,log_normal,348,HalfMaximumLow,3.469120366179162
CD,log_normal,348,HalfMaximumHigh,10.789538521224499
CD,log_normal,348,EffectAtKPlus1,0.07020099091007342
CD,log_normal,348,EffectAtKPlus10,0.03262566061517602
CD,log_normal,348,LocalComponentAtKPlus10,-0.03762942546188805
CD,log_normal,349,Baseline,0.01710430082314674
CD,log_normal,349,Amplitude,0.07986201995800934
CD,log_normal,349,PeakDistance,1.461138079646591
CD,log_normal,349,PeakEffect,0.09696632078115608
CD,log_normal,349,HalfMaximumLow,0.871308798999236
CD,log_normal,349,HalfMaximumHigh,2.4502501182651306
CD,log_normal,349,EffectAtKPlus1,0.0721048159081599
CD,log_normal,349,EffectAtKPlus10,0.017109740767643804
CD,log_normal,349,LocalComponentAtKPlus10,5.439944497063337e-06
CD,log_normal,350,Baseline,0.018531041852883855
CD,log_normal,350,Amplitude,0.07939551045439036
CD,log_normal,350,PeakDistance,1.552791912461034
CD,log_normal,350,PeakEffect,0.09792655230727422
CD,log_normal,350,HalfMaximumLow,0.9484688738560838
CD,log_normal,350,HalfMaximumHigh,2.542163258981395
CD,log_normal,350,EffectAtKPlus1,0.06423078883665
CD,log_normal,350,EffectAtKPlus10,0.018535046230811186
CD,log_normal,350,LocalComponentAtKPlus10,4.004377927330216e-06
CD,log_normal,351,Baseline,0.025006470801161477
CD,log_normal,351,Amplitude,0.06882354039825887
CD,log_normal,351,PeakDistance,1.3745011012217352
CD,log_normal,351,PeakEffect,0.09383001119942035
CD,log_normal,351,HalfMaximumLow,0.7855308970564228
CD,log_normal,351,HalfMaximumHigh,2.405065522361067
CD,log_normal,351,EffectAtKPlus1,0.08001530788486895
CD,log_normal,351,EffectAtKPlus10,0.025017702096872048
CD,log_normal,351,LocalComponentAtKPlus10,1.1231295710571049e-05
CD,log_normal,352,Baseline,0.00878888875051104
CD,log_normal,352,Amplitude,0.08535402208321892
CD,log_normal,352,PeakDistance,1.5192730725015566
CD,log_normal,352,PeakEffect,0.09414291083372996
CD,log_normal,352,HalfMaximumLow,0.9058960628454049
CD,log_normal,352,HalfMaximumHigh,2.547964124690343
CD,log_normal,352,EffectAtKPlus1,0.06302307648195296
CD,log_normal,352,EffectAtKPlus10,0.008797462609268362
CD,log_normal,352,LocalComponentAtKPlus10,8.573858757321765e-06
CD,log_normal,353,Baseline,0.02229965932918671
CD,log_normal,353,Amplitude,0.11477294605700497
CD,log_normal,353,PeakDistance,1.476906003113
CD,log_normal,353,PeakEffect,0.13707260538619168
CD,log_normal,353,HalfMaximumLow,1.034979467082351
CD,log_normal,353,HalfMaximumHigh,2.1075310297510077
CD,log_normal,353,EffectAtKPlus1,0.07216270546134171
CD,log_normal,353,EffectAtKPlus10,0.02229965955285871
CD,log_normal,353,LocalComponentAtKPlus10,2.2367200105954943e-10
CD,log_normal,354,Baseline,0.0038000296009845754
CD,log_normal,354,Amplitude,0.0882595436359323
CD,log_normal,354,PeakDistance,1.362588109593024
CD,log_normal,354,PeakEffect,0.09205957323691688
CD,log_normal,354,HalfMaximumLow,0.7649102871689193
CD,log_normal,354,HalfMaximumHigh,2.427273351592769
CD,log_normal,354,EffectAtKPlus1,0.0761316039273725
CD,log_normal,354,EffectAtKPlus10,0.0038228503146133155
CD,log_normal,354,LocalComponentAtKPlus10,2.2820713628740087e-05
CD,log_normal,355,Baseline,0.010010095554866398
CD,log_normal,355,Amplitude,0.09487707987979443
CD,log_normal,355,PeakDistance,1.5479607640989006
CD,log_normal,355,PeakEffect,0.10488717543466083
CD,log_normal,355,HalfMaximumLow,0.9520720077603444
CD,log_normal,355,HalfMaximumHigh,2.5168080855842363
CD,log_normal,355,EffectAtKPlus1,0.06419701449770762
CD,log_normal,355,EffectAtKPlus10,0.010013579597974734
CD,log_normal,355,LocalComponentAtKPlus10,3.484043108336124e-06
CD,log_normal,356,Baseline,0.018409103819308607
CD,log_normal,356,Amplitude,0.07420744951277618
CD,log_normal,356,PeakDistance,1.391672692138249
CD,log_normal,356,PeakEffect,0.09261655333208478
CD,log_normal,356,HalfMaximumLow,0.7801721365625082
CD,log_normal,356,HalfMaximumHigh,2.4824686646421226
CD,log_normal,356,EffectAtKPlus1,0.0776026759401952
CD,log_normal,356,EffectAtKPlus10,0.018432827304882528
CD,log_normal,356,LocalComponentAtKPlus10,2.372348557392115e-05
CD,log_normal,357,Baseline,0.02405465245478008
CD,log_normal,357,Amplitude,0.07407876472852751
CD,log_normal,357,PeakDistance,1.478827752684346
CD,log_normal,357,PeakEffect,0.09813341718330759
CD,log_normal,357,HalfMaximumLow,0.9972188680083104
CD,log_normal,357,HalfMaximumHigh,2.1930306297525934
CD,log_normal,357,EffectAtKPlus1,0.061457443486851074
CD,log_normal,357,EffectAtKPlus10,0.02405465857457791
CD,log_normal,357,LocalComponentAtKPlus10,6.119797828219031e-09
CD,log_normal,358,Baseline,0.08407033718456072
CD,log_normal,358,Amplitude,-0.0848472568573671
CD,log_normal,358,PeakDistance,5.4348279080173665
CD,log_normal,358,PeakEffect,-0.000776919672806381
CD,log_normal,358,HalfMaximumLow,2.8188241230994895
CD,log_normal,358,HalfMaximumHigh,10.478608490580848
CD,log_normal,358,EffectAtKPlus1,0.08322478720010192
CD,log_normal,358,EffectAtKPlus10,0.03740926063190841
CD,log_normal,358,LocalComponentAtKPlus10,-0.046661076552652316
CD,log_normal,359,Baseline,0.02451059796680988
CD,log_normal,359,Amplitude,0.080016125842042
CD,log_normal,359,PeakDistance,1.4908482824380824
CD,log_normal,359,PeakEffect,0.10452672380885188
CD,log_normal,359,HalfMaximumLow,0.8977164496969381
CD,log_normal,359,HalfMaximumHigh,2.475869303719367
CD,log_normal,359,EffectAtKPlus1,0.07658158296196792
CD,log_normal,359,EffectAtKPlus10,0.0245152238663428
CD,log_normal,359,LocalComponentAtKPlus10,4.62589953291806e-06
CD,log_normal,360,Baseline,0.01891733538462848
CD,log_normal,360,Amplitude,0.09500481029862808
CD,log_normal,360,PeakDistance,1.5986201486214962
CD,log_normal,360,PeakEffect,0.11392214568325655
CD,log_normal,360,HalfMaximumLow,1.0552860858116662
CD,log_normal,360,HalfMaximumHigh,2.421700062133391
CD,log_normal,360,EffectAtKPlus1,0.058150794130112066
CD,log_normal,360,EffectAtKPlus10,0.018917464653125993
CD,log_normal,360,LocalComponentAtKPlus10,1.292684975139069e-07
CD,log_normal,361,Baseline,0.07421288152408012
CD,log_normal,361,Amplitude,-0.059844597616361496
CD,log_normal,361,PeakDistance,6.058882091362995
CD,log_normal,361,PeakEffect,0.014368283907718625
CD,log_normal,361,HalfMaximumLow,3.4861331804875686
CD,log_normal,361,HalfMaximumHigh,10.530306874823689
CD,log_normal,361,EffectAtKPlus1,0.07417493664193175
CD,log_normal,361,EffectAtKPlus10,0.04035592578345004
CD,log_normal,361,LocalComponentAtKPlus10,-0.03385695574063008
CD,log_normal,362,Baseline,0.010134811027884662
CD,log_normal,362,Amplitude,0.08816796614307375
CD,log_normal,362,PeakDistance,1.423289871169874
CD,log_normal,362,PeakEffect,0.09830277717095841
CD,log_normal,362,HalfMaximumLow,0.8744918932501186
CD,log_normal,362,HalfMaximumHigh,2.316492666210867
CD,log_normal,362,EffectAtKPlus1,0.07140217356654857
CD,log_normal,362,EffectAtKPlus10,0.01013613687967792
CD,log_normal,362,LocalComponentAtKPlus10,1.3258517932573932e-06
CD,log_normal,363,Baseline,0.01739685378541659
CD,log_normal,363,Amplitude,0.06356022605741941
CD,log_normal,363,PeakDistance,1.4438604366787726
CD,log_normal,363,PeakEffect,0.08095707984283601
CD,log_normal,363,HalfMaximumLow,0.8513777630190953
CD,log_normal,363,HalfMaximumHigh,2.4486579884509596
CD,log_normal,363,EffectAtKPlus1,0.06285543358418091
CD,log_normal,363,EffectAtKPlus10,0.017402640630776362
CD,log_normal,363,LocalComponentAtKPlus10,5.786845359772447e-06
CD,log_normal,364,Baseline,0.08479089135135955
CD,log_normal,364,Amplitude,-0.07932701422609881
CD,log_normal,364,PeakDistance,5.535523664332057
CD,log_normal,364,PeakEffect,0.005463877125260738
CD,log_normal,364,HalfMaximumLow,3.0219799651739385
CD,log_normal,364,HalfMaximumHigh,10.139717202465478
CD,log_normal,364,EffectAtKPlus1,0.08447943662318401
CD,log_normal,364,EffectAtKPlus10,0.04386159622782484
CD,log_normal,364,LocalComponentAtKPlus10,-0.04092929512353471
CD,log_normal,365,Baseline,0.06073872453650324
CD,log_normal,365,Amplitude,-0.07223407524207456
CD,log_normal,365,PeakDistance,4.40889872998873
CD,log_normal,365,PeakEffect,-0.011495350705571325
CD,log_normal,365,HalfMaximumLow,3.250755974704323
CD,log_normal,365,HalfMaximumHigh,5.979651552609783
CD,log_normal,365,EffectAtKPlus1,0.06073871924554381
CD,log_normal,365,EffectAtKPlus10,0.060254975522875134
CD,log_normal,365,LocalComponentAtKPlus10,-0.0004837490136281042
CD,log_normal,366,Baseline,0.006413621186584246
CD,log_normal,366,Amplitude,0.09522680736982148
CD,log_normal,366,PeakDistance,1.5805990694963687
CD,log_normal,366,PeakEffect,0.10164042855640572
CD,log_normal,366,HalfMaximumLow,0.8619431904595055
CD,log_normal,366,HalfMaximumHigh,2.8984432456168445
CD,log_normal,366,EffectAtKPlus1,0.07055947282862503
CD,log_normal,366,EffectAtKPlus10,0.006569390622321083
CD,log_normal,366,LocalComponentAtKPlus10,0.00015576943573683728
CD,log_normal,367,Baseline,0.012153638237459118
CD,log_normal,367,Amplitude,0.11347954325456867
CD,log_normal,367,PeakDistance,1.501910193687505
CD,log_normal,367,PeakEffect,0.1256331814920278
CD,log_normal,367,HalfMaximumLow,0.997360897652621
CD,log_normal,367,HalfMaximumHigh,2.261703095851775
CD,log_normal,367,EffectAtKPlus1,0.069401780382598
CD,log_normal,367,EffectAtKPlus10,0.012153677950455683
CD,log_normal,367,LocalComponentAtKPlus10,3.971299656485572e-08
CD,log_normal,368,Baseline,0.019356223024699973
CD,log_normal,368,Amplitude,0.07985308100510306
CD,log_normal,368,PeakDistance,1.5474560568676214
CD,log_normal,368,PeakEffect,0.09920930402980303
CD,log_normal,368,HalfMaximumLow,0.9006741027740361
CD,log_normal,368,HalfMaximumHigh,2.6586977915329904
CD,log_normal,368,EffectAtKPlus1,0.0702173286131389
CD,log_normal,368,EffectAtKPlus10,0.019377313168567487
CD,log_normal,368,LocalComponentAtKPlus10,2.109014386751304e-05
CD,log_normal,369,Baseline,0.05667218998613138
CD,log_normal,369,Amplitude,-0.045181205418469254
CD,log_normal,369,PeakDistance,5.711817048146775
CD,log_normal,369,PeakEffect,0.011490984567662128
CD,log_normal,369,HalfMaximumLow,3.5944366523188855
CD,log_normal,369,HalfMaximumHigh,9.076486010805839
CD,log_normal,369,EffectAtKPlus1,0.05666971387713161
CD,log_normal,369,EffectAtKPlus10,0.040274171525154404
CD,log_normal,369,LocalComponentAtKPlus10,-0.01639801846097698
CD,log_normal,370,Baseline,0.02307427918761143
CD,log_normal,370,Amplitude,0.09332227328301197
CD,log_normal,370,PeakDistance,1.4436026103886015
CD,log_normal,370,PeakEffect,0.1163965524706234
CD,log_normal,370,HalfMaximumLow,0.9125247453263994
CD,log_normal,370,HalfMaximumHigh,2.283761078693121
CD,log_normal,370,EffectAtKPlus1,0.08293196585560456
CD,log_normal,370,EffectAtKPlus10,0.023074686754187834
CD,log_normal,370,LocalComponentAtKPlus10,4.075665764047276e-07
CD,log_normal,371,Baseline,0.017612163133286715
CD,log_normal,371,Amplitude,0.08072463552050449
CD,log_normal,371,PeakDistance,1.4816136002939002
CD,log_normal,371,PeakEffect,0.0983367986537912
CD,log_normal,371,HalfMaximumLow,0.8718817373441409
CD,log_normal,371,HalfMaximumHigh,2.517748413061889
CD,log_normal,371,EffectAtKPlus1,0.07275937660562116
CD,log_normal,371,EffectAtKPlus10,0.01762223589710234
CD,log_normal,371,LocalComponentAtKPlus10,1.0072763815625191e-05
CD,log_normal,372,Baseline,0.010733948545326367
CD,log_normal,372,Amplitude,0.08177013262717078
CD,log_normal,372,PeakDistance,1.480418697385423
CD,log_normal,372,PeakEffect,0.09250408117249714
CD,log_normal,372,HalfMaximumLow,0.8775207882755789
CD,log_normal,372,HalfMaximumHigh,2.497535726618119
CD,log_normal,372,EffectAtKPlus1,0.06609284027561015
CD,log_normal,372,EffectAtKPlus10,0.010741824482765786
CD,log_normal,372,LocalComponentAtKPlus10,7.875937439418695e-06
CD,log_normal,373,Baseline,0.013922375490434522
CD,log_normal,373,Amplitude,0.07657548646823607
CD,log_normal,373,PeakDistance,1.507356873413418
CD,log_normal,373,PeakEffect,0.0904978619586706
CD,log_normal,373,HalfMaximumLow,0.8541691764216841
CD,log_normal,373,HalfMaximumHigh,2.6600406647136823
CD,log_normal,373,EffectAtKPlus1,0.06725074275361748
CD,log_normal,373,EffectAtKPlus10,0.013957291673870742
CD,log_normal,373,LocalComponentAtKPlus10,3.4916183436220494e-05
CD,log_normal,374,Baseline,0.011002124313332497
CD,log_normal,374,Amplitude,0.09164180688723285
CD,log_normal,374,PeakDistance,1.5210912689812992
CD,log_normal,374,PeakEffect,0.10264393120056535
CD,log_normal,374,HalfMaximumLow,0.8506977446167491
CD,log_normal,374,HalfMaximumHigh,2.719789329656094
CD,log_normal,374,EffectAtKPlus1,0.07486965889508576
CD,log_normal,374,EffectAtKPlus10,0.01106536096076515
CD,log_normal,374,LocalComponentAtKPlus10,6.323664743265213e-05
CD,log_normal,375,Baseline,0.02833546689929215
CD,log_normal,375,Amplitude,0.0693070667618079
CD,log_normal,375,PeakDistance,1.6751003581665644
CD,log_normal,375,PeakEffect,0.09764253366110004
CD,log_normal,375,HalfMaximumLow,1.0426595494693083
CD,log_normal,375,HalfMaximumHigh,2.691157637560532
CD,log_normal,375,EffectAtKPlus1,0.05883971912571938
CD,log_normal,375,EffectAtKPlus10,0.02833914248232402
CD,log_normal,375,LocalComponentAtKPlus10,3.6755830318674354e-06
CD,log_normal,376,Baseline,0.012489836399349419
CD,log_normal,376,Amplitude,0.09208504927053132
CD,log_normal,376,PeakDistance,1.3302363012139478
CD,log_normal,376,PeakEffect,0.10457488566988074
CD,log_normal,376,HalfMaximumLow,0.8027349845059321
CD,log_normal,376,HalfMaximumHigh,2.204374608335372
CD,log_normal,376,EffectAtKPlus1,0.086298058402814
CD,log_normal,376,EffectAtKPlus10,0.012491290438579114
CD,log_normal,376,LocalComponentAtKPlus10,1.4540392296955723e-06
CD,log_normal,377,Baseline,0.01774795490567146
CD,log_normal,377,Amplitude,0.0671315130538445
CD,log_normal,377,PeakDistance,1.5033860138401245
CD,log_normal,377,PeakEffect,0.08487946795951597
CD,log_normal,377,HalfMaximumLow,0.8921064669541895
CD,log_normal,377,HalfMaximumHigh,2.5335199220410543
CD,log_normal,377,EffectAtKPlus1,0.06172217003292306
CD,log_normal,377,EffectAtKPlus10,0.01775517571284394
CD,log_normal,377,LocalComponentAtKPlus10,7.220807172480387e-06
CD,log_normal,378,Baseline,0.011092430648859012
CD,log_normal,378,Amplitude,0.08987863508969068
CD,log_normal,378,PeakDistance,1.3496637102274667
CD,log_normal,378,PeakEffect,0.10097106573854969
CD,log_normal,378,HalfMaximumLow,0.7136549666670177
CD,log_normal,378,HalfMaximumHigh,2.552482944541606
CD,log_normal,378,EffectAtKPlus1,0.08818210515020797
CD,log_normal,378,EffectAtKPlus10,0.011187934547800862
CD,log_normal,378,LocalComponentAtKPlus10,9.550389894185003e-05
CD,log_normal,379,Baseline,0.00954067999181643
CD,log_normal,379,Amplitude,0.06904086082452439
CD,log_normal,379,PeakDistance,1.2849501247735415
CD,log_normal,379,PeakEffect,0.07858154081634082
CD,log_normal,379,HalfMaximumLow,0.6231713924162182
CD,log_normal,379,HalfMaximumHigh,2.6495067701258774
CD,log_normal,379,EffectAtKPlus1,0.07306958545945245
CD,log_normal,379,EffectAtKPlus10,0.009803062962063054
CD,log_normal,379,LocalComponentAtKPlus10,0.0002623829702466246
CD,log_normal,380,Baseline,0.07158362156303895
CD,log_normal,380,Amplitude,-0.06455723403305028
CD,log_normal,380,PeakDistance,5.399477982577621
CD,log_normal,380,PeakEffect,0.007026387529988673
CD,log_normal,380,HalfMaximumLow,3.0868844128325184
CD,log_normal,380,HalfMaximumHigh,9.44459156395445
CD,log_normal,380,EffectAtKPlus1,0.07146561490832182
CD,log_normal,380,EffectAtKPlus10,0.04377101553717555
CD,log_normal,380,LocalComponentAtKPlus10,-0.0278126060258634
CD,log_normal,381,Baseline,0.01167283510531828
CD,log_normal,381,Amplitude,0.08439130489331517
CD,log_normal,381,PeakDistance,1.519261749668759
CD,log_normal,381,PeakEffect,0.09606413999863345
CD,log_normal,381,HalfMaximumLow,0.9018441207720733
CD,log_normal,381,HalfMaximumHigh,2.55937385501893
CD,log_normal,381,EffectAtKPlus1,0.06571334108041411
CD,log_normal,381,EffectAtKPlus10,0.01168275577146887
CD,log_normal,381,LocalComponentAtKPlus10,9.920666150589619e-06
CD,log_normal,382,Baseline,0.01759062071906077
CD,log_normal,382,Amplitude,0.06435489529915314
CD,log_normal,382,PeakDistance,1.354632986606646
CD,log_normal,382,PeakEffect,0.08194551601821391
CD,log_normal,382,HalfMaximumLow,0.7427603658747676
CD,log_normal,382,HalfMaximumHigh,2.470555259422977
CD,log_normal,382,EffectAtKPlus1,0.07151387403204475
CD,log_normal,382,EffectAtKPlus10,0.017620619593511338
CD,log_normal,382,LocalComponentAtKPlus10,2.9998874450567342e-05
CD,log_normal,383,Baseline,0.013718942862242869
CD,log_normal,383,Amplitude,0.08707570085374673
CD,log_normal,383,PeakDistance,1.3896503621198177
CD,log_normal,383,PeakEffect,0.1007946437159896
CD,log_normal,383,HalfMaximumLow,0.8209426419184443
CD,log_normal,383,HalfMaximumHigh,2.3523301511381187
CD,log_normal,383,EffectAtKPlus1,0.08013137271489876
CD,log_normal,383,EffectAtKPlus10,0.013724047084510289
CD,log_normal,383,LocalComponentAtKPlus10,5.104222267420314e-06
CD,log_normal,384,Baseline,0.02844268802393539
CD,log_normal,384,Amplitude,0.0790491818694394
CD,log_normal,384,PeakDistance,1.4688880179434067
CD,log_normal,384,PeakEffect,0.1074918698933748
CD,log_normal,384,HalfMaximumLow,0.968166595215534
CD,log_normal,384,HalfMaximumHigh,2.2285751439062773
CD,log_normal,384,EffectAtKPlus1,0.0722734005197807
CD,log_normal,384,EffectAtKPlus10,0.0284427214839319
CD,log_normal,384,LocalComponentAtKPlus10,3.345999650961051e-08
CD,log_normal,385,Baseline,0.07818988069386808
CD,log_normal,385,Amplitude,-0.08715791907893262
CD,log_normal,385,PeakDistance,5.5280492891129205
CD,log_normal,385,PeakEffect,-0.008968038385064547
CD,log_normal,385,HalfMaximumLow,3.473873658691889
CD,log_normal,385,HalfMaximumHigh,8.796902808022441
CD,log_normal,385,EffectAtKPlus1,0.07818259437164747
CD,log_normal,385,EffectAtKPlus10,0.04999085910975893
CD,log_normal,385,LocalComponentAtKPlus10,-0.028199021584109148
CD,log_normal,386,Baseline,0.012932932040598633
CD,log_normal,386,Amplitude,0.08574043150302776
CD,log_normal,386,PeakDistance,1.528300838192972
CD,log_normal,386,PeakEffect,0.0986733635436264
CD,log_normal,386,HalfMaximumLow,0.9161562611876432
CD,log_normal,386,HalfMaximumHigh,2.5494596838682213
CD,log_normal,386,EffectAtKPlus1,0.06618878238988374
CD,log_normal,386,EffectAtKPlus10,0.012940464265574998
CD,log_normal,386,LocalComponentAtKPlus10,7.532224976364993e-06
CD,log_normal,387,Baseline,0.07069421798828258
CD,log_normal,387,Amplitude,-0.08255708450712204
CD,log_normal,387,PeakDistance,5.1916522363553845
CD,log_normal,387,PeakEffect,-0.011862866518839457
CD,log_normal,387,HalfMaximumLow,3.477616687785342
CD,log_normal,387,HalfMaximumHigh,7.750495630505663
CD,log_normal,387,EffectAtKPlus1,0.07069354071083706
CD,log_normal,387,EffectAtKPlus10,0.057779116879570575
CD,log_normal,387,LocalComponentAtKPlus10,-0.01291510110871201
CD,log_normal,388,Baseline,0.014780311349476457
CD,log_normal,388,Amplitude,0.09199011332490999
CD,log_normal,388,PeakDistance,1.5619562020240567
CD,log_normal,388,PeakEffect,0.10677042467438644
CD,log_normal,388,HalfMaximumLow,0.9438833836289838
CD,log_normal,388,HalfMaximumHigh,2.584754874761522
CD,log_normal,388,EffectAtKPlus1,0.06821029882797551
CD,log_normal,388,EffectAtKPlus10,0.014787786124907075
CD,log_normal,388,LocalComponentAtKPlus10,7.474775430617656e-06
CD,log_normal,389,Baseline,0.08161241930542458
CD,log_normal,389,Amplitude,-0.07633037212357897
CD,log_normal,389,PeakDistance,5.57839409479551
CD,log_normal,389,PeakEffect,0.005282047181845606
CD,log_normal,389,HalfMaximumLow,3.0378456902637394
CD,log_normal,389,HalfMaximumHigh,10.243601502401454
CD,log_normal,389,EffectAtKPlus1,0.08131409556143815
CD,log_normal,389,EffectAtKPlus10,0.041337190087159435
CD,log_normal,389,LocalComponentAtKPlus10,-0.040275229218265145
CD,log_normal,390,Baseline,0.02191568103928546
CD,log_normal,390,Amplitude,0.07901322425591399
CD,log_normal,390,PeakDistance,1.5976711284935006
CD,log_normal,390,PeakEffect,0.10092890529519945
CD,log_normal,390,HalfMaximumLow,0.944927407330482
CD,log_normal,390,HalfMaximumHigh,2.701321831729829
CD,log_normal,390,EffectAtKPlus1,0.06742554972918258
CD,log_normal,390,EffectAtKPlus10,0.021932534179015396
CD,log_normal,390,LocalComponentAtKPlus10,1.6853139729936656e-05
CD,log_normal,391,Baseline,0.02300346306303356
CD,log_normal,391,Amplitude,0.09517854566899651
CD,log_normal,391,PeakDistance,1.420647480031459
CD,log_normal,391,PeakEffect,0.11818200873203008
CD,log_normal,391,HalfMaximumLow,0.904940551995049
CD,log_normal,391,HalfMaximumHigh,2.2302451338602145
CD,log_normal,391,EffectAtKPlus1,0.08553304811455187
CD,log_normal,391,EffectAtKPlus10,0.02300368303726582
CD,log_normal,391,LocalComponentAtKPlus10,2.199742322600562e-07
CD,log_normal,392,Baseline,0.015859400880624305
CD,log_normal,392,Amplitude,0.07987469947257005
CD,log_normal,392,PeakDistance,1.4759889401364097
CD,log_normal,392,PeakEffect,0.09573410035319435
CD,log_normal,392,HalfMaximumLow,0.922315264539469
CD,log_normal,392,HalfMaximumHigh,2.3620376189835617
CD,log_normal,392,EffectAtKPlus1,0.0655211425795943
CD,log_normal,392,EffectAtKPlus10,0.01586022917253743
CD,log_normal,392,LocalComponentAtKPlus10,8.282919131234745e-07
CD,log_normal,393,Baseline,0.015569101989116865
CD,log_normal,393,Amplitude,0.11854536660766024
CD,log_normal,393,PeakDistance,1.4513253410175384
CD,log_normal,393,PeakEffect,0.13411446859677711
CD,log_normal,393,HalfMaximumLow,0.9859940556006266
CD,log_normal,393,HalfMaximumHigh,2.1362656635861517
CD,log_normal,393,EffectAtKPlus1,0.07785945421489639
CD,log_normal,393,EffectAtKPlus10,0.015569105703983297
CD,log_normal,393,LocalComponentAtKPlus10,3.7148664318309432e-09
CD,log_normal,394,Baseline,0.016439302384674403
CD,log_normal,394,Amplitude,0.0762910208137775
CD,log_normal,394,PeakDistance,1.58459807933945
CD,log_normal,394,PeakEffect,0.09273032319845191
CD,log_normal,394,HalfMaximumLow,0.9951718005731183
CD,log_normal,394,HalfMaximumHigh,2.5231332636236488
CD,log_normal,394,EffectAtKPlus1,0.05513609831341405
CD,log_normal,394,EffectAtKPlus10,0.01644075091381481
CD,log_normal,394,LocalComponentAtKPlus10,1.4485291404062184e-06
CD,log_normal,395,Baseline,0.015999093508101938
CD,log_normal,395,Amplitude,0.1061989659441941
CD,log_normal,395,PeakDistance,1.4338039243127192
CD,log_normal,395,PeakEffect,0.12219805945229605
CD,log_normal,395,HalfMaximumLow,0.996944771950526
CD,log_normal,395,HalfMaximumHigh,2.062093860377427
CD,log_normal,395,EffectAtKPlus1,0.06971940813249795
CD,log_normal,395,EffectAtKPlus10,0.01599909377516219
CD,log_normal,395,LocalComponentAtKPlus10,2.6706025238465436e-10
CD,log_normal,396,Baseline,0.08120283901825807
CD,log_normal,396,Amplitude,-0.08063376217366386
CD,log_normal,396,PeakDistance,5.043955766571196
CD,log_normal,396,PeakEffect,0.0005690768445942157
CD,log_normal,396,HalfMaximumLow,3.235858441296789
CD,log_normal,396,HalfMaximumHigh,7.862361792603947
CD,log_normal,396,EffectAtKPlus1,0.08119478349093298
CD,log_normal,396,EffectAtKPlus10,0.06568129957082859
CD,log_normal,396,LocalComponentAtKPlus10,-0.015521539447429483
CD,log_normal,397,Baseline,0.013997396292030603
CD,log_normal,397,Amplitude,0.09640166462533777
CD,log_normal,397,PeakDistance,1.4245216759720043
CD,log_normal,397,PeakEffect,0.11039906091736837
CD,log_normal,397,HalfMaximumLow,0.8815841937324955
CD,log_normal,397,HalfMaximumHigh,2.3018357404101084
CD,log_normal,397,EffectAtKPlus1,0.08013005295095767
CD,log_normal,397,EffectAtKPlus10,0.013998442493401415
CD,log_normal,397,LocalComponentAtKPlus10,1.0462013708117252e-06
CD,log_normal,398,Baseline,0.06773318666938853
CD,log_normal,398,Amplitude,-0.06477998552022061
CD,log_normal,398,PeakDistance,5.404885865489288
CD,log_normal,398,PeakEffect,0.0029532011491679167
CD,log_normal,398,HalfMaximumLow,3.1730966236633953
CD,log_normal,398,HalfMaximumHigh,9.206398254976307
CD,log_normal,398,EffectAtKPlus1,0.06767151455625287
CD,log_normal,398,EffectAtKPlus10,0.04204791323777498
CD,log_normal,398,LocalComponentAtKPlus10,-0.025685273431613552
CD,log_normal,399,Baseline,0.015188802263575054
CD,log_normal,399,Amplitude,0.07120022507141673
CD,log_normal,399,PeakDistance,1.3307132012389775
CD,log_normal,399,PeakEffect,0.08638902733499178
CD,log_normal,399,HalfMaximumLow,0.6900273436895179
CD,log_normal,399,HalfMaximumHigh,2.566271670457843
CD,log_normal,399,EffectAtKPlus1,0.07763494132996747
CD,log_normal,399,EffectAtKPlus10,0.015291932670927526
CD,log_normal,399,LocalComponentAtKPlus10,0.00010313040735247282
CD,log_normal,400,Baseline,0.013143260720475069
CD,log_normal,400,Amplitude,0.10047192197598753
CD,log_normal,400,PeakDistance,1.4198959022162332
CD,log_normal,400,PeakEffect,0.1136151826964626
CD,log_normal,400,HalfMaximumLow,0.8827231560428473
CD,log_normal,400,HalfMaximumHigh,2.283959992811822
CD,log_normal,400,EffectAtKPlus1,0.08205367042261794
CD,log_normal,400,EffectAtKPlus10,0.0131441027107424
CD,log_normal,400,LocalComponentAtKPlus10,8.419902673313662e-07
CD,log_normal,401,Baseline,0.01316235062751469
CD,log_normal,401,Amplitude,0.0869447925593254
CD,log_normal,401,PeakDistance,1.6086502062807144
CD,log_normal,401,PeakEffect,0.10010714318684008
CD,log_normal,401,HalfMaximumLow,0.9788209638203212
CD,log_normal,401,HalfMaximumHigh,2.643747510338377
CD,log_normal,401,EffectAtKPlus1,0.059251281533055186
CD,log_normal,401,EffectAtKPlus10,0.013169716411148967
CD,log_normal,401,LocalComponentAtKPlus10,7.365783634277756e-06
CD,log_normal,402,Baseline,0.006505370206843991
CD,log_normal,402,Amplitude,0.09417354493481178
CD,log_normal,402,PeakDistance,1.5028638456978702
CD,log_normal,402,PeakEffect,0.10067891514165578
CD,log_normal,402,HalfMaximumLow,0.8821681203408022
CD,log_normal,402,HalfMaximumHigh,2.560282656590721
CD,log_normal,402,EffectAtKPlus1,0.0692984923416513
CD,log_normal,402,EffectAtKPlus10,0.006519967264845695
CD,log_normal,402,LocalComponentAtKPlus10,1.4597058001704008e-05
CD,log_normal,403,Baseline,0.018480882442393588
CD,log_normal,403,Amplitude,0.07914137591003333
CD,log_normal,403,PeakDistance,1.51785428420802
CD,log_normal,403,PeakEffect,0.09762225835242691
CD,log_normal,403,HalfMaximumLow,0.9135042305013512
CD,log_normal,403,HalfMaximumHigh,2.522026227316123
CD,log_normal,403,EffectAtKPlus1,0.06803564380039098
CD,log_normal,403,EffectAtKPlus10,0.018486486287371373
CD,log_normal,403,LocalComponentAtKPlus10,5.603844977785516e-06
CD,log_normal,404,Baseline,0.01000608998032605
CD,log_normal,404,Amplitude,0.10081141947607788
CD,log_normal,404,PeakDistance,1.4738573969698465
CD,log_normal,404,PeakEffect,0.11081750945640394
CD,log_normal,404,HalfMaximumLow,0.9324835360499194
CD,log_normal,404,HalfMaximumHigh,2.3295377801570556
CD,log_normal,404,EffectAtKPlus1,0.07129682022283021
CD,log_normal,404,EffectAtKPlus10,0.010006636306823182
CD,log_normal,404,LocalComponentAtKPlus10,5.463264971319881e-07
CD,log_normal,405,Baseline,0.01594734131997536
CD,log_normal,405,Amplitude,0.0852031157749329
CD,log_normal,405,PeakDistance,1.473765396682527
CD,log_normal,405,PeakEffect,0.10115045709490826
CD,log_normal,405,HalfMaximumLow,0.9200508425771853
CD,log_normal,405,HalfMaximumHigh,2.360722194846088
CD,log_normal,405,EffectAtKPlus1,0.06921811607984668
CD,log_normal,405,EffectAtKPlus10,0.015948250175159447
CD,log_normal,405,LocalComponentAtKPlus10,9.088551840875925e-07
CD,log_normal,406,Baseline,0.013884678568992033
CD,log_normal,406,Amplitude,0.07660002854717213
CD,log_normal,406,PeakDistance,1.4558508567544857
CD,log_normal,406,PeakEffect,0.09048470711616416
CD,log_normal,406,HalfMaximumLow,0.8291050118902309
CD,log_normal,406,HalfMaximumHigh,2.5563730609716546
CD,log_normal,406,EffectAtKPlus1,0.07015169956074688
CD,log_normal,406,EffectAtKPlus10,0.013907462788803789
CD,log_normal,406,LocalComponentAtKPlus10,2.2784219811755255e-05
CD,log_normal,407,Baseline,0.022677505490548797
CD,log_normal,407,Amplitude,0.08419103899445024
CD,log_normal,407,PeakDistance,1.3319731611763033
CD,log_normal,407,PeakEffect,0.10686854448499904
CD,log_normal,407,HalfMaximumLow,0.7796241131597785
CD,log_normal,407,HalfMaximumHigh,2.2756511402699444
CD,log_normal,407,EffectAtKPlus1,0.09170715655776014
CD,log_normal,407,EffectAtKPlus10,0.02268208434763241
CD,log_normal,407,LocalComponentAtKPlus10,4.578857083614024e-06
CD,log_normal,408,Baseline,0.07988013564308946
CD,log_normal,408,Amplitude,-0.07950969824987802
CD,log_normal,408,PeakDistance,6.028632403171037
CD,log_normal,408,PeakEffect,0.00037043739321143687
CD,log_normal,408,HalfMaximumLow,3.3061972035367058
CD,log_normal,408,HalfMaximumHigh,10.992813318481257
CD,log_normal,408,EffectAtKPlus1,0.0797186646252052
CD,log_normal,408,EffectAtKPlus10,0.031263664676096835
CD,log_normal,408,LocalComponentAtKPlus10,-0.04861647096699263
CD,log_normal,409,Baseline,0.019980536033149823
CD,log_normal,409,Amplitude,0.09172856321748399
CD,log_normal,409,PeakDistance,1.494202403547841
CD,log_normal,409,PeakEffect,0.11170909925063381
CD,log_normal,409,HalfMaximumLow,1.0176482735388417
CD,log_normal,409,HalfMaximumHigh,2.1939218891456505
CD,log_normal,409,EffectAtKPlus1,0.0629765654848457
CD,log_normal,409,EffectAtKPlus10,0.019980539912819558
CD,log_normal,409,LocalComponentAtKPlus10,3.8796697347798226e-09
CD,log_normal,410,Baseline,0.010228888524019568
CD,log_normal,410,Amplitude,0.0834354931560246
CD,log_normal,410,PeakDistance,1.455956295917246
CD,log_normal,410,PeakEffect,0.09366438168004416
CD,log_normal,410,HalfMaximumLow,0.8347010387126088
CD,log_normal,410,HalfMaximumHigh,2.539602369359128
CD,log_normal,410,EffectAtKPlus1,0.07105622828540363
CD,log_normal,410,EffectAtKPlus10,0.01024931345075125
CD,log_normal,410,LocalComponentAtKPlus10,2.0424926731682502e-05
CD,log_normal,411,Baseline,0.005426582661291887
CD,log_normal,411,Amplitude,0.07295708259289878
CD,log_normal,411,PeakDistance,1.4797421846545362
CD,log_normal,411,PeakEffect,0.07838366525419066
CD,log_normal,411,HalfMaximumLow,0.6335412595820527
CD,log_normal,411,HalfMaximumHigh,3.4561867911975988
CD,log_normal,411,EffectAtKPlus1,0.0683524824180944
CD,log_normal,411,EffectAtKPlus10,0.007593453700302448
CD,log_normal,411,LocalComponentAtKPlus10,0.002166871039010561
CD,log_normal,412,Baseline,0.00942528168357841
CD,log_normal,412,Amplitude,0.09884432927631318
CD,log_normal,412,PeakDistance,1.4692312772881986
CD,log_normal,412,PeakEffect,0.10826961095989159
CD,log_normal,412,HalfMaximumLow,0.8755849462276913
CD,log_normal,412,HalfMaximumHigh,2.465369642845102
CD,log_normal,412,EffectAtKPlus1,0.07682056806988122
CD,log_normal,412,EffectAtKPlus10,0.009432562004589333
CD,log_normal,412,LocalComponentAtKPlus10,7.280321010922838e-06
CD,log_normal,413,Baseline,0.02043216050267797
CD,log_normal,413,Amplitude,0.08942830748366386
CD,log_normal,413,PeakDistance,1.4152767965431061
CD,log_normal,413,PeakEffect,0.10986046798634183
CD,log_normal,413,HalfMaximumLow,0.9041360024522268
CD,log_normal,413,HalfMaximumHigh,2.215383974756776
CD,log_normal,413,EffectAtKPlus1,0.07940061798373892
CD,log_normal,413,EffectAtKPlus10,0.020432326454763783
CD,log_normal,413,LocalComponentAtKPlus10,1.659520858128538e-07
CD,log_normal,414,Baseline,0.0035124762261686646
CD,log_normal,414,Amplitude,0.10505233410766407
CD,log_normal,414,PeakDistance,1.5192418420375207
CD,log_normal,414,PeakEffect,0.10856481033383274
CD,log_normal,414,HalfMaximumLow,0.9322741160563601
CD,log_normal,414,HalfMaximumHigh,2.4757694489696895
CD,log_normal,414,EffectAtKPlus1,0.06669936154533578
CD,log_normal,414,EffectAtKPlus10,0.0035159365738867917
CD,log_normal,414,LocalComponentAtKPlus10,3.4603477181271297e-06
CD,log_normal,415,Baseline,0.023217098352738105
CD,log_normal,415,Amplitude,0.08241748820926571
CD,log_normal,415,PeakDistance,1.4000871201609184
CD,log_normal,415,PeakEffect,0.10563458656200382
CD,log_normal,415,HalfMaximumLow,0.8060200000560376
CD,log_normal,415,HalfMaximumHigh,2.4320040990350247
CD,log_normal,415,EffectAtKPlus1,0.08692641353584965
CD,log_normal,415,EffectAtKPlus10,0.02322968114238803
CD,log_normal,415,LocalComponentAtKPlus10,1.2582789649925874e-05
CD,log_normal,416,Baseline,0.06710181898974349
CD,log_normal,416,Amplitude,-0.06395808209030156
CD,log_normal,416,PeakDistance,5.11290377170514
CD,log_normal,416,PeakEffect,0.003143736899441932
CD,log_normal,416,HalfMaximumLow,3.331243256311074
CD,log_normal,416,HalfMaximumHigh,7.847456029874365
CD,log_normal,416,EffectAtKPlus1,0.06709907174364653
CD,log_normal,416,EffectAtKPlus10,0.055410507825586555
CD,log_normal,416,LocalComponentAtKPlus10,-0.011691311164156934
CD,log_normal,417,Baseline,0.02036561342656859
CD,log_normal,417,Amplitude,0.07792219013167002
CD,log_normal,417,PeakDistance,1.4981828397489976
CD,log_normal,417,PeakEffect,0.09828780355823862
CD,log_normal,417,HalfMaximumLow,0.9514467267887697
CD,log_normal,417,HalfMaximumHigh,2.359093534216007
CD,log_normal,417,EffectAtKPlus1,0.06534497652439888
CD,log_normal,417,EffectAtKPlus10,0.020366039141769935
CD,log_normal,417,LocalComponentAtKPlus10,4.2571520134440655e-07
CD,log_normal,418,Baseline,0.009903679305395171
CD,log_normal,418,Amplitude,0.11423607549110486
CD,log_normal,418,PeakDistance,1.4997252319305685
CD,log_normal,418,PeakEffect,0.12413975479650002
CD,log_normal,418,HalfMaximumLow,0.9340997375823789
CD,log_normal,418,HalfMaximumHigh,2.4078539804651657
CD,log_normal,418,EffectAtKPlus1,0.07864565003044474
CD,log_normal,418,EffectAtKPlus10,0.009905352586138795
CD,log_normal,418,LocalComponentAtKPlus10,1.6732807436234398e-06
CD,log_normal,419,Baseline,0.009753891161889941
CD,log_normal,419,Amplitude,0.08868755916853906
CD,log_normal,419,PeakDistance,1.6236315079452632
CD,log_normal,419,PeakEffect,0.098441450330429
CD,log_normal,419,HalfMaximumLow,1.0350175356065752
CD,log_normal,419,HalfMaximumHigh,2.546989961911774
CD,log_normal,419,EffectAtKPlus1,0.049477633101078035
CD,log_normal,419,EffectAtKPlus10,0.00975498863188375
CD,log_normal,419,LocalComponentAtKPlus10,1.0974699938080118e-06
CD,log_normal,420,Baseline,0.016631079913657677
CD,log_normal,420,Amplitude,0.1260914513197843
CD,log_normal,420,PeakDistance,1.49647628725581
CD,log_normal,420,PeakEffect,0.14272253123344197
CD,log_normal,420,HalfMaximumLow,1.0497470755758407
CD,log_normal,420,HalfMaximumHigh,2.133315091247559
CD,log_normal,420,EffectAtKPlus1,0.06810338342070817
CD,log_normal,420,EffectAtKPlus10,0.01663108020287898
CD,log_normal,420,LocalComponentAtKPlus10,2.8922130315689465e-10
CD,log_normal,421,Baseline,0.006038645906460105
CD,log_normal,421,Amplitude,0.07754615309077487
CD,log_normal,421,PeakDistance,1.404506018487641
CD,log_normal,421,PeakEffect,0.08358479899723498
CD,log_normal,421,HalfMaximumLow,0.6933942546392514
CD,log_normal,421,HalfMaximumHigh,2.8448997706136168
CD,log_normal,421,EffectAtKPlus1,0.07208389913294526
CD,log_normal,421,EffectAtKPlus10,0.006402996178640656
CD,log_normal,421,LocalComponentAtKPlus10,0.00036435027218055093
CD,log_normal,422,Baseline,0.01663282223999635
CD,log_normal,422,Amplitude,0.06463177394575671
CD,log_normal,422,PeakDistance,1.3319694842143326
CD,log_normal,422,PeakEffect,0.08126459618575306
CD,log_normal,422,HalfMaximumLow,0.7238303381045877
CD,log_normal,422,HalfMaximumHigh,2.451047729670935
CD,log_normal,422,EffectAtKPlus1,0.07208728813447092
CD,log_normal,422,EffectAtKPlus10,0.016666023002110363
CD,log_normal,422,LocalComponentAtKPlus10,3.320076211401138e-05
CD,log_normal,423,Baseline,0.0019659382002075996
CD,log_normal,423,Amplitude,0.09589602931952827
CD,log_normal,423,PeakDistance,1.6320017273033411
CD,log_normal,423,PeakEffect,0.09786196751973587
CD,log_normal,423,HalfMaximumLow,0.9072202676654582
CD,log_normal,423,HalfMaximumHigh,2.935813641790509
CD,log_normal,423,EffectAtKPlus1,0.061167158647768415
CD,log_normal,423,EffectAtKPlus10,0.002095537796292686
CD,log_normal,423,LocalComponentAtKPlus10,0.00012959959608508645
CD,log_normal,424,Baseline,0.016538068489845237
CD,log_normal,424,Amplitude,0.07807527491673921
CD,log_normal,424,PeakDistance,1.5369164757154914
CD,log_normal,424,PeakEffect,0.09461334340658445
CD,log_normal,424,HalfMaximumLow,0.9276041783732961
CD,log_normal,424,HalfMaximumHigh,2.5464657322566957
CD,log_normal,424,EffectAtKPlus1,0.06379025467085456
CD,log_normal,424,EffectAtKPlus10,0.016543707674433084
CD,log_normal,424,LocalComponentAtKPlus10,5.639184587846735e-06
CD,log_normal,425,Baseline,0.017338914266093283
CD,log_normal,425,Amplitude,0.08143096731418177
CD,log_normal,425,PeakDistance,1.6143919277466303
CD,log_normal,425,PeakEffect,0.09876988158027505
CD,log_normal,425,HalfMaximumLow,1.0162744902072158
CD,log_normal,425,HalfMaximumHigh,2.564524960025387
CD,log_normal,425,EffectAtKPlus1,0.05609972384268823
CD,log_normal,425,EffectAtKPlus10,0.017340640195345806
CD,log_normal,425,LocalComponentAtKPlus10,1.725929252523184e-06
CD,log_normal,426,Baseline,0.015520799336170064
CD,log_normal,426,Amplitude,0.06340932702546082
CD,log_normal,426,PeakDistance,1.3687263860035983
CD,log_normal,426,PeakEffect,0.07893012636163088
CD,log_normal,426,HalfMaximumLow,0.6063824012288159
CD,log_normal,426,HalfMaximumHigh,3.0894892660902715
CD,log_normal,426,EffectAtKPlus1,0.07272223136028838
CD,log_normal,426,EffectAtKPlus10,0.016534473485889146
CD,log_normal,426,LocalComponentAtKPlus10,0.0010136741497190817
CD,log_normal,427,Baseline,0.07238716065700557
CD,log_normal,427,Amplitude,-0.0663064216816128
CD,log_normal,427,PeakDistance,5.648901950954349
CD,log_normal,427,PeakEffect,0.006080738975392769
CD,log_normal,427,HalfMaximumLow,3.163552416437792
CD,log_normal,427,HalfMaximumHigh,10.086791382273695
CD,log_normal,427,EffectAtKPlus1,0.07225018560890276
CD,log_normal,427,EffectAtKPlus10,0.038546976758382485
CD,log_normal,427,LocalComponentAtKPlus10,-0.03384018389862308
CD,log_normal,428,Baseline,0.010002199481709674
CD,log_normal,428,Amplitude,0.0968901892563345
CD,log_normal,428,PeakDistance,1.4251379292632487
CD,log_normal,428,PeakEffect,0.10689238873804417
CD,log_normal,428,HalfMaximumLow,0.8599740703908368
CD,log_normal,428,HalfMaximumHigh,2.361720181286039
CD,log_normal,428,EffectAtKPlus1,0.07889983626136673
CD,log_normal,428,EffectAtKPlus10,0.010005418592612959
CD,log_normal,428,LocalComponentAtKPlus10,3.219110903285305e-06
CD,log_normal,429,Baseline,0.0020588457560542102
CD,log_normal,429,Amplitude,0.08312741732469547
CD,log_normal,429,PeakDistance,1.50646116523299
CD,log_normal,429,PeakEffect,0.08518626308074968
CD,log_normal,429,HalfMaximumLow,0.7626689842526985
CD,log_normal,429,HalfMaximumHigh,2.9756359432642134
CD,log_normal,429,EffectAtKPlus1,0.0667221182434884
CD,log_normal,429,EffectAtKPlus10,0.0024497372869032976
CD,log_normal,429,LocalComponentAtKPlus10,0.0003908915308490873
CD,log_normal,430,Baseline,0.013268133923522501
CD,log_normal,430,Amplitude,0.06551700653173063
CD,log_normal,430,PeakDistance,1.3274345781959909
CD,log_normal,430,PeakEffect,0.07878514045525313
CD,log_normal,430,HalfMaximumLow,0.7081007283358239
CD,log_normal,430,HalfMaximumHigh,2.4884631364969914
CD,log_normal,430,EffectAtKPlus1,0.07017920793686072
CD,log_normal,430,EffectAtKPlus10,0.013319183710574275
CD,log_normal,430,LocalComponentAtKPlus10,5.104978705177364e-05
CD,log_normal,431,Baseline,0.09332431230381075
CD,log_normal,431,Amplitude,-0.08073649494466842
CD,log_normal,431,PeakDistance,5.438086072379556
CD,log_normal,431,PeakEffect,0.012587817359142328
CD,log_normal,431,HalfMaximumLow,2.8709074082028487
CD,log_normal,431,HalfMaximumHigh,10.300847755003247
CD,log_normal,431,EffectAtKPlus1,0.09270549344467145
CD,log_normal,431,EffectAtKPlus10,0.050338204848092816
CD,log_normal,431,LocalComponentAtKPlus10,-0.04298610745571793
CD,log_normal,432,Baseline,0.01288994228998294
CD,log_normal,432,Amplitude,0.08704367444186183
CD,log_normal,432,PeakDistance,1.6728065461238384
CD,log_normal,432,PeakEffect,0.09993361673184477
CD,log_normal,432,HalfMaximumLow,1.118466013051102
CD,log_normal,432,HalfMaximumHigh,2.501892510011311
CD,log_normal,432,EffectAtKPlus1,0.0409425236597484
CD,log_normal,432,EffectAtKPlus10,0.012890042323371459
CD,log_normal,432,LocalComponentAtKPlus10,1.0003338851878596e-07
CD,log_normal,433,Baseline,0.08617658103030285
CD,log_normal,433,Amplitude,-0.08337855941307876
CD,log_normal,433,PeakDistance,5.0581088512835075
CD,log_normal,433,PeakEffect,0.002798021617224089
CD,log_normal,433,HalfMaximumLow,2.7830073914936433
CD,log_normal,433,HalfMaximumHigh,9.193099964316426
CD,log_normal,433,EffectAtKPlus1,0.08566942958163296
CD,log_normal,433,EffectAtKPlus10,0.0523486319578202
CD,log_normal,433,LocalComponentAtKPlus10,-0.03382794907248265
CD,log_normal,434,Baseline,-0.0011872078643811836
CD,log_normal,434,Amplitude,0.09469400095154185
CD,log_normal,434,PeakDistance,1.4464319645494417
CD,log_normal,434,PeakEffect,0.09350679308716066
CD,log_normal,434,HalfMaximumLow,0.7944171565791732
CD,log_normal,434,HalfMaximumHigh,2.6335854037687154
CD,log_normal,434,EffectAtKPlus1,0.0716103956535862
CD,log_normal,434,EffectAtKPlus10,-0.0011176326368542524
CD,log_normal,434,LocalComponentAtKPlus10,6.957522752693121e-05
CD,log_normal,435,Baseline,0.0697053954758679
CD,log_normal,435,Amplitude,-0.056191419417724285
CD,log_normal,435,PeakDistance,4.7832796642164945
CD,log_normal,435,PeakEffect,0.013513976058143619
CD,log_normal,435,HalfMaximumLow,2.7694471236040448
CD,log_normal,435,HalfMaximumHigh,8.261491671425118
CD,log_normal,435,EffectAtKPlus1,0.06951465764906242
CD,log_normal,435,EffectAtKPlus10,0.05380270760221275
CD,log_normal,435,LocalComponentAtKPlus10,-0.015902687873655154
CD,log_normal,436,Baseline,0.011079489526609664
CD,log_normal,436,Amplitude,0.08713528618275061
CD,log_normal,436,PeakDistance,1.5931227632328875
CD,log_normal,436,PeakEffect,0.09821477570936027
CD,log_normal,436,HalfMaximumLow,1.029691703962551
CD,log_normal,436,HalfMaximumHigh,2.4648544112414226
CD,log_normal,436,EffectAtKPlus1,0.05065695288372737
CD,log_normal,436,EffectAtKPlus10,0.011079894723168473
CD,log_normal,436,LocalComponentAtKPlus10,4.0519655880935646e-07
CD,log_normal,437,Baseline,0.013260640216887637
CD,log_normal,437,Amplitude,0.08368242554797888
CD,log_normal,437,PeakDistance,1.521680975962405
CD,log_normal,437,PeakEffect,0.09694306576486651
CD,log_normal,437,HalfMaximumLow,0.9421816905569986
CD,log_normal,437,HalfMaximumHigh,2.4576077160202647
CD,log_normal,437,EffectAtKPlus1,0.06243712538902339
CD,log_normal,437,EffectAtKPlus10,0.013262541326649703
CD,log_normal,437,LocalComponentAtKPlus10,1.9011097620660888e-06
CD,log_normal,438,Baseline,0.08672454726328185
CD,log_normal,438,Amplitude,-0.08302460071295883
CD,log_normal,438,PeakDistance,5.451718330613671
CD,log_normal,438,PeakEffect,0.003699946550323019
CD,log_normal,438,HalfMaximumLow,3.0084150543830326
CD,log_normal,438,HalfMaximumHigh,9.879365785331894
CD,log_normal,438,EffectAtKPlus1,0.08642969969371925
CD,log_normal,438,EffectAtKPlus10,0.0463822529554108
CD,log_normal,438,LocalComponentAtKPlus10,-0.040342294307871056
CD,log_normal,439,Baseline,0.011522618472826764
CD,log_normal,439,Amplitude,0.09580432496452251
CD,log_normal,439,PeakDistance,1.650119046136697
CD,log_normal,439,PeakEffect,0.10732694343734928
CD,log_normal,439,HalfMaximumLow,1.0275491197469009
CD,log_normal,439,HalfMaximumHigh,2.6498907099387794
CD,log_normal,439,EffectAtKPlus1,0.05566151865007396
CD,log_normal,439,EffectAtKPlus10,0.01152684391016533
CD,log_normal,439,LocalComponentAtKPlus10,4.225437338566465e-06
CD,log_normal,440,Baseline,0.01956620486670719
CD,log_normal,440,Amplitude,0.09994116865887873
CD,log_normal,440,PeakDistance,1.431620124811857
CD,log_normal,440,PeakEffect,0.11950737352558591
CD,log_normal,440,HalfMaximumLow,0.9204683739991889
CD,log_normal,440,HalfMaximumHigh,2.226623140631796
CD,log_normal,440,EffectAtKPlus1,0.08281926559283309
CD,log_normal,440,EffectAtKPlus10,0.01956635259726763
CD,log_normal,440,LocalComponentAtKPlus10,1.4773056044095623e-07
CD,log_normal,441,Baseline,0.013750525526379623
CD,log_normal,441,Amplitude,0.08589621335629116
CD,log_normal,441,PeakDistance,1.3558144353559431
CD,log_normal,441,PeakEffect,0.09964673888267078
CD,log_normal,441,HalfMaximumLow,0.7287454349428449
CD,log_normal,441,HalfMaximumHigh,2.522462158907008
CD,log_normal,441,EffectAtKPlus1,0.08646225200704832
CD,log_normal,441,EffectAtKPlus10,0.013815926495015866
CD,log_normal,441,LocalComponentAtKPlus10,6.540096863624258e-05
CD,log_normal,442,Baseline,0.007180618525080163
CD,log_normal,442,Amplitude,0.08248399087145926
CD,log_normal,442,PeakDistance,1.556691634238132
CD,log_normal,442,PeakEffect,0.08966460939653942
CD,log_normal,442,HalfMaximumLow,0.9401299698912491
CD,log_normal,442,HalfMaximumHigh,2.577610459953004
CD,log_normal,442,EffectAtKPlus1,0.055545842310761304
CD,log_normal,442,EffectAtKPlus10,0.007187244275911827
CD,log_normal,442,LocalComponentAtKPlus10,6.62575083166389e-06
CD,log_normal,443,Baseline,0.018035805272858398
CD,log_normal,443,Amplitude,0.09978118132390137
CD,log_normal,443,PeakDistance,1.3840517082632229
CD,log_normal,443,PeakEffect,0.11781698659675977
CD,log_normal,443,HalfMaximumLow,0.9081327896399124
CD,log_normal,443,HalfMaximumHigh,2.109382188375675
CD,log_normal,443,EffectAtKPlus1,0.08409896963562954
CD,log_normal,443,EffectAtKPlus10,0.018035828653723485
CD,log_normal,443,LocalComponentAtKPlus10,2.338086508776871e-08
CD,log_normal,444,Baseline,0.014507811314388183
CD,log_normal,444,Amplitude,0.09496535704620947
CD,log_normal,444,PeakDistance,1.498488966264987
CD,log_normal,444,PeakEffect,0.10947316836059764
CD,log_normal,444,HalfMaximumLow,0.8538117253267138
CD,log_normal,444,HalfMaximumHigh,2.629934815147535
CD,log_normal,444,EffectAtKPlus1,0.08087145879937997
CD,log_normal,444,EffectAtKPlus10,0.014543275176369006
CD,log_normal,444,LocalComponentAtKPlus10,3.546386198082299e-05
CD,log_normal,445,Baseline,0.00932916495663572
CD,log_normal,445,Amplitude,0.07317939258896165
CD,log_normal,445,PeakDistance,1.3960501363415354
CD,log_normal,445,PeakEffect,0.08250855754559737
CD,log_normal,445,HalfMaximumLow,0.7708974912971037
CD,log_normal,445,HalfMaximumHigh,2.5281649054272157
CD,log_normal,445,EffectAtKPlus1,0.06812741352744246
CD,log_normal,445,EffectAtKPlus10,0.009365071438723609
CD,log_normal,445,LocalComponentAtKPlus10,3.5906482087889185e-05
CD,log_normal,446,Baseline,0.027146925635122523
CD,log_normal,446,Amplitude,0.07626104208770586
CD,log_normal,446,PeakDistance,1.5161102872413421
CD,log_normal,446,PeakEffect,0.10340796772282838
CD,log_normal,446,HalfMaximumLow,0.9689077235794703
CD,log_normal,446,HalfMaximumHigh,2.3723522345216326
CD,log_normal,446,EffectAtKPlus1,0.0690501646456786
CD,log_normal,446,EffectAtKPlus10,0.027147271137563093
CD,log_normal,446,LocalComponentAtKPlus10,3.455024405706053e-07
CD,log_normal,447,Baseline,0.01540153355895669
CD,log_normal,447,Amplitude,0.06070195707558596
CD,log_normal,447,PeakDistance,1.0238234003583326
CD,log_normal,447,PeakEffect,0.07610349063454265
CD,log_normal,447,HalfMaximumLow,0.4322973916171093
CD,log_normal,447,HalfMaximumHigh,2.4247529026261487
CD,log_normal,447,EffectAtKPlus1,0.07607212335862124
CD,log_normal,447,EffectAtKPlus10,0.015879995909337363
CD,log_normal,447,LocalComponentAtKPlus10,0.00047846235038067307
CD,log_normal,448,Baseline,0.0045999202205088754
CD,log_normal,448,Amplitude,0.08032705920765854
CD,log_normal,448,PeakDistance,1.4578590323539526
CD,log_normal,448,PeakEffect,0.0849269794281674
CD,log_normal,448,HalfMaximumLow,0.8104750820798096
CD,log_normal,448,HalfMaximumHigh,2.6223544748124827
CD,log_normal,448,EffectAtKPlus1,0.06496089764873603
CD,log_normal,448,EffectAtKPlus10,0.004646322832374306
CD,log_normal,448,LocalComponentAtKPlus10,4.640261186543079e-05
CD,log_normal,449,Baseline,0.01005856575415466
CD,log_normal,449,Amplitude,0.09206919941241662
CD,log_normal,449,PeakDistance,1.4122439699301463
CD,log_normal,449,PeakEffect,0.10212776516657128
CD,log_normal,449,HalfMaximumLow,0.8967355169536161
CD,log_normal,449,HalfMaximumHigh,2.2241039781490253
CD,log_normal,449,EffectAtKPlus1,0.07175099696599822
CD,log_normal,449,EffectAtKPlus10,0.010058801606784622
CD,log_normal,449,LocalComponentAtKPlus10,2.3585262996089762e-07
CD,log_normal,450,Baseline,0.012173695827923419
CD,log_normal,450,Amplitude,0.09720247901141556
CD,log_normal,450,PeakDistance,1.4063687821119455
CD,log_normal,450,PeakEffect,0.10937617483933898
CD,log_normal,450,HalfMaximumLow,0.9231589551462176
CD,log_normal,450,HalfMaximumHigh,2.142505513566474
CD,log_normal,450,EffectAtKPlus1,0.0738527067647852
CD,log_normal,450,EffectAtKPlus10,0.01217372410573947
CD,log_normal,450,LocalComponentAtKPlus10,2.8277816050553684e-08
CD,log_normal,451,Baseline,0.02318021697171129
CD,log_normal,451,Amplitude,0.09580608161522128
CD,log_normal,451,PeakDistance,1.5017202238858078
CD,log_normal,451,PeakEffect,0.11898629858693258
CD,log_normal,451,HalfMaximumLow,1.0365504259104121
CD,log_normal,451,HalfMaximumHigh,2.1756429542218445
CD,log_normal,451,EffectAtKPlus1,0.0647941998604858
CD,log_normal,451,EffectAtKPlus10,0.02318021825206468
CD,log_normal,451,LocalComponentAtKPlus10,1.2803533892824515e-09
CD,log_normal,452,Baseline,0.016039626283360666
CD,log_normal,452,Amplitude,0.09340287885276938
CD,log_normal,452,PeakDistance,1.377481455943707
CD,log_normal,452,PeakEffect,0.10944250513613005
CD,log_normal,452,HalfMaximumLow,0.8310563772346405
CD,log_normal,452,HalfMaximumHigh,2.283184647210844
CD,log_normal,452,EffectAtKPlus1,0.08674370346789254
CD,log_normal,452,EffectAtKPlus10,0.016041802112264126
CD,log_normal,452,LocalComponentAtKPlus10,2.1758289034598532e-06
CD,log_normal,453,Baseline,0.019256005706203644
CD,log_normal,453,Amplitude,0.08132149449044064
CD,log_normal,453,PeakDistance,1.6035949406185517
CD,log_normal,453,PeakEffect,0.10057750019664428
CD,log_normal,453,HalfMaximumLow,1.026677500911126
CD,log_normal,453,HalfMaximumHigh,2.5046976594844255
CD,log_normal,453,EffectAtKPlus1,0.05663084810261743
CD,log_normal,453,EffectAtKPlus10,0.019256695079951675
CD,log_normal,453,LocalComponentAtKPlus10,6.893737480306861e-07
CD,log_normal,454,Baseline,0.013779990514997936
CD,log_normal,454,Amplitude,0.08892573538976872
CD,log_normal,454,PeakDistance,1.5872093446379647
CD,log_normal,454,PeakEffect,0.10270572590476666
CD,log_normal,454,HalfMaximumLow,0.9511144491441177
CD,log_normal,454,HalfMaximumHigh,2.6487175186677776
CD,log_normal,454,EffectAtKPlus1,0.06436706790083858
CD,log_normal,454,EffectAtKPlus10,0.013791475669871578
CD,log_normal,454,LocalComponentAtKPlus10,1.1485154873642003e-05
CD,log_normal,455,Baseline,0.02013068563046633
CD,log_normal,455,Amplitude,0.07167747371850859
CD,log_normal,455,PeakDistance,1.4613104843149416
CD,log_normal,455,PeakEffect,0.09180815934897492
CD,log_normal,455,HalfMaximumLow,0.7253467368332559
CD,log_normal,455,HalfMaximumHigh,2.9440103927284444
CD,log_normal,455,EffectAtKPlus1,0.07862217176468168
CD,log_normal,455,EffectAtKPlus10,0.020516009056549173
CD,log_normal,455,LocalComponentAtKPlus10,0.00038532342608284254
CD,log_normal,456,Baseline,0.01746746719836879
CD,log_normal,456,Amplitude,0.07153537723520598
CD,log_normal,456,PeakDistance,1.3021533667340488
CD,log_normal,456,PeakEffect,0.08900284443357477
CD,log_normal,456,HalfMaximumLow,0.6585563611786467
CD,log_normal,456,HalfMaximumHigh,2.5747278296152576
CD,log_normal,456,EffectAtKPlus1,0.08193933958580905
CD,log_normal,456,EffectAtKPlus10,0.017612922435589002
CD,log_normal,456,LocalComponentAtKPlus10,0.00014545523722021142
CD,log_normal,457,Baseline,0.005510882458694756
CD,log_normal,457,Amplitude,0.07324591089779611
CD,log_normal,457,PeakDistance,1.543362899377692
CD,log_normal,457,PeakEffect,0.07875679335649087
CD,log_normal,457,HalfMaximumLow,0.6716340154770489
CD,log_normal,457,HalfMaximumHigh,3.5465282941091796
CD,log_normal,457,EffectAtKPlus1,0.06616874150340253
CD,log_normal,457,EffectAtKPlus10,0.00773079022892153
CD,log_normal,457,LocalComponentAtKPlus10,0.002219907770226774
CD,log_normal,458,Baseline,0.023707386175073297
CD,log_normal,458,Amplitude,0.18122575200660784
CD,log_normal,458,PeakDistance,1.4502054302290566
CD,log_normal,458,PeakEffect,0.20493313818168113
CD,log_normal,458,HalfMaximumLow,1.1292906618971807
CD,log_normal,458,HalfMaximumHigh,1.8623157534418049
CD,log_normal,458,EffectAtKPlus1,0.06291465840275395
CD,log_normal,458,EffectAtKPlus10,0.023707386175073297
CD,log_normal,458,LocalComponentAtKPlus10,0.0
CD,log_normal,459,Baseline,0.012598268825383894
CD,log_normal,459,Amplitude,0.10257191953841606
CD,log_normal,459,PeakDistance,1.5387091454083612
CD,log_normal,459,PeakEffect,0.11517018836379996
CD,log_normal,459,HalfMaximumLow,0.9215330142673286
CD,log_normal,459,HalfMaximumHigh,2.5692251905328938
CD,log_normal,459,EffectAtKPlus1,0.07544993250980962
CD,log_normal,459,EffectAtKPlus10,0.01260823920111866
CD,log_normal,459,LocalComponentAtKPlus10,9.970375734765988e-06
CD,log_normal,460,Baseline,0.02126951884337112
CD,log_normal,460,Amplitude,0.055432767008773975
CD,log_normal,460,PeakDistance,1.6416739968229788
CD,log_normal,460,PeakEffect,0.0767022858521451
CD,log_normal,460,HalfMaximumLow,0.9751314994466143
CD,log_normal,460,HalfMaximumHigh,2.7638257131209434
CD,log_normal,460,EffectAtKPlus1,0.050859156303564995
CD,log_normal,460,EffectAtKPlus10,0.0212827534190522
CD,log_normal,460,LocalComponentAtKPlus10,1.3234575681080052e-05
CD,log_normal,461,Baseline,0.010311161852863477
CD,log_normal,461,Amplitude,0.0947817330247379
CD,log_normal,461,PeakDistance,1.541813833085821
CD,log_normal,461,PeakEffect,0.10509289487760137
CD,log_normal,461,HalfMaximumLow,0.8595071494715886
CD,log_normal,461,HalfMaximumHigh,2.7657593044528497
CD,log_normal,461,EffectAtKPlus1,0.07509571245751165
CD,log_normal,461,EffectAtKPlus10,0.010389723037423231
CD,log_normal,461,LocalComponentAtKPlus10,7.85611845597542e-05
CD,log_normal,462,Baseline,0.0260086165049336
CD,log_normal,462,Amplitude,0.03715889790230894
CD,log_normal,462,PeakDistance,1.1032272944058348
CD,log_normal,462,PeakEffect,0.06316751440724254
CD,log_normal,462,HalfMaximumLow,0.4230377988673878
CD,log_normal,462,HalfMaximumHigh,2.8770726076502524
CD,log_normal,462,EffectAtKPlus1,0.06289794634926571
CD,log_normal,462,EffectAtKPlus10,0.02695926781977643
CD,log_normal,462,LocalComponentAtKPlus10,0.0009506513148428292
CD,log_normal,463,Baseline,0.021625798570243215
CD,log_normal,463,Amplitude,0.08389216155406075
CD,log_normal,463,PeakDistance,1.4620908237649932
CD,log_normal,463,PeakEffect,0.10551796012430396
CD,log_normal,463,HalfMaximumLow,0.8539043440889397
CD,log_normal,463,HalfMaximumHigh,2.5034532166698282
CD,log_normal,463,EffectAtKPlus1,0.08099160356204661
CD,log_normal,463,EffectAtKPlus10,0.021637713473966102
CD,log_normal,463,LocalComponentAtKPlus10,1.1914903722886477e-05
CD,log_normal,464,Baseline,0.02409404145379226
CD,log_normal,464,Amplitude,0.07906983457980643
CD,log_normal,464,PeakDistance,1.4530112502484447
CD,log_normal,464,PeakEffect,0.1031638760335987
CD,log_normal,464,HalfMaximumLow,0.8914381205468894
CD,log_normal,464,HalfMaximumHigh,2.368354734542112
CD,log_normal,464,EffectAtKPlus1,0.07681006035657083
CD,log_normal,464,EffectAtKPlus10,0.02409564599090222
CD,log_normal,464,LocalComponentAtKPlus10,1.6045371099594752e-06
CD,log_normal,465,Baseline,0.005646905107064916
CD,log_normal,465,Amplitude,0.08968077107205757
CD,log_normal,465,PeakDistance,1.4372782804697823
CD,log_normal,465,PeakEffect,0.0953276761791225
CD,log_normal,465,HalfMaximumLow,0.8358712109693366
CD,log_normal,465,HalfMaximumHigh,2.4713961055251077
CD,log_normal,465,EffectAtKPlus1,0.07139331642053222
CD,log_normal,465,EffectAtKPlus10,0.0056594113098016275
CD,log_normal,465,LocalComponentAtKPlus10,1.2506202736711769e-05
CD,log_normal,466,Baseline,0.02153837221690943
CD,log_normal,466,Amplitude,0.08552227031111198
CD,log_normal,466,PeakDistance,1.4477437189678153
CD,log_normal,466,PeakEffect,0.10706064252802142
CD,log_normal,466,HalfMaximumLow,0.8801577738481416
CD,log_normal,466,HalfMaximumHigh,2.3813479106671935
CD,log_normal,466,EffectAtKPlus1,0.07983936619609538
CD,log_normal,466,EffectAtKPlus10,0.021540840951444696
CD,log_normal,466,LocalComponentAtKPlus10,2.468734535264472e-06
CD,log_normal,467,Baseline,0.02742170251165731
CD,log_normal,467,Amplitude,0.05553474883381131
CD,log_normal,467,PeakDistance,1.2765221228168684
CD,log_normal,467,PeakEffect,0.08295645134546861
CD,log_normal,467,HalfMaximumLow,0.7135295424616225
CD,log_normal,467,HalfMaximumHigh,2.283729871112559
CD,log_normal,467,EffectAtKPlus1,0.07657285476298896
CD,log_normal,467,EffectAtKPlus10,0.027431135007164157
CD,log_normal,467,LocalComponentAtKPlus10,9.432495506847549e-06
CD,log_normal,468,Baseline,0.02235129917990523
CD,log_normal,468,Amplitude,0.08876448631215456
CD,log_normal,468,PeakDistance,1.4611355196972196
CD,log_normal,468,PeakEffect,0.11111578549205979
CD,log_normal,468,HalfMaximumLow,0.8894231822278893
CD,log_normal,468,HalfMaximumHigh,2.4003388371024625
CD,log_normal,468,EffectAtKPlus1,0.0815837245389442
CD,log_normal,468,EffectAtKPlus10,0.022353983618991158
CD,log_normal,468,LocalComponentAtKPlus10,2.6844390859266654e-06
CD,log_normal,469,Baseline,0.013155225819355446
CD,log_normal,469,Amplitude,0.09132172706861051
CD,log_normal,469,PeakDistance,1.4252482743115755
CD,log_normal,469,PeakEffect,0.10447695288796596
CD,log_normal,469,HalfMaximumLow,0.88461189459833
CD,log_normal,469,HalfMaximumHigh,2.296298134619225
CD,log_normal,469,EffectAtKPlus1,0.07544525022772752
CD,log_normal,469,EffectAtKPlus10,0.013156092365057171
CD,log_normal,469,LocalComponentAtKPlus10,8.665457017255351e-07
CD,log_normal,470,Baseline,0.0141826366964418
CD,log_normal,470,Amplitude,0.07207158252155067
CD,log_normal,470,PeakDistance,1.4149466802714517
CD,log_normal,470,PeakEffect,0.08625421921799248
CD,log_normal,470,HalfMaximumLow,0.8200992027325187
CD,log_normal,470,HalfMaximumHigh,2.4412584493929725
CD,log_normal,470,EffectAtKPlus1,0.06861480933956705
CD,log_normal,470,EffectAtKPlus10,0.014192369575424038
CD,log_normal,470,LocalComponentAtKPlus10,9.732878982237833e-06
CD,log_normal,471,Baseline,0.018097084528567293
CD,log_normal,471,Amplitude,0.08917160779603527
CD,log_normal,471,PeakDistance,1.5249749862952133
CD,log_normal,471,PeakEffect,0.10726869232460257
CD,log_normal,471,HalfMaximumLow,0.9826122124773277
CD,log_normal,471,HalfMaximumHigh,2.3667003923785903
CD,log_normal,471,EffectAtKPlus1,0.0651671415963247
CD,log_normal,471,EffectAtKPlus10,0.01809735929509608
CD,log_normal,471,LocalComponentAtKPlus10,2.747665287863854e-07
CD,log_normal,472,Baseline,0.013803309076073503
CD,log_normal,472,Amplitude,0.08032173654579221
CD,log_normal,472,PeakDistance,1.4638977258154442
CD,log_normal,472,PeakEffect,0.09412504562186572
CD,log_normal,472,HalfMaximumLow,0.8837478226291294
CD,log_normal,472,HalfMaximumHigh,2.424895990433406
CD,log_normal,472,EffectAtKPlus1,0.06790119707239546
CD,log_normal,472,EffectAtKPlus10,0.013806786699869691
CD,log_normal,472,LocalComponentAtKPlus10,3.477623796188309e-06
CD,log_normal,473,Baseline,0.02609413402777861
CD,log_normal,473,Amplitude,0.07678349051925544
CD,log_normal,473,PeakDistance,1.4229663004439177
CD,log_normal,473,PeakEffect,0.10287762454703406
CD,log_normal,473,HalfMaximumLow,0.9352302583333569
CD,log_normal,473,HalfMaximumHigh,2.1650637093451595
CD,log_normal,473,EffectAtKPlus1,0.07315192268816322
CD,log_normal,473,EffectAtKPlus10,0.02609415847308549
CD,log_normal,473,LocalComponentAtKPlus10,2.444530687942259e-08
CD,log_normal,474,Baseline,0.013291094961880077
CD,log_normal,474,Amplitude,0.07209034227353105
CD,log_normal,474,PeakDistance,1.4678336973624027
CD,log_normal,474,PeakEffect,0.08538143723541113
CD,log_normal,474,HalfMaximumLow,0.7687991616089614
CD,log_normal,474,HalfMaximumHigh,2.8024689290809275
CD,log_normal,474,EffectAtKPlus1,0.06976682255228935
CD,log_normal,474,EffectAtKPlus10,0.013452487898106628
CD,log_normal,474,LocalComponentAtKPlus10,0.00016139293622655093
CD,log_normal,475,Baseline,0.01529023495091401
CD,log_normal,475,Amplitude,0.11491993763260142
CD,log_normal,475,PeakDistance,1.4063302529814012
CD,log_normal,475,PeakEffect,0.13021017258351542
CD,log_normal,475,HalfMaximumLow,0.9295535328678883
CD,log_normal,475,HalfMaximumHigh,2.127650221874655
CD,log_normal,475,EffectAtKPlus1,0.08710600468324747
CD,log_normal,475,EffectAtKPlus10,0.0152902550570708
CD,log_normal,475,LocalComponentAtKPlus10,2.010615678983696e-08
CD,log_normal,476,Baseline,0.018308952033371448
CD,log_normal,476,Amplitude,0.09060093829691555
CD,log_normal,476,PeakDistance,1.4996943868744488
CD,log_normal,476,PeakEffect,0.108909890330287
CD,log_normal,476,HalfMaximumLow,0.9065011921969318
CD,log_normal,476,HalfMaximumHigh,2.4810593448553666
CD,log_normal,476,EffectAtKPlus1,0.07612562684547282
CD,log_normal,476,EffectAtKPlus10,0.01831375228671442
CD,log_normal,476,LocalComponentAtKPlus10,4.8002533429708505e-06
CD,log_normal,477,Baseline,0.020951727261401557
CD,log_normal,477,Amplitude,0.08422141269544868
CD,log_normal,477,PeakDistance,1.689990222280351
CD,log_normal,477,PeakEffect,0.10517313995685024
CD,log_normal,477,HalfMaximumLow,1.0595287338027428
CD,log_normal,477,HalfMaximumHigh,2.6956012237181257
CD,log_normal,477,EffectAtKPlus1,0.05604401139702499
CD,log_normal,477,EffectAtKPlus10,0.02095536352893823
CD,log_normal,477,LocalComponentAtKPlus10,3.6362675366746755e-06
CD,log_normal,478,Baseline,0.009673792846678396
CD,log_normal,478,Amplitude,0.08556209219303594
CD,log_normal,478,PeakDistance,1.46138035304476
CD,log_normal,478,PeakEffect,0.09523588503971434
CD,log_normal,478,HalfMaximumLow,0.8619716494604911
CD,log_normal,478,HalfMaximumHigh,2.477613431488056
CD,log_normal,478,EffectAtKPlus1,0.06948954137238648
CD,log_normal,478,EffectAtKPlus10,0.009682445083553712
CD,log_normal,478,LocalComponentAtKPlus10,8.652236875315855e-06
CD,log_normal,479,Baseline,0.06112443557387341
CD,log_normal,479,Amplitude,-0.05441014727786732
CD,log_normal,479,PeakDistance,5.183726497222741
CD,log_normal,479,PeakEffect,0.0067142882960060934
CD,log_normal,479,HalfMaximumLow,3.3929916478512365
CD,log_normal,479,HalfMaximumHigh,7.919565736339618
CD,log_normal,479,EffectAtKPlus1,0.06112285938935396
CD,log_normal,479,EffectAtKPlus10,0.0508414185183995
CD,log_normal,479,LocalComponentAtKPlus10,-0.010283017055473909
CD,log_normal,480,Baseline,0.010964928415147134
CD,log_normal,480,Amplitude,0.09098709137379822
CD,log_normal,480,PeakDistance,1.4871361504403466
CD,log_normal,480,PeakEffect,0.10195201978894536
CD,log_normal,480,HalfMaximumLow,0.8607611056218012
CD,log_normal,480,HalfMaximumHigh,2.56932372466914
CD,log_normal,480,EffectAtKPlus1,0.0741199883982332
CD,log_normal,480,EffectAtKPlus10,0.010984985052940864
CD,log_normal,480,LocalComponentAtKPlus10,2.0056637793730223e-05
CD,log_normal,481,Baseline,0.007025260225104095
CD,log_normal,481,Amplitude,0.10452613252476964
CD,log_normal,481,PeakDistance,1.4640175321371884
CD,log_normal,481,PeakEffect,0.11155139274987373
CD,log_normal,481,HalfMaximumLow,0.9382548859878842
CD,log_normal,481,HalfMaximumHigh,2.2843977328701492
CD,log_normal,481,EffectAtKPlus1,0.06986894799814748
CD,log_normal,481,EffectAtKPlus10,0.007025514353707614
CD,log_normal,481,LocalComponentAtKPlus10,2.5412860351833877e-07
CD,log_normal,482,Baseline,0.0838703613418523
CD,log_normal,482,Amplitude,-0.08815207786524176
CD,log_normal,482,PeakDistance,5.083200004562464
CD,log_normal,482,PeakEffect,-0.004281716523389462
CD,log_normal,482,HalfMaximumLow,2.685225792780526
CD,log_normal,482,HalfMaximumHigh,9.622625537060655
CD,log_normal,482,EffectAtKPlus1,0.08289048487457507
CD,log_normal,482,EffectAtKPlus10,0.043429736747012976
CD,log_normal,482,LocalComponentAtKPlus10,-0.040440624594839325
CD,log_normal,483,Baseline,0.014072175750479579
CD,log_normal,483,Amplitude,0.07701885258090398
CD,log_normal,483,PeakDistance,1.2051729428854545
CD,log_normal,483,PeakEffect,0.09109102833138355
CD,log_normal,483,HalfMaximumLow,0.6178066224669592
CD,log_normal,483,HalfMaximumHigh,2.350965123137483
CD,log_normal,483,EffectAtKPlus1,0.08703735500854289
CD,log_normal,483,EffectAtKPlus10,0.014145961794478313
CD,log_normal,483,LocalComponentAtKPlus10,7.378604399873451e-05
CD,log_normal,484,Baseline,0.06782117409493173
CD,log_normal,484,Amplitude,-0.05900788405896682
CD,log_normal,484,PeakDistance,5.67266788697236
CD,log_normal,484,PeakEffect,0.008813290035964906
CD,log_normal,484,HalfMaximumLow,3.115049799567674
CD,log_normal,484,HalfMaximumHigh,10.330223600391069
CD,log_normal,484,EffectAtKPlus1,0.06764459545812151
CD,log_normal,484,EffectAtKPlus10,0.03607963899594497
CD,log_normal,484,LocalComponentAtKPlus10,-0.03174153509898676
CD,log_normal,485,Baseline,0.01892463095481688
CD,log_normal,485,Amplitude,0.08705350711044064
CD,log_normal,485,PeakDistance,1.5140118021517792
CD,log_normal,485,PeakEffect,0.10597813806525752
CD,log_normal,485,HalfMaximumLow,0.9417720584977342
CD,log_normal,485,HalfMaximumHigh,2.43395598369241
CD,log_normal,485,EffectAtKPlus1,0.07021410697367757
CD,log_normal,485,EffectAtKPlus10,0.018926144307910498
CD,log_normal,485,LocalComponentAtKPlus10,1.5133530936184414e-06
CD,log_normal,486,Baseline,0.019306509167079763
CD,log_normal,486,Amplitude,0.08117988525635736
CD,log_normal,486,PeakDistance,1.4843434912422575
CD,log_normal,486,PeakEffect,0.10048639442343713
CD,log_normal,486,HalfMaximumLow,0.8901017547793544
CD,log_normal,486,HalfMaximumHigh,2.4753075568752463
CD,log_normal,486,EffectAtKPlus1,0.07299456116221686
CD,log_normal,486,EffectAtKPlus10,0.019311765960086585
CD,log_normal,486,LocalComponentAtKPlus10,5.256793006822025e-06
CD,log_normal,487,Baseline,0.06641845578741624
CD,log_normal,487,Amplitude,-0.05696718360323034
CD,log_normal,487,PeakDistance,5.488660253733492
CD,log_normal,487,PeakEffect,0.009451272184185906
CD,log_normal,487,HalfMaximumLow,3.1257919871282023
CD,log_normal,487,HalfMaximumHigh,9.637682707284462
CD,log_normal,487,EffectAtKPlus1,0.06631793820679201
CD,log_normal,487,EffectAtKPlus10,0.040486439697992996
CD,log_normal,487,LocalComponentAtKPlus10,-0.02593201608942325
CD,log_normal,488,Baseline,0.07740521317769226
CD,log_normal,488,Amplitude,-0.07515016258339324
CD,log_normal,488,PeakDistance,4.8244348653428695
CD,log_normal,488,PeakEffect,0.002255050594299021
CD,log_normal,488,HalfMaximumLow,3.010058555042278
CD,log_normal,488,HalfMaximumHigh,7.7324647824364225
CD,log_normal,488,EffectAtKPlus1,0.07737165129412901
CD,log_normal,488,EffectAtKPlus10,0.06304235600278311
CD,log_normal,488,LocalComponentAtKPlus10,-0.01436285717490915
CD,log_normal,489,Baseline,0.018971774246186967
CD,log_normal,489,Amplitude,0.0756783886048851
CD,log_normal,489,PeakDistance,1.6279975643003919
CD,log_normal,489,PeakEffect,0.09465016285107207
CD,log_normal,489,HalfMaximumLow,0.9856031170749093
CD,log_normal,489,HalfMaximumHigh,2.6890905917930157
CD,log_normal,489,EffectAtKPlus1,0.05833472546437188
CD,log_normal,489,EffectAtKPlus10,0.018980494719414112
CD,log_normal,489,LocalComponentAtKPlus10,8.720473227145226e-06
CD,log_normal,490,Baseline,0.010597579234527471
CD,log_normal,490,Amplitude,0.08406975753701133
CD,log_normal,490,PeakDistance,1.4571507748537227
CD,log_normal,490,PeakEffect,0.09466733677153881
CD,log_normal,490,HalfMaximumLow,0.8150524549363632
CD,log_normal,490,HalfMaximumHigh,2.6050941479865655
CD,log_normal,490,EffectAtKPlus1,0.0734371595086022
CD,log_normal,490,EffectAtKPlus10,0.010638892799525113
CD,log_normal,490,LocalComponentAtKPlus10,4.131356499764184e-05
CD,log_normal,491,Baseline,0.027699616849856275
CD,log_normal,491,Amplitude,0.09109138398565257
CD,log_normal,491,PeakDistance,1.4617562250412637
CD,log_normal,491,PeakEffect,0.11879100083550885
CD,log_normal,491,HalfMaximumLow,1.0095308475063491
CD,log_normal,491,HalfMaximumHigh,2.1165586635860048
CD,log_normal,491,EffectAtKPlus1,0.07163565932582971
CD,log_normal,491,EffectAtKPlus10,0.027699617534167276
CD,log_normal,491,LocalComponentAtKPlus10,6.843110002263675e-10
CD,log_normal,492,Baseline,0.02627391007400572
CD,log_normal,492,Amplitude,0.061696729512306446
CD,log_normal,492,PeakDistance,1.5760176341044314
CD,log_normal,492,PeakEffect,0.08797063958631217
CD,log_normal,492,HalfMaximumLow,0.9553465592281735
CD,log_normal,492,HalfMaximumHigh,2.5999272819015773
CD,log_normal,492,EffectAtKPlus1,0.0610809293909977
CD,log_normal,492,EffectAtKPlus10,0.026278796956023507
CD,log_normal,492,LocalComponentAtKPlus10,4.8868820177877526e-06
CD,log_normal,493,Baseline,0.061677877474040486
CD,log_normal,493,Amplitude,-0.05262451051981596
CD,log_normal,493,PeakDistance,5.062885995593433
CD,log_normal,493,PeakEffect,0.009053366954224526
CD,log_normal,493,HalfMaximumLow,3.108790679462861
CD,log_normal,493,HalfMaximumHigh,8.24526873864823
CD,log_normal,493,EffectAtKPlus1,0.06165322952761317
CD,log_normal,493,EffectAtKPlus10,0.04803661964544449
CD,log_normal,493,LocalComponentAtKPlus10,-0.013641257828595994
CD,log_normal,494,Baseline,0.0040888877844656715
CD,log_normal,494,Amplitude,0.09230986314636107
CD,log_normal,494,PeakDistance,1.353411197130408
CD,log_normal,494,PeakEffect,0.09639875093082674
CD,log_normal,494,HalfMaximumLow,0.7989048469124829
CD,log_normal,494,HalfMaximumHigh,2.292791032119777
CD,log_normal,494,EffectAtKPlus1,0.07754600491145351
CD,log_normal,494,EffectAtKPlus10,0.004093174961702848
CD,log_normal,494,LocalComponentAtKPlus10,4.287177237176712e-06
CD,log_normal,495,Baseline,0.01756452655977793
CD,log_normal,495,Amplitude,0.07780211458933632
CD,log_normal,495,PeakDistance,1.5392276472769708
CD,log_normal,495,PeakEffect,0.09536664114911425
CD,log_normal,495,HalfMaximumLow,0.9562588852289641
CD,log_normal,495,HalfMaximumHigh,2.4775944953175713
CD,log_normal,495,EffectAtKPlus1,0.06160727502073789
CD,log_normal,495,EffectAtKPlus10,0.01756625898005888
CD,log_normal,495,LocalComponentAtKPlus10,1.732420280949748e-06
CD,log_normal,496,Baseline,0.02385671278988141
CD,log_normal,496,Amplitude,0.10294678502939932
CD,log_normal,496,PeakDistance,1.386044102180661
CD,log_normal,496,PeakEffect,0.1268034978192807
CD,log_normal,496,HalfMaximumLow,0.9868091830238956
CD,log_normal,496,HalfMaximumHigh,1.9467981107582328
CD,log_normal,496,EffectAtKPlus1,0.07813857026399922
CD,log_normal,496,EffectAtKPlus10,0.023856712796602758
CD,log_normal,496,LocalComponentAtKPlus10,6.721349171678881e-12
CD,log_normal,497,Baseline,0.018874979466391977
CD,log_normal,497,Amplitude,0.08699092844284474
CD,log_normal,497,PeakDistance,1.483137836080994
CD,log_normal,497,PeakEffect,0.10586590790923672
CD,log_normal,497,HalfMaximumLow,0.9696488379553876
CD,log_normal,497,HalfMaximumHigh,2.268550999816924
CD,log_normal,497,EffectAtKPlus1,0.0667958136573795
CD,log_normal,497,EffectAtKPlus10,0.018875053432232856
CD,log_normal,497,LocalComponentAtKPlus10,7.396584087923652e-08
CD,log_normal,498,Baseline,0.014152507243134606
CD,log_normal,498,Amplitude,0.07362493554695261
CD,log_normal,498,PeakDistance,1.3628351273230053
CD,log_normal,498,PeakEffect,0.08777744279008722
CD,log_normal,498,HalfMaximumLow,0.7427604808891008
CD,log_normal,498,HalfMaximumHigh,2.5005632798910615
CD,log_normal,498,EffectAtKPlus1,0.07562987300772597
CD,log_normal,498,EffectAtKPlus10,0.014194307426691276
CD,log_normal,498,LocalComponentAtKPlus10,4.180018355666969e-05
CD,log_normal,499,Baseline,0.009357886099630485
CD,log_normal,499,Amplitude,0.0896832430395947
CD,log_normal,499,PeakDistance,1.552736127482871
CD,log_normal,499,PeakEffect,0.09904112913922518
CD,log_normal,499,HalfMaximumLow,0.9427328540843832
CD,log_normal,499,HalfMaximumHigh,2.5574471825659923
CD,log_normal,499,EffectAtKPlus1,0.06167335235421526
CD,log_normal,499,EffectAtKPlus10,0.009363620952395093
CD,log_normal,499,LocalComponentAtKPlus10,5.734852764607487e-06
CD,log_normal,500,Baseline,0.026260683752051105
CD,log_normal,500,Amplitude,0.0722896037853765
CD,log_normal,500,PeakDistance,1.4302753098576713
CD,log_normal,500,PeakEffect,0.0985502875374276
CD,log_normal,500,HalfMaximumLow,0.8401827914947088
CD,log_normal,500,HalfMaximumHigh,2.4348123797550314
CD,log_normal,500,EffectAtKPlus1,0.07908826925338461
CD,log_normal,500,EffectAtKPlus10,0.026267547832852744
CD,log_normal,500,LocalComponentAtKPlus10,6.8640808016384725e-06
CD,log_normal,501,Baseline,0.013875764066637989
CD,log_normal,501,Amplitude,0.08777468830487897
CD,log_normal,501,PeakDistance,1.5562105091937315
CD,log_normal,501,PeakEffect,0.10165045237151696
CD,log_normal,501,HalfMaximumLow,0.9197501191412549
CD,log_normal,501,HalfMaximumHigh,2.6330968580750747
CD,log_normal,501,EffectAtKPlus1,0.06763948023627271
CD,log_normal,501,EffectAtKPlus10,0.013890780586631348
CD,log_normal,501,LocalComponentAtKPlus10,1.5016519993358776e-05
CD,log_normal,502,Baseline,0.009895117829137504
CD,log_normal,502,Amplitude,0.09523215981452524
CD,log_normal,502,PeakDistance,1.5678126464516913
CD,log_normal,502,PeakEffect,0.10512727764366274
CD,log_normal,502,HalfMaximumLow,0.9667411857658756
CD,log_normal,502,HalfMaximumHigh,2.54260036767394
CD,log_normal,502,EffectAtKPlus1,0.06218269676130841
CD,log_normal,502,EffectAtKPlus10,0.009898730856696052
CD,log_normal,502,LocalComponentAtKPlus10,3.613027558548726e-06
CD,log_normal,503,Baseline,0.08402338413963131
CD,log_normal,503,Amplitude,-0.08350395827541134
CD,log_normal,503,PeakDistance,4.869897387640338
CD,log_normal,503,PeakEffect,0.0005194258642199773
CD,log_normal,503,HalfMaximumLow,2.8061760972408263
CD,log_normal,503,HalfMaximumHigh,8.451322990551043
CD,log_normal,503,EffectAtKPlus1,0.08374855382821254
CD,log_normal,503,EffectAtKPlus10,0.05838686843145442
CD,log_normal,503,LocalComponentAtKPlus10,-0.02563651570817689
CD,log_normal,504,Baseline,0.00954830250120922
CD,log_normal,504,Amplitude,0.11787044063526889
CD,log_normal,504,PeakDistance,1.452937399484456
CD,log_normal,504,PeakEffect,0.1274187431364781
CD,log_normal,504,HalfMaximumLow,0.9338026889336261
CD,log_normal,504,HalfMaximumHigh,2.2606778839236172
CD,log_normal,504,EffectAtKPlus1,0.0813980543178446
CD,log_normal,504,EffectAtKPlus10,0.009548521174464517
CD,log_normal,504,LocalComponentAtKPlus10,2.1867325529674464e-07
CD,log_normal,505,Baseline,0.013829998731695034
CD,log_normal,505,Amplitude,0.08558022231186395
CD,log_normal,505,PeakDistance,1.5053459858597522
CD,log_normal,505,PeakEffect,0.09941022104355898
CD,log_normal,505,HalfMaximumLow,0.979419929646024
CD,log_normal,505,HalfMaximumHigh,2.3136822812693403
CD,log_normal,505,EffectAtKPlus1,0.05951427710932684
CD,log_normal,505,EffectAtKPlus10,0.013830121715228553
CD,log_normal,505,LocalComponentAtKPlus10,1.2298353351848645e-07
CD,log_normal,506,Baseline,0.014334993518014635
CD,log_normal,506,Amplitude,0.08137524821860277
CD,log_normal,506,PeakDistance,1.4706175847051235
CD,log_normal,506,PeakEffect,0.09571024173661741
CD,log_normal,506,HalfMaximumLow,0.8800284800449157
CD,log_normal,506,HalfMaximumHigh,2.4575523741385594
CD,log_normal,506,EffectAtKPlus1,0.06937284446131481
CD,log_normal,506,EffectAtKPlus10,0.014340184512272381
CD,log_normal,506,LocalComponentAtKPlus10,5.190994257745982e-06
CD,log_normal,507,Baseline,0.02447778601760871
CD,log_normal,507,Amplitude,0.07201263583902037
CD,log_normal,507,PeakDistance,1.6690858784867173
CD,log_normal,507,PeakEffect,0.09649042185662908
CD,log_normal,507,HalfMaximumLow,1.0121483534142834
CD,log_normal,507,HalfMaximumHigh,2.7524104152975863
CD,log_normal,507,EffectAtKPlus1,0.059284993916232764
CD,log_normal,507,EffectAtKPlus10,0.024487810363058336
CD,log_normal,507,LocalComponentAtKPlus10,1.0024345449624605e-05
CD,log_normal,508,Baseline,0.0158743208307995
CD,log_normal,508,Amplitude,0.07453200317537675
CD,log_normal,508,PeakDistance,1.3770677928578154
CD,log_normal,508,PeakEffect,0.09040632400617625
CD,log_normal,508,HalfMaximumLow,0.7785217911103733
CD,log_normal,508,HalfMaximumHigh,2.4357901445785592
CD,log_normal,508,EffectAtKPlus1,0.07579772579197568
CD,log_normal,508,EffectAtKPlus10,0.01589147373082955
CD,log_normal,508,LocalComponentAtKPlus10,1.7152900030049933e-05
CD,log_normal,509,Baseline,0.023541544159948784
CD,log_normal,509,Amplitude,0.08559198569809781
CD,log_normal,509,PeakDistance,1.631447585021346
CD,log_normal,509,PeakEffect,0.1091335298580466
CD,log_normal,509,HalfMaximumLow,1.1063582509273004
CD,log_normal,509,HalfMaximumHigh,2.4057498739139227
CD,log_normal,509,EffectAtKPlus1,0.052008397247215774
CD,log_normal,509,EffectAtKPlus10,0.023541567723381607
CD,log_normal,509,LocalComponentAtKPlus10,2.3563432823003883e-08
CD,log_normal,510,Baseline,0.016668180565157734
CD,log_normal,510,Amplitude,0.09387748807562425
CD,log_normal,510,PeakDistance,1.4932048047448834
CD,log_normal,510,PeakEffect,0.11054566864078198
CD,log_normal,510,HalfMaximumLow,0.8742537077660165
CD,log_normal,510,HalfMaximumHigh,2.550358744958216
CD,log_normal,510,EffectAtKPlus1,0.08030403464214293
CD,log_normal,510,EffectAtKPlus10,0.0166830944182514
CD,log_normal,510,LocalComponentAtKPlus10,1.4913853093666968e-05
CD,log_normal,511,Baseline,0.01647029982646094
CD,log_normal,511,Amplitude,0.08631568525640756
CD,log_normal,511,PeakDistance,1.5035592549533743
CD,log_normal,511,PeakEffect,0.1027859850828685
CD,log_normal,511,HalfMaximumLow,0.969824588075118
CD,log_normal,511,HalfMaximumHigh,2.331030230572834
CD,log_normal,511,EffectAtKPlus1,0.06385748773430226
CD,log_normal,511,EffectAtKPlus10,0.01647050634596225
CD,log_normal,511,LocalComponentAtKPlus10,2.0651950131261865e-07
CD,log_normal,512,Baseline,0.018000648628851666
CD,log_normal,512,Amplitude,0.08751795407980575
CD,log_normal,512,PeakDistance,1.5317966729850443
CD,log_normal,512,PeakEffect,0.10551860270865743
CD,log_normal,512,HalfMaximumLow,0.9829302867806744
CD,log_normal,512,HalfMaximumHigh,2.3871489961440298
CD,log_normal,512,EffectAtKPlus1,0.0641300685168593
CD,log_normal,512,EffectAtKPlus10,0.01800101074455604
CD,log_normal,512,LocalComponentAtKPlus10,3.6211570437344465e-07
CD,log_normal,513,Baseline,0.011466869875262598
CD,log_normal,513,Amplitude,0.07944026197298237
CD,log_normal,513,PeakDistance,1.5158782709091367
CD,log_normal,513,PeakEffect,0.09090713184824498
CD,log_normal,513,HalfMaximumLow,0.8267815413857044
CD,log_normal,513,HalfMaximumHigh,2.779315716656136
CD,log_normal,513,EffectAtKPlus1,0.06878408801924056
CD,log_normal,513,EffectAtKPlus10,0.011563363928177651
CD,log_normal,513,LocalComponentAtKPlus10,9.649405291505334e-05
CD,log_normal,514,Baseline,0.018217167913520665
CD,log_normal,514,Amplitude,0.08476619740177216
CD,log_normal,514,PeakDistance,1.5342468401507392
CD,log_normal,514,PeakEffect,0.10298336531529283
CD,log_normal,514,HalfMaximumLow,0.9608940197550059
CD,log_normal,514,HalfMaximumHigh,2.449711745643596
CD,log_normal,514,EffectAtKPlus1,0.06567748507452398
CD,log_normal,514,EffectAtKPlus10,0.01821841876536238
CD,log_normal,514,LocalComponentAtKPlus10,1.2508518417164716e-06
CD,log_normal,515,Baseline,0.001457421478860048
CD,log_normal,515,Amplitude,0.10442753299691404
CD,log_normal,515,PeakDistance,1.3806392148859585
CD,log_normal,515,PeakEffect,0.10588495447577409
CD,log_normal,515,HalfMaximumLow,0.8232004437889295
CD,log_normal,515,HalfMaximumHigh,2.315553467035862
CD,log_normal,515,EffectAtKPlus1,0.08120032925992295
CD,log_normal,515,EffectAtKPlus10,0.0014614495696997206
CD,log_normal,515,LocalComponentAtKPlus10,4.028090839672694e-06
CD,log_normal,516,Baseline,0.00492987288374587
CD,log_normal,516,Amplitude,0.10158824303121898
CD,log_normal,516,PeakDistance,1.3698842607583404
CD,log_normal,516,PeakEffect,0.10651811591496485
CD,log_normal,516,HalfMaximumLow,0.7267885183146119
CD,log_normal,516,HalfMaximumHigh,2.5820205473596802
CD,log_normal,516,EffectAtKPlus1,0.09055980996539942
CD,log_normal,516,EffectAtKPlus10,0.005041049708146072
CD,log_normal,516,LocalComponentAtKPlus10,0.00011117682440020191
CD,log_normal,517,Baseline,0.004068124435351859
CD,log_normal,517,Amplitude,0.06956577599930058
CD,log_normal,517,PeakDistance,1.6326876392374665
CD,log_normal,517,PeakEffect,0.07363390043465244
CD,log_normal,517,HalfMaximumLow,0.9018462697391567
CD,log_normal,517,HalfMaximumHigh,2.955790822409023
CD,log_normal,517,EffectAtKPlus1,0.04742318619896098
CD,log_normal,517,EffectAtKPlus10,0.004176685327303757
CD,log_normal,517,LocalComponentAtKPlus10,0.00010856089195189836
CD,log_normal,518,Baseline,0.017460395320874837
CD,log_normal,518,Amplitude,0.10339124847033741
CD,log_normal,518,PeakDistance,1.5095698031589961
CD,log_normal,518,PeakEffect,0.12085164379121224
CD,log_normal,518,HalfMaximumLow,0.9477397396832468
CD,log_normal,518,HalfMaximumHigh,2.4044586242327566
CD,log_normal,518,EffectAtKPlus1,0.07756019647048137
CD,log_normal,518,EffectAtKPlus10,0.017461512353198764
CD,log_normal,518,LocalComponentAtKPlus10,1.1170323239266533e-06
CD,log_normal,519,Baseline,0.08276252171590483
CD,log_normal,519,Amplitude,-0.08730731000560822
CD,log_normal,519,PeakDistance,5.612010609135403
CD,log_normal,519,PeakEffect,-0.004544788289703394
CD,log_normal,519,HalfMaximumLow,3.0026521775696593
CD,log_normal,519,HalfMaximumHigh,10.488948174656727
CD,log_normal,519,EffectAtKPlus1,0.08231460808320021
CD,log_normal,519,EffectAtKPlus10,0.034432017801773435
CD,log_normal,519,LocalComponentAtKPlus10,-0.04833050391413139
CD,log_normal,520,Baseline,0.020528369788384012
CD,log_normal,520,Amplitude,0.09378130681210943
CD,log_normal,520,PeakDistance,1.4605483608622742
CD,log_normal,520,PeakEffect,0.11430967660049345
CD,log_normal,520,HalfMaximumLow,0.9684052526433846
CD,log_normal,520,HalfMaximumHigh,2.2027983724733344
CD,log_normal,520,EffectAtKPlus1,0.07256237703613364
CD,log_normal,520,EffectAtKPlus10,0.02052839345570964
CD,log_normal,520,LocalComponentAtKPlus10,2.3667325627085845e-08
CD,log_normal,521,Baseline,0.01583766092486976
CD,log_normal,521,Amplitude,0.09170602751616694
CD,log_normal,521,PeakDistance,1.3979573548485948
CD,log_normal,521,PeakEffect,0.1075436884410367
CD,log_normal,521,HalfMaximumLow,0.8483899935202502
CD,log_normal,521,HalfMaximumHigh,2.3035217068818876
CD,log_normal,521,EffectAtKPlus1,0.08297211137341082
CD,log_normal,521,EffectAtKPlus10,0.015839611367291288
CD,log_normal,521,LocalComponentAtKPlus10,1.95044242152706e-06
CD,log_normal,522,Baseline,0.018447222214524474
CD,log_normal,522,Amplitude,0.06611068223237349
CD,log_normal,522,PeakDistance,1.5433032889375662
CD,log_normal,522,PeakEffect,0.08455790444689795
CD,log_normal,522,HalfMaximumLow,0.8640076439287445
CD,log_normal,522,HalfMaximumHigh,2.756671261396776
CD,log_normal,522,EffectAtKPlus1,0.06330476039079105
CD,log_normal,522,EffectAtKPlus10,0.018496949219015513
CD,log_normal,522,LocalComponentAtKPlus10,4.9727004491038895e-05
CD,log_normal,523,Baseline,0.004153997122785661
CD,log_normal,523,Amplitude,0.0834611830765137
CD,log_normal,523,PeakDistance,1.420739958642544
CD,log_normal,523,PeakEffect,0.08761518019929937
CD,log_normal,523,HalfMaximumLow,0.7363491789855542
CD,log_normal,523,HalfMaximumHigh,2.741229416272924
CD,log_normal,523,EffectAtKPlus1,0.07262985647547514
CD,log_normal,523,EffectAtKPlus10,0.0043392042208315225
CD,log_normal,523,LocalComponentAtKPlus10,0.0001852070980458611
CD,log_normal,524,Baseline,0.000762867252040013
CD,log_normal,524,Amplitude,0.09869837662192642
CD,log_normal,524,PeakDistance,1.5136337682079979
CD,log_normal,524,PeakEffect,0.09946124387396643
CD,log_normal,524,HalfMaximumLow,0.8282915961044164
CD,log_normal,524,HalfMaximumHigh,2.766039393656631
CD,log_normal,524,EffectAtKPlus1,0.0718865866015062
CD,log_normal,524,EffectAtKPlus10,0.0008730390994922063
CD,log_normal,524,LocalComponentAtKPlus10,0.00011017184745219333
CD,log_normal,525,Baseline,0.006197162673083913
CD,log_normal,525,Amplitude,0.09376945151616772
CD,log_normal,525,PeakDistance,1.409864764601048
CD,log_normal,525,PeakEffect,0.09996661418925164
CD,log_normal,525,HalfMaximumLow,0.8205562962643036
CD,log_normal,525,HalfMaximumHigh,2.42240375646733
CD,log_normal,525,EffectAtKPlus1,0.0771267068628691
CD,log_normal,525,EffectAtKPlus10,0.006207839101599504
CD,log_normal,525,LocalComponentAtKPlus10,1.0676428515590461e-05
CD,log_normal,526,Baseline,0.010143478298587354
CD,log_normal,526,Amplitude,0.11263962588984111
CD,log_normal,526,PeakDistance,1.498034162563086
CD,log_normal,526,PeakEffect,0.12278310418842847
CD,log_normal,526,HalfMaximumLow,0.9913343072938136
CD,log_normal,526,HalfMaximumHigh,2.2637230807961672
CD,log_normal,526,EffectAtKPlus1,0.0681156371811405
CD,log_normal,526,EffectAtKPlus10,0.010143526902167181
CD,log_normal,526,LocalComponentAtKPlus10,4.860357982749974e-08
CD,log_normal,527,Baseline,0.014020507348944609
CD,log_normal,527,Amplitude,0.08125784904834077
CD,log_normal,527,PeakDistance,1.3614474816645576
CD,log_normal,527,PeakEffect,0.09527835639728538
CD,log_normal,527,HalfMaximumLow,0.8283017453452654
CD,log_normal,527,HalfMaximumHigh,2.23775846875482
CD,log_normal,527,EffectAtKPlus1,0.07622302419108669
CD,log_normal,527,EffectAtKPlus10,0.01402166253293839
CD,log_normal,527,LocalComponentAtKPlus10,1.155183993781228e-06
CD,log_normal,528,Baseline,0.00935320902014921
CD,log_normal,528,Amplitude,0.087927410443757
CD,log_normal,528,PeakDistance,1.5964416011850622
CD,log_normal,528,PeakEffect,0.0972806194639062
CD,log_normal,528,HalfMaximumLow,1.0219723346935936
CD,log_normal,528,HalfMaximumHigh,2.4938305074162805
CD,log_normal,528,EffectAtKPlus1,0.0503776649762495
CD,log_normal,528,EffectAtKPlus10,0.009353917568007379
CD,log_normal,528,LocalComponentAtKPlus10,7.085478581688592e-07
CD,log_normal,529,Baseline,0.024257257593524335
CD,log_normal,529,Amplitude,0.057186531600860784
CD,log_normal,529,PeakDistance,1.5749549168564025
CD,log_normal,529,PeakEffect,0.08144378919438512
CD,log_normal,529,HalfMaximumLow,1.0051172299734867
CD,log_normal,529,HalfMaximumHigh,2.4678544115650958
CD,log_normal,529,EffectAtKPlus1,0.05240104859121552
CD,log_normal,529,EffectAtKPlus10,0.02425771328849399
CD,log_normal,529,LocalComponentAtKPlus10,4.5569496965464085e-07
CD,log_normal,530,Baseline,0.0038615405512853118
CD,log_normal,530,Amplitude,0.07727950966612683
CD,log_normal,530,PeakDistance,1.4915064097582145
CD,log_normal,530,PeakEffect,0.08114105021741214
CD,log_normal,530,HalfMaximumLow,0.7349385456291546
CD,log_normal,530,HalfMaximumHigh,3.0269080096288135
CD,log_normal,530,EffectAtKPlus1,0.06580760116521517
CD,log_normal,530,EffectAtKPlus10,0.0043770206267730455
CD,log_normal,530,LocalComponentAtKPlus10,0.0005154800754877337
CD,log_normal,531,Baseline,0.017629912683906786
CD,log_normal,531,Amplitude,0.0589728129318042
CD,log_normal,531,PeakDistance,1.4634330209939954
CD,log_normal,531,PeakEffect,0.07660272561571099
CD,log_normal,531,HalfMaximumLow,0.8008535653610711
CD,log_normal,531,HalfMaximumHigh,2.67419201158209
CD,log_normal,531,EffectAtKPlus1,0.06235533928693361
CD,log_normal,531,EffectAtKPlus10,0.017681385455559764
CD,log_normal,531,LocalComponentAtKPlus10,5.147277165297795e-05
CD,log_normal,532,Baseline,0.014853995133061569
CD,log_normal,532,Amplitude,0.10080281986851353
CD,log_normal,532,PeakDistance,1.5813279965040445
CD,log_normal,532,PeakEffect,0.1156568150015751
CD,log_normal,532,HalfMaximumLow,0.9751181335366593
CD,log_normal,532,HalfMaximumHigh,2.5644054258924176
CD,log_normal,532,EffectAtKPlus1,0.06892976245083267
CD,log_normal,532,EffectAtKPlus10,0.014858189084978874
CD,log_normal,532,LocalComponentAtKPlus10,4.1939519173049555e-06
CD,log_normal,533,Baseline,0.0150559645707177
CD,log_normal,533,Amplitude,0.08108289520495404
CD,log_normal,533,PeakDistance,1.461024676941289
CD,log_normal,533,PeakEffect,0.09613885977567174
CD,log_normal,533,HalfMaximumLow,0.9404913535510592
CD,log_normal,533,HalfMaximumHigh,2.2696573430172533
CD,log_normal,533,EffectAtKPlus1,0.06357542826516563
CD,log_normal,533,EffectAtKPlus10,0.015056112186575016
CD,log_normal,533,LocalComponentAtKPlus10,1.476158573154862e-07
CD,log_normal,534,Baseline,0.009321999715937864
CD,log_normal,534,Amplitude,0.08078276116339786
CD,log_normal,534,PeakDistance,1.570761168294724
CD,log_normal,534,PeakEffect,0.09010476087933572
CD,log_normal,534,HalfMaximumLow,0.9263473336819779
CD,log_normal,534,HalfMaximumHigh,2.6634617039548214
CD,log_normal,534,EffectAtKPlus1,0.05798470432073737
CD,log_normal,534,EffectAtKPlus10,0.009338163734274079
CD,log_normal,534,LocalComponentAtKPlus10,1.6164018336215294e-05
CD,log_normal,535,Baseline,0.0183685431746387
CD,log_normal,535,Amplitude,0.07133999561784599
CD,log_normal,535,PeakDistance,1.5121856986409168
CD,log_normal,535,PeakEffect,0.0897085387924847
CD,log_normal,535,HalfMaximumLow,0.8271990419527102
CD,log_normal,535,HalfMaximumHigh,2.764395836068733
CD,log_normal,535,EffectAtKPlus1,0.06987530060428637
CD,log_normal,535,EffectAtKPlus10,0.01844827889192472
CD,log_normal,535,LocalComponentAtKPlus10,7.973571728601969e-05
CD,log_normal,536,Baseline,0.02068007042604415
CD,log_normal,536,Amplitude,0.07601105837431062
CD,log_normal,536,PeakDistance,1.5094301156330663
CD,log_normal,536,PeakEffect,0.09669112880035477
CD,log_normal,536,HalfMaximumLow,0.8702222546645499
CD,log_normal,536,HalfMaximumHigh,2.6181579036476292
CD,log_normal,536,EffectAtKPlus1,0.07227767165528722
CD,log_normal,536,EffectAtKPlus10,0.02070157178144825
CD,log_normal,536,LocalComponentAtKPlus10,2.150135540409867e-05
CD,log_normal,537,Baseline,0.0155693379457988
CD,log_normal,537,Amplitude,0.07268796753432681
CD,log_normal,537,PeakDistance,1.7524637066583824
CD,log_normal,537,PeakEffect,0.08825730548012561
CD,log_normal,537,HalfMaximumLow,0.9868682917386672
CD,log_normal,537,HalfMaximumHigh,3.1119948516575735
CD,log_normal,537,EffectAtKPlus1,0.053078043510051576
CD,log_normal,537,EffectAtKPlus10,0.01569310790468106
CD,log_normal,537,LocalComponentAtKPlus10,0.00012376995888226106
CD,log_normal,538,Baseline,0.018124897269768143
CD,log_normal,538,Amplitude,0.07881010645141565
CD,log_normal,538,PeakDistance,1.548768503221627
CD,log_normal,538,PeakEffect,0.09693500372118379
CD,log_normal,538,HalfMaximumLow,0.9749047017971305
CD,log_normal,538,HalfMaximumHigh,2.4604290779905424
CD,log_normal,538,EffectAtKPlus1,0.06055774995261408
CD,log_normal,538,EffectAtKPlus10,0.018125918131846552
CD,log_normal,538,LocalComponentAtKPlus10,1.0208620784095401e-06
CD,log_normal,539,Baseline,0.01809632939715828
CD,log_normal,539,Amplitude,0.08491339528784098
CD,log_normal,539,PeakDistance,1.5078956840878233
CD,log_normal,539,PeakEffect,0.10300972468499925
CD,log_normal,539,HalfMaximumLow,0.8894573141927306
CD,log_normal,539,HalfMaximumHigh,2.556333348221813
CD,log_normal,539,EffectAtKPlus1,0.07390880266698677
CD,log_normal,539,EffectAtKPlus10,0.01810786742233913
CD,log_normal,539,LocalComponentAtKPlus10,1.1538025180848899e-05
CD,log_normal,540,Baseline,0.013386871930216978
CD,log_normal,540,Amplitude,0.09694669570234746
CD,log_normal,540,PeakDistance,1.636060136530308
CD,log_normal,540,PeakEffect,0.11033356763256444
CD,log_normal,540,HalfMaximumLow,1.0157068321551992
CD,log_normal,540,HalfMaximumHigh,2.6353005469737485
CD,log_normal,540,EffectAtKPlus1,0.059678065570751726
CD,log_normal,540,EffectAtKPlus10,0.013391291370133302
CD,log_normal,540,LocalComponentAtKPlus10,4.419439916324153e-06
CD,log_normal,541,Baseline,0.02589345199064824
CD,log_normal,541,Amplitude,0.07924115105300104
CD,log_normal,541,PeakDistance,1.5700608058233023
CD,log_normal,541,PeakEffect,0.10513460304364929
CD,log_normal,541,HalfMaximumLow,0.9901602450471317
CD,log_normal,541,HalfMaximumHigh,2.4895878685426105
CD,log_normal,541,EffectAtKPlus1,0.06669685918303253
CD,log_normal,541,EffectAtKPlus10,0.02589455714948657
CD,log_normal,541,LocalComponentAtKPlus10,1.1051588383326205e-06
CD,log_normal,542,Baseline,0.01377176686566528
CD,log_normal,542,Amplitude,0.09147540356696307
CD,log_normal,542,PeakDistance,1.423663991414912
CD,log_normal,542,PeakEffect,0.10524717043262835
CD,log_normal,542,HalfMaximumLow,0.8332002015535491
CD,log_normal,542,HalfMaximumHigh,2.4325716156480985
CD,log_normal,542,EffectAtKPlus1,0.08144647410966241
CD,log_normal,542,EffectAtKPlus10,0.013781217121731375
CD,log_normal,542,LocalComponentAtKPlus10,9.4502560660948e-06
CD,log_normal,543,Baseline,0.01060515875050263
CD,log_normal,543,Amplitude,0.0661088862884907
CD,log_normal,543,PeakDistance,1.671398556775686
CD,log_normal,543,PeakEffect,0.07671404503899333
CD,log_normal,543,HalfMaximumLow,0.9635583663213407
CD,log_normal,543,HalfMaximumHigh,2.899225654857951
CD,log_normal,543,EffectAtKPlus1,0.046782830624602006
CD,log_normal,543,EffectAtKPlus10,0.010649276054829366
CD,log_normal,543,LocalComponentAtKPlus10,4.4117304326735454e-05
CD,log_normal,544,Baseline,0.0704335937707418
CD,log_normal,544,Amplitude,-0.06869817791958775
CD,log_normal,544,PeakDistance,5.211899498328511
CD,log_normal,544,PeakEffect,0.001735415851154054
CD,log_normal,544,HalfMaximumLow,3.248038545560003
CD,log_normal,544,HalfMaximumHigh,8.363169340403743
CD,log_normal,544,EffectAtKPlus1,0.07041887279289082
CD,log_normal,544,EffectAtKPlus10,0.05201168503280219
CD,log_normal,544,LocalComponentAtKPlus10,-0.018421908737939613
CD,log_normal,545,Baseline,0.009810981517215399
CD,log_normal,545,Amplitude,0.06720958972586892
CD,log_normal,545,PeakDistance,1.4147752294005878
CD,log_normal,545,PeakEffect,0.07702057124308431
CD,log_normal,545,HalfMaximumLow,0.6709055923477681
CD,log_normal,545,HalfMaximumHigh,2.983413721029097
CD,log_normal,545,EffectAtKPlus1,0.06766423379994599
CD,log_normal,545,EffectAtKPlus10,0.010385450932291953
CD,log_normal,545,LocalComponentAtKPlus10,0.000574469415076554
CD,log_normal,546,Baseline,0.00708327067475522
CD,log_normal,546,Amplitude,0.07565655748485406
CD,log_normal,546,PeakDistance,1.6327770772223713
CD,log_normal,546,PeakEffect,0.08273982815960929
CD,log_normal,546,HalfMaximumLow,0.811233857341368
CD,log_normal,546,HalfMaximumHigh,3.2863038934788817
CD,log_normal,546,EffectAtKPlus1,0.060904390964282656
CD,log_normal,546,EffectAtKPlus10,0.007804487444560527
CD,log_normal,546,LocalComponentAtKPlus10,0.0007212167698053074
CD,log_normal,547,Baseline,0.012810951632037907
CD,log_normal,547,Amplitude,0.07706973417606232
CD,log_normal,547,PeakDistance,1.5755403416949585
CD,log_normal,547,PeakEffect,0.08988068580810023
CD,log_normal,547,HalfMaximumLow,0.9175959673960736
CD,log_normal,547,HalfMaximumHigh,2.7052509563141838
CD,log_normal,547,EffectAtKPlus1,0.06001851671582975
CD,log_normal,547,EffectAtKPlus10,0.012834348854492195
CD,log_normal,547,LocalComponentAtKPlus10,2.3397222454287284e-05
CD,log_normal,548,Baseline,0.013278679353654321
CD,log_normal,548,Amplitude,0.07634022876413044
CD,log_normal,548,PeakDistance,1.3594620928231007
CD,log_normal,548,PeakEffect,0.08961890811778475
CD,log_normal,548,HalfMaximumLow,0.7115207176920094
CD,log_normal,548,HalfMaximumHigh,2.5974467585678287
CD,log_normal,548,EffectAtKPlus1,0.07859623204482884
CD,log_normal,548,EffectAtKPlus10,0.013384143542865146
CD,log_normal,548,LocalComponentAtKPlus10,0.00010546418921082538
CD,log_normal,549,Baseline,0.010146043535705656
CD,log_normal,549,Amplitude,0.108598063923082
CD,log_normal,549,PeakDistance,1.4490867411607982
CD,log_normal,549,PeakEffect,0.11874410745878765
CD,log_normal,549,HalfMaximumLow,0.9304696425031027
CD,log_normal,549,HalfMaximumHigh,2.2567661399023233
CD,log_normal,549,EffectAtKPlus1,0.07694459219261869
CD,log_normal,549,EffectAtKPlus10,0.010146248807312146
CD,log_normal,549,LocalComponentAtKPlus10,2.052716064904203e-07
CD,log_normal,550,Baseline,0.01280327172144929
CD,log_normal,550,Amplitude,0.07434435634699865
CD,log_normal,550,PeakDistance,1.3752048954957277
CD,log_normal,550,PeakEffect,0.08714762806844795
CD,log_normal,550,HalfMaximumLow,0.6859512695128505
CD,log_normal,550,HalfMaximumHigh,2.7570304023761065
CD,log_normal,550,EffectAtKPlus1,0.07708489256910178
CD,log_normal,550,EffectAtKPlus10,0.013067532730907617
CD,log_normal,550,LocalComponentAtKPlus10,0.0002642610094583265
CD,log_normal,551,Baseline,0.015320641329657103
CD,log_normal,551,Amplitude,0.08255506628165706
CD,log_normal,551,PeakDistance,1.4709732701511893
CD,log_normal,551,PeakEffect,0.09787570761131416
CD,log_normal,551,HalfMaximumLow,0.9339157638005188
CD,log_normal,551,HalfMaximumHigh,2.316871012749556
CD,log_normal,551,EffectAtKPlus1,0.06538204063425296
CD,log_normal,551,EffectAtKPlus10,0.015321003102721383
CD,log_normal,551,LocalComponentAtKPlus10,3.6177306428006317e-07
CD,log_normal,552,Baseline,0.01674289960121469
CD,log_normal,552,Amplitude,0.07553519289678022
CD,log_normal,552,PeakDistance,1.3850885385157263
CD,log_normal,552,PeakEffect,0.09227809249799492
CD,log_normal,552,HalfMaximumLow,0.7550310972421552
CD,log_normal,552,HalfMaximumHigh,2.5409155550481057
CD,log_normal,552,EffectAtKPlus1,0.0785982018871731
CD,log_normal,552,EffectAtKPlus10,0.01679107899523794
CD,log_normal,552,LocalComponentAtKPlus10,4.8179394023250416e-05
CD,log_normal,553,Baseline,0.010255034626826547
CD,log_normal,553,Amplitude,0.09072675700340176
CD,log_normal,553,PeakDistance,1.4819197345647834
CD,log_normal,553,PeakEffect,0.1009817916302283
CD,log_normal,553,HalfMaximumLow,0.8948442983417776
CD,log_normal,553,HalfMaximumHigh,2.4541544308457817
CD,log_normal,553,EffectAtKPlus1,0.06978118143635723
CD,log_normal,553,EffectAtKPlus10,0.010259454846205447
CD,log_normal,553,LocalComponentAtKPlus10,4.420219378900234e-06
CD,log_normal,554,Baseline,0.01914482590453302
CD,log_normal,554,Amplitude,0.09805093306726198
CD,log_normal,554,PeakDistance,1.3692232038116547
CD,log_normal,554,PeakEffect,0.117195758971795
CD,log_normal,554,HalfMaximumLow,0.932491273365489
CD,log_normal,554,HalfMaximumHigh,2.0104983664779428
CD,log_normal,554,EffectAtKPlus1,0.08080467893285699
CD,log_normal,554,EffectAtKPlus10,0.01914482674836924
CD,log_normal,554,LocalComponentAtKPlus10,8.43836219649452e-10
CD,log_normal,555,Baseline,0.01868104109466624
CD,log_normal,555,Amplitude,0.07958078051611707
CD,log_normal,555,PeakDistance,1.4007767415643513
CD,log_normal,555,PeakEffect,0.09826182161078331
CD,log_normal,555,HalfMaximumLow,0.8184439522756781
CD,log_normal,555,HalfMaximumHigh,2.3974463666715664
CD,log_normal,555,EffectAtKPlus1,0.07927096247273599
CD,log_normal,555,EffectAtKPlus10,0.018688512880226833
CD,log_normal,555,LocalComponentAtKPlus10,7.4717855605942185e-06
CD,log_normal,556,Baseline,0.01195900836287495
CD,log_normal,556,Amplitude,0.09472279494179636
CD,log_normal,556,PeakDistance,1.4232000744870776
CD,log_normal,556,PeakEffect,0.10668180330467131
CD,log_normal,556,HalfMaximumLow,0.8217804668094691
CD,log_normal,556,HalfMaximumHigh,2.464768309575357
CD,log_normal,556,EffectAtKPlus1,0.08310489998937633
CD,log_normal,556,EffectAtKPlus10,0.011974231970679462
CD,log_normal,556,LocalComponentAtKPlus10,1.5223607804511555e-05
CD,log_normal,557,Baseline,0.016208035977661402
CD,log_normal,557,Amplitude,0.09373533701473091
CD,log_normal,557,PeakDistance,1.4559029582462124
CD,log_normal,557,PeakEffect,0.10994337299239232
CD,log_normal,557,HalfMaximumLow,0.9728631709153744
CD,log_normal,557,HalfMaximumHigh,2.178778565371813
CD,log_normal,557,EffectAtKPlus1,0.06756016627791525
CD,log_normal,557,EffectAtKPlus10,0.016208048398348593
CD,log_normal,557,LocalComponentAtKPlus10,1.2420687190567437e-08
CD,log_normal,558,Baseline,0.016448388826739723
CD,log_normal,558,Amplitude,0.08991056414620562
CD,log_normal,558,PeakDistance,1.5491088878513013
CD,log_normal,558,PeakEffect,0.10635895297294534
CD,log_normal,558,HalfMaximumLow,1.0062747670071788
CD,log_normal,558,HalfMaximumHigh,2.384774442428979
CD,log_normal,558,EffectAtKPlus1,0.06050268497503743
CD,log_normal,558,EffectAtKPlus10,0.016448602096870577
CD,log_normal,558,LocalComponentAtKPlus10,2.1327013085409297e-07
CD,log_normal,559,Baseline,0.012531832508007929
CD,log_normal,559,Amplitude,0.0865005219134903
CD,log_normal,559,PeakDistance,1.4364270584798104
CD,log_normal,559,PeakEffect,0.09903235442149823
CD,log_normal,559,HalfMaximumLow,0.790042829444293
CD,log_normal,559,HalfMaximumHigh,2.6116592891353467
CD,log_normal,559,EffectAtKPlus1,0.07960449185633992
CD,log_normal,559,EffectAtKPlus10,0.012590123783937928
CD,log_normal,559,LocalComponentAtKPlus10,5.829127592999958e-05
CD,log_normal,560,Baseline,0.015078789984286483
CD,log_normal,560,Amplitude,0.08060236765537018
CD,log_normal,560,PeakDistance,1.4278689787659642
CD,log_normal,560,PeakEffect,0.09568115763965666
CD,log_normal,560,HalfMaximumLow,0.8550799272118911
CD,log_normal,560,HalfMaximumHigh,2.384349995409183
CD,log_normal,560,EffectAtKPlus1,0.07276664697233422
CD,log_normal,560,EffectAtKPlus10,0.015082492499625738
CD,log_normal,560,LocalComponentAtKPlus10,3.702515339255169e-06
CD,log_normal,561,Baseline,0.00813112942394571
CD,log_normal,561,Amplitude,0.08376857399441408
CD,log_normal,561,PeakDistance,1.506305261684225
CD,log_normal,561,PeakEffect,0.09189970341835979
CD,log_normal,561,HalfMaximumLow,0.8752523965441172
CD,log_normal,561,HalfMaximumHigh,2.592344277303803
CD,log_normal,561,EffectAtKPlus1,0.06458328394419668
CD,log_normal,561,EffectAtKPlus10,0.00814947324940566
CD,log_normal,561,LocalComponentAtKPlus10,1.834382545995092e-05
CD,log_normal,562,Baseline,0.009846185242238887
CD,log_normal,562,Amplitude,0.08341616794926367
CD,log_normal,562,PeakDistance,1.5116020753443953
CD,log_normal,562,PeakEffect,0.09326235319150256
CD,log_normal,562,HalfMaximumLow,0.8854999614710825
CD,log_normal,562,HalfMaximumHigh,2.580396311242642
CD,log_normal,562,EffectAtKPlus1,0.06499780578161185
CD,log_normal,562,EffectAtKPlus10,0.009860757249487631
CD,log_normal,562,LocalComponentAtKPlus10,1.4572007248744162e-05
CD,log_normal,563,Baseline,0.012116161949538087
CD,log_normal,563,Amplitude,2.5177882085016985
CD,log_normal,563,PeakDistance,1.4258816031839823
CD,log_normal,563,PeakEffect,2.5299043704512365
CD,log_normal,563,HalfMaximumLow,1.2346442753692557
CD,log_normal,563,HalfMaximumHigh,1.646740188132695
CD,log_normal,563,EffectAtKPlus1,0.04959875229536996
CD,log_normal,563,EffectAtKPlus10,0.012116161949538087
CD,log_normal,563,LocalComponentAtKPlus10,0.0
CD,log_normal,564,Baseline,0.06781375209173914
CD,log_normal,564,Amplitude,-0.08264004430942745
CD,log_normal,564,PeakDistance,4.662394736122062
CD,log_normal,564,PeakEffect,-0.014826292217688317
CD,log_normal,564,HalfMaximumLow,3.4770866865767855
CD,log_normal,564,HalfMaximumHigh,6.251763799659489
CD,log_normal,564,EffectAtKPlus1,0.06781375166986278
CD,log_normal,564,EffectAtKPlus10,0.06705488565285447
CD,log_normal,564,LocalComponentAtKPlus10,-0.0007588664388846617
CD,log_normal,565,Baseline,0.005999594623446088
CD,log_normal,565,Amplitude,0.10602230640796184
CD,log_normal,565,PeakDistance,1.5241386683174927
CD,log_normal,565,PeakEffect,0.11202190103140792
CD,log_normal,565,HalfMaximumLow,0.926563741862496
CD,log_normal,565,HalfMaximumHigh,2.5071115729082325
CD,log_normal,565,EffectAtKPlus1,0.07050003825335652
CD,log_normal,565,EffectAtKPlus10,0.006004902003752682
CD,log_normal,565,LocalComponentAtKPlus10,5.30738030659391e-06
CD,log_normal,566,Baseline,0.0037031762454759125
CD,log_normal,566,Amplitude,0.08447957960501518
CD,log_normal,566,PeakDistance,1.504011621507534
CD,log_normal,566,PeakEffect,0.08818275585049108
CD,log_normal,566,HalfMaximumLow,0.7792652412031261
CD,log_normal,566,HalfMaximumHigh,2.9027997631939644
CD,log_normal,566,EffectAtKPlus1,0.0683837387893115
CD,log_normal,566,EffectAtKPlus10,0.003971062792692168
CD,log_normal,566,LocalComponentAtKPlus10,0.00026788654721625555
CD,log_normal,567,Baseline,0.016758200230219972
CD,log_normal,567,Amplitude,0.08752408454055101
CD,log_normal,567,PeakDistance,1.5253254094177786
CD,log_normal,567,PeakEffect,0.10428228477077098
CD,log_normal,567,HalfMaximumLow,0.9652346817744564
CD,log_normal,567,HalfMaximumHigh,2.4104165013407264
CD,log_normal,567,EffectAtKPlus1,0.06527061020830993
CD,log_normal,567,EffectAtKPlus10,0.016758922759775252
CD,log_normal,567,LocalComponentAtKPlus10,7.225295552797106e-07
CD,log_normal,568,Baseline,0.017800116333691548
CD,log_normal,568,Amplitude,0.07094694858073552
CD,log_normal,568,PeakDistance,1.5743087947592482
CD,log_normal,568,PeakEffect,0.08874706491442708
CD,log_normal,568,HalfMaximumLow,0.9131850685355204
CD,log_normal,568,HalfMaximumHigh,2.714069980613039
CD,log_normal,568,EffectAtKPlus1,0.061645729160999335
CD,log_normal,568,EffectAtKPlus10,0.017824228238851693
CD,log_normal,568,LocalComponentAtKPlus10,2.4111905160145025e-05
CD,log_normal,569,Baseline,0.06837556595782984
CD,log_normal,569,Amplitude,-0.08685111778018362
CD,log_normal,569,PeakDistance,4.5993887087845655
CD,log_normal,569,PeakEffect,-0.018475551822353775
CD,log_normal,569,HalfMaximumLow,3.3944382388441396
CD,log_normal,569,HalfMaximumHigh,6.232069934994121
CD,log_normal,569,EffectAtKPlus1,0.0683755637522507
CD,log_normal,569,EffectAtKPlus10,0.06743981864380548
CD,log_normal,569,LocalComponentAtKPlus10,-0.0009357473140243627
CD,log_normal,570,Baseline,0.011789502813812199
CD,log_normal,570,Amplitude,0.09519923871398706
CD,log_normal,570,PeakDistance,1.375007622578556
CD,log_normal,570,PeakEffect,0.10698874152779925
CD,log_normal,570,HalfMaximumLow,0.7807337463382553
CD,log_normal,570,HalfMaximumHigh,2.4216270540584577
CD,log_normal,570,EffectAtKPlus1,0.08823090825614191
CD,log_normal,570,EffectAtKPlus10,0.011808518540991833
CD,log_normal,570,LocalComponentAtKPlus10,1.9015727179634914e-05
CD,log_normal,571,Baseline,0.08085444925012107
CD,log_normal,571,Amplitude,-0.07770863550698284
CD,log_normal,571,PeakDistance,5.325641929182057
CD,log_normal,571,PeakEffect,0.003145813743138229
CD,log_normal,571,HalfMaximumLow,2.932166821837209
CD,log_normal,571,HalfMaximumHigh,9.67286777363196
CD,log_normal,571,EffectAtKPlus1,0.08051862850946553
CD,log_normal,571,EffectAtKPlus10,0.044966355001114136
CD,log_normal,571,LocalComponentAtKPlus10,-0.035888094249006935
CD,log_normal,572,Baseline,-0.011342342938502056
CD,log_normal,572,Amplitude,0.09052756747720221
CD,log_normal,572,PeakDistance,1.44692320991009
CD,log_normal,572,PeakEffect,0.07918522453870015
CD,log_normal,572,HalfMaximumLow,0.7169897782207137
CD,log_normal,572,HalfMaximumHigh,2.9199673955910157
CD,log_normal,572,EffectAtKPlus1,0.06337821818358311
CD,log_normal,572,EffectAtKPlus10,-0.010869341421873216
CD,log_normal,572,LocalComponentAtKPlus10,0.00047300151662883934
CD,log_normal,573,Baseline,0.009064694856053407
CD,log_normal,573,Amplitude,0.07688366292685381
CD,log_normal,573,PeakDistance,1.237892223916844
CD,log_normal,573,PeakEffect,0.08594835778290721
CD,log_normal,573,HalfMaximumLow,0.5830890423042036
CD,log_normal,573,HalfMaximumHigh,2.628032850657366
CD,log_normal,573,EffectAtKPlus1,0.08178291078942866
CD,log_normal,573,EffectAtKPlus10,0.009434121294215603
CD,log_normal,573,LocalComponentAtKPlus10,0.0003694264381621966
CD,log_normal,574,Baseline,0.011456887477483971
CD,log_normal,574,Amplitude,0.10242697658240581
CD,log_normal,574,PeakDistance,1.5988940374212768
CD,log_normal,574,PeakEffect,0.11388386405988978
CD,log_normal,574,HalfMaximumLow,1.018714167289874
CD,log_normal,574,HalfMaximumHigh,2.509498959558371
CD,log_normal,574,EffectAtKPlus1,0.05977511459653556
CD,log_normal,574,EffectAtKPlus10,0.011457962206797612
CD,log_normal,574,LocalComponentAtKPlus10,1.074729313640943e-06
CD,log_normal,575,Baseline,0.0197983664948053
CD,log_normal,575,Amplitude,0.08966837702527057
CD,log_normal,575,PeakDistance,1.4757644164439183
CD,log_normal,575,PeakEffect,0.10946674352007588
CD,log_normal,575,HalfMaximumLow,0.9496740989449564
CD,log_normal,575,HalfMaximumHigh,2.293292630873667
CD,log_normal,575,EffectAtKPlus1,0.07203840722400301
CD,log_normal,575,EffectAtKPlus10,0.019798557428655522
CD,log_normal,575,LocalComponentAtKPlus10,1.9093385022345144e-07
CD,log_normal,576,Baseline,0.00671825940872152
CD,log_normal,576,Amplitude,0.09857355964007843
CD,log_normal,576,PeakDistance,1.1662531272254668
CD,log_normal,576,PeakEffect,0.10529181904879995
CD,log_normal,576,HalfMaximumLow,0.5706910942066561
CD,log_normal,576,HalfMaximumHigh,2.3833320172167443
CD,log_normal,576,EffectAtKPlus1,0.1021781383997929
CD,log_normal,576,EffectAtKPlus10,0.006905609235521973
CD,log_normal,576,LocalComponentAtKPlus10,0.0001873498268004526
CD,log_normal,577,Baseline,0.0011534748859255138
CD,log_normal,577,Amplitude,0.0921412038328648
CD,log_normal,577,PeakDistance,1.5568340373497438
CD,log_normal,577,PeakEffect,0.09329467871879031
CD,log_normal,577,HalfMaximumLow,0.8113985720074403
CD,log_normal,577,HalfMaximumHigh,2.9871043695015014
CD,log_normal,577,EffectAtKPlus1,0.06807277216050098
CD,log_normal,577,EffectAtKPlus10,0.0014786744267238534
CD,log_normal,577,LocalComponentAtKPlus10,0.0003251995407983397
CD,log_normal,578,Baseline,0.01707821552949576
CD,log_normal,578,Amplitude,0.06579564781946463
CD,log_normal,578,PeakDistance,1.3270850690624243
CD,log_normal,578,PeakEffect,0.0828738633489604
CD,log_normal,578,HalfMaximumLow,0.6872910340344234
CD,log_normal,578,HalfMaximumHigh,2.562458541311643
CD,log_normal,578,EffectAtKPlus1,0.07495655669075141
CD,log_normal,578,EffectAtKPlus10,0.017174190585552643
CD,log_normal,578,LocalComponentAtKPlus10,9.597505605688297e-05
CD,log_normal,579,Baseline,0.01998627308095056
CD,log_normal,579,Amplitude,0.08723246250222227
CD,log_normal,579,PeakDistance,1.551233369207447
CD,log_normal,579,PeakEffect,0.10721873558317284
CD,log_normal,579,HalfMaximumLow,1.043888790034831
CD,log_normal,579,HalfMaximumHigh,2.3051545228897385
CD,log_normal,579,EffectAtKPlus1,0.05721006375777872
CD,log_normal,579,EffectAtKPlus10,0.019986292026578867
CD,log_normal,579,LocalComponentAtKPlus10,1.8945628305760964e-08
CD,log_normal,580,Baseline,0.005327855619760298
CD,log_normal,580,Amplitude,0.10203575105406797
CD,log_normal,580,PeakDistance,1.5120604528589539
CD,log_normal,580,PeakEffect,0.10736360667382827
CD,log_normal,580,HalfMaximumLow,0.9418618814424825
CD,log_normal,580,HalfMaximumHigh,2.4274544475655646
CD,log_normal,580,EffectAtKPlus1,0.06545669900546983
CD,log_normal,580,EffectAtKPlus10,0.005329494199121569
CD,log_normal,580,LocalComponentAtKPlus10,1.6385793612707505e-06
CD,log_normal,581,Baseline,0.006876335530734664
CD,log_normal,581,Amplitude,0.09540887151484496
CD,log_normal,581,PeakDistance,1.4362700681684215
CD,log_normal,581,PeakEffect,0.10228520704557963
CD,log_normal,581,HalfMaximumLow,0.8022826278374405
CD,log_normal,581,HalfMaximumHigh,2.571253118464013
CD,log_normal,581,EffectAtKPlus1,0.07986128407351097
CD,log_normal,581,EffectAtKPlus10,0.006919678130037241
CD,log_normal,581,LocalComponentAtKPlus10,4.3342599302577216e-05
CD,log_normal,582,Baseline,0.008080774403767695
CD,log_normal,582,Amplitude,0.0817562826775462
CD,log_normal,582,PeakDistance,1.4763953942655252
CD,log_normal,582,PeakEffect,0.0898370570813139
CD,log_normal,582,HalfMaximumLow,0.8522816740860181
CD,log_normal,582,HalfMaximumHigh,2.557538694641064
CD,log_normal,582,EffectAtKPlus1,0.06577877081066003
CD,log_normal,582,EffectAtKPlus10,0.008099114543165321
CD,log_normal,582,LocalComponentAtKPlus10,1.8340139397625757e-05
CD,log_normal,583,Baseline,0.005721762757331504
CD,log_normal,583,Amplitude,0.09654841124344055
CD,log_normal,583,PeakDistance,1.5158355652743052
CD,log_normal,583,PeakEffect,0.10227017400077205
CD,log_normal,583,HalfMaximumLow,0.8360738336301823
CD,log_normal,583,HalfMaximumHigh,2.74827098818982
CD,log_normal,583,EffectAtKPlus1,0.07452682710713057
CD,log_normal,583,EffectAtKPlus10,0.0058126023407026155
CD,log_normal,583,LocalComponentAtKPlus10,9.083958337111151e-05
CD,log_normal,584,Baseline,0.08464147608099797
CD,log_normal,584,Amplitude,-0.08603904362170561
CD,log_normal,584,PeakDistance,4.863488426747175
CD,log_normal,584,PeakEffect,-0.0013975675407076477
CD,log_normal,584,HalfMaximumLow,2.7319674486953027
CD,log_normal,584,HalfMaximumHigh,8.65805326062719
CD,log_normal,584,EffectAtKPlus1,0.08417333579908647
CD,log_normal,584,EffectAtKPlus10,0.05550403487235522
CD,log_normal,584,LocalComponentAtKPlus10,-0.02913744120864275
CD,log_normal,585,Baseline,0.018786659477166342
CD,log_normal,585,Amplitude,0.07177897584787128
CD,log_normal,585,PeakDistance,1.4861380627854077
CD,log_normal,585,PeakEffect,0.09056563532503763
CD,log_normal,585,HalfMaximumLow,0.8445410395588336
CD,log_normal,585,HalfMaximumHigh,2.6151557333593676
CD,log_normal,585,EffectAtKPlus1,0.06984410175048444
CD,log_normal,585,EffectAtKPlus10,0.01881360595590913
CD,log_normal,585,LocalComponentAtKPlus10,2.6946478742788382e-05
CD,log_normal,586,Baseline,0.013924063169516167
CD,log_normal,586,Amplitude,0.06790378604290699
CD,log_normal,586,PeakDistance,1.5218574341925502
CD,log_normal,586,PeakEffect,0.08182784921242316
CD,log_normal,586,HalfMaximumLow,0.9216284650516889
CD,log_normal,586,HalfMaximumHigh,2.5129975232234583
CD,log_normal,586,EffectAtKPlus1,0.05569385821499714
CD,log_normal,586,EffectAtKPlus10,0.01392795611644621
CD,log_normal,586,LocalComponentAtKPlus10,3.89294693004319e-06
CD,log_normal,587,Baseline,0.010298377686155801
CD,log_normal,587,Amplitude,0.07594385389211884
CD,log_normal,587,PeakDistance,1.6736608581569652
CD,log_normal,587,PeakEffect,0.08624223157827464
CD,log_normal,587,HalfMaximumLow,0.9943179861517236
CD,log_normal,587,HalfMaximumHigh,2.8171477406014476
CD,log_normal,587,EffectAtKPlus1,0.048847545969034
CD,log_normal,587,EffectAtKPlus10,0.010319897097741514
CD,log_normal,587,LocalComponentAtKPlus10,2.1519411585712786e-05
CD,log_normal,588,Baseline,0.02078176472968779
CD,log_normal,588,Amplitude,0.05855797510793249
CD,log_normal,588,PeakDistance,1.4988617737035033
CD,log_normal,588,PeakEffect,0.07933973983762027
CD,log_normal,588,HalfMaximumLow,0.9123418479216405
CD,log_normal,588,HalfMaximumHigh,2.462439514078463
CD,log_normal,588,EffectAtKPlus1,0.05772487814603189
CD,log_normal,588,EffectAtKPlus10,0.020784098727654722
CD,log_normal,588,LocalComponentAtKPlus10,2.3339979669315114e-06
CD,log_normal,589,Baseline,0.010758926941081022
CD,log_normal,589,Amplitude,0.07343566139071012
CD,log_normal,589,PeakDistance,1.4653494281272654
CD,log_normal,589,PeakEffect,0.08419458833179114
CD,log_normal,589,HalfMaximumLow,0.6976676050469981
CD,log_normal,589,HalfMaximumHigh,3.0777535476486038
CD,log_normal,589,EffectAtKPlus1,0.07186780878145238
CD,log_normal,589,EffectAtKPlus10,0.011466631865515355
CD,log_normal,589,LocalComponentAtKPlus10,0.0007077049244343329
CD,log_normal,590,Baseline,0.006336745381919962
CD,log_normal,590,Amplitude,0.08382483326053695
CD,log_normal,590,PeakDistance,1.5454534798466528
CD,log_normal,590,PeakEffect,0.09016157864245691
CD,log_normal,590,HalfMaximumLow,0.8498990366934361
CD,log_normal,590,HalfMaximumHigh,2.8102472826212286
CD,log_normal,590,EffectAtKPlus1,0.06439007957390613
CD,log_normal,590,EffectAtKPlus10,0.006433985971269841
CD,log_normal,590,LocalComponentAtKPlus10,9.724058934987897e-05
CD,log_normal,591,Baseline,0.019346906327107893
CD,log_normal,591,Amplitude,0.0678109165245374
CD,log_normal,591,PeakDistance,1.5261821808126659
CD,log_normal,591,PeakEffect,0.08715782285164529
CD,log_normal,591,HalfMaximumLow,0.9729647225689427
CD,log_normal,591,HalfMaximumHigh,2.3939532390035434
CD,log_normal,591,EffectAtKPlus1,0.05614354690166309
CD,log_normal,591,EffectAtKPlus10,0.01934728856015113
CD,log_normal,591,LocalComponentAtKPlus10,3.822330432376453e-07
CD,log_normal,592,Baseline,0.011320750879690322
CD,log_normal,592,Amplitude,0.07904320782220244
CD,log_normal,592,PeakDistance,1.4361205194090632
CD,log_normal,592,PeakEffect,0.09036395870189276
CD,log_normal,592,HalfMaximumLow,0.7953606791705028
CD,log_normal,592,HalfMaximumHigh,2.5930904057499022
CD,log_normal,592,EffectAtKPlus1,0.07226338581845389
CD,log_normal,592,EffectAtKPlus10,0.011365522112455825
CD,log_normal,592,LocalComponentAtKPlus10,4.477123276550379e-05
CD,log_normal,593,Baseline,0.011047796662787324
CD,log_normal,593,Amplitude,0.0789676086660176
CD,log_normal,593,PeakDistance,1.4891753927430993
CD,log_normal,593,PeakEffect,0.09001540532880492
CD,log_normal,593,HalfMaximumLow,0.8446641389951411
CD,log_normal,593,HalfMaximumHigh,2.625473543827484
CD,log_normal,593,EffectAtKPlus1,0.06714999987733371
CD,log_normal,593,EffectAtKPlus10,0.011079573199691266
CD,log_normal,593,LocalComponentAtKPlus10,3.1776536903942165e-05
CD,log_normal,594,Baseline,0.005437896299937771
CD,log_normal,594,Amplitude,0.08450413946248943
CD,log_normal,594,PeakDistance,1.5508658151629786
CD,log_normal,594,PeakEffect,0.0899420357624272
CD,log_normal,594,HalfMaximumLow,0.8591561184752036
CD,log_normal,594,HalfMaximumHigh,2.7994734890671062
CD,log_normal,594,EffectAtKPlus1,0.06307559673130894
CD,log_normal,594,EffectAtKPlus10,0.00552285767036844
CD,log_normal,594,LocalComponentAtKPlus10,8.496137043066936e-05
CD,log_normal,595,Baseline,0.04483622560732031
CD,log_normal,595,Amplitude,-0.46529355095500036
CD,log_normal,595,PeakDistance,4.4591425625293075
CD,log_normal,595,PeakEffect,-0.42045732534768004
CD,log_normal,595,HalfMaximumLow,4.1953213645640375
CD,log_normal,595,HalfMaximumHigh,4.7395540567907615
CD,log_normal,595,EffectAtKPlus1,0.04483622560732031
CD,log_normal,595,EffectAtKPlus10,0.04483622560732031
CD,log_normal,595,LocalComponentAtKPlus10,0.0
CD,log_normal,596,Baseline,0.026316664167057812
CD,log_normal,596,Amplitude,0.08126018164129689
CD,log_normal,596,PeakDistance,1.6392095899945354
CD,log_normal,596,PeakEffect,0.1075768458083547
CD,log_normal,596,HalfMaximumLow,1.0608754959956188
CD,log_normal,596,HalfMaximumHigh,2.5328213254735683
CD,log_normal,596,EffectAtKPlus1,0.05954650782626347
CD,log_normal,596,EffectAtKPlus10,0.026317177392626092
CD,log_normal,596,LocalComponentAtKPlus10,5.132255682799292e-07
CD,log_normal,597,Baseline,0.016892773339103394
CD,log_normal,597,Amplitude,0.06845852849577903
CD,log_normal,597,PeakDistance,1.634845554128207
CD,log_normal,597,PeakEffect,0.08535130183488243
CD,log_normal,597,HalfMaximumLow,0.9467920006606827
CD,log_normal,597,HalfMaximumHigh,2.8229220187619966
CD,log_normal,597,EffectAtKPlus1,0.05594504163925376
CD,log_normal,597,EffectAtKPlus10,0.016926365032563846
CD,log_normal,597,LocalComponentAtKPlus10,3.359169346045174e-05
CD,log_normal,598,Baseline,0.019336978046237473
CD,log_normal,598,Amplitude,0.09193699122914961
CD,log_normal,598,PeakDistance,1.4077445392929002
CD,log_normal,598,PeakEffect,0.11127396927538709
CD,log_normal,598,HalfMaximumLow,0.8711088099914961
CD,log_normal,598,HalfMaximumHigh,2.274968023717182
CD,log_normal,598,EffectAtKPlus1,0.0840014905324371
CD,log_normal,598,EffectAtKPlus10,0.019337850417590972
CD,log_normal,598,LocalComponentAtKPlus10,8.723713534990185e-07
CD,log_normal,599,Baseline,0.07724276821970663
CD,log_normal,599,Amplitude,-0.07691488443845719
CD,log_normal,599,PeakDistance,5.2381892881687495
CD,log_normal,599,PeakEffect,0.0003278837812494412
CD,log_normal,599,HalfMaximumLow,3.0486680694603128
CD,log_normal,599,HalfMaximumHigh,9.000201528513113
CD,log_normal,599,EffectAtKPlus1,0.07712572308901382
CD,log_normal,599,EffectAtKPlus10,0.04863982180949963
CD,log_normal,599,LocalComponentAtKPlus10,-0.028602946410207004
CD,log_normal,600,Baseline,0.0821070534679408
CD,log_normal,600,Amplitude,-0.08638439657953101
CD,log_normal,600,PeakDistance,5.081056342005045
CD,log_normal,600,PeakEffect,-0.004277343111590212
CD,log_normal,600,HalfMaximumLow,3.2413823763733753
CD,log_normal,600,HalfMaximumHigh,7.964852816752593
CD,log_normal,600,EffectAtKPlus1,0.0820970522570497
CD,log_normal,600,EffectAtKPlus10,0.06418007281191174
CD,log_normal,600,LocalComponentAtKPlus10,-0.01792698065602906
CD,log_normal,601,Baseline,0.0058340362115058145
CD,log_normal,601,Amplitude,0.09070495263572735
CD,log_normal,601,PeakDistance,1.48480927390265
CD,log_normal,601,PeakEffect,0.09653898884723316
CD,log_normal,601,HalfMaximumLow,0.8934393134353621
CD,log_normal,601,HalfMaximumHigh,2.4676086519969505
CD,log_normal,601,EffectAtKPlus1,0.06544669233870926
CD,log_normal,601,EffectAtKPlus10,0.00583920702761524
CD,log_normal,601,LocalComponentAtKPlus10,5.170816109425352e-06
CD,log_normal,602,Baseline,0.07169057380096945
CD,log_normal,602,Amplitude,-0.07290522407370255
CD,log_normal,602,PeakDistance,4.7821002090153
CD,log_normal,602,PeakEffect,-0.0012146502727330977
CD,log_normal,602,HalfMaximumLow,2.7624061996163314
CD,log_normal,602,HalfMaximumHigh,8.278464771850121
CD,log_normal,602,EffectAtKPlus1,0.07143059236443602
CD,log_normal,602,EffectAtKPlus10,0.05085626721200862
CD,log_normal,602,LocalComponentAtKPlus10,-0.02083430658896083
CD,log_normal,603,Baseline,0.0075604941583390425
CD,log_normal,603,Amplitude,0.08927035640056195
CD,log_normal,603,PeakDistance,1.2407025274692314
CD,log_normal,603,PeakEffect,0.09683085055890099
CD,log_normal,603,HalfMaximumLow,0.6615083909664153
CD,log_normal,603,HalfMaximumHigh,2.327019252801422
CD,log_normal,603,EffectAtKPlus1,0.08984234031725409
CD,log_normal,603,EffectAtKPlus10,0.007603750569967342
CD,log_normal,603,LocalComponentAtKPlus10,4.325641162829935e-05
CD,log_normal,604,Baseline,0.011197061731636577
CD,log_normal,604,Amplitude,0.09041647120235315
CD,log_normal,604,PeakDistance,1.5742728335763245
CD,log_normal,604,PeakEffect,0.10161353293398973
CD,log_normal,604,HalfMaximumLow,0.949880136968195
CD,log_normal,604,HalfMaximumHigh,2.6091028310653184
CD,log_normal,604,EffectAtKPlus1,0.06288338338235039
CD,log_normal,604,EffectAtKPlus10,0.011205476170528117
CD,log_normal,604,LocalComponentAtKPlus10,8.414438891539422e-06
CD,log_normal,605,Baseline,0.01710336046722769
CD,log_normal,605,Amplitude,0.07544743822825814
CD,log_normal,605,PeakDistance,1.409964459534728
CD,log_normal,605,PeakEffect,0.09255079869548583
CD,log_normal,605,HalfMaximumLow,0.8669547492161892
CD,log_normal,605,HalfMaximumHigh,2.2930836689555036
CD,log_normal,605,EffectAtKPlus1,0.0704876833049669
CD,log_normal,605,EffectAtKPlus10,0.017104344800854723
CD,log_normal,605,LocalComponentAtKPlus10,9.843336270347336e-07
CD,log_normal,606,Baseline,0.016777116714942572
CD,log_normal,606,Amplitude,0.0815717754287273
CD,log_normal,606,PeakDistance,1.5339432017643038
CD,log_normal,606,PeakEffect,0.09834889214366987
CD,log_normal,606,HalfMaximumLow,0.9858619936559598
CD,log_normal,606,HalfMaximumHigh,2.3867252834376456
CD,log_normal,606,EffectAtKPlus1,0.05939474514212547
CD,log_normal,606,EffectAtKPlus10,0.016777431406333965
CD,log_normal,606,LocalComponentAtKPlus10,3.146913913933125e-07
CD,log_normal,607,Baseline,0.016700738845356944
CD,log_normal,607,Amplitude,0.09594387679398357
CD,log_normal,607,PeakDistance,1.474773798690315
CD,log_normal,607,PeakEffect,0.11264461563934051
CD,log_normal,607,HalfMaximumLow,0.8913320093655284
CD,log_normal,607,HalfMaximumHigh,2.4401207792948543
CD,log_normal,607,EffectAtKPlus1,0.08020763818870659
CD,log_normal,607,EffectAtKPlus10,0.016705027672973823
CD,log_normal,607,LocalComponentAtKPlus10,4.288827616879404e-06
CD,log_normal,608,Baseline,0.08364064028397514
CD,log_normal,608,Amplitude,-0.08854075660894023
CD,log_normal,608,PeakDistance,4.979653563701487
CD,log_normal,608,PeakEffect,-0.0049001163249650925
CD,log_normal,608,HalfMaximumLow,2.408097162948094
CD,log_normal,608,HalfMaximumHigh,10.297321053328035
CD,log_normal,608,EffectAtKPlus1,0.08063904364265596
CD,log_normal,608,EffectAtKPlus10,0.03687756295952158
CD,log_normal,608,LocalComponentAtKPlus10,-0.046763077324453554
CD,log_normal,609,Baseline,0.07582420428123259
CD,log_normal,609,Amplitude,-0.07436627640647506
CD,log_normal,609,PeakDistance,5.636805760234125
CD,log_normal,609,PeakEffect,0.001457927874757528
CD,log_normal,609,HalfMaximumLow,2.8588106075551454
CD,log_normal,609,HalfMaximumHigh,11.114265175398023
CD,log_normal,609,EffectAtKPlus1,0.07499580407734174
CD,log_normal,609,EffectAtKPlus10,0.030456953497116378
CD,log_normal,609,LocalComponentAtKPlus10,-0.04536725078411621
CD,log_normal,610,Baseline,0.016941074461046035
CD,log_normal,610,Amplitude,0.07372001546640816
CD,log_normal,610,PeakDistance,1.4040824037101052
CD,log_normal,610,PeakEffect,0.0906610899274542
CD,log_normal,610,HalfMaximumLow,0.8665107578234622
CD,log_normal,610,HalfMaximumHigh,2.2751562846840017
CD,log_normal,610,EffectAtKPlus1,0.06927119102481803
CD,log_normal,610,EffectAtKPlus10,0.016941846020475302
CD,log_normal,610,LocalComponentAtKPlus10,7.715594292669048e-07
CD,log_normal,611,Baseline,0.07763844968551831
CD,log_normal,611,Amplitude,-0.07223388974008754
CD,log_normal,611,PeakDistance,6.2895448425435605
CD,log_normal,611,PeakEffect,0.005404559945430765
CD,log_normal,611,HalfMaximumLow,3.4221627357618214
CD,log_normal,611,HalfMaximumHigh,11.55946615658535
CD,log_normal,611,EffectAtKPlus1,0.07750943714622156
CD,log_normal,611,EffectAtKPlus10,0.02933237607235948
CD,log_normal,611,LocalComponentAtKPlus10,-0.04830607361315883
CD,log_normal,612,Baseline,0.024122630079753574
CD,log_normal,612,Amplitude,0.08443629435330105
CD,log_normal,612,PeakDistance,1.4542364440081397
CD,log_normal,612,PeakEffect,0.10855892443305462
CD,log_normal,612,HalfMaximumLow,0.9385344868427415
CD,log_normal,612,HalfMaximumHigh,2.2533041297136585
CD,log_normal,612,EffectAtKPlus1,0.0749848775211318
CD,log_normal,612,EffectAtKPlus10,0.02412275336141216
CD,log_normal,612,LocalComponentAtKPlus10,1.2328165858652151e-07
CD,log_normal,613,Baseline,0.005424308810585869
CD,log_normal,613,Amplitude,0.0798882347616923
CD,log_normal,613,PeakDistance,1.3971743685616467
CD,log_normal,613,PeakEffect,0.08531254357227816
CD,log_normal,613,HalfMaximumLow,0.764668336612881
CD,log_normal,613,HalfMaximumHigh,2.5528665471000136
CD,log_normal,613,EffectAtKPlus1,0.069960582284694
CD,log_normal,613,EffectAtKPlus10,0.0054736365346059095
CD,log_normal,613,LocalComponentAtKPlus10,4.9327724020040153e-05
CD,log_normal,614,Baseline,0.022554156450978892
CD,log_normal,614,Amplitude,0.09212711377341475
CD,log_normal,614,PeakDistance,1.5044687591834167
CD,log_normal,614,PeakEffect,0.11468127022439364
CD,log_normal,614,HalfMaximumLow,1.072468891055438
CD,log_normal,614,HalfMaximumHigh,2.1104819601167226
CD,log_normal,614,EffectAtKPlus1,0.05613175284697236
CD,log_normal,614,EffectAtKPlus10,0.02255415648543461
CD,log_normal,614,LocalComponentAtKPlus10,3.4455719527537454e-11
CD,log_normal,615,Baseline,0.009258843825869707
CD,log_normal,615,Amplitude,0.1069686674843386
CD,log_normal,615,PeakDistance,1.5911831985573885
CD,log_normal,615,PeakEffect,0.11622751131020831
CD,log_normal,615,HalfMaximumLow,1.023201692692642
CD,log_normal,615,HalfMaximumHigh,2.474452485226552
CD,log_normal,615,EffectAtKPlus1,0.05893399792052724
CD,log_normal,615,EffectAtKPlus10,0.009259493058791505
CD,log_normal,615,LocalComponentAtKPlus10,6.492329217983039e-07
CD,log_normal,616,Baseline,0.03046094478313513
CD,log_normal,616,Amplitude,0.07424578741408436
CD,log_normal,616,PeakDistance,1.594787657554336
CD,log_normal,616,PeakEffect,0.10470673219721949
CD,log_normal,616,HalfMaximumLow,1.044665888875075
CD,log_normal,616,HalfMaximumHigh,2.434603924347901
CD,log_normal,616,EffectAtKPlus1,0.06239410641415426
CD,log_normal,616,EffectAtKPlus10,0.030461103859476805
CD,log_normal,616,LocalComponentAtKPlus10,1.5907634167561246e-07
CD,log_normal,617,Baseline,0.01938189939925772
CD,log_normal,617,Amplitude,0.14355910087079657
CD,log_normal,617,PeakDistance,1.4815355059671649
CD,log_normal,617,PeakEffect,0.1629410002700543
CD,log_normal,617,HalfMaximumLow,1.140288773275683
CD,log_normal,617,HalfMaximumHigh,1.9249049073209805
CD,log_normal,617,EffectAtKPlus1,0.049469818744351066
CD,log_normal,617,EffectAtKPlus10,0.019381899399257736
CD,log_normal,617,LocalComponentAtKPlus10,1.3877787807814457e-17
CD,log_normal,618,Baseline,0.016243968410391215
CD,log_normal,618,Amplitude,0.11237578681626735
CD,log_normal,618,PeakDistance,1.5063142614647436
CD,log_normal,618,PeakEffect,0.12861975522665856
CD,log_normal,618,HalfMaximumLow,0.9401591717675669
CD,log_normal,618,HalfMaximumHigh,2.413402668854706
CD,log_normal,618,EffectAtKPlus1,0.08281698036577084
CD,log_normal,618,EffectAtKPlus10,0.01624553931087442
CD,log_normal,618,LocalComponentAtKPlus10,1.5709004832047124e-06
CD,log_normal,619,Baseline,0.022650358689851328
CD,log_normal,619,Amplitude,0.06017096001617728
CD,log_normal,619,PeakDistance,1.3497493316069122
CD,log_normal,619,PeakEffect,0.0828213187060286
CD,log_normal,619,HalfMaximumLow,0.7959233777241994
CD,log_normal,619,HalfMaximumHigh,2.2889430178348125
CD,log_normal,619,EffectAtKPlus1,0.0707698211573246
CD,log_normal,619,EffectAtKPlus10,0.022653186727748534
CD,log_normal,619,LocalComponentAtKPlus10,2.828037897206065e-06
CD,log_normal,620,Baseline,0.018116386193686836
CD,log_normal,620,Amplitude,0.08872915500980215
CD,log_normal,620,PeakDistance,1.5147827617518956
CD,log_normal,620,PeakEffect,0.10684554120348899
CD,log_normal,620,HalfMaximumLow,0.9531798045200996
CD,log_normal,620,HalfMaximumHigh,2.4072759456500994
CD,log_normal,620,EffectAtKPlus1,0.06894804053871245
CD,log_normal,620,EffectAtKPlus10,0.01811727947801386
CD,log_normal,620,LocalComponentAtKPlus10,8.932843270255397e-07
CD,log_normal,621,Baseline,0.004504384406067457
CD,log_normal,621,Amplitude,0.08862321515499828
CD,log_normal,621,PeakDistance,1.3655627435388864
CD,log_normal,621,PeakEffect,0.09312759956106574
CD,log_normal,621,HalfMaximumLow,0.8080870890368211
CD,log_normal,621,HalfMaximumHigh,2.307624551660769
CD,log_normal,621,EffectAtKPlus1,0.07390855424463869
CD,log_normal,621,EffectAtKPlus10,0.004508479491855984
CD,log_normal,621,LocalComponentAtKPlus10,4.09508578852729e-06
CD,log_normal,622,Baseline,0.019356505582102772
CD,log_normal,622,Amplitude,0.07371542147850578
CD,log_normal,622,PeakDistance,1.3675474147930151
CD,log_normal,622,PeakEffect,0.09307192706060854
CD,log_normal,622,HalfMaximumLow,0.8254214114298251
CD,log_normal,622,HalfMaximumHigh,2.2657346972226646
CD,log_normal,622,EffectAtKPlus1,0.07583035924550768
CD,log_normal,622,EffectAtKPlus10,0.019358064772462664
CD,log_normal,622,LocalComponentAtKPlus10,1.5591903598927148e-06
CD,log_normal,623,Baseline,0.0057014926448927476
CD,log_normal,623,Amplitude,0.09530983360377439
CD,log_normal,623,PeakDistance,1.5211511152530124
CD,log_normal,623,PeakEffect,0.10101132624866714
CD,log_normal,623,HalfMaximumLow,0.8596969559434077
CD,log_normal,623,HalfMaximumHigh,2.6915306602386093
CD,log_normal,623,EffectAtKPlus1,0.07123733658157509
CD,log_normal,623,EffectAtKPlus10,0.005751719039338891
CD,log_normal,623,LocalComponentAtKPlus10,5.022639444614372e-05
CD,log_normal,624,Baseline,0.01278927717427136
CD,log_normal,624,Amplitude,0.10616069836383996
CD,log_normal,624,PeakDistance,1.456403677846584
CD,log_normal,624,PeakEffect,0.11894997553811132
CD,log_normal,624,HalfMaximumLow,0.9468693896899936
CD,log_normal,624,HalfMaximumHigh,2.2401312112745684
CD,log_normal,624,EffectAtKPlus1,0.07536893631681481
CD,log_normal,624,EffectAtKPlus10,0.012789376864465381
CD,log_normal,624,LocalComponentAtKPlus10,9.969019402165935e-08
CD,log_normal,625,Baseline,0.005819377051327621
CD,log_normal,625,Amplitude,0.06236213054036988
CD,log_normal,625,PeakDistance,1.1761005936459386
CD,log_normal,625,PeakEffect,0.0681815075916975
CD,log_normal,625,HalfMaximumLow,0.39307786856397126
CD,log_normal,625,HalfMaximumHigh,3.5189277163520063
CD,log_normal,625,EffectAtKPlus1,0.06724179354272844
CD,log_normal,625,EffectAtKPlus10,0.010252849550056993
CD,log_normal,625,LocalComponentAtKPlus10,0.004433472498729372
CD,log_normal,626,Baseline,0.020461607475914453
CD,log_normal,626,Amplitude,0.0896206650258194
CD,log_normal,626,PeakDistance,1.4688203085846232
CD,log_normal,626,PeakEffect,0.11008227250173386
CD,log_normal,626,HalfMaximumLow,0.8830352679933364
CD,log_normal,626,HalfMaximumHigh,2.4432015086026073
CD,log_normal,626,EffectAtKPlus1,0.08079601831593106
CD,log_normal,626,EffectAtKPlus10,0.020466338551473662
CD,log_normal,626,LocalComponentAtKPlus10,4.731075559209069e-06
CD,log_normal,627,Baseline,0.07657058461726494
CD,log_normal,627,Amplitude,-0.0726871978125037
CD,log_normal,627,PeakDistance,5.166341189696451
CD,log_normal,627,PeakEffect,0.0038833868047612463
CD,log_normal,627,HalfMaximumLow,3.139479824963514
CD,log_normal,627,HalfMaximumHigh,8.501752766850263
CD,log_normal,627,EffectAtKPlus1,0.07653171755163074
CD,log_normal,627,EffectAtKPlus10,0.05507858432303131
CD,log_normal,627,LocalComponentAtKPlus10,-0.021492000294233635
CD,log_normal,628,Baseline,-0.00778051599917027
CD,log_normal,628,Amplitude,0.10175458642020542
CD,log_normal,628,PeakDistance,1.246457780015781
CD,log_normal,628,PeakEffect,0.09397407042103514
CD,log_normal,628,HalfMaximumLow,0.5520457391822969
CD,log_normal,628,HalfMaximumHigh,2.814362809254143
CD,log_normal,628,EffectAtKPlus1,0.08894188592354677
CD,log_normal,628,EffectAtKPlus10,-0.006684648834611636
CD,log_normal,628,LocalComponentAtKPlus10,0.0010958671645586336
CD,log_normal,629,Baseline,0.0776469324502043
CD,log_normal,629,Amplitude,-0.0755517182530092
CD,log_normal,629,PeakDistance,4.69571232541833
CD,log_normal,629,PeakEffect,0.0020952141971951055
CD,log_normal,629,HalfMaximumLow,2.75206743772414
CD,log_normal,629,HalfMaximumHigh,8.01205447978409
CD,log_normal,629,EffectAtKPlus1,0.07742006884399341
CD,log_normal,629,EffectAtKPlus10,0.058781494386528015
CD,log_normal,629,LocalComponentAtKPlus10,-0.01886543806367629
CD,log_normal,630,Baseline,0.07279867884149509
CD,log_normal,630,Amplitude,-0.07200453621514406
CD,log_normal,630,PeakDistance,5.195773079108649
CD,log_normal,630,PeakEffect,0.0007941426263510243
CD,log_normal,630,HalfMaximumLow,3.2245775928962805
CD,log_normal,630,HalfMaximumHigh,8.371967214888015
CD,log_normal,630,EffectAtKPlus1,0.07278025252487051
CD,log_normal,630,EffectAtKPlus10,0.05328689271436504
CD,log_normal,630,LocalComponentAtKPlus10,-0.019511786127130046
CD,log_normal,631,Baseline,-0.28301667610369324
CD,log_normal,631,Amplitude,0.38435744383767745
CD,log_normal,631,PeakDistance,0.21043174283300256
CD,log_normal,631,PeakEffect,0.1013407677339842
CD,log_normal,631,HalfMaximumLow,0.0005839798652176833
CD,log_normal,631,HalfMaximumHigh,75.8271321139276
CD,log_normal,631,EffectAtKPlus1,0.08311339709587723
CD,log_normal,631,EffectAtKPlus10,0.0022427098111408306
CD,log_normal,631,LocalComponentAtKPlus10,0.2852593859148341
CD,log_normal,632,Baseline,0.024675913191173494
CD,log_normal,632,Amplitude,0.08307139160115258
CD,log_normal,632,PeakDistance,1.5564883043254982
CD,log_normal,632,PeakEffect,0.10774730479232608
CD,log_normal,632,HalfMaximumLow,1.03306769940316
CD,log_normal,632,HalfMaximumHigh,2.3451084986024817
CD,log_normal,632,EffectAtKPlus1,0.06172190280782977
CD,log_normal,632,EffectAtKPlus10,0.024675965673516754
CD,log_normal,632,LocalComponentAtKPlus10,5.248234325946899e-08
CD,log_normal,633,Baseline,0.027106482648033503
CD,log_normal,633,Amplitude,0.05853524984170332
CD,log_normal,633,PeakDistance,1.4375258614722841
CD,log_normal,633,PeakEffect,0.08564173248973683
CD,log_normal,633,HalfMaximumLow,0.8771055647992163
CD,log_normal,633,HalfMaximumHigh,2.3560226788376184
CD,log_normal,633,EffectAtKPlus1,0.06737600554377475
CD,log_normal,633,EffectAtKPlus10,0.027107823631286488
CD,log_normal,633,LocalComponentAtKPlus10,1.3409832529849564e-06
CD,log_normal,634,Baseline,0.0088155905706528
CD,log_normal,634,Amplitude,0.08044527908354464
CD,log_normal,634,PeakDistance,1.3878320369645292
CD,log_normal,634,PeakEffect,0.08926086965419744
CD,log_normal,634,HalfMaximumLow,0.8526755520834289
CD,log_normal,634,HalfMaximumHigh,2.2588635948561353
CD,log_normal,634,EffectAtKPlus1,0.06759547712346384
CD,log_normal,634,EffectAtKPlus10,0.008816497948712324
CD,log_normal,634,LocalComponentAtKPlus10,9.073780595243025e-07
CD,log_normal,635,Baseline,0.014379612092360203
CD,log_normal,635,Amplitude,0.07535841495079636
CD,log_normal,635,PeakDistance,1.4403439229529418
CD,log_normal,635,PeakEffect,0.08973802704315656
CD,log_normal,635,HalfMaximumLow,0.8421473425714894
CD,log_normal,635,HalfMaximumHigh,2.463453259916163
CD,log_normal,635,EffectAtKPlus1,0.06907903736191459
CD,log_normal,635,EffectAtKPlus10,0.014388585205117849
CD,log_normal,635,LocalComponentAtKPlus10,8.973112757645896e-06
CD,log_normal,636,Baseline,0.010011281345838483
CD,log_normal,636,Amplitude,0.07622801697803602
CD,log_normal,636,PeakDistance,1.337938850428889
CD,log_normal,636,PeakEffect,0.0862392983238745
CD,log_normal,636,HalfMaximumLow,0.6821899621987294
CD,log_normal,636,HalfMaximumHigh,2.6240203853446715
CD,log_normal,636,EffectAtKPlus1,0.07698112157008992
CD,log_normal,636,EffectAtKPlus10,0.010168920616386383
CD,log_normal,636,LocalComponentAtKPlus10,0.0001576392705478994
CD,log_normal,637,Baseline,0.01220472351468127
CD,log_normal,637,Amplitude,0.09977026373410804
CD,log_normal,637,PeakDistance,1.5456538679476914
CD,log_normal,637,PeakEffect,0.1119749872487893
CD,log_normal,637,HalfMaximumLow,1.0461836825813375
CD,log_normal,637,HalfMaximumHigh,2.283581668571779
CD,log_normal,637,EffectAtKPlus1,0.0543062394945781
CD,log_normal,637,EffectAtKPlus10,0.012204736390804334
CD,log_normal,637,LocalComponentAtKPlus10,1.2876123063609857e-08
CD,log_normal,638,Baseline,0.018859723627876798
CD,log_normal,638,Amplitude,0.0713072257058962
CD,log_normal,638,PeakDistance,1.4990706254139905
CD,log_normal,638,PeakEffect,0.090166949333773
CD,log_normal,638,HalfMaximumLow,0.8291266792662807
CD,log_normal,638,HalfMaximumHigh,2.710337028314804
CD,log_normal,638,EffectAtKPlus1,0.07043725649092102
CD,log_normal,638,EffectAtKPlus10,0.018917544654413285
CD,log_normal,638,LocalComponentAtKPlus10,5.782102653648785e-05
CD,log_normal,639,Baseline,0.019785499841321035
CD,log_normal,639,Amplitude,0.10128438837143834
CD,log_normal,639,PeakDistance,1.4722112966400627
CD,log_normal,639,PeakEffect,0.12106988821275938
CD,log_normal,639,HalfMaximumLow,1.0233220091754307
CD,log_normal,639,HalfMaximumHigh,2.118009856644303
CD,log_normal,639,EffectAtKPlus1,0.06603860209227368
CD,log_normal,639,EffectAtKPlus10,0.019785500291368396
CD,log_normal,639,LocalComponentAtKPlus10,4.500473604895916e-10
CD,log_normal,640,Baseline,0.014581278051255834
CD,log_normal,640,Amplitude,0.10379197212787145
CD,log_normal,640,PeakDistance,1.505637141458668
CD,log_normal,640,PeakEffect,0.11837325017912728
CD,log_normal,640,HalfMaximumLow,1.017399282330735
CD,log_normal,640,HalfMaximumHigh,2.2281745634285732
CD,log_normal,640,EffectAtKPlus1,0.0633403385481931
CD,log_normal,640,EffectAtKPlus10,0.014581287873228446
CD,log_normal,640,LocalComponentAtKPlus10,9.821972611970264e-09
CD,log_normal,641,Baseline,0.014990601597772948
CD,log_normal,641,Amplitude,0.09564593325529495
CD,log_normal,641,PeakDistance,1.4785658487105249
CD,log_normal,641,PeakEffect,0.1106365348530679
CD,log_normal,641,HalfMaximumLow,0.9006513070521617
CD,log_normal,641,HalfMaximumHigh,2.4273067188770114
CD,log_normal,641,EffectAtKPlus1,0.0771217815950571
CD,log_normal,641,EffectAtKPlus10,0.014993796585575545
CD,log_normal,641,LocalComponentAtKPlus10,3.19498780259643e-06
CD,log_normal,642,Baseline,0.006355902829320776
CD,log_normal,642,Amplitude,0.07475957772107317
CD,log_normal,642,PeakDistance,1.3484812741171575
CD,log_normal,642,PeakEffect,0.08111548055039394
CD,log_normal,642,HalfMaximumLow,0.7624058274358677
CD,log_normal,642,HalfMaximumHigh,2.3850837457005047
CD,log_normal,642,EffectAtKPlus1,0.06814613087231128
CD,log_normal,642,EffectAtKPlus10,0.006370274071264421
CD,log_normal,642,LocalComponentAtKPlus10,1.4371241943644808e-05
CD,log_normal,643,Baseline,0.02470535248414016
CD,log_normal,643,Amplitude,0.07028560079554111
CD,log_normal,643,PeakDistance,1.3759709949410655
CD,log_normal,643,PeakEffect,0.09499095327968127
CD,log_normal,643,HalfMaximumLow,0.9077049487264957
CD,log_normal,643,HalfMaximumHigh,2.085805725280432
CD,log_normal,643,EffectAtKPlus1,0.07144362143967853
CD,log_normal,643,EffectAtKPlus10,0.024705362567123947
CD,log_normal,643,LocalComponentAtKPlus10,1.0082983788184396e-08
CD,log_normal,644,Baseline,0.015032796179280723
CD,log_normal,644,Amplitude,0.06948894698025435
CD,log_normal,644,PeakDistance,1.5939495988106518
CD,log_normal,644,PeakEffect,0.08452174315953506
CD,log_normal,644,HalfMaximumLow,0.9459876069740643
CD,log_normal,644,HalfMaximumHigh,2.6857384862318754
CD,log_normal,644,EffectAtKPlus1,0.054985847588279665
CD,log_normal,644,EffectAtKPlus10,0.01504575820594904
CD,log_normal,644,LocalComponentAtKPlus10,1.2962026668316903e-05
CD,log_normal,645,Baseline,0.013359548874145382
CD,log_normal,645,Amplitude,0.08553628251503434
CD,log_normal,645,PeakDistance,1.576483980781774
CD,log_normal,645,PeakEffect,0.09889583138917972
CD,log_normal,645,HalfMaximumLow,1.0031311087499462
CD,log_normal,645,HalfMaximumHigh,2.4775442810846657
CD,log_normal,645,EffectAtKPlus1,0.05571824068252415
CD,log_normal,645,EffectAtKPlus10,0.013360352588658066
CD,log_normal,645,LocalComponentAtKPlus10,8.037145126840034e-07
CD,log_normal,646,Baseline,0.011635249057435034
CD,log_normal,646,Amplitude,0.08605423959893414
CD,log_normal,646,PeakDistance,1.5581593661936801
CD,log_normal,646,PeakEffect,0.09768948865636917
CD,log_normal,646,HalfMaximumLow,0.9492691370599795
CD,log_normal,646,HalfMaximumHigh,2.5576103927454317
CD,log_normal,646,EffectAtKPlus1,0.0610288228895292
CD,log_normal,646,EffectAtKPlus10,0.011640241941550136
CD,log_normal,646,LocalComponentAtKPlus10,4.992884115101112e-06
CD,log_normal,647,Baseline,0.01039771958151029
CD,log_normal,647,Amplitude,0.05655585825946017
CD,log_normal,647,PeakDistance,1.4624375420436388
CD,log_normal,647,PeakEffect,0.06695357784097046
CD,log_normal,647,HalfMaximumLow,0.8102851382235874
CD,log_normal,647,HalfMaximumHigh,2.639470309263512
CD,log_normal,647,EffectAtKPlus1,0.052833769725172286
CD,log_normal,647,EffectAtKPlus10,0.010434147557975042
CD,log_normal,647,LocalComponentAtKPlus10,3.642797646475314e-05
CD,log_normal,648,Baseline,0.010294775952541644
CD,log_normal,648,Amplitude,0.1112880549776174
CD,log_normal,648,PeakDistance,1.4405074992956313
CD,log_normal,648,PeakEffect,0.12158283093015905
CD,log_normal,648,HalfMaximumLow,0.970843931665781
CD,log_normal,648,HalfMaximumHigh,2.1373794364317105
CD,log_normal,648,EffectAtKPlus1,0.07179456960468364
CD,log_normal,648,EffectAtKPlus10,0.010294782088191078
CD,log_normal,648,LocalComponentAtKPlus10,6.135649434704793e-09
CD,log_normal,649,Baseline,0.010947805179419434
CD,log_normal,649,Amplitude,0.09664186221230046
CD,log_normal,649,PeakDistance,1.459305640079769
CD,log_normal,649,PeakEffect,0.10758966739171989
CD,log_normal,649,HalfMaximumLow,0.8705001123891556
CD,log_normal,649,HalfMaximumHigh,2.4463787205309426
CD,log_normal,649,EffectAtKPlus1,0.07763748856071015
CD,log_normal,649,EffectAtKPlus10,0.01095422773740956
CD,log_normal,649,LocalComponentAtKPlus10,6.4225579901253105e-06
CD,log_normal,650,Baseline,0.009609139009527375
CD,log_normal,650,Amplitude,0.07586191892556117
CD,log_normal,650,PeakDistance,1.6683412393908608
CD,log_normal,650,PeakEffect,0.08547105793508855
CD,log_normal,650,HalfMaximumLow,1.0057543061624084
CD,log_normal,650,HalfMaximumHigh,2.767437806627475
CD,log_normal,650,EffectAtKPlus1,0.04694526774952606
CD,log_normal,650,EffectAtKPlus10,0.009622052668835849
CD,log_normal,650,LocalComponentAtKPlus10,1.2913659308473949e-05
CD,log_normal,651,Baseline,0.007897817930150545
CD,log_normal,651,Amplitude,0.08882216949166731
CD,log_normal,651,PeakDistance,1.5498216740877666
CD,log_normal,651,PeakEffect,0.09671998742181785
CD,log_normal,651,HalfMaximumLow,0.8780512083396853
CD,log_normal,651,HalfMaximumHigh,2.735543438308194
CD,log_normal,651,EffectAtKPlus1,0.06671761666493892
CD,log_normal,651,EffectAtKPlus10,0.007948775006572702
CD,log_normal,651,LocalComponentAtKPlus10,5.095707642215758e-05
CD,log_normal,652,Baseline,0.07153183032804794
CD,log_normal,652,Amplitude,-0.07408257271060685
CD,log_normal,652,PeakDistance,5.538846718587767
CD,log_normal,652,PeakEffect,-0.00255074238255891
CD,log_normal,652,HalfMaximumLow,3.137495592287793
CD,log_normal,652,HalfMaximumHigh,9.778124644197556
CD,log_normal,652,EffectAtKPlus1,0.07139407580807841
CD,log_normal,652,EffectAtKPlus10,0.03650109880788594
CD,log_normal,652,LocalComponentAtKPlus10,-0.035030731520162
CD,log_normal,653,Baseline,0.010842542064753121
CD,log_normal,653,Amplitude,0.08282593087634005
CD,log_normal,653,PeakDistance,1.1581799893775933
CD,log_normal,653,PeakEffect,0.09366847294109316
CD,log_normal,653,HalfMaximumLow,0.5663873767125607
CD,log_normal,653,HalfMaximumHigh,2.368309999386564
CD,log_normal,653,EffectAtKPlus1,0.09128394955930343
CD,log_normal,653,EffectAtKPlus10,0.010995372453488764
CD,log_normal,653,LocalComponentAtKPlus10,0.00015283038873564227
CD,log_normal,654,Baseline,0.008870030450707705
CD,log_normal,654,Amplitude,0.08722964691544344
CD,log_normal,654,PeakDistance,1.4491787204990434
CD,log_normal,654,PeakEffect,0.09609967736615115
CD,log_normal,654,HalfMaximumLow,0.8298534873795232
CD,log_normal,654,HalfMaximumHigh,2.530710536119951
CD,log_normal,654,EffectAtKPlus1,0.07304359892182971
CD,log_normal,654,EffectAtKPlus10,0.008891264343850553
CD,log_normal,654,LocalComponentAtKPlus10,2.1233893142848584e-05
CD,log_normal,655,Baseline,0.013672998068532677
CD,log_normal,655,Amplitude,0.11497631528835928
CD,log_normal,655,PeakDistance,1.5441617401177823
CD,log_normal,655,PeakEffect,0.12864931335689195
CD,log_normal,655,HalfMaximumLow,0.9395230891470355
CD,log_normal,655,HalfMaximumHigh,2.537921108259654
CD,log_normal,655,EffectAtKPlus1,0.08134727749001978
CD,log_normal,655,EffectAtKPlus10,0.013679384310783685
CD,log_normal,655,LocalComponentAtKPlus10,6.386242251008034e-06
CD,log_normal,656,Baseline,0.011182615776866158
CD,log_normal,656,Amplitude,0.09321732936911777
CD,log_normal,656,PeakDistance,1.473449569845766
CD,log_normal,656,PeakEffect,0.10439994514598393
CD,log_normal,656,HalfMaximumLow,0.9047464591016269
CD,log_normal,656,HalfMaximumHigh,2.3996265617159
CD,log_normal,656,EffectAtKPlus1,0.07134936429040871
CD,log_normal,656,EffectAtKPlus10,0.011184745906995234
CD,log_normal,656,LocalComponentAtKPlus10,2.130130129075411e-06
CD,log_normal,657,Baseline,0.014989062405962407
CD,log_normal,657,Amplitude,0.10015026383710703
CD,log_normal,657,PeakDistance,1.4035612611879549
CD,log_normal,657,PeakEffect,0.11513932624306944
CD,log_normal,657,HalfMaximumLow,0.9006328396169165
CD,log_normal,657,HalfMaximumHigh,2.1873333141454774
CD,log_normal,657,EffectAtKPlus1,0.08180679030857477
CD,log_normal,657,EffectAtKPlus10,0.014989189553901956
CD,log_normal,657,LocalComponentAtKPlus10,1.2714793954857195e-07
CD,log_normal,658,Baseline,0.017158861744651588
CD,log_normal,658,Amplitude,0.12322327324759702
CD,log_normal,658,PeakDistance,1.489267213867415
CD,log_normal,658,PeakEffect,0.1403821349922486
CD,log_normal,658,HalfMaximumLow,1.0550610898732093
CD,log_normal,658,HalfMaximumHigh,2.1021691119013286
CD,log_normal,658,EffectAtKPlus1,0.06599747149097449
CD,log_normal,658,EffectAtKPlus10,0.017158861824524592
CD,log_normal,658,LocalComponentAtKPlus10,7.987300404410647e-11
CD,log_normal,659,Baseline,0.07821342958344736
CD,log_normal,659,Amplitude,-0.07606461728592284
CD,log_normal,659,PeakDistance,5.210459667428821
CD,log_normal,659,PeakEffect,0.002148812297524519
CD,log_normal,659,HalfMaximumLow,3.0561253368272716
CD,log_normal,659,HalfMaximumHigh,8.883434726563664
CD,log_normal,659,EffectAtKPlus1,0.07811351624837425
CD,log_normal,659,EffectAtKPlus10,0.051191211134757456
CD,log_normal,659,LocalComponentAtKPlus10,-0.027022218448689905
CD,log_normal,660,Baseline,0.010622048517597097
CD,log_normal,660,Amplitude,0.09302955910781728
CD,log_normal,660,PeakDistance,1.5848235076224235
CD,log_normal,660,PeakEffect,0.10365160762541438
CD,log_normal,660,HalfMaximumLow,0.9933953780439855
CD,log_normal,660,HalfMaximumHigh,2.5283644416165494
CD,log_normal,660,EffectAtKPlus1,0.05805405899226564
CD,log_normal,660,EffectAtKPlus10,0.010623983658707656
CD,log_normal,660,LocalComponentAtKPlus10,1.9351411105587857e-06
CD,log_normal,661,Baseline,0.00877205812403071
CD,log_normal,661,Amplitude,0.08287631930884307
CD,log_normal,661,PeakDistance,1.3966124835887446
CD,log_normal,661,PeakEffect,0.09164837743287378
CD,log_normal,661,HalfMaximumLow,0.7760598453056715
CD,log_normal,661,HalfMaximumHigh,2.513371154447059
CD,log_normal,661,EffectAtKPlus1,0.07501387934091419
CD,log_normal,661,EffectAtKPlus10,0.008806698150505013
CD,log_normal,661,LocalComponentAtKPlus10,3.464002647430263e-05
CD,log_normal,662,Baseline,0.02614731001642735
CD,log_normal,662,Amplitude,0.06273602531332856
CD,log_normal,662,PeakDistance,1.3652490242853497
CD,log_normal,662,PeakEffect,0.08888333532975591
CD,log_normal,662,HalfMaximumLow,0.8092839890437741
CD,log_normal,662,HalfMaximumHigh,2.3031530631347765
CD,log_normal,662,EffectAtKPlus1,0.07521744522243265
CD,log_normal,662,EffectAtKPlus10,0.02615001914461346
CD,log_normal,662,LocalComponentAtKPlus10,2.709128186111076e-06
CD,log_normal,663,Baseline,0.005734187230036388
CD,log_normal,663,Amplitude,0.09932812471009418
CD,log_normal,663,PeakDistance,1.4495470674947333
CD,log_normal,663,PeakEffect,0.10506231194013058
CD,log_normal,663,HalfMaximumLow,0.8576271092290465
CD,log_normal,663,HalfMaximumHigh,2.450000330296715
CD,log_normal,663,EffectAtKPlus1,0.0759520245867229
CD,log_normal,663,EffectAtKPlus10,0.0057425179666729135
CD,log_normal,663,LocalComponentAtKPlus10,8.330736636525185e-06
CD,log_normal,664,Baseline,0.018221243450489248
CD,log_normal,664,Amplitude,0.06754897290197906
CD,log_normal,664,PeakDistance,1.511588684742006
CD,log_normal,664,PeakEffect,0.08577021635246831
CD,log_normal,664,HalfMaximumLow,0.8902530354926652
CD,log_normal,664,HalfMaximumHigh,2.5665740646147928
CD,log_normal,664,EffectAtKPlus1,0.06250823443504577
CD,log_normal,664,EffectAtKPlus10,0.01823113684940263
CD,log_normal,664,LocalComponentAtKPlus10,9.893398913381896e-06
CD,log_normal,665,Baseline,0.015903075353736182
CD,log_normal,665,Amplitude,0.09619720951285765
CD,log_normal,665,PeakDistance,1.4187320150394762
CD,log_normal,665,PeakEffect,0.11210028486659383
CD,log_normal,665,HalfMaximumLow,0.8380591817113052
CD,log_normal,665,HalfMaximumHigh,2.401740323860973
CD,log_normal,665,EffectAtKPlus1,0.08674282722748827
CD,log_normal,665,EffectAtKPlus10,0.015910005597333507
CD,log_normal,665,LocalComponentAtKPlus10,6.930243597325081e-06
CD,log_normal,666,Baseline,0.020956700131733084
CD,log_normal,666,Amplitude,0.07036795389155581
CD,log_normal,666,PeakDistance,1.2189353603393773
CD,log_normal,666,PeakEffect,0.0913246540232889
CD,log_normal,666,HalfMaximumLow,0.6379304968164574
CD,log_normal,666,HalfMaximumHigh,2.3290992045379144
CD,log_normal,666,EffectAtKPlus1,0.08690941976891389
CD,log_normal,666,EffectAtKPlus10,0.021003160282692154
CD,log_normal,666,LocalComponentAtKPlus10,4.64601509590698e-05
CD,log_normal,667,Baseline,0.019589015789237097
CD,log_normal,667,Amplitude,0.08143885335930272
CD,log_normal,667,PeakDistance,1.4362602925588568
CD,log_normal,667,PeakEffect,0.10102786914853981
CD,log_normal,667,HalfMaximumLow,0.8423948094031337
CD,log_normal,667,HalfMaximumHigh,2.448784827440769
CD,log_normal,667,EffectAtKPlus1,0.07877599171989706
CD,log_normal,667,EffectAtKPlus10,0.019597503256559293
CD,log_normal,667,LocalComponentAtKPlus10,8.487467322196296e-06
CD,log_normal,668,Baseline,0.05347796519882916
CD,log_normal,668,Amplitude,-0.05318194704700822
CD,log_normal,668,PeakDistance,4.277772975533452
CD,log_normal,668,PeakEffect,0.0002960181518209398
CD,log_normal,668,HalfMaximumLow,3.5462143208247094
CD,log_normal,668,HalfMaximumHigh,5.160246949188514
CD,log_normal,668,EffectAtKPlus1,0.05347796519882916
CD,log_normal,668,EffectAtKPlus10,0.05347792930586283
CD,log_normal,668,LocalComponentAtKPlus10,-3.589296632827699e-08
CD,log_normal,669,Baseline,0.009727355036677566
CD,log_normal,669,Amplitude,0.06887945683747154
CD,log_normal,669,PeakDistance,1.5072118264271992
CD,log_normal,669,PeakEffect,0.07860681187414911
CD,log_normal,669,HalfMaximumLow,0.9436191210657345
CD,log_normal,669,HalfMaximumHigh,2.4074199420167988
CD,log_normal,669,EffectAtKPlus1,0.05018924763164302
CD,log_normal,669,EffectAtKPlus10,0.009728191874367584
CD,log_normal,669,LocalComponentAtKPlus10,8.368376900186325e-07
CD,log_normal,670,Baseline,0.014964090289183836
CD,log_normal,670,Amplitude,0.084382090636606
CD,log_normal,670,PeakDistance,1.5357225359618814
CD,log_normal,670,PeakEffect,0.09934618092578984
CD,log_normal,670,HalfMaximumLow,0.9733671230696397
CD,log_normal,670,HalfMaximumHigh,2.4229744888275384
CD,log_normal,670,EffectAtKPlus1,0.06065250237768256
CD,log_normal,670,EffectAtKPlus10,0.014964788896513646
CD,log_normal,670,LocalComponentAtKPlus10,6.98607329810072e-07
CD,log_normal,671,Baseline,0.06235295647091523
CD,log_normal,671,Amplitude,-0.058751767465881295
CD,log_normal,671,PeakDistance,5.155186813374822
CD,log_normal,671,PeakEffect,0.0036011890050339362
CD,log_normal,671,HalfMaximumLow,3.348893844627459
CD,log_normal,671,HalfMaximumHigh,7.935740072331271
CD,log_normal,671,EffectAtKPlus1,0.06235033838641649
CD,log_normal,671,EffectAtKPlus10,0.05090261746195247
CD,log_normal,671,LocalComponentAtKPlus10,-0.011450339008962765
CD,log_normal,672,Baseline,0.00671083832313754
CD,log_normal,672,Amplitude,0.10979954283634928
CD,log_normal,672,PeakDistance,1.5393089283388817
CD,log_normal,672,PeakEffect,0.11651038115948682
CD,log_normal,672,HalfMaximumLow,0.9397680854208722
CD,log_normal,672,HalfMaximumHigh,2.5213369272937536
CD,log_normal,672,EffectAtKPlus1,0.07136465027214517
CD,log_normal,672,EffectAtKPlus10,0.006715987036898227
CD,log_normal,672,LocalComponentAtKPlus10,5.1487137606867975e-06
CD,log_normal,673,Baseline,0.01421242215693794
CD,log_normal,673,Amplitude,0.07727883087007777
CD,log_normal,673,PeakDistance,1.2283592212421939
CD,log_normal,673,PeakEffect,0.0914912530270157
CD,log_normal,673,HalfMaximumLow,0.7050133477661874
CD,log_normal,673,HalfMaximumHigh,2.140195474584311
CD,log_normal,673,EffectAtKPlus1,0.0844791438039401
CD,log_normal,673,EffectAtKPlus10,0.014216351056881665
CD,log_normal,673,LocalComponentAtKPlus10,3.9288999437239736e-06
CD,log_normal,674,Baseline,0.016902495171416065
CD,log_normal,674,Amplitude,0.09203822126451885
CD,log_normal,674,PeakDistance,1.4479997964417557
CD,log_normal,674,PeakEffect,0.10894071643593492
CD,log_normal,674,HalfMaximumLow,0.8780167785327014
CD,log_normal,674,HalfMaximumHigh,2.387999252131916
CD,log_normal,674,EffectAtKPlus1,0.07987352765575484
CD,log_normal,674,EffectAtKPlus10,0.016905463226418553
CD,log_normal,674,LocalComponentAtKPlus10,2.9680550024877017e-06
CD,log_normal,675,Baseline,0.07875725974073287
CD,log_normal,675,Amplitude,-0.06762834711072027
CD,log_normal,675,PeakDistance,5.319711002478391
CD,log_normal,675,PeakEffect,0.011128912630012602
CD,log_normal,675,HalfMaximumLow,3.1301492953941312
CD,log_normal,675,HalfMaximumHigh,9.040886705158371
CD,log_normal,675,EffectAtKPlus1,0.0786880597421161
CD,log_normal,675,EffectAtKPlus10,0.05342031049836131
CD,log_normal,675,LocalComponentAtKPlus10,-0.025336949242371565
CD,log_normal,676,Baseline,0.016039270245108078
CD,log_normal,676,Amplitude,0.05675744675569145
CD,log_normal,676,PeakDistance,1.4945666466761323
CD,log_normal,676,PeakEffect,0.07279671700079952
CD,log_normal,676,HalfMaximumLow,0.8905003131934173
CD,log_normal,676,HalfMaximumHigh,2.5083982883132023
CD,log_normal,676,EffectAtKPlus1,0.05342744788248015
CD,log_normal,676,EffectAtKPlus10,0.01604425682535926
CD,log_normal,676,LocalComponentAtKPlus10,4.986580251182399e-06
CD,log_normal,677,Baseline,0.00522194057640928
CD,log_normal,677,Amplitude,0.08328439111597903
CD,log_normal,677,PeakDistance,1.252777942094497
CD,log_normal,677,PeakEffect,0.08850633169238831
CD,log_normal,677,HalfMaximumLow,0.6836315780305766
CD,log_normal,677,HalfMaximumHigh,2.2957578652522788
CD,log_normal,677,EffectAtKPlus1,0.08088604666817344
CD,log_normal,677,EffectAtKPlus10,0.005245934077388708
CD,log_normal,677,LocalComponentAtKPlus10,2.3993500979428012e-05
CD,log_normal,678,Baseline,0.01939570890267569
CD,log_normal,678,Amplitude,0.08539941006870379
CD,log_normal,678,PeakDistance,1.621804333439995
CD,log_normal,678,PeakEffect,0.10479511897137947
CD,log_normal,678,HalfMaximumLow,1.0468259586900415
CD,log_normal,678,HalfMaximumHigh,2.512594643006504
CD,log_normal,678,EffectAtKPlus1,0.05605629883467301
CD,log_normal,678,EffectAtKPlus10,0.01939625088620028
CD,log_normal,678,LocalComponentAtKPlus10,5.419835245913662e-07
CD,log_normal,679,Baseline,0.00878017538304985
CD,log_normal,679,Amplitude,0.10329389408477475
CD,log_normal,679,PeakDistance,1.4885609635754247
CD,log_normal,679,PeakEffect,0.11207406946782461
CD,log_normal,679,HalfMaximumLow,0.8910907833255828
CD,log_normal,679,HalfMaximumHigh,2.486630749350925
CD,log_normal,679,EffectAtKPlus1,0.07687885038426387
CD,log_normal,679,EffectAtKPlus10,0.008787518133577352
CD,log_normal,679,LocalComponentAtKPlus10,7.342750527501718e-06
CD,log_normal,680,Baseline,0.017477949466938227
CD,log_normal,680,Amplitude,0.08895617796855529
CD,log_normal,680,PeakDistance,1.6489415734102486
CD,log_normal,680,PeakEffect,0.10643412743549352
CD,log_normal,680,HalfMaximumLow,1.0394970824592253
CD,log_normal,680,HalfMaximumHigh,2.6156959537472493
CD,log_normal,680,EffectAtKPlus1,0.056876270458599595
CD,log_normal,680,EffectAtKPlus10,0.01748021518500623
CD,log_normal,680,LocalComponentAtKPlus10,2.265718068002187e-06
CD,log_normal,681,Baseline,0.07549550320081859
CD,log_normal,681,Amplitude,-0.06814184710990658
CD,log_normal,681,PeakDistance,4.993959519307118
CD,log_normal,681,PeakEffect,0.007353656090912014
CD,log_normal,681,HalfMaximumLow,2.709834689914385
CD,log_normal,681,HalfMaximumHigh,9.203377524577384
CD,log_normal,681,EffectAtKPlus1,0.07493292796722528
CD,log_normal,681,EffectAtKPlus10,0.04762922597300799
CD,log_normal,681,LocalComponentAtKPlus10,-0.0278662772278106
CD,log_normal,682,Baseline,0.017075665296171643
CD,log_normal,682,Amplitude,0.07925492636110565
CD,log_normal,682,PeakDistance,1.4290107672329213
CD,log_normal,682,PeakEffect,0.0963305916572773
CD,log_normal,682,HalfMaximumLow,0.8299025026127896
CD,log_normal,682,HalfMaximumHigh,2.4606164777652175
CD,log_normal,682,EffectAtKPlus1,0.07584136332322684
CD,log_normal,682,EffectAtKPlus10,0.01708664041504961
CD,log_normal,682,LocalComponentAtKPlus10,1.0975118877966372e-05
CD,log_normal,683,Baseline,0.01379000946408729
CD,log_normal,683,Amplitude,0.1030102114004951
CD,log_normal,683,PeakDistance,1.3920730202487546
CD,log_normal,683,PeakEffect,0.11680022086458239
CD,log_normal,683,HalfMaximumLow,0.8974594163920762
CD,log_normal,683,HalfMaximumHigh,2.1592812536248287
CD,log_normal,683,EffectAtKPlus1,0.08328356854190622
CD,log_normal,683,EffectAtKPlus10,0.013790096435412487
CD,log_normal,683,LocalComponentAtKPlus10,8.697132519719375e-08
CD,log_normal,684,Baseline,0.018843705765923483
CD,log_normal,684,Amplitude,0.06613169726828791
CD,log_normal,684,PeakDistance,1.3781638801609515
CD,log_normal,684,PeakEffect,0.08497540303421139
CD,log_normal,684,HalfMaximumLow,0.8185154978930024
CD,log_normal,684,HalfMaximumHigh,2.3204639197052486
CD,log_normal,684,EffectAtKPlus1,0.0696970471161796
CD,log_normal,684,EffectAtKPlus10,0.018846622226066014
CD,log_normal,684,LocalComponentAtKPlus10,2.9164601425303582e-06
CD,log_normal,685,Baseline,0.009649343231048114
CD,log_normal,685,Amplitude,0.16640350735447784
CD,log_normal,685,PeakDistance,1.5109383271758927
CD,log_normal,685,PeakEffect,0.17605285058552594
CD,log_normal,685,HalfMaximumLow,1.1057237059114648
CD,log_normal,685,HalfMaximumHigh,2.064651970762648
CD,log_normal,685,EffectAtKPlus1,0.05921201395769319
CD,log_normal,685,EffectAtKPlus10,0.009649343232606598
CD,log_normal,685,LocalComponentAtKPlus10,1.5584842444349434e-12
CD,log_normal,686,Baseline,0.01787542972348589
CD,log_normal,686,Amplitude,0.05508828137630891
CD,log_normal,686,PeakDistance,1.4623195845985726
CD,log_normal,686,PeakEffect,0.0729637110997948
CD,log_normal,686,HalfMaximumLow,0.7107131469161001
CD,log_normal,686,HalfMaximumHigh,3.0087786848735165
CD,log_normal,686,EffectAtKPlus1,0.0633268717717733
CD,log_normal,686,EffectAtKPlus10,0.01827690897485518
CD,log_normal,686,LocalComponentAtKPlus10,0.0004014792513692897
CD,log_normal,687,Baseline,0.008109574899949214
CD,log_normal,687,Amplitude,0.09697048326850101
CD,log_normal,687,PeakDistance,1.6094324739846377
CD,log_normal,687,PeakEffect,0.10508005816845023
CD,log_normal,687,HalfMaximumLow,0.9710406879782801
CD,log_normal,687,HalfMaximumHigh,2.6675225048594977
CD,log_normal,687,EffectAtKPlus1,0.06054293199724052
CD,log_normal,687,EffectAtKPlus10,0.008120847711901727
CD,log_normal,687,LocalComponentAtKPlus10,1.1272811952513576e-05
CD,log_normal,688,Baseline,0.018986520242558397
CD,log_normal,688,Amplitude,0.07733528403148843
CD,log_normal,688,PeakDistance,1.480248298387872
CD,log_normal,688,PeakEffect,0.09632180427404682
CD,log_normal,688,HalfMaximumLow,0.9045007024265727
CD,log_normal,688,HalfMaximumHigh,2.4224801805038583
CD,log_normal,688,EffectAtKPlus1,0.06882087169021409
CD,log_normal,688,EffectAtKPlus10,0.018988814007697242
CD,log_normal,688,LocalComponentAtKPlus10,2.2937651388450775e-06
CD,log_normal,689,Baseline,0.01918911794757837
CD,log_normal,689,Amplitude,0.08000487811121616
CD,log_normal,689,PeakDistance,1.5142647836175054
CD,log_normal,689,PeakEffect,0.09919399605879453
CD,log_normal,689,HalfMaximumLow,0.9917876640798771
CD,log_normal,689,HalfMaximumHigh,2.311984629322326
CD,log_normal,689,EffectAtKPlus1,0.06027609900223983
CD,log_normal,689,EffectAtKPlus10,0.019189199853440874
CD,log_normal,689,LocalComponentAtKPlus10,8.190586250553245e-08
CD,log_normal,690,Baseline,0.015778544009010343
CD,log_normal,690,Amplitude,0.11092633306737877
CD,log_normal,690,PeakDistance,1.417135165438934
CD,log_normal,690,PeakEffect,0.1267048770763891
CD,log_normal,690,HalfMaximumLow,0.9323349423148601
CD,log_normal,690,HalfMaximumHigh,2.1540242524187385
CD,log_normal,690,EffectAtKPlus1,0.08437806927489043
CD,log_normal,690,EffectAtKPlus10,0.01577857485431219
CD,log_normal,690,LocalComponentAtKPlus10,3.08453018474375e-08
CD,log_normal,691,Baseline,0.022881895149574456
CD,log_normal,691,Amplitude,0.0646101911866195
CD,log_normal,691,PeakDistance,1.6914137453768447
CD,log_normal,691,PeakEffect,0.08749208633619396
CD,log_normal,691,HalfMaximumLow,1.0826342938787243
CD,log_normal,691,HalfMaximumHigh,2.6425178605788737
CD,log_normal,691,EffectAtKPlus1,0.04757633790384139
CD,log_normal,691,EffectAtKPlus10,0.022882979131256746
CD,log_normal,691,LocalComponentAtKPlus10,1.0839816822899584e-06
CD,log_normal,692,Baseline,-0.0019718501168263787
CD,log_normal,692,Amplitude,0.1049194220974062
CD,log_normal,692,PeakDistance,1.3986097202171597
CD,log_normal,692,PeakEffect,0.10294757198057983
CD,log_normal,692,HalfMaximumLow,0.7776383269727106
CD,log_normal,692,HalfMaximumHigh,2.515448482459593
CD,log_normal,692,EffectAtKPlus1,0.08168890273339051
CD,log_normal,692,EffectAtKPlus10,-0.0019282012103628953
CD,log_normal,692,LocalComponentAtKPlus10,4.364890646348335e-05
CD,log_normal,693,Baseline,0.002748666641495622
CD,log_normal,693,Amplitude,0.09570311759440756
CD,log_normal,693,PeakDistance,1.530238850445965
CD,log_normal,693,PeakEffect,0.09845178423590317
CD,log_normal,693,HalfMaximumLow,0.8604513809985134
CD,log_normal,693,HalfMaximumHigh,2.7213983161917135
CD,log_normal,693,EffectAtKPlus1,0.0682958624592617
CD,log_normal,693,EffectAtKPlus10,0.0028090130157288878
CD,log_normal,693,LocalComponentAtKPlus10,6.0346374233265655e-05
CD,log_normal,694,Baseline,0.02450813007441294
CD,log_normal,694,Amplitude,0.07836259292546369
CD,log_normal,694,PeakDistance,1.4701269545169524
CD,log_normal,694,PeakEffect,0.10287072299987662
CD,log_normal,694,HalfMaximumLow,0.9400415603168821
CD,log_normal,694,HalfMaximumHigh,2.2991252234302677
CD,log_normal,694,EffectAtKPlus1,0.0713430655138648
CD,log_normal,694,EffectAtKPlus10,0.024508359506040123
CD,log_normal,694,LocalComponentAtKPlus10,2.2943162718280785e-07
CD,log_normal,695,Baseline,0.01412905373113989
CD,log_normal,695,Amplitude,0.06689874859458957
CD,log_normal,695,PeakDistance,1.4811652559484456
CD,log_normal,695,PeakEffect,0.08102780232572945
CD,log_normal,695,HalfMaximumLow,0.8575471487434883
CD,log_normal,695,HalfMaximumHigh,2.5582855923937715
CD,log_normal,695,EffectAtKPlus1,0.06089013929782619
CD,log_normal,695,EffectAtKPlus10,0.014143161120836217
CD,log_normal,695,LocalComponentAtKPlus10,1.4107389696326605e-05
CD,log_normal,696,Baseline,0.009193071122992088
CD,log_normal,696,Amplitude,0.0929101971901952
CD,log_normal,696,PeakDistance,1.513640873852159
CD,log_normal,696,PeakEffect,0.10210326831318729
CD,log_normal,696,HalfMaximumLow,0.8713376921159149
CD,log_normal,696,HalfMaximumHigh,2.6294153411776637
CD,log_normal,696,EffectAtKPlus1,0.07206543621831844
CD,log_normal,696,EffectAtKPlus10,0.009221213123603588
CD,log_normal,696,LocalComponentAtKPlus10,2.814200061150053e-05
CD,log_normal,697,Baseline,0.04964907863647301
CD,log_normal,697,Amplitude,-0.058739920944252524
CD,log_normal,697,PeakDistance,3.9511314943461935
CD,log_normal,697,PeakEffect,-0.009090842307779512
CD,log_normal,697,HalfMaximumLow,3.306761315294089
CD,log_normal,697,HalfMaximumHigh,4.721066504984793
CD,log_normal,697,EffectAtKPlus1,0.04964907863647301
CD,log_normal,697,EffectAtKPlus10,0.04964907825668375
CD,log_normal,697,LocalComponentAtKPlus10,-3.797892625390098e-10
CD,log_normal,698,Baseline,0.08322947343378005
CD,log_normal,698,Amplitude,-0.07011933952147803
CD,log_normal,698,PeakDistance,4.984585691389503
CD,log_normal,698,PeakEffect,0.013110133912302022
CD,log_normal,698,HalfMaximumLow,2.500317309905069
CD,log_normal,698,HalfMaximumHigh,9.937176540104147
CD,log_normal,698,EffectAtKPlus1,0.08159265558273751
CD,log_normal,698,EffectAtKPlus10,0.048612969072172475
CD,log_normal,698,LocalComponentAtKPlus10,-0.03461650436160758
CD,log_normal,699,Baseline,0.009950043145006212
CD,log_normal,699,Amplitude,0.09232531687691084
CD,log_normal,699,PeakDistance,1.4447583085645475
CD,log_normal,699,PeakEffect,0.10227536002191705
CD,log_normal,699,HalfMaximumLow,0.7779157629393398
CD,log_normal,699,HalfMaximumHigh,2.6832295598168217
CD,log_normal,699,EffectAtKPlus1,0.08222465665887052
CD,log_normal,699,EffectAtKPlus10,0.010056093271200155
CD,log_normal,699,LocalComponentAtKPlus10,0.00010605012619394234
CD,log_normal,700,Baseline,0.023612702524210584
CD,log_normal,700,Amplitude,0.07698195419958397
CD,log_normal,700,PeakDistance,1.4812185232252237
CD,log_normal,700,PeakEffect,0.10059465672379456
CD,log_normal,700,HalfMaximumLow,0.9733907160461497
CD,log_normal,700,HalfMaximumHigh,2.253985247011018
CD,log_normal,700,EffectAtKPlus1,0.06556853647607891
CD,log_normal,700,EffectAtKPlus10,0.02361274799809552
CD,log_normal,700,LocalComponentAtKPlus10,4.5473884935365305e-08
CD,log_normal,701,Baseline,0.02231247792130616
CD,log_normal,701,Amplitude,0.08809966196960942
CD,log_normal,701,PeakDistance,1.4528836478799805
CD,log_normal,701,PeakEffect,0.11041213989091558
CD,log_normal,701,HalfMaximumLow,0.9628904166314302
CD,log_normal,701,HalfMaximumHigh,2.1922233909666446
CD,log_normal,701,EffectAtKPlus1,0.0720570817007444
CD,log_normal,701,EffectAtKPlus10,0.0223124990733647
CD,log_normal,701,LocalComponentAtKPlus10,2.1152058538725926e-08
CD,log_normal,702,Baseline,0.016131254460275506
CD,log_normal,702,Amplitude,0.09304501288912101
CD,log_normal,702,PeakDistance,1.506585496399358
CD,log_normal,702,PeakEffect,0.10917626734939652
CD,log_normal,702,HalfMaximumLow,0.9552037030506021
CD,log_normal,702,HalfMaximumHigh,2.3762469206431214
CD,log_normal,702,EffectAtKPlus1,0.06924066177709606
CD,log_normal,702,EffectAtKPlus10,0.016131850092429022
CD,log_normal,702,LocalComponentAtKPlus10,5.956321535161013e-07
CD,log_normal,703,Baseline,0.018966915881626828
CD,log_normal,703,Amplitude,0.0815486760744233
CD,log_normal,703,PeakDistance,1.515563115297367
CD,log_normal,703,PeakEffect,0.10051559195605013
CD,log_normal,703,HalfMaximumLow,0.9581382137673361
CD,log_normal,703,HalfMaximumHigh,2.39728624059203
CD,log_normal,703,EffectAtKPlus1,0.06508969447603546
CD,log_normal,703,EffectAtKPlus10,0.018967568629571774
CD,log_normal,703,LocalComponentAtKPlus10,6.527479449458529e-07
CD,log_normal,704,Baseline,0.01655608447738909
CD,log_normal,704,Amplitude,0.0806443618563338
CD,log_normal,704,PeakDistance,1.3205222714767062
CD,log_normal,704,PeakEffect,0.09720044633372288
CD,log_normal,704,HalfMaximumLow,0.809645547406527
CD,log_normal,704,HalfMaximumHigh,2.1537561406367365
CD,log_normal,704,EffectAtKPlus1,0.08102284967520328
CD,log_normal,704,EffectAtKPlus10,0.016556647422389895
CD,log_normal,704,LocalComponentAtKPlus10,5.629450008058645e-07
CD,log_normal,705,Baseline,0.06783408455538617
CD,log_normal,705,Amplitude,-0.06531548699262162
CD,log_normal,705,PeakDistance,5.219257721589539
CD,log_normal,705,PeakEffect,0.0025185975627645546
CD,log_normal,705,HalfMaximumLow,3.2791769439513074
CD,log_normal,705,HalfMaximumHigh,8.307161104745964
CD,log_normal,705,EffectAtKPlus1,0.0678238511072933
CD,log_normal,705,EffectAtKPlus10,0.051015427085568416
CD,log_normal,705,LocalComponentAtKPlus10,-0.016818657469817755
CD,log_normal,706,Baseline,0.007642078678998089
CD,log_normal,706,Amplitude,0.08086338102053746
CD,log_normal,706,PeakDistance,1.3822134381169056
CD,log_normal,706,PeakEffect,0.08850545969953555
CD,log_normal,706,HalfMaximumLow,0.8483508033144362
CD,log_normal,706,HalfMaximumHigh,2.2520329809870363
CD,log_normal,706,EffectAtKPlus1,0.0672620827002782
CD,log_normal,706,EffectAtKPlus10,0.0076429919470496765
CD,log_normal,706,LocalComponentAtKPlus10,9.132680515878261e-07
CD,log_normal,707,Baseline,0.014972034499960698
CD,log_normal,707,Amplitude,0.10467738638756192
CD,log_normal,707,PeakDistance,1.4518131333372422
CD,log_normal,707,PeakEffect,0.11964942088752262
CD,log_normal,707,HalfMaximumLow,1.0094212980275372
CD,log_normal,707,HalfMaximumHigh,2.088088866610183
CD,log_normal,707,EffectAtKPlus1,0.06544844029498854
CD,log_normal,707,EffectAtKPlus10,0.01497203484086024
CD,log_normal,707,LocalComponentAtKPlus10,3.408995412346183e-10
CD,log_normal,708,Baseline,0.014472228754612002
CD,log_normal,708,Amplitude,0.09674231033316469
CD,log_normal,708,PeakDistance,1.507753066992672
CD,log_normal,708,PeakEffect,0.11121453908777669
CD,log_normal,708,HalfMaximumLow,0.9739019551540041
CD,log_normal,708,HalfMaximumHigh,2.3342383686521364
CD,log_normal,708,EffectAtKPlus1,0.0669423529041204
CD,log_normal,708,EffectAtKPlus10,0.014472449952583922
CD,log_normal,708,LocalComponentAtKPlus10,2.2119797192000912e-07
CD,log_normal,709,Baseline,0.015692213000004753
CD,log_normal,709,Amplitude,0.07101562241591508
CD,log_normal,709,PeakDistance,1.419774977261635
CD,log_normal,709,PeakEffect,0.08670783541591984
CD,log_normal,709,HalfMaximumLow,0.8137625648858722
CD,log_normal,709,HalfMaximumHigh,2.4770873876964106
CD,log_normal,709,EffectAtKPlus1,0.06964046965585628
CD,log_normal,709,EffectAtKPlus10,0.015706287365644715
CD,log_normal,709,LocalComponentAtKPlus10,1.4074365639962089e-05
CD,log_normal,710,Baseline,0.01746431508163826
CD,log_normal,710,Amplitude,0.07428662904968597
CD,log_normal,710,PeakDistance,1.5395083404239849
CD,log_normal,710,PeakEffect,0.09175094413132423
CD,log_normal,710,HalfMaximumLow,0.8749761197507068
CD,log_normal,710,HalfMaximumHigh,2.708743560807446
CD,log_normal,710,EffectAtKPlus1,0.06705206986376254
CD,log_normal,710,EffectAtKPlus10,0.017501436227032253
CD,log_normal,710,LocalComponentAtKPlus10,3.7121145393993055e-05
CD,log_normal,711,Baseline,0.0011883287997998557
CD,log_normal,711,Amplitude,0.08460062699239819
CD,log_normal,711,PeakDistance,1.505042445931039
CD,log_normal,711,PeakEffect,0.08578895579219804
CD,log_normal,711,HalfMaximumLow,0.8153701306673697
CD,log_normal,711,HalfMaximumHigh,2.7780668911676787
CD,log_normal,711,EffectAtKPlus1,0.06333996913577701
CD,log_normal,711,EffectAtKPlus10,0.0013014970082772352
CD,log_normal,711,LocalComponentAtKPlus10,0.00011316820847737954
CD,log_normal,712,Baseline,0.08751486868162155
CD,log_normal,712,Amplitude,-0.08695986377607463
CD,log_normal,712,PeakDistance,5.219517637373512
CD,log_normal,712,PeakEffect,0.0005550049055469131
CD,log_normal,712,HalfMaximumLow,2.7459408149268385
CD,log_normal,712,HalfMaximumHigh,9.921322491278467
CD,log_normal,712,EffectAtKPlus1,0.0866300658078486
CD,log_normal,712,EffectAtKPlus10,0.044774416985381815
CD,log_normal,712,LocalComponentAtKPlus10,-0.04274045169623973
CD,log_normal,713,Baseline,0.0186755549963471
CD,log_normal,713,Amplitude,0.09359396665685196
CD,log_normal,713,PeakDistance,1.457909139063759
CD,log_normal,713,PeakEffect,0.11226952165319906
CD,log_normal,713,HalfMaximumLow,0.9334869479015793
CD,log_normal,713,HalfMaximumHigh,2.276945663293548
CD,log_normal,713,EffectAtKPlus1,0.07569070950656434
CD,log_normal,713,EffectAtKPlus10,0.0186757818270357
CD,log_normal,713,LocalComponentAtKPlus10,2.2683068860024358e-07
CD,log_normal,714,Baseline,-0.012408306300330019
CD,log_normal,714,Amplitude,0.1186982660395612
CD,log_normal,714,PeakDistance,0.04978706836786427
CD,log_normal,714,PeakEffect,0.10628995973923118
CD,log_normal,714,HalfMaximumLow,0.0011680708207533193
CD,log_normal,714,HalfMaximumHigh,2.1220906580542613
CD,log_normal,714,EffectAtKPlus1,0.06380516194327411
CD,log_normal,714,EffectAtKPlus10,0.017330062446544163
CD,log_normal,714,LocalComponentAtKPlus10,0.02973836874687418
CD,log_normal,715,Baseline,0.06614123706818076
CD,log_normal,715,Amplitude,-0.06812831221391481
CD,log_normal,715,PeakDistance,4.789511907629592
CD,log_normal,715,PeakEffect,-0.0019870751457340546
CD,log_normal,715,HalfMaximumLow,3.1731200682566927
CD,log_normal,715,HalfMaximumHigh,7.229296030366899
CD,log_normal,715,EffectAtKPlus1,0.06613824627042424
CD,log_normal,715,EffectAtKPlus10,0.05871247599444494
CD,log_normal,715,LocalComponentAtKPlus10,-0.007428761073735815
CD,log_normal,716,Baseline,0.021311967626013784
CD,log_normal,716,Amplitude,0.07845033460447741
CD,log_normal,716,PeakDistance,1.3859335007492846
CD,log_normal,716,PeakEffect,0.09976230223049119
CD,log_normal,716,HalfMaximumLow,0.8072732267660405
CD,log_normal,716,HalfMaximumHigh,2.3793823513681893
CD,log_normal,716,EffectAtKPlus1,0.08224041281550391
CD,log_normal,716,EffectAtKPlus10,0.02131937821064497
CD,log_normal,716,LocalComponentAtKPlus10,7.410584631186573e-06
CD,log_normal,717,Baseline,0.016676822204465855
CD,log_normal,717,Amplitude,0.09070892977215947
CD,log_normal,717,PeakDistance,1.6257187737147003
CD,log_normal,717,PeakEffect,0.10738575197662532
CD,log_normal,717,HalfMaximumLow,1.0615237615696502
CD,log_normal,717,HalfMaximumHigh,2.4897808479579804
CD,log_normal,717,EffectAtKPlus1,0.053522056644596014
CD,log_normal,717,EffectAtKPlus10,0.016677130996218432
CD,log_normal,717,LocalComponentAtKPlus10,3.087917525776418e-07
CD,log_normal,718,Baseline,0.024723296838740506
CD,log_normal,718,Amplitude,0.06676048209938856
CD,log_normal,718,PeakDistance,1.4513208756045122
CD,log_normal,718,PeakEffect,0.09148377893812906
CD,log_normal,718,HalfMaximumLow,0.8933131187210376
CD,log_normal,718,HalfMaximumHigh,2.357888001220779
CD,log_normal,718,EffectAtKPlus1,0.06910297371645525
CD,log_normal,718,EffectAtKPlus10,0.024724452305095217
CD,log_normal,718,LocalComponentAtKPlus10,1.1554663547110045e-06
CD,log_normal,719,Baseline,0.018701009039236265
CD,log_normal,719,Amplitude,0.08730316163399263
CD,log_normal,719,PeakDistance,1.4998118376462723
CD,log_normal,719,PeakEffect,0.1060041706732289
CD,log_normal,719,HalfMaximumLow,0.8872450720215923
CD,log_normal,719,HalfMaximumHigh,2.5353035134008
CD,log_normal,719,EffectAtKPlus1,0.0764531141116167
CD,log_normal,719,EffectAtKPlus10,0.018711225908933645
CD,log_normal,719,LocalComponentAtKPlus10,1.0216869697380476e-05
CD,log_normal,720,Baseline,0.015723578223182412
CD,log_normal,720,Amplitude,0.08774005883613695
CD,log_normal,720,PeakDistance,1.5710642537563708
CD,log_normal,720,PeakEffect,0.10346363705931935
CD,log_normal,720,HalfMaximumLow,0.9750878568383184
CD,log_normal,720,HalfMaximumHigh,2.531303073996057
CD,log_normal,720,EffectAtKPlus1,0.06283964256754962
CD,log_normal,720,EffectAtKPlus10,0.015726152518308778
CD,log_normal,720,LocalComponentAtKPlus10,2.574295126366033e-06
CD,log_normal,721,Baseline,0.007737349209496094
CD,log_normal,721,Amplitude,0.0978785407426331
CD,log_normal,721,PeakDistance,1.5094902255605065
CD,log_normal,721,PeakEffect,0.10561588995212919
CD,log_normal,721,HalfMaximumLow,0.9130205078983618
CD,log_normal,721,HalfMaximumHigh,2.4956293110081593
CD,log_normal,721,EffectAtKPlus1,0.06922163697850209
CD,log_normal,721,EffectAtKPlus10,0.007742757200705049
CD,log_normal,721,LocalComponentAtKPlus10,5.407991208955e-06
CD,log_normal,722,Baseline,0.009554443982778818
CD,log_normal,722,Amplitude,0.08885465500608439
CD,log_normal,722,PeakDistance,1.419061535516399
CD,log_normal,722,PeakEffect,0.0984090989888632
CD,log_normal,722,HalfMaximumLow,0.8009193693567283
CD,log_normal,722,HalfMaximumHigh,2.514280111866348
CD,log_normal,722,EffectAtKPlus1,0.07809877110028614
CD,log_normal,722,EffectAtKPlus10,0.009582032527807375
CD,log_normal,722,LocalComponentAtKPlus10,2.7588545028557274e-05
CD,log_normal,723,Baseline,0.010100030404862726
CD,log_normal,723,Amplitude,0.08918909287419091
CD,log_normal,723,PeakDistance,1.6123563288499256
CD,log_normal,723,PeakEffect,0.09928912327905363
CD,log_normal,723,HalfMaximumLow,0.9407291626715565
CD,log_normal,723,HalfMaximumHigh,2.7634871271552774
CD,log_normal,723,EffectAtKPlus1,0.06182314801187508
CD,log_normal,723,EffectAtKPlus10,0.01013143732086237
CD,log_normal,723,LocalComponentAtKPlus10,3.140691599964364e-05
CD,log_normal,724,Baseline,0.07050103241925192
CD,log_normal,724,Amplitude,-0.05412092732492419
CD,log_normal,724,PeakDistance,4.766439226070709
CD,log_normal,724,PeakEffect,0.016380105094327725
CD,log_normal,724,HalfMaximumLow,2.642582698018225
CD,log_normal,724,HalfMaximumHigh,8.597249544115819
CD,log_normal,724,EffectAtKPlus1,0.07008089252458265
CD,log_normal,724,EffectAtKPlus10,0.052375272552174085
CD,log_normal,724,LocalComponentAtKPlus10,-0.01812575986707783
CD,log_normal,725,Baseline,0.010204783306863913
CD,log_normal,725,Amplitude,0.07314232049012015
CD,log_normal,725,PeakDistance,1.3806166947662353
CD,log_normal,725,PeakEffect,0.08334710379698407
CD,log_normal,725,HalfMaximumLow,0.6598691063793365
CD,log_normal,725,HalfMaximumHigh,2.8886069061876802
CD,log_normal,725,EffectAtKPlus1,0.07428304057991299
CD,log_normal,725,EffectAtKPlus10,0.010704401702956085
CD,log_normal,725,LocalComponentAtKPlus10,0.0004996183960921715
CD,log_normal,726,Baseline,0.07994654926434952
CD,log_normal,726,Amplitude,-0.07293757188516078
CD,log_normal,726,PeakDistance,4.85831592223489
CD,log_normal,726,PeakEffect,0.0070089773791887355
CD,log_normal,726,HalfMaximumLow,2.495110643043401
CD,log_normal,726,HalfMaximumHigh,9.459794364650337
CD,log_normal,726,EffectAtKPlus1,0.07847067081010516
CD,log_normal,726,EffectAtKPlus10,0.047612901608668615
CD,log_normal,726,LocalComponentAtKPlus10,-0.032333647655680905
CD,log_normal,727,Baseline,0.018676574591901245
CD,log_normal,727,Amplitude,0.055626157345372566
CD,log_normal,727,PeakDistance,1.433168379585551
CD,log_normal,727,PeakEffect,0.07430273193727381
CD,log_normal,727,HalfMaximumLow,0.7384772001251004
CD,log_normal,727,HalfMaximumHigh,2.781360892246808
CD,log_normal,727,EffectAtKPlus1,0.06402838139283921
CD,log_normal,727,EffectAtKPlus10,0.018821482318289905
CD,log_normal,727,LocalComponentAtKPlus10,0.0001449077263886607
CD,log_normal,728,Baseline,0.009945188453788644
CD,log_normal,728,Amplitude,0.09757344678475285
CD,log_normal,728,PeakDistance,1.5353694573771846
CD,log_normal,728,PeakEffect,0.1075186352385415
CD,log_normal,728,HalfMaximumLow,1.0023215608591842
CD,log_normal,728,HalfMaximumHigh,2.351899293302635
CD,log_normal,728,EffectAtKPlus1,0.058364543206990895
CD,log_normal,728,EffectAtKPlus10,0.009945338899082742
CD,log_normal,728,LocalComponentAtKPlus10,1.5044529409757867e-07
CD,log_normal,729,Baseline,0.009168633989732921
CD,log_normal,729,Amplitude,0.08831244015509829
CD,log_normal,729,PeakDistance,1.6364565531272262
CD,log_normal,729,PeakEffect,0.0974810741448312
CD,log_normal,729,HalfMaximumLow,0.9448280479878948
CD,log_normal,729,HalfMaximumHigh,2.8343676460241505
CD,log_normal,729,EffectAtKPlus1,0.05974916256362846
CD,log_normal,729,EffectAtKPlus10,0.009216186013468061
CD,log_normal,729,LocalComponentAtKPlus10,4.7552023735139906e-05
CD,log_normal,730,Baseline,0.004972604963672876
CD,log_normal,730,Amplitude,0.08749608838416251
CD,log_normal,730,PeakDistance,1.4777826299960257
CD,log_normal,730,PeakEffect,0.09246869334783539
CD,log_normal,730,HalfMaximumLow,0.829214158012018
CD,log_normal,730,HalfMaximumHigh,2.6336278516439897
CD,log_normal,730,EffectAtKPlus1,0.06872106914599363
CD,log_normal,730,EffectAtKPlus10,0.005016837051469196
CD,log_normal,730,LocalComponentAtKPlus10,4.4232087796319645e-05
CD,log_normal,731,Baseline,0.013968146278413827
CD,log_normal,731,Amplitude,0.11034673877731876
CD,log_normal,731,PeakDistance,1.447477097733006
CD,log_normal,731,PeakEffect,0.1243148850557326
CD,log_normal,731,HalfMaximumLow,0.9829518161657297
CD,log_normal,731,HalfMaximumHigh,2.131528640574085
CD,log_normal,731,EffectAtKPlus1,0.07256641569882
CD,log_normal,731,EffectAtKPlus10,0.013968149706651946
CD,log_normal,731,LocalComponentAtKPlus10,3.4282381187328292e-09
CD,log_normal,732,Baseline,0.021087208813147622
CD,log_normal,732,Amplitude,0.08721674321887726
CD,log_normal,732,PeakDistance,1.4972654239541254
CD,log_normal,732,PeakEffect,0.10830395203202489
CD,log_normal,732,HalfMaximumLow,0.9339241578207034
CD,log_normal,732,HalfMaximumHigh,2.400413064589462
CD,log_normal,732,EffectAtKPlus1,0.07362262014017495
CD,log_normal,732,EffectAtKPlus10,0.02108837864936501
CD,log_normal,732,LocalComponentAtKPlus10,1.169836217389253e-06
CD,log_normal,733,Baseline,0.020337310344021045
CD,log_normal,733,Amplitude,0.08870655755858049
CD,log_normal,733,PeakDistance,1.5620315809513963
CD,log_normal,733,PeakEffect,0.10904386790260154
CD,log_normal,733,HalfMaximumLow,1.033830702758455
CD,log_normal,733,HalfMaximumHigh,2.3600988569785093
CD,log_normal,733,EffectAtKPlus1,0.059822522357694835
CD,log_normal,733,EffectAtKPlus10,0.0203373821568488
CD,log_normal,733,LocalComponentAtKPlus10,7.181282775381437e-08
CD,log_normal,734,Baseline,0.01697540907585192
CD,log_normal,734,Amplitude,0.10334496934275504
CD,log_normal,734,PeakDistance,1.415448180723726
CD,log_normal,734,PeakEffect,0.12032037841860696
CD,log_normal,734,HalfMaximumLow,0.9395661938962988
CD,log_normal,734,HalfMaximumHigh,2.1323601948743955
CD,log_normal,734,EffectAtKPlus1,0.07976385045710893
CD,log_normal,734,EffectAtKPlus10,0.0169754235859169
CD,log_normal,734,LocalComponentAtKPlus10,1.4510064982875548e-08
CD,log_normal,735,Baseline,0.05862211122246872
CD,log_normal,735,Amplitude,-0.0712938369523636
CD,log_normal,735,PeakDistance,4.399823735611458
CD,log_normal,735,PeakEffect,-0.012671725729894882
CD,log_normal,735,HalfMaximumLow,3.290532496545436
CD,log_normal,735,HalfMaximumHigh,5.883074829005158
CD,log_normal,735,EffectAtKPlus1,0.058622110165842595
CD,log_normal,735,EffectAtKPlus10,0.05834105261968051
CD,log_normal,735,LocalComponentAtKPlus10,-0.00028105860278820893
CD,log_normal,736,Baseline,0.013598527312865472
CD,log_normal,736,Amplitude,0.09934254306768217
CD,log_normal,736,PeakDistance,1.5405921742508533
CD,log_normal,736,PeakEffect,0.11294107038054764
CD,log_normal,736,HalfMaximumLow,0.9946646051780779
CD,log_normal,736,HalfMaximumHigh,2.3861553281450583
CD,log_normal,736,EffectAtKPlus1,0.06411370491639212
CD,log_normal,736,EffectAtKPlus10,0.01359884022199662
CD,log_normal,736,LocalComponentAtKPlus10,3.1290913114767616e-07
CD,log_normal,737,Baseline,0.06698069596266276
CD,log_normal,737,Amplitude,-0.058723352662033906
CD,log_normal,737,PeakDistance,5.935553957862211
CD,log_normal,737,PeakEffect,0.008257343300628855
CD,log_normal,737,HalfMaximumLow,3.2952451954666477
CD,log_normal,737,HalfMaximumHigh,10.691404947699086
CD,log_normal,737,EffectAtKPlus1,0.06687796676344471
CD,log_normal,737,EffectAtKPlus10,0.03291686574667239
CD,log_normal,737,LocalComponentAtKPlus10,-0.034063830215990375
CD,log_normal,738,Baseline,0.01989109620262852
CD,log_normal,738,Amplitude,0.11918752688962449
CD,log_normal,738,PeakDistance,1.4623784602510452
CD,log_normal,738,PeakEffect,0.139078623092253
CD,log_normal,738,HalfMaximumLow,1.0274266826836858
CD,log_normal,738,HalfMaximumHigh,2.0814631321626034
CD,log_normal,738,EffectAtKPlus1,0.07325966082505128
CD,log_normal,738,EffectAtKPlus10,0.019891096343099175
CD,log_normal,738,LocalComponentAtKPlus10,1.4047065594047226e-10
CD,log_normal,739,Baseline,0.0156744496818109
CD,log_normal,739,Amplitude,0.09926068223683387
CD,log_normal,739,PeakDistance,1.5158933088348514
CD,log_normal,739,PeakEffect,0.11493513191864477
CD,log_normal,739,HalfMaximumLow,0.9584637499707932
CD,log_normal,739,HalfMaximumHigh,2.397516362867451
CD,log_normal,739,EffectAtKPlus1,0.07176434807466013
CD,log_normal,739,EffectAtKPlus10,0.015675241405095727
CD,log_normal,739,LocalComponentAtKPlus10,7.917232848278499e-07
CD,log_normal,740,Baseline,0.07869113985734093
CD,log_normal,740,Amplitude,-0.07935809510835748
CD,log_normal,740,PeakDistance,5.2753223157903895
CD,log_normal,740,PeakEffect,-0.0006669552510165516
CD,log_normal,740,HalfMaximumLow,3.193249393027362
CD,log_normal,740,HalfMaximumHigh,8.71495524159256
CD,log_normal,740,EffectAtKPlus1,0.0786517079347293
CD,log_normal,740,EffectAtKPlus10,0.05292779395481102
CD,log_normal,740,LocalComponentAtKPlus10,-0.025763345902529905
CD,log_normal,741,Baseline,0.033040783308613174
CD,log_normal,741,Amplitude,0.10791329513891358
CD,log_normal,741,PeakDistance,1.543701677615304
CD,log_normal,741,PeakEffect,0.14095407844752675
CD,log_normal,741,HalfMaximumLow,1.0843115596248836
CD,log_normal,741,HalfMaximumHigh,2.197721538905945
CD,log_normal,741,EffectAtKPlus1,0.07090894517562091
CD,log_normal,741,EffectAtKPlus10,0.0330407837169951
CD,log_normal,741,LocalComponentAtKPlus10,4.0838192549852437e-10
CD,log_normal,742,Baseline,0.002129467883743464
CD,log_normal,742,Amplitude,0.10323915290849338
CD,log_normal,742,PeakDistance,1.3970821910109654
CD,log_normal,742,PeakEffect,0.10536862079223684
CD,log_normal,742,HalfMaximumLow,0.8139993888845678
CD,log_normal,742,HalfMaximumHigh,2.3978379776361085
CD,log_normal,742,EffectAtKPlus1,0.08128698303811326
CD,log_normal,742,EffectAtKPlus10,0.002139877869604861
CD,log_normal,742,LocalComponentAtKPlus10,1.0409985861396711e-05
CD,log_normal,743,Baseline,0.009418301725388824
CD,log_normal,743,Amplitude,0.08778122540410684
CD,log_normal,743,PeakDistance,1.5357747656252023
CD,log_normal,743,PeakEffect,0.09719952712949566
CD,log_normal,743,HalfMaximumLow,0.9555789479767657
CD,log_normal,743,HalfMaximumHigh,2.4682462246839836
CD,log_normal,743,EffectAtKPlus1,0.059222641841692285
CD,log_normal,743,EffectAtKPlus10,0.009420078682747675
CD,log_normal,743,LocalComponentAtKPlus10,1.7769573588503895e-06
CD,log_normal,744,Baseline,0.07007683094506668
CD,log_normal,744,Amplitude,-0.083795482050649
CD,log_normal,744,PeakDistance,5.073449230011639
CD,log_normal,744,PeakEffect,-0.013718651105582319
CD,log_normal,744,HalfMaximumLow,3.2230433864434125
CD,log_normal,744,HalfMaximumHigh,7.986205583757076
CD,log_normal,744,EffectAtKPlus1,0.07006518750385188
CD,log_normal,744,EffectAtKPlus10,0.05230079970097057
CD,log_normal,744,LocalComponentAtKPlus10,-0.017776031244096116
CD,log_normal,745,Baseline,0.019514865818801113
CD,log_normal,745,Amplitude,0.06440774323556624
CD,log_normal,745,PeakDistance,1.455721961814935
CD,log_normal,745,PeakEffect,0.08392260905436735
CD,log_normal,745,HalfMaximumLow,0.7910635552061253
CD,log_normal,745,HalfMaximumHigh,2.678832081397237
CD,log_normal,745,EffectAtKPlus1,0.06903957980982264
CD,log_normal,745,EffectAtKPlus10,0.019578456277472425
CD,log_normal,745,LocalComponentAtKPlus10,6.359045867131152e-05
CD,log_normal,746,Baseline,0.018762959978746635
CD,log_normal,746,Amplitude,0.09502034179719383
CD,log_normal,746,PeakDistance,1.471070810672762
CD,log_normal,746,PeakEffect,0.11378330177594047
CD,log_normal,746,HalfMaximumLow,0.9731643808403847
CD,log_normal,746,HalfMaximumHigh,2.2237243497800776
CD,log_normal,746,EffectAtKPlus1,0.07065707253605963
CD,log_normal,746,EffectAtKPlus10,0.01876299167108433
CD,log_normal,746,LocalComponentAtKPlus10,3.169233769514945e-08
CD,log_normal,747,Baseline,0.01376673074500727
CD,log_normal,747,Amplitude,0.07581719825238448
CD,log_normal,747,PeakDistance,1.5768200408731547
CD,log_normal,747,PeakEffect,0.08958392899739175
CD,log_normal,747,HalfMaximumLow,0.8948794448653783
CD,log_normal,747,HalfMaximumHigh,2.7784317268269074
CD,log_normal,747,EffectAtKPlus1,0.062207233423212265
CD,log_normal,747,EffectAtKPlus10,0.01381447725007124
CD,log_normal,747,LocalComponentAtKPlus10,4.7746505063969366e-05
CD,log_normal,748,Baseline,0.02402707698918539
CD,log_normal,748,Amplitude,0.1019931735670343
CD,log_normal,748,PeakDistance,1.5276710785464869
CD,log_normal,748,PeakEffect,0.12602025055621968
CD,log_normal,748,HalfMaximumLow,0.9815689269230651
CD,log_normal,748,HalfMaximumHigh,2.377600655659617
CD,log_normal,748,EffectAtKPlus1,0.0780189619903435
CD,log_normal,748,EffectAtKPlus10,0.024027455245137136
CD,log_normal,748,LocalComponentAtKPlus10,3.7825595174470483e-07
CD,log_normal,749,Baseline,0.018171956622057825
CD,log_normal,749,Amplitude,0.08115726394028544
CD,log_normal,749,PeakDistance,1.4962356205529805
CD,log_normal,749,PeakEffect,0.09932922056234327
CD,log_normal,749,HalfMaximumLow,0.890232319905351
CD,log_normal,749,HalfMaximumHigh,2.514760453147311
CD,log_normal,749,EffectAtKPlus1,0.07163135930184254
CD,log_normal,749,EffectAtKPlus10,0.01817954158713152
CD,log_normal,749,LocalComponentAtKPlus10,7.584965073696021e-06
CD,log_normal,750,Baseline,0.026586849759471905
CD,log_normal,750,Amplitude,0.08476450741138238
CD,log_normal,750,PeakDistance,1.3904116453851267
CD,log_normal,750,PeakEffect,0.11135135717085429
CD,log_normal,750,HalfMaximumLow,0.8566082545824621
CD,log_normal,750,HalfMaximumHigh,2.2568595776197604
CD,log_normal,750,EffectAtKPlus1,0.08808008343102983
CD,log_normal,750,EffectAtKPlus10,0.0265877081390691
CD,log_normal,750,LocalComponentAtKPlus10,8.5837959719684e-07
CD,log_normal,751,Baseline,0.00873414600015644
CD,log_normal,751,Amplitude,0.09329108242628381
CD,log_normal,751,PeakDistance,1.451682183889578
CD,log_normal,751,PeakEffect,0.10202522842644025
CD,log_normal,751,HalfMaximumLow,0.8217764136198135
CD,log_normal,751,HalfMaximumHigh,2.564421572699667
CD,log_normal,751,EffectAtKPlus1,0.07802498736426515
CD,log_normal,751,EffectAtKPlus10,0.008766288400774157
CD,log_normal,751,LocalComponentAtKPlus10,3.214240061771671e-05
CD,log_normal,752,Baseline,0.009753868651353862
CD,log_normal,752,Amplitude,0.08858692911866783
CD,log_normal,752,PeakDistance,1.3414689782070706
CD,log_normal,752,PeakEffect,0.09834079777002169
CD,log_normal,752,HalfMaximumLow,0.7557801869883783
CD,log_normal,752,HalfMaximumHigh,2.3810349232131873
CD,log_normal,752,EffectAtKPlus1,0.08362233861927713
CD,log_normal,752,EffectAtKPlus10,0.00977195940764493
CD,log_normal,752,LocalComponentAtKPlus10,1.8090756291068086e-05
CD,log_normal,753,Baseline,0.06478388634651029
CD,log_normal,753,Amplitude,-0.051231238575554075
CD,log_normal,753,PeakDistance,5.522910332424422
CD,log_normal,753,PeakEffect,0.013552647770956217
CD,log_normal,753,HalfMaximumLow,3.436396687683797
CD,log_normal,753,HalfMaximumHigh,8.876314730869963
CD,log_normal,753,EffectAtKPlus1,0.06477750869182959
CD,log_normal,753,EffectAtKPlus10,0.04747544848325136
CD,log_normal,753,LocalComponentAtKPlus10,-0.017308437863258933
CD,log_normal,754,Baseline,0.011213516410143468
CD,log_normal,754,Amplitude,0.1078534494218933
CD,log_normal,754,PeakDistance,1.4906182116272009
CD,log_normal,754,PeakEffect,0.11906696583203677
CD,log_normal,754,HalfMaximumLow,0.9609617268146052
CD,log_normal,754,HalfMaximumHigh,2.312207230354498
CD,log_normal,754,EffectAtKPlus1,0.07201824927467312
CD,log_normal,754,EffectAtKPlus10,0.011213753085822656
CD,log_normal,754,LocalComponentAtKPlus10,2.3667567918862764e-07
CD,log_normal,755,Baseline,0.01947699662382199
CD,log_normal,755,Amplitude,0.06848953663434319
CD,log_normal,755,PeakDistance,1.4707206230687448
CD,log_normal,755,PeakEffect,0.08796653325816518
CD,log_normal,755,HalfMaximumLow,0.8933776017068867
CD,log_normal,755,HalfMaximumHigh,2.421170115511127
CD,log_normal,755,EffectAtKPlus1,0.06470048981615059
CD,log_normal,755,EffectAtKPlus10,0.01947942153926712
CD,log_normal,755,LocalComponentAtKPlus10,2.4249154451302934e-06
CD,log_normal,756,Baseline,0.015068810708737777
CD,log_normal,756,Amplitude,0.08314350668028807
CD,log_normal,756,PeakDistance,1.5815867400668482
CD,log_normal,756,PeakEffect,0.09821231738902585
CD,log_normal,756,HalfMaximumLow,0.9120296765071273
CD,log_normal,756,HalfMaximumHigh,2.742692130299043
CD,log_normal,756,EffectAtKPlus1,0.0664827820874499
CD,log_normal,756,EffectAtKPlus10,0.01510362250634868
CD,log_normal,756,LocalComponentAtKPlus10,3.481179761090358e-05
CD,log_normal,757,Baseline,0.011591135547274917
CD,log_normal,757,Amplitude,0.06966875570154268
CD,log_normal,757,PeakDistance,1.4727822873168657
CD,log_normal,757,PeakEffect,0.0812598912488176
CD,log_normal,757,HalfMaximumLow,0.8207034624323781
CD,log_normal,757,HalfMaximumHigh,2.6429615142668172
CD,log_normal,757,EffectAtKPlus1,0.06300481873214739
CD,log_normal,757,EffectAtKPlus10,0.011632156046982874
CD,log_normal,757,LocalComponentAtKPlus10,4.1020499707956556e-05
CD,log_normal,758,Baseline,0.07005138464231284
CD,log_normal,758,Amplitude,-0.060438359938637436
CD,log_normal,758,PeakDistance,4.960792302781037
CD,log_normal,758,PeakEffect,0.0096130247036754
CD,log_normal,758,HalfMaximumLow,3.072000280812622
CD,log_normal,758,HalfMaximumHigh,8.010891283128972
CD,log_normal,758,EffectAtKPlus1,0.07002512429242597
CD,log_normal,758,EffectAtKPlus10,0.056336645831908255
CD,log_normal,758,LocalComponentAtKPlus10,-0.013714738810404581
CD,log_normal,759,Baseline,0.018236385145764773
CD,log_normal,759,Amplitude,0.09394183577326355
CD,log_normal,759,PeakDistance,1.58264858479727
CD,log_normal,759,PeakEffect,0.11217822091902832
CD,log_normal,759,HalfMaximumLow,1.0870744413423268
CD,log_normal,759,HalfMaximumHigh,2.3041444520284062
CD,log_normal,759,EffectAtKPlus1,0.051589053359799894
CD,log_normal,759,EffectAtKPlus10,0.01823639041276703
CD,log_normal,759,LocalComponentAtKPlus10,5.267002257947073e-09
CD,log_normal,760,Baseline,0.018401860983895638
CD,log_normal,760,Amplitude,0.0878904877852221
CD,log_normal,760,PeakDistance,1.5110839940459118
CD,log_normal,760,PeakEffect,0.10629234876911774
CD,log_normal,760,HalfMaximumLow,1.0086571386784153
CD,log_normal,760,HalfMaximumHigh,2.263777005587367
CD,log_normal,760,EffectAtKPlus1,0.061053508795192744
CD,log_normal,760,EffectAtKPlus10,0.01840188411138356
CD,log_normal,760,LocalComponentAtKPlus10,2.3127487921298373e-08
CD,log_normal,761,Baseline,0.009069115971380716
CD,log_normal,761,Amplitude,0.06595843853022221
CD,log_normal,761,PeakDistance,1.3014865006490763
CD,log_normal,761,PeakEffect,0.07502755450160292
CD,log_normal,761,HalfMaximumLow,0.6676544420056564
CD,log_normal,761,HalfMaximumHigh,2.5370416263289504
CD,log_normal,761,EffectAtKPlus1,0.06827383718900118
CD,log_normal,761,EffectAtKPlus10,0.009171457019435595
CD,log_normal,761,LocalComponentAtKPlus10,0.00010234104805487837
CD,log_normal,762,Baseline,0.005299111807296749
CD,log_normal,762,Amplitude,0.09090877152022472
CD,log_normal,762,PeakDistance,1.5853227797198504
CD,log_normal,762,PeakEffect,0.09620788332752148
CD,log_normal,762,HalfMaximumLow,0.9623010035881319
CD,log_normal,762,HalfMaximumHigh,2.611707050629194
CD,log_normal,762,EffectAtKPlus1,0.05566501634501912
CD,log_normal,762,EffectAtKPlus10,0.005306375055622254
CD,log_normal,762,LocalComponentAtKPlus10,7.263248325504665e-06
CD,log_normal,763,Baseline,0.010482394532045738
CD,log_normal,763,Amplitude,0.09970827834419509
CD,log_normal,763,PeakDistance,1.4332042757594898
CD,log_normal,763,PeakEffect,0.11019067287624082
CD,log_normal,763,HalfMaximumLow,0.9297976749866603
CD,log_normal,763,HalfMaximumHigh,2.2091628655500277
CD,log_normal,763,EffectAtKPlus1,0.07220729852787822
CD,log_normal,763,EffectAtKPlus10,0.010482479823227277
CD,log_normal,763,LocalComponentAtKPlus10,8.529118153931259e-08
CD,log_normal,764,Baseline,0.009874225583221513
CD,log_normal,764,Amplitude,0.09197515325578437
CD,log_normal,764,PeakDistance,1.5113216041018462
CD,log_normal,764,PeakEffect,0.10184937883900588
CD,log_normal,764,HalfMaximumLow,0.9157110862031893
CD,log_normal,764,HalfMaximumHigh,2.4943380346038038
CD,log_normal,764,EffectAtKPlus1,0.06730585727931196
CD,log_normal,764,EffectAtKPlus10,0.009879034663008447
CD,log_normal,764,LocalComponentAtKPlus10,4.80907978693372e-06
CD,log_normal,765,Baseline,0.027731295388606077
CD,log_normal,765,Amplitude,0.07179842269833883
CD,log_normal,765,PeakDistance,1.3662191093333407
CD,log_normal,765,PeakEffect,0.09952971808694491
CD,log_normal,765,HalfMaximumLow,0.7025818378439715
CD,log_normal,765,HalfMaximumHigh,2.6567078084960527
CD,log_normal,765,EffectAtKPlus1,0.08936797808627496
CD,log_normal,765,EffectAtKPlus10,0.027875599739510443
CD,log_normal,765,LocalComponentAtKPlus10,0.00014430435090436594
CD,log_normal,766,Baseline,0.0225335166359192
CD,log_normal,766,Amplitude,0.07383532786317464
CD,log_normal,766,PeakDistance,1.4909703772194391
CD,log_normal,766,PeakEffect,0.09636884449909383
CD,log_normal,766,HalfMaximumLow,0.9247413755696972
CD,log_normal,766,HalfMaximumHigh,2.403907432363321
CD,log_normal,766,EffectAtKPlus1,0.06800864387233159
CD,log_normal,766,EffectAtKPlus10,0.022534745772238796
CD,log_normal,766,LocalComponentAtKPlus10,1.2291363195963967e-06
CD,log_normal,767,Baseline,0.025077238313555756
CD,log_normal,767,Amplitude,0.05647348367649409
CD,log_normal,767,PeakDistance,1.5976295849194309
CD,log_normal,767,PeakEffect,0.08155072199004984
CD,log_normal,767,HalfMaximumLow,1.0522179064769492
CD,log_normal,767,HalfMaximumHigh,2.425752569784602
CD,log_normal,767,EffectAtKPlus1,0.04867999941439863
CD,log_normal,767,EffectAtKPlus10,0.02507732659668756
CD,log_normal,767,LocalComponentAtKPlus10,8.828313180497815e-08
CD,log_normal,768,Baseline,0.014425590477316255
CD,log_normal,768,Amplitude,0.09340187660175042
CD,log_normal,768,PeakDistance,1.4342061791069645
CD,log_normal,768,PeakEffect,0.10782746707906668
CD,log_normal,768,HalfMaximumLow,0.8913938570151332
CD,log_normal,768,HalfMaximumHigh,2.3075628668525554
CD,log_normal,768,EffectAtKPlus1,0.0771270924374361
CD,log_normal,768,EffectAtKPlus10,0.014426483770694318
CD,log_normal,768,LocalComponentAtKPlus10,8.932933780632368e-07
CD,log_normal,769,Baseline,0.07772444702475315
CD,log_normal,769,Amplitude,-0.07504828717716638
CD,log_normal,769,PeakDistance,5.037640540578639
CD,log_normal,769,PeakEffect,0.002676159847586762
CD,log_normal,769,HalfMaximumLow,3.0130301987048584
CD,log_normal,769,HalfMaximumHigh,8.422690959748769
CD,log_normal,769,EffectAtKPlus1,0.07764569803396662
CD,log_normal,769,EffectAtKPlus10,0.05586353292057071
CD,log_normal,769,LocalComponentAtKPlus10,-0.021860914104182436
CD,log_normal,770,Baseline,0.01741893666307513
CD,log_normal,770,Amplitude,0.07877209288923746
CD,log_normal,770,PeakDistance,1.6048002318484884
CD,log_normal,770,PeakEffect,0.0961910295523126
CD,log_normal,770,HalfMaximumLow,0.9285095597641198
CD,log_normal,770,HalfMaximumHigh,2.773675033346148
CD,log_normal,770,EffectAtKPlus1,0.0643462276372927
CD,log_normal,770,EffectAtKPlus10,0.01745288011293338
CD,log_normal,770,LocalComponentAtKPlus10,3.394344985824943e-05
CD,log_normal,771,Baseline,0.018197222516813476
CD,log_normal,771,Amplitude,0.1076080371807686
CD,log_normal,771,PeakDistance,1.4212185844334724
CD,log_normal,771,PeakEffect,0.12580525969758208
CD,log_normal,771,HalfMaximumLow,0.9672162935343145
CD,log_normal,771,HalfMaximumHigh,2.088325308663158
CD,log_normal,771,EffectAtKPlus1,0.0785508129045275
CD,log_normal,771,EffectAtKPlus10,0.018197224488121534
CD,log_normal,771,LocalComponentAtKPlus10,1.9713080577632436e-09
CD,log_normal,772,Baseline,0.08563342522499386
CD,log_normal,772,Amplitude,-0.08808245519099969
CD,log_normal,772,PeakDistance,5.232633216291672
CD,log_normal,772,PeakEffect,-0.0024490299660058362
CD,log_normal,772,HalfMaximumLow,2.966697163837133
CD,log_normal,772,HalfMaximumHigh,9.229270418968207
CD,log_normal,772,EffectAtKPlus1,0.08539096517800716
CD,log_normal,772,EffectAtKPlus10,0.04992660786106644
CD,log_normal,772,LocalComponentAtKPlus10,-0.03570681736392742
CD,log_normal,773,Baseline,0.025646799197556133
CD,log_normal,773,Amplitude,0.06666344248405509
CD,log_normal,773,PeakDistance,1.3846889133131008
CD,log_normal,773,PeakEffect,0.09231024168161123
CD,log_normal,773,HalfMaximumLow,0.7505661767287252
CD,log_normal,773,HalfMaximumHigh,2.554556075266902
CD,log_normal,773,EffectAtKPlus1,0.08045654725274679
CD,log_normal,773,EffectAtKPlus10,0.025695360919893304
CD,log_normal,773,LocalComponentAtKPlus10,4.8561722337171764e-05
CD,log_normal,774,Baseline,0.020539937839275678
CD,log_normal,774,Amplitude,0.08124789692380198
CD,log_normal,774,PeakDistance,1.4913530081620199
CD,log_normal,774,PeakEffect,0.10178783476307765
CD,log_normal,774,HalfMaximumLow,0.976313070264838
CD,log_normal,774,HalfMaximumHigh,2.2780948680227944
CD,log_normal,774,EffectAtKPlus1,0.06438140267702033
CD,log_normal,774,EffectAtKPlus10,0.020540006488029963
CD,log_normal,774,LocalComponentAtKPlus10,6.864875428530537e-08
CD,log_normal,775,Baseline,0.08631904902994335
CD,log_normal,775,Amplitude,-0.09400736553420005
CD,log_normal,775,PeakDistance,5.049632260921972
CD,log_normal,775,PeakEffect,-0.007688316504256706
CD,log_normal,775,HalfMaximumLow,3.089261316778509
CD,log_normal,775,HalfMaximumHigh,8.25400746516781
CD,log_normal,775,EffectAtKPlus1,0.08626846240906741
CD,log_normal,775,EffectAtKPlus10,0.06170848543665969
CD,log_normal,775,LocalComponentAtKPlus10,-0.02461056359328366
CD,log_normal,776,Baseline,0.09193621466476712
CD,log_normal,776,Amplitude,-0.08218813402567127
CD,log_normal,776,PeakDistance,5.081291034278975
CD,log_normal,776,PeakEffect,0.009748080639095852
CD,log_normal,776,HalfMaximumLow,2.724562350773939
CD,log_normal,776,HalfMaximumHigh,9.476574675455531
CD,log_normal,776,EffectAtKPlus1,0.09119996014086222
CD,log_normal,776,EffectAtKPlus10,0.0556613696722089
CD,log_normal,776,LocalComponentAtKPlus10,-0.03627484499255822
CD,log_normal,777,Baseline,0.01666628986088834
CD,log_normal,777,Amplitude,0.08801631210060563
CD,log_normal,777,PeakDistance,1.4329549811185154
CD,log_normal,777,PeakEffect,0.10468260196149398
CD,log_normal,777,HalfMaximumLow,0.938828578065606
CD,log_normal,777,HalfMaximumHigh,2.1871511220324975
CD,log_normal,777,EffectAtKPlus1,0.06996265058618215
CD,log_normal,777,EffectAtKPlus10,0.016666328758190747
CD,log_normal,777,LocalComponentAtKPlus10,3.8897302406804e-08
CD,log_normal,778,Baseline,0.002698617646084705
CD,log_normal,778,Amplitude,0.10320112006278953
CD,log_normal,778,PeakDistance,1.4591672435354972
CD,log_normal,778,PeakEffect,0.10589973770887423
CD,log_normal,778,HalfMaximumLow,0.9360791340458486
CD,log_normal,778,HalfMaximumHigh,2.2745609502098945
CD,log_normal,778,EffectAtKPlus1,0.06515480454505634
CD,log_normal,778,EffectAtKPlus10,0.002698843992479921
CD,log_normal,778,LocalComponentAtKPlus10,2.2634639521576863e-07
CD,log_normal,779,Baseline,0.01583030529629808
CD,log_normal,779,Amplitude,0.08190853569272077
CD,log_normal,779,PeakDistance,1.4888322047733415
CD,log_normal,779,PeakEffect,0.09773884098901886
CD,log_normal,779,HalfMaximumLow,0.8473573608338182
CD,log_normal,779,HalfMaximumHigh,2.6159226749255415
CD,log_normal,779,EffectAtKPlus1,0.07380386466776351
CD,log_normal,779,EffectAtKPlus10,0.01586022095305027
CD,log_normal,779,LocalComponentAtKPlus10,2.991565675218924e-05
CD,log_normal,780,Baseline,0.016450506001337094
CD,log_normal,780,Amplitude,0.07008997057139897
CD,log_normal,780,PeakDistance,1.2990619517801834
CD,log_normal,780,PeakEffect,0.08654047657273606
CD,log_normal,780,HalfMaximumLow,0.7346306414997491
CD,log_normal,780,HalfMaximumHigh,2.2971570463189233
CD,log_normal,780,EffectAtKPlus1,0.0770173852664694
CD,log_normal,780,EffectAtKPlus10,0.016460203139055114
CD,log_normal,780,LocalComponentAtKPlus10,9.697137718020499e-06
CD,log_normal,781,Baseline,0.018861486524352763
CD,log_normal,781,Amplitude,0.0721633421606017
CD,log_normal,781,PeakDistance,1.5323945658598908
CD,log_normal,781,PeakEffect,0.09102482868495447
CD,log_normal,781,HalfMaximumLow,0.8838735892120114
CD,log_normal,781,HalfMaximumHigh,2.6567522031859934
CD,log_normal,781,EffectAtKPlus1,0.06641651994184446
CD,log_normal,781,EffectAtKPlus10,0.0188844181228051
CD,log_normal,781,LocalComponentAtKPlus10,2.2931598452336638e-05
CD,log_normal,782,Baseline,0.00412253358588811
CD,log_normal,782,Amplitude,0.08735604045043192
CD,log_normal,782,PeakDistance,1.5116171816963229
CD,log_normal,782,PeakEffect,0.09147857403632004
CD,log_normal,782,HalfMaximumLow,0.9481474414891323
CD,log_normal,782,HalfMaximumHigh,2.409948499582303
CD,log_normal,782,EffectAtKPlus1,0.05482963878630709
CD,log_normal,782,EffectAtKPlus10,0.0041235373893000055
CD,log_normal,782,LocalComponentAtKPlus10,1.0038034118954597e-06
CD,log_normal,783,Baseline,0.07456770052484743
CD,log_normal,783,Amplitude,-0.07387547175741939
CD,log_normal,783,PeakDistance,5.438973529531331
CD,log_normal,783,PeakEffect,0.0006922287674280408
CD,log_normal,783,HalfMaximumLow,2.9263858887383734
CD,log_normal,783,HalfMaximumHigh,10.108862665304917
CD,log_normal,783,EffectAtKPlus1,0.07414983301850026
CD,log_normal,783,EffectAtKPlus10,0.036732541098132954
CD,log_normal,783,LocalComponentAtKPlus10,-0.037835159426714476
CD,log_normal,784,Baseline,0.011772943364576703
CD,log_normal,784,Amplitude,0.07951268120238641
CD,log_normal,784,PeakDistance,1.5005256939746987
CD,log_normal,784,PeakEffect,0.09128562456696312
CD,log_normal,784,HalfMaximumLow,0.7921995884527934
CD,log_normal,784,HalfMaximumHigh,2.8421844584338873
CD,log_normal,784,EffectAtKPlus1,0.07188078353050728
CD,log_normal,784,EffectAtKPlus10,0.011949154156348034
CD,log_normal,784,LocalComponentAtKPlus10,0.00017621079177133035
CD,log_normal,785,Baseline,0.01528736488032739
CD,log_normal,785,Amplitude,0.0957214048332112
CD,log_normal,785,PeakDistance,1.569333556115467
CD,log_normal,785,PeakEffect,0.1110087697135386
CD,log_normal,785,HalfMaximumLow,0.9841963023567459
CD,log_normal,785,HalfMaximumHigh,2.5023542604789357
CD,log_normal,785,EffectAtKPlus1,0.06542727754956053
CD,log_normal,785,EffectAtKPlus10,0.015289096749019532
CD,log_normal,785,LocalComponentAtKPlus10,1.7318686921421328e-06
CD,log_normal,786,Baseline,0.01291839508963229
CD,log_normal,786,Amplitude,0.08369025159167258
CD,log_normal,786,PeakDistance,1.5533322351738574
CD,log_normal,786,PeakEffect,0.09660864668130487
CD,log_normal,786,HalfMaximumLow,0.9599565159386356
CD,log_normal,786,HalfMaximumHigh,2.5134899266462725
CD,log_normal,786,EffectAtKPlus1,0.059756414077537665
CD,log_normal,786,EffectAtKPlus10,0.012920999937475258
CD,log_normal,786,LocalComponentAtKPlus10,2.6048478429675087e-06
CD,log_normal,787,Baseline,0.07272146049357406
CD,log_normal,787,Amplitude,-0.06507471039469125
CD,log_normal,787,PeakDistance,5.288796710090645
CD,log_normal,787,PeakEffect,0.007646750098882812
CD,log_normal,787,HalfMaximumLow,2.871323414963113
CD,log_normal,787,HalfMaximumHigh,9.741630112059308
CD,log_normal,787,EffectAtKPlus1,0.07234554752439531
CD,log_normal,787,EffectAtKPlus10,0.04209984662399633
CD,log_normal,787,LocalComponentAtKPlus10,-0.030621613869577728
CD,log_normal,788,Baseline,0.014276038352423711
CD,log_normal,788,Amplitude,0.08577369415065982
CD,log_normal,788,PeakDistance,1.5855221284995344
CD,log_normal,788,PeakEffect,0.10004973250308352
CD,log_normal,788,HalfMaximumLow,0.9489304433962875
CD,log_normal,788,HalfMaximumHigh,2.649172484090976
CD,log_normal,788,EffectAtKPlus1,0.06332900225725395
CD,log_normal,788,EffectAtKPlus10,0.014287485151800618
CD,log_normal,788,LocalComponentAtKPlus10,1.1446799376906708e-05
CD,log_normal,789,Baseline,0.009681163107107794
CD,log_normal,789,Amplitude,0.10772709102945258
CD,log_normal,789,PeakDistance,1.515693849911149
CD,log_normal,789,PeakEffect,0.11740825413656036
CD,log_normal,789,HalfMaximumLow,0.9955163789581761
CD,log_normal,789,HalfMaximumHigh,2.3076745849854032
CD,log_normal,789,EffectAtKPlus1,0.06434454893739987
CD,log_normal,789,EffectAtKPlus10,0.009681256060069173
CD,log_normal,789,LocalComponentAtKPlus10,9.295296137835918e-08
CD,log_normal,790,Baseline,0.02008788877978539
CD,log_normal,790,Amplitude,0.0703642671573607
CD,log_normal,790,PeakDistance,1.7179103840836427
CD,log_normal,790,PeakEffect,0.09045215593714609
CD,log_normal,790,HalfMaximumLow,1.0490486114630193
CD,log_normal,790,HalfMaximumHigh,2.8132310128380014
CD,log_normal,790,EffectAtKPlus1,0.050639580740882165
CD,log_normal,790,EffectAtKPlus10,0.020098071511158153
CD,log_normal,790,LocalComponentAtKPlus10,1.0182731372761905e-05
CD,log_normal,791,Baseline,0.016549696510605692
CD,log_normal,791,Amplitude,0.12237196542243073
CD,log_normal,791,PeakDistance,1.3822727829093135
CD,log_normal,791,PeakEffect,0.13892166193303643
CD,log_normal,791,HalfMaximumLow,0.923800221304622
CD,log_normal,791,HalfMaximumHigh,2.068280567927916
CD,log_normal,791,EffectAtKPlus1,0.0947880923734111
CD,log_normal,791,EffectAtKPlus10,0.016549703257178555
CD,log_normal,791,LocalComponentAtKPlus10,6.7465728628701704e-09
CD,log_normal,792,Baseline,0.014421812800744269
CD,log_normal,792,Amplitude,0.06794752855104276
CD,log_normal,792,PeakDistance,1.6624207796531176
CD,log_normal,792,PeakEffect,0.08236934135178703
CD,log_normal,792,HalfMaximumLow,1.0138035328955317
CD,log_normal,792,HalfMaximumHigh,2.726014221640379
CD,log_normal,792,EffectAtKPlus1,0.04709741065555553
CD,log_normal,792,EffectAtKPlus10,0.014429222269287622
CD,log_normal,792,LocalComponentAtKPlus10,7.409468543353309e-06
CD,log_normal,793,Baseline,0.0185038450936762
CD,log_normal,793,Amplitude,0.10310636840174228
CD,log_normal,793,PeakDistance,1.585111469987085
CD,log_normal,793,PeakEffect,0.12161021349541848
CD,log_normal,793,HalfMaximumLow,1.0906157628069861
CD,log_normal,793,HalfMaximumHigh,2.3038163008187564
CD,log_normal,793,EffectAtKPlus1,0.054510703959695414
CD,log_normal,793,EffectAtKPlus10,0.018503850202772416
CD,log_normal,793,LocalComponentAtKPlus10,5.109096215538678e-09
CD,log_normal,794,Baseline,0.013825423506998693
CD,log_normal,794,Amplitude,0.07186337414410272
CD,log_normal,794,PeakDistance,1.5378594820262768
CD,log_normal,794,PeakEffect,0.08568879765110142
CD,log_normal,794,HalfMaximumLow,0.8726438030401644
CD,log_normal,794,HalfMaximumHigh,2.7101685455380187
CD,log_normal,794,EffectAtKPlus1,0.06200087290472994
CD,log_normal,794,EffectAtKPlus10,0.013862580995018697
CD,log_normal,794,LocalComponentAtKPlus10,3.7157488020004084e-05
CD,log_normal,795,Baseline,0.010054970851292692
CD,log_normal,795,Amplitude,0.08879552208144942
CD,log_normal,795,PeakDistance,1.5654896055732839
CD,log_normal,795,PeakEffect,0.09885049293274212
CD,log_normal,795,HalfMaximumLow,0.9796607021153413
CD,log_normal,795,HalfMaximumHigh,2.501639291916248
CD,log_normal,795,EffectAtKPlus1,0.05717176182019682
CD,log_normal,795,EffectAtKPlus10,0.010056697422945194
CD,log_normal,795,LocalComponentAtKPlus10,1.726571652501882e-06
CD,log_normal,796,Baseline,0.07192235464586386
CD,log_normal,796,Amplitude,-0.0734476641933889
CD,log_normal,796,PeakDistance,4.984483084261083
CD,log_normal,796,PeakEffect,-0.0015253095475250417
CD,log_normal,796,HalfMaximumLow,3.2231868257156906
CD,log_normal,796,HalfMaximumHigh,7.708231933396594
CD,log_normal,796,EffectAtKPlus1,0.07191634099163494
CD,log_normal,796,EffectAtKPlus10,0.05938617537691475
CD,log_normal,796,LocalComponentAtKPlus10,-0.012536179268949108
CD,log_normal,797,Baseline,0.017286364452021755
CD,log_normal,797,Amplitude,0.08261540088784627
CD,log_normal,797,PeakDistance,1.6411555723392388
CD,log_normal,797,PeakEffect,0.09990176533986803
CD,log_normal,797,HalfMaximumLow,1.0286178999405893
CD,log_normal,797,HalfMaximumHigh,2.61845687575114
CD,log_normal,797,EffectAtKPlus1,0.0551804100619344
CD,log_normal,797,EffectAtKPlus10,0.017288950593173206
CD,log_normal,797,LocalComponentAtKPlus10,2.586141151450505e-06
CD,log_normal,798,Baseline,0.017229462628025
CD,log_normal,798,Amplitude,0.07612214301713999
CD,log_normal,798,PeakDistance,1.4515814277694898
CD,log_normal,798,PeakEffect,0.09335160564516498
CD,log_normal,798,HalfMaximumLow,0.9288232960357307
CD,log_normal,798,HalfMaximumHigh,2.268557055403844
CD,log_normal,798,EffectAtKPlus1,0.06419854435405825
CD,log_normal,798,EffectAtKPlus10,0.017229643428469617
CD,log_normal,798,LocalComponentAtKPlus10,1.808004446157696e-07
CD,log_normal,799,Baseline,0.022384722135106946
CD,log_normal,799,Amplitude,0.07894345801103848
CD,log_normal,799,PeakDistance,1.4544952791601753
CD,log_normal,799,PeakEffect,0.10132818014614543
CD,log_normal,799,HalfMaximumLow,0.9038844635107999
CD,log_normal,799,HalfMaximumHigh,2.3405165178767993
CD,log_normal,799,EffectAtKPlus1,0.07374122182842702
CD,log_normal,799,EffectAtKPlus10,0.022385619684886105
CD,log_normal,799,LocalComponentAtKPlus10,8.975497791594012e-07
CD,log_normal,800,Baseline,0.006242544987653035
CD,log_normal,800,Amplitude,0.09450039086629461
CD,log_normal,800,PeakDistance,1.4373644174134905
CD,log_normal,800,PeakEffect,0.10074293585394764
CD,log_normal,800,HalfMaximumLow,0.9200060739311714
CD,log_normal,800,HalfMaximumHigh,2.2456552483597934
CD,log_normal,800,EffectAtKPlus1,0.06600030349155928
CD,log_normal,800,EffectAtKPlus10,0.006242738121863243
CD,log_normal,800,LocalComponentAtKPlus10,1.9313421020794586e-07
CD,log_normal,801,Baseline,0.012138920747131975
CD,log_normal,801,Amplitude,0.0989228403246403
CD,log_normal,801,PeakDistance,1.3735680631545357
CD,log_normal,801,PeakEffect,0.11106176107177228
CD,log_normal,801,HalfMaximumLow,0.8448589634617543
CD,log_normal,801,HalfMaximumHigh,2.2331410397630362
CD,log_normal,801,EffectAtKPlus1,0.0857409470350601
CD,log_normal,801,EffectAtKPlus10,0.012139859558349626
CD,log_normal,801,LocalComponentAtKPlus10,9.388112176510199e-07
CD,log_normal,802,Baseline,0.009373769890704965
CD,log_normal,802,Amplitude,0.07248488732757954
CD,log_normal,802,PeakDistance,1.3006660606862044
CD,log_normal,802,PeakEffect,0.0818586572182845
CD,log_normal,802,HalfMaximumLow,0.6134437464641238
CD,log_normal,802,HalfMaximumHigh,2.7577625677530766
CD,log_normal,802,EffectAtKPlus1,0.07596501868342967
CD,log_normal,802,EffectAtKPlus10,0.009813187704816106
CD,log_normal,802,LocalComponentAtKPlus10,0.0004394178141111406
CD,log_normal,803,Baseline,0.002414180081915569
CD,log_normal,803,Amplitude,0.08894519565079624
CD,log_normal,803,PeakDistance,1.4979241603756923
CD,log_normal,803,PeakEffect,0.09135937573271181
CD,log_normal,803,HalfMaximumLow,0.8167624235841484
CD,log_normal,803,HalfMaximumHigh,2.747159670239229
CD,log_normal,803,EffectAtKPlus1,0.06780145050438158
CD,log_normal,803,EffectAtKPlus10,0.0025140285251642846
CD,log_normal,803,LocalComponentAtKPlus10,9.984844324871555e-05
CD,log_normal,804,Baseline,0.012518814144524784
CD,log_normal,804,Amplitude,0.08051719088095778
CD,log_normal,804,PeakDistance,1.5355250749988505
CD,log_normal,804,PeakEffect,0.09303600502548257
CD,log_normal,804,HalfMaximumLow,0.9956788840647434
CD,log_normal,804,HalfMaximumHigh,2.3680699607936133
CD,log_normal,804,EffectAtKPlus1,0.053336368858310834
CD,log_normal,804,EffectAtKPlus10,0.01251900219370705
CD,log_normal,804,LocalComponentAtKPlus10,1.8804918226582312e-07
CD,log_normal,805,Baseline,0.022963154564068493
CD,log_normal,805,Amplitude,0.05321138547963611
CD,log_normal,805,PeakDistance,1.5249682679144645
CD,log_normal,805,PeakEffect,0.07617454004370461
CD,log_normal,805,HalfMaximumLow,0.8472761563999345
CD,log_normal,805,HalfMaximumHigh,2.744711037340153
CD,log_normal,805,EffectAtKPlus1,0.060186367912489415
CD,log_normal,805,EffectAtKPlus10,0.023007166850737965
CD,log_normal,805,LocalComponentAtKPlus10,4.4012286669472406e-05
CD,log_normal,806,Baseline,0.012973388174881122
CD,log_normal,806,Amplitude,0.0631990337265707
CD,log_normal,806,PeakDistance,1.6125278144556725
CD,log_normal,806,PeakEffect,0.07617242190145182
CD,log_normal,806,HalfMaximumLow,0.8680119449503618
CD,log_normal,806,HalfMaximumHigh,2.99563383605497
CD,log_normal,806,EffectAtKPlus1,0.05480980274031608
CD,log_normal,806,EffectAtKPlus10,0.013127421030608523
CD,log_normal,806,LocalComponentAtKPlus10,0.00015403285572740053
CD,log_normal,807,Baseline,0.009770789500769478
CD,log_normal,807,Amplitude,0.07812045475353037
CD,log_normal,807,PeakDistance,1.5166217390557144
CD,log_normal,807,PeakEffect,0.08789124425429985
CD,log_normal,807,HalfMaximumLow,0.944642920093206
CD,log_normal,807,HalfMaximumHigh,2.434932237833772
CD,log_normal,807,EffectAtKPlus1,0.055458520206647814
CD,log_normal,807,EffectAtKPlus10,0.009772092794035056
CD,log_normal,807,LocalComponentAtKPlus10,1.3032932655778623e-06
CD,log_normal,808,Baseline,0.01842380836953612
CD,log_normal,808,Amplitude,0.06457072736801797
CD,log_normal,808,PeakDistance,1.75642732944361
CD,log_normal,808,PeakEffect,0.0829945357375541
CD,log_normal,808,HalfMaximumLow,1.0705156680496397
CD,log_normal,808,HalfMaximumHigh,2.8818232704963624
CD,log_normal,808,EffectAtKPlus1,0.04475376408605043
CD,log_normal,808,EffectAtKPlus10,0.01843626847363171
CD,log_normal,808,LocalComponentAtKPlus10,1.2460104095588648e-05
CD,log_normal,809,Baseline,0.01315636594121203
CD,log_normal,809,Amplitude,0.08130603661046636
CD,log_normal,809,PeakDistance,1.4346840533642435
CD,log_normal,809,PeakEffect,0.09446240255167838
CD,log_normal,809,HalfMaximumLow,0.8335661912214842
CD,log_normal,809,HalfMaximumHigh,2.4692920066269175
CD,log_normal,809,EffectAtKPlus1,0.07301188150202256
CD,log_normal,809,EffectAtKPlus10,0.013167872289757425
CD,log_normal,809,LocalComponentAtKPlus10,1.150634854539534e-05
CD,log_normal,810,Baseline,0.015198270381156126
CD,log_normal,810,Amplitude,0.07769813944021016
CD,log_normal,810,PeakDistance,1.5818602980619536
CD,log_normal,810,PeakEffect,0.09289640982136628
CD,log_normal,810,HalfMaximumLow,1.0144010069566147
CD,log_normal,810,HalfMaximumHigh,2.4667582005778455
CD,log_normal,810,EffectAtKPlus1,0.05232560188684271
CD,log_normal,810,EffectAtKPlus10,0.015198777627054775
CD,log_normal,810,LocalComponentAtKPlus10,5.072458986489503e-07
CD,log_normal,811,Baseline,0.004260784929577991
CD,log_normal,811,Amplitude,0.12194492475693318
CD,log_normal,811,PeakDistance,1.5168717609413207
CD,log_normal,811,PeakEffect,0.12620570968651118
CD,log_normal,811,HalfMaximumLow,0.9241775931956868
CD,log_normal,811,HalfMaximumHigh,2.48967293308314
CD,log_normal,811,EffectAtKPlus1,0.07896046038052666
CD,log_normal,811,EffectAtKPlus10,0.004266097286992456
CD,log_normal,811,LocalComponentAtKPlus10,5.312357414464716e-06
CD,log_normal,812,Baseline,0.020159766214690476
CD,log_normal,812,Amplitude,0.10368174491140157
CD,log_normal,812,PeakDistance,1.5155133505294975
CD,log_normal,812,PeakEffect,0.12384151112609204
CD,log_normal,812,HalfMaximumLow,1.0458471324786698
CD,log_normal,812,HalfMaximumHigh,2.196096010886167
CD,log_normal,812,EffectAtKPlus1,0.06356235708478736
CD,log_normal,812,EffectAtKPlus10,0.020159767898899426
CD,log_normal,812,LocalComponentAtKPlus10,1.6842089493873669e-09
CD,log_normal,813,Baseline,0.058030521842816624
CD,log_normal,813,Amplitude,-0.08841301217494849
CD,log_normal,813,PeakDistance,4.35584529704322
CD,log_normal,813,PeakEffect,-0.030382490332131862
CD,log_normal,813,HalfMaximumLow,3.7209492515499476
CD,log_normal,813,HalfMaximumHigh,5.099072029501677
CD,log_normal,813,EffectAtKPlus1,0.058030521842816624
CD,log_normal,813,EffectAtKPlus10,0.058030521471887794
CD,log_normal,813,LocalComponentAtKPlus10,-3.7092882931855087e-10
CD,log_normal,814,Baseline,0.02683819757573834
CD,log_normal,814,Amplitude,0.05831886220315592
CD,log_normal,814,PeakDistance,1.6510044179057688
CD,log_normal,814,PeakEffect,0.08515705977889426
CD,log_normal,814,HalfMaximumLow,1.0066178256589216
CD,log_normal,814,HalfMaximumHigh,2.707895209544969
CD,log_normal,814,EffectAtKPlus1,0.05546016465397954
CD,log_normal,814,EffectAtKPlus10,0.0268441749861582
CD,log_normal,814,LocalComponentAtKPlus10,5.977410419858581e-06
CD,log_normal,815,Baseline,0.009014804539783327
CD,log_normal,815,Amplitude,0.08047725997419328
CD,log_normal,815,PeakDistance,1.4986014179840264
CD,log_normal,815,PeakEffect,0.08949206451397661
CD,log_normal,815,HalfMaximumLow,0.8816355212463278
CD,log_normal,815,HalfMaximumHigh,2.547318201073546
CD,log_normal,815,EffectAtKPlus1,0.06279665740387338
CD,log_normal,815,EffectAtKPlus10,0.009026084293563157
CD,log_normal,815,LocalComponentAtKPlus10,1.1279753779829677e-05
CD,log_normal,816,Baseline,0.012643366486957805
CD,log_normal,816,Amplitude,0.09442547130506208
CD,log_normal,816,PeakDistance,1.430997964157599
CD,log_normal,816,PeakEffect,0.1070688377920199
CD,log_normal,816,HalfMaximumLow,0.9293883834060824
CD,log_normal,816,HalfMaximumHigh,2.203336312337419
CD,log_normal,816,EffectAtKPlus1,0.0711955862277609
CD,log_normal,816,EffectAtKPlus10,0.012643440041086858
CD,log_normal,816,LocalComponentAtKPlus10,7.355412905314662e-08
CD,log_normal,817,Baseline,0.029263401771938303
CD,log_normal,817,Amplitude,0.10929364240572356
CD,log_normal,817,PeakDistance,1.466018912886841
CD,log_normal,817,PeakEffect,0.13855704417766188
CD,log_normal,817,HalfMaximumLow,1.0400437591221001
CD,log_normal,817,HalfMaximumHigh,2.0664625253422626
CD,log_normal,817,EffectAtKPlus1,0.07547678680751721
CD,log_normal,817,EffectAtKPlus10,0.029263401813781162
CD,log_normal,817,LocalComponentAtKPlus10,4.1842859038743185e-11
CD,log_normal,818,Baseline,0.015969603572743758
CD,log_normal,818,Amplitude,0.07680948695239352
CD,log_normal,818,PeakDistance,1.6200989370614167
CD,log_normal,818,PeakEffect,0.09277909052513728
CD,log_normal,818,HalfMaximumLow,1.019487660966654
CD,log_normal,818,HalfMaximumHigh,2.5745486349278957
CD,log_normal,818,EffectAtKPlus1,0.0521751744613978
CD,log_normal,818,EffectAtKPlus10,0.015971330192146506
CD,log_normal,818,LocalComponentAtKPlus10,1.7266194027483472e-06
CD,log_normal,819,Baseline,0.004007961465473247
CD,log_normal,819,Amplitude,0.09140197328685816
CD,log_normal,819,PeakDistance,1.4297979105061716
CD,log_normal,819,PeakEffect,0.09540993475233141
CD,log_normal,819,HalfMaximumLow,0.8850353326180799
CD,log_normal,819,HalfMaximumHigh,2.3098762157216632
CD,log_normal,819,EffectAtKPlus1,0.06619539172502202
CD,log_normal,819,EffectAtKPlus10,0.004008987052873077
CD,log_normal,819,LocalComponentAtKPlus10,1.0255873998301496e-06
CD,log_normal,820,Baseline,0.019093162874172724
CD,log_normal,820,Amplitude,0.10355122125065948
CD,log_normal,820,PeakDistance,1.4777005238553498
CD,log_normal,820,PeakEffect,0.1226443841248322
CD,log_normal,820,HalfMaximumLow,1.0043211386673672
CD,log_normal,820,HalfMaximumHigh,2.17420380208246
CD,log_normal,820,EffectAtKPlus1,0.07006912341251842
CD,log_normal,820,EffectAtKPlus10,0.019093167190134624
CD,log_normal,820,LocalComponentAtKPlus10,4.315961900369647e-09
CD,log_normal,821,Baseline,0.014178326960192122
CD,log_normal,821,Amplitude,0.08487797228755996
CD,log_normal,821,PeakDistance,1.6214330169410156
CD,log_normal,821,PeakEffect,0.09905629924775208
CD,log_normal,821,HalfMaximumLow,0.9822558826037049
CD,log_normal,821,HalfMaximumHigh,2.6765378298957385
CD,log_normal,821,EffectAtKPlus1,0.05873231472096202
CD,log_normal,821,EffectAtKPlus10,0.014187504473086983
CD,log_normal,821,LocalComponentAtKPlus10,9.1775128948611e-06
CD,log_normal,822,Baseline,0.01565963784577073
CD,log_normal,822,Amplitude,0.06952025738809159
CD,log_normal,822,PeakDistance,1.4582418178669787
CD,log_normal,822,PeakEffect,0.08517989523386232
CD,log_normal,822,HalfMaximumLow,0.8649573661179207
CD,log_normal,822,HalfMaximumHigh,2.4584670674809725
CD,log_normal,822,EffectAtKPlus1,0.06408626705976428
CD,log_normal,822,EffectAtKPlus10,0.015665281738467023
CD,log_normal,822,LocalComponentAtKPlus10,5.643892696294978e-06
CD,log_normal,823,Baseline,0.015894633170406246
CD,log_normal,823,Amplitude,0.10085587334081267
CD,log_normal,823,PeakDistance,1.4692976318479074
CD,log_normal,823,PeakEffect,0.11675050651121892
CD,log_normal,823,HalfMaximumLow,0.9847549387859157
CD,log_normal,823,HalfMaximumHigh,2.192256617281304
CD,log_normal,823,EffectAtKPlus1,0.0690248775409664
CD,log_normal,823,EffectAtKPlus10,0.01589464544288932
CD,log_normal,823,LocalComponentAtKPlus10,1.2272483074921015e-08
CD,log_normal,824,Baseline,0.011789147671016232
CD,log_normal,824,Amplitude,0.07801135267040203
CD,log_normal,824,PeakDistance,1.4863596831523775
CD,log_normal,824,PeakEffect,0.08980050034141826
CD,log_normal,824,HalfMaximumLow,0.8427952809383136
CD,log_normal,824,HalfMaximumHigh,2.621354387795318
CD,log_normal,824,EffectAtKPlus1,0.06741333739329237
CD,log_normal,824,EffectAtKPlus10,0.01182033146869143
CD,log_normal,824,LocalComponentAtKPlus10,3.118379767519733e-05
CD,log_normal,825,Baseline,0.012007949495065383
CD,log_normal,825,Amplitude,0.0729113014630809
CD,log_normal,825,PeakDistance,1.3977706122766689
CD,log_normal,825,PeakEffect,0.08491925095814629
CD,log_normal,825,HalfMaximumLow,0.8334686275905743
CD,log_normal,825,HalfMaximumHigh,2.3441346439065285
CD,log_normal,825,EffectAtKPlus1,0.06652260882580095
CD,log_normal,825,EffectAtKPlus10,0.01201113223196798
CD,log_normal,825,LocalComponentAtKPlus10,3.1827369025971136e-06
CD,log_normal,826,Baseline,0.014290130519633477
CD,log_normal,826,Amplitude,0.08356660959496037
CD,log_normal,826,PeakDistance,1.465169959033997
CD,log_normal,826,PeakEffect,0.09785674011459385
CD,log_normal,826,HalfMaximumLow,0.9200327405320852
CD,log_normal,826,HalfMaximumHigh,2.3333115380374
CD,log_normal,826,EffectAtKPlus1,0.06667234163888718
CD,log_normal,826,EffectAtKPlus10,0.014290752130887714
CD,log_normal,826,LocalComponentAtKPlus10,6.216112542374586e-07
CD,log_normal,827,Baseline,0.01853831512327532
CD,log_normal,827,Amplitude,0.09313706940293325
CD,log_normal,827,PeakDistance,1.4849633837625293
CD,log_normal,827,PeakEffect,0.11167538452620857
CD,log_normal,827,HalfMaximumLow,1.0103737540702524
CD,log_normal,827,HalfMaximumHigh,2.182475784067266
CD,log_normal,827,EffectAtKPlus1,0.06338604229235091
CD,log_normal,827,EffectAtKPlus10,0.0185383189658596
CD,log_normal,827,LocalComponentAtKPlus10,3.842584278546113e-09
CD,log_normal,828,Baseline,0.008146200500380554
CD,log_normal,828,Amplitude,0.07415925606724821
CD,log_normal,828,PeakDistance,1.4799338936103128
CD,log_normal,828,PeakEffect,0.08230545656762876
CD,log_normal,828,HalfMaximumLow,0.7765884836399992
CD,log_normal,828,HalfMaximumHigh,2.820289478400103
CD,log_normal,828,EffectAtKPlus1,0.0655476957995723
CD,log_normal,828,EffectAtKPlus10,0.008315062484069144
CD,log_normal,828,LocalComponentAtKPlus10,0.00016886198368858997
CD,log_normal,829,Baseline,0.018409532264491404
CD,log_normal,829,Amplitude,0.07942244538759495
CD,log_normal,829,PeakDistance,1.583743821341014
CD,log_normal,829,PeakEffect,0.09783197765208636
CD,log_normal,829,HalfMaximumLow,0.9231586067555957
CD,log_normal,829,HalfMaximumHigh,2.7170244346753845
CD,log_normal,829,EffectAtKPlus1,0.0664373276661324
CD,log_normal,829,EffectAtKPlus10,0.01843413214540278
CD,log_normal,829,LocalComponentAtKPlus10,2.4599880911375244e-05
CD,log_normal,830,Baseline,0.01966483946177355
CD,log_normal,830,Amplitude,0.08826761332484183
CD,log_normal,830,PeakDistance,1.461100630589712
CD,log_normal,830,PeakEffect,0.10793245278661538
CD,log_normal,830,HalfMaximumLow,0.9242885929801199
CD,log_normal,830,HalfMaximumHigh,2.309684517285361
CD,log_normal,830,EffectAtKPlus1,0.07454125924758573
CD,log_normal,830,EffectAtKPlus10,0.019665270911355965
CD,log_normal,830,LocalComponentAtKPlus10,4.314495824150888e-07
CD,log_normal,831,Baseline,0.0030522523583661754
CD,log_normal,831,Amplitude,0.09202635512216331
CD,log_normal,831,PeakDistance,1.5386002159816308
CD,log_normal,831,PeakEffect,0.09507860748052949
CD,log_normal,831,HalfMaximumLow,0.8123741334248884
CD,log_normal,831,HalfMaximumHigh,2.9140398828781753
CD,log_normal,831,EffectAtKPlus1,0.07017969318889988
CD,log_normal,831,EffectAtKPlus10,0.0032912802906229235
CD,log_normal,831,LocalComponentAtKPlus10,0.0002390279322567481
CD,log_normal,832,Baseline,0.019090442473678717
CD,log_normal,832,Amplitude,0.07531849515681824
CD,log_normal,832,PeakDistance,1.3798117643774832
CD,log_normal,832,PeakEffect,0.09440893763049696
CD,log_normal,832,HalfMaximumLow,0.960151647692882
CD,log_normal,832,HalfMaximumHigh,1.9828956287158157
CD,log_normal,832,EffectAtKPlus1,0.06270207071495582
CD,log_normal,832,EffectAtKPlus10,0.01909044255231664
CD,log_normal,832,LocalComponentAtKPlus10,7.86379225625744e-11
CD,log_normal,833,Baseline,0.015038228871403938
CD,log_normal,833,Amplitude,0.08626074273240476
CD,log_normal,833,PeakDistance,1.5719891002178772
CD,log_normal,833,PeakEffect,0.1012989716038087
CD,log_normal,833,HalfMaximumLow,0.9693901783493126
CD,log_normal,833,HalfMaximumHigh,2.5491796661399135
CD,log_normal,833,EffectAtKPlus1,0.06205525803432524
CD,log_normal,833,EffectAtKPlus10,0.015041587790001643
CD,log_normal,833,LocalComponentAtKPlus10,3.3589185977050268e-06
CD,log_normal,834,Baseline,0.015914268725228265
CD,log_normal,834,Amplitude,0.09735268124680488
CD,log_normal,834,PeakDistance,1.5909881890909474
CD,log_normal,834,PeakEffect,0.11326694997203314
CD,log_normal,834,HalfMaximumLow,1.0531979350705956
CD,log_normal,834,HalfMaximumHigh,2.403388132029735
CD,log_normal,834,EffectAtKPlus1,0.056364452865131254
CD,log_normal,834,EffectAtKPlus10,0.015914371283608418
CD,log_normal,834,LocalComponentAtKPlus10,1.0255838015296725e-07
CD,log_normal,835,Baseline,0.013593354614724131
CD,log_normal,835,Amplitude,0.0916976329203006
CD,log_normal,835,PeakDistance,1.4313792829157934
CD,log_normal,835,PeakEffect,0.10529098753502474
CD,log_normal,835,HalfMaximumLow,0.7939487421818121
CD,log_normal,835,HalfMaximumHigh,2.5805779928943453
CD,log_normal,835,EffectAtKPlus1,0.08453359427673585
CD,log_normal,835,EffectAtKPlus10,0.013642049102938356
CD,log_normal,835,LocalComponentAtKPlus10,4.8694488214224424e-05
CD,log_normal,836,Baseline,0.06818326169621727
CD,log_normal,836,Amplitude,-0.06596571150505282
CD,log_normal,836,PeakDistance,6.078469060664263
CD,log_normal,836,PeakEffect,0.002217550191164458
CD,log_normal,836,HalfMaximumLow,3.6018987895677936
CD,log_normal,836,HalfMaximumHigh,10.257863499236802
CD,log_normal,836,EffectAtKPlus1,0.06816593546764399
CD,log_normal,836,EffectAtKPlus10,0.03295692645270999
CD,log_normal,836,LocalComponentAtKPlus10,-0.03522633524350728
CD,log_normal,837,Baseline,0.017921219807914123
CD,log_normal,837,Amplitude,0.08008569310229115
CD,log_normal,837,PeakDistance,1.3867312168458206
CD,log_normal,837,PeakEffect,0.09800691291020527
CD,log_normal,837,HalfMaximumLow,0.8201156823356814
CD,log_normal,837,HalfMaximumHigh,2.3448197726178552
CD,log_normal,837,EffectAtKPlus1,0.07914518167551955
CD,log_normal,837,EffectAtKPlus10,0.01792563412422199
CD,log_normal,837,LocalComponentAtKPlus10,4.4143163078665115e-06
CD,log_normal,838,Baseline,0.010489567596987928
CD,log_normal,838,Amplitude,0.07343467667135262
CD,log_normal,838,PeakDistance,1.667298458512546
CD,log_normal,838,PeakEffect,0.08392424426834054
CD,log_normal,838,HalfMaximumLow,0.9500832846186431
CD,log_normal,838,HalfMaximumHigh,2.925937330719527
CD,log_normal,838,EffectAtKPlus1,0.05190778558713155
CD,log_normal,838,EffectAtKPlus10,0.010554405844836719
CD,log_normal,838,LocalComponentAtKPlus10,6.483824784879119e-05
CD,log_normal,839,Baseline,0.018552487423620083
CD,log_normal,839,Amplitude,0.06913960055957886
CD,log_normal,839,PeakDistance,1.6342419012499438
CD,log_normal,839,PeakEffect,0.08769208798319894
CD,log_normal,839,HalfMaximumLow,0.9654313703636903
CD,log_normal,839,HalfMaximumHigh,2.766376434189131
CD,log_normal,839,EffectAtKPlus1,0.056361208091220014
CD,log_normal,839,EffectAtKPlus10,0.018571305920897063
CD,log_normal,839,LocalComponentAtKPlus10,1.8818497276980317e-05
CD,log_normal,840,Baseline,0.0185691506096229
CD,log_normal,840,Amplitude,0.08678848735673751
CD,log_normal,840,PeakDistance,1.588572450987769
CD,log_normal,840,PeakEffect,0.10535763796636041
CD,log_normal,840,HalfMaximumLow,0.987423310286979
CD,log_normal,840,HalfMaximumHigh,2.5557047375191644
CD,log_normal,840,EffectAtKPlus1,0.06357243566596366
CD,log_normal,840,EffectAtKPlus10,0.018571854277443223
CD,log_normal,840,LocalComponentAtKPlus10,2.70366782032308e-06
CD,log_normal,841,Baseline,0.021677611971316516
CD,log_normal,841,Amplitude,0.07699919171803161
CD,log_normal,841,PeakDistance,1.3970756385673895
CD,log_normal,841,PeakEffect,0.09867680368934813
CD,log_normal,841,HalfMaximumLow,0.9306385390501726
CD,log_normal,841,HalfMaximumHigh,2.097291545512981
CD,log_normal,841,EffectAtKPlus1,0.06982355801391969
CD,log_normal,841,EffectAtKPlus10,0.021677618596485957
CD,log_normal,841,LocalComponentAtKPlus10,6.625169440832579e-09
CD,log_normal,842,Baseline,0.0192080603684755
CD,log_normal,842,Amplitude,0.06848937572622912
CD,log_normal,842,PeakDistance,1.447676171910494
CD,log_normal,842,PeakEffect,0.08769743609470462
CD,log_normal,842,HalfMaximumLow,0.893308814802581
CD,log_normal,842,HalfMaximumHigh,2.3460714413532133
CD,log_normal,842,EffectAtKPlus1,0.06479605340288502
CD,log_normal,842,EffectAtKPlus10,0.019209087632492048
CD,log_normal,842,LocalComponentAtKPlus10,1.0272640165488733e-06
CD,log_normal,843,Baseline,0.010081720733900049
CD,log_normal,843,Amplitude,0.06279799863673848
CD,log_normal,843,PeakDistance,1.509310492718421
CD,log_normal,843,PeakEffect,0.07287971937063853
CD,log_normal,843,HalfMaximumLow,0.8081631676260292
CD,log_normal,843,HalfMaximumHigh,2.8187601893830143
CD,log_normal,843,EffectAtKPlus1,0.05655532259103186
CD,log_normal,843,EffectAtKPlus10,0.01019119151449988
CD,log_normal,843,LocalComponentAtKPlus10,0.0001094707805998317
CD,log_normal,844,Baseline,0.02020712124419535
CD,log_normal,844,Amplitude,0.07396947911011825
CD,log_normal,844,PeakDistance,1.400550794483932
CD,log_normal,844,PeakEffect,0.0941766003543136
CD,log_normal,844,HalfMaximumLow,0.898614534561075
CD,log_normal,844,HalfMaximumHigh,2.1828519932494546
CD,log_normal,844,EffectAtKPlus1,0.06981913364073679
CD,log_normal,844,EffectAtKPlus10,0.02020721294481465
CD,log_normal,844,LocalComponentAtKPlus10,9.170061929936191e-08
CD,log_normal,845,Baseline,0.018299458957287722
CD,log_normal,845,Amplitude,0.08782811367196941
CD,log_normal,845,PeakDistance,1.6542097372146718
CD,log_normal,845,PeakEffect,0.10612757262925714
CD,log_normal,845,HalfMaximumLow,1.0831782701659796
CD,log_normal,845,HalfMaximumHigh,2.5262783883917117
CD,log_normal,845,EffectAtKPlus1,0.051281439179023974
CD,log_normal,845,EffectAtKPlus10,0.018299781085757715
CD,log_normal,845,LocalComponentAtKPlus10,3.2212846999210565e-07
CD,log_normal,846,Baseline,0.011246508667434338
CD,log_normal,846,Amplitude,0.10082250901123042
CD,log_normal,846,PeakDistance,1.5136839224981191
CD,log_normal,846,PeakEffect,0.11206901767866476
CD,log_normal,846,HalfMaximumLow,0.9697203590550579
CD,log_normal,846,HalfMaximumHigh,2.3627832455348106
CD,log_normal,846,EffectAtKPlus1,0.06653878366033618
CD,log_normal,846,EffectAtKPlus10,0.011246899331225293
CD,log_normal,846,LocalComponentAtKPlus10,3.9066379095564763e-07
CD,log_normal,847,Baseline,0.02584266770799327
CD,log_normal,847,Amplitude,0.07679891477461837
CD,log_normal,847,PeakDistance,1.4861305803461926
CD,log_normal,847,PeakEffect,0.10264158248261164
CD,log_normal,847,HalfMaximumLow,0.9953149107874069
CD,log_normal,847,HalfMaximumHigh,2.2189802221418256
CD,log_normal,847,EffectAtKPlus1,0.06486711264867819
CD,log_normal,847,EffectAtKPlus10,0.025842679652789143
CD,log_normal,847,LocalComponentAtKPlus10,1.1944795871160485e-08
CD,log_normal,848,Baseline,0.0024109634090108477
CD,log_normal,848,Amplitude,0.1064391103823382
CD,log_normal,848,PeakDistance,1.5735679171694914
CD,log_normal,848,PeakEffect,0.10885007379134905
CD,log_normal,848,HalfMaximumLow,0.9009554108684351
CD,log_normal,848,HalfMaximumHigh,2.7483224586646204
CD,log_normal,848,EffectAtKPlus1,0.06973144066221167
CD,log_normal,848,EffectAtKPlus10,0.0024630472014830164
CD,log_normal,848,LocalComponentAtKPlus10,5.208379247216869e-05
CD,log_normal,849,Baseline,0.016004938818345832
CD,log_normal,849,Amplitude,0.09535469518151857
CD,log_normal,849,PeakDistance,1.3893258183059776
CD,log_normal,849,PeakEffect,0.1113596339998644
CD,log_normal,849,HalfMaximumLow,0.8292446211516925
CD,log_normal,849,HalfMaximumHigh,2.327692191395572
CD,log_normal,849,EffectAtKPlus1,0.08797089990300401
CD,log_normal,849,EffectAtKPlus10,0.016008704037197764
CD,log_normal,849,LocalComponentAtKPlus10,3.765218851932428e-06
CD,log_normal,850,Baseline,0.06518356340901917
CD,log_normal,850,Amplitude,-0.0641108740608895
CD,log_normal,850,PeakDistance,5.32754496104574
CD,log_normal,850,PeakEffect,0.0010726893481296657
CD,log_normal,850,HalfMaximumLow,3.412269703512584
CD,log_normal,850,HalfMaximumHigh,8.317846412534953
CD,log_normal,850,EffectAtKPlus1,0.06517991206144864
CD,log_normal,850,EffectAtKPlus10,0.04913074087402537
CD,log_normal,850,LocalComponentAtKPlus10,-0.016052822534993794
CD,log_normal,851,Baseline,0.019068343712988566
CD,log_normal,851,Amplitude,0.09098696648986705
CD,log_normal,851,PeakDistance,1.4306698072475852
CD,log_normal,851,PeakEffect,0.11005531020285561
CD,log_normal,851,HalfMaximumLow,0.9489740930089763
CD,log_normal,851,HalfMaximumHigh,2.156872471491676
CD,log_normal,851,EffectAtKPlus1,0.07275425741222574
CD,log_normal,851,EffectAtKPlus10,0.019068359757535288
CD,log_normal,851,LocalComponentAtKPlus10,1.604454672246569e-08
CD,log_normal,852,Baseline,0.02060751435547227
CD,log_normal,852,Amplitude,0.07192851286127167
CD,log_normal,852,PeakDistance,1.5245853817485386
CD,log_normal,852,PeakEffect,0.09253602721674394
CD,log_normal,852,HalfMaximumLow,0.9058944823361701
CD,log_normal,852,HalfMaximumHigh,2.5658182399424145
CD,log_normal,852,EffectAtKPlus1,0.06624554688558608
CD,log_normal,852,EffectAtKPlus10,0.020615965531633928
CD,log_normal,852,LocalComponentAtKPlus10,8.451176161657775e-06
CD,log_normal,853,Baseline,0.017006190730765404
CD,log_normal,853,Amplitude,0.07910288459930681
CD,log_normal,853,PeakDistance,1.624804905041677
CD,log_normal,853,PeakEffect,0.09610907533007221
CD,log_normal,853,HalfMaximumLow,0.9220638283747736
CD,log_normal,853,HalfMaximumHigh,2.8631325708771507
CD,log_normal,853,EffectAtKPlus1,0.06456347129582339
CD,log_normal,853,EffectAtKPlus10,0.017069429696339324
CD,log_normal,853,LocalComponentAtKPlus10,6.323896557391961e-05
CD,log_normal,854,Baseline,0.011151189261843018
CD,log_normal,854,Amplitude,0.07306614450210012
CD,log_normal,854,PeakDistance,1.5110060733462403
CD,log_normal,854,PeakEffect,0.08421733376394314
CD,log_normal,854,HalfMaximumLow,0.8063907747895853
CD,log_normal,854,HalfMaximumHigh,2.831306390236138
CD,log_normal,854,EffectAtKPlus1,0.06530738624527124
CD,log_normal,854,EffectAtKPlus10,0.011288399591575488
CD,log_normal,854,LocalComponentAtKPlus10,0.00013721032973246922
CD,log_normal,855,Baseline,0.008099288453055284
CD,log_normal,855,Amplitude,0.08137868652141042
CD,log_normal,855,PeakDistance,1.732950009288199
CD,log_normal,855,PeakEffect,0.0894779749744657
CD,log_normal,855,HalfMaximumLow,0.9713604315444303
CD,log_normal,855,HalfMaximumHigh,3.091659529426288
CD,log_normal,855,EffectAtKPlus1,0.05164478787185615
CD,log_normal,855,EffectAtKPlus10,0.008240782504766312
CD,log_normal,855,LocalComponentAtKPlus10,0.0001414940517110285
CD,log_normal,856,Baseline,0.014435331756285112
CD,log_normal,856,Amplitude,0.0838907054299165
CD,log_normal,856,PeakDistance,1.4752077074423582
CD,log_normal,856,PeakEffect,0.09832603718620161
CD,log_normal,856,HalfMaximumLow,0.8402885098321526
CD,log_normal,856,HalfMaximumHigh,2.5898697347795943
CD,log_normal,856,EffectAtKPlus1,0.07469866945771884
CD,log_normal,856,EffectAtKPlus10,0.014463061578138548
CD,log_normal,856,LocalComponentAtKPlus10,2.7729821853436643e-05
CD,log_normal,857,Baseline,0.009699729871417224
CD,log_normal,857,Amplitude,0.10158882867525053
CD,log_normal,857,PeakDistance,1.4660072840293885
CD,log_normal,857,PeakEffect,0.11128855854666775
CD,log_normal,857,HalfMaximumLow,0.892713004643066
CD,log_normal,857,HalfMaximumHigh,2.4074672886461763
CD,log_normal,857,EffectAtKPlus1,0.07696742066903876
CD,log_normal,857,EffectAtKPlus10,0.009702866692506338
CD,log_normal,857,LocalComponentAtKPlus10,3.1368210891141723e-06
CD,log_normal,858,Baseline,0.056740219924363504
CD,log_normal,858,Amplitude,-0.047581953230467294
CD,log_normal,858,PeakDistance,5.187308399979175
CD,log_normal,858,PeakEffect,0.00915826669389621
CD,log_normal,858,HalfMaximumLow,3.7418768524114627
CD,log_normal,858,HalfMaximumHigh,7.191088723070473
CD,log_normal,858,EffectAtKPlus1,0.05674021885113997
CD,log_normal,858,EffectAtKPlus10,0.05384413137185436
CD,log_normal,858,LocalComponentAtKPlus10,-0.0028960885525091407
CD,log_normal,859,Baseline,0.09532315609679264
CD,log_normal,859,Amplitude,-0.07698665765036211
CD,log_normal,859,PeakDistance,4.816057945411152
CD,log_normal,859,PeakEffect,0.018336498446430524
CD,log_normal,859,HalfMaximumLow,2.27275576284766
CD,log_normal,859,HalfMaximumHigh,10.205414287233548
CD,log_normal,859,EffectAtKPlus1,0.09163007918557774
CD,log_normal,859,EffectAtKPlus10,0.055377795998879424
CD,log_normal,859,LocalComponentAtKPlus10,-0.03994536009791321
CD,log_normal,860,Baseline,0.014602912348311459
CD,log_normal,860,Amplitude,0.08096015353006916
CD,log_normal,860,PeakDistance,1.4642313519264365
CD,log_normal,860,PeakEffect,0.09556306587838062
CD,log_normal,860,HalfMaximumLow,0.8481517821940946
CD,log_normal,860,HalfMaximumHigh,2.527818129931941
CD,log_normal,860,EffectAtKPlus1,0.07233949772832364
CD,log_normal,860,EffectAtKPlus10,0.014618094299893943
CD,log_normal,860,LocalComponentAtKPlus10,1.5181951582484213e-05
CD,log_normal,861,Baseline,0.015088353977741447
CD,log_normal,861,Amplitude,0.10759461554664673
CD,log_normal,861,PeakDistance,1.4117063753415635
CD,log_normal,861,PeakEffect,0.12268296952438817
CD,log_normal,861,HalfMaximumLow,0.9503720247565154
CD,log_normal,861,HalfMaximumHigh,2.0969839581406013
CD,log_normal,861,EffectAtKPlus1,0.07865457980713039
CD,log_normal,861,EffectAtKPlus10,0.01508835857854282
CD,log_normal,861,LocalComponentAtKPlus10,4.600801371823504e-09
CD,log_normal,862,Baseline,0.011504147992910507
CD,log_normal,862,Amplitude,2.0109719877641576
CD,log_normal,862,PeakDistance,1.4164170527388464
CD,log_normal,862,PeakEffect,2.022476135757068
CD,log_normal,862,HalfMaximumLow,1.2147912414081736
CD,log_normal,862,HalfMaximumHigh,1.6515078467011257
CD,log_normal,862,EffectAtKPlus1,0.06854707525802696
CD,log_normal,862,EffectAtKPlus10,0.011504147992910507
CD,log_normal,862,LocalComponentAtKPlus10,0.0
CD,log_normal,863,Baseline,0.014197044924348217
CD,log_normal,863,Amplitude,0.08210658969694702
CD,log_normal,863,PeakDistance,1.5478256657725264
CD,log_normal,863,PeakEffect,0.09630363462129524
CD,log_normal,863,HalfMaximumLow,0.991933779105914
CD,log_normal,863,HalfMaximumHigh,2.4152462009949933
CD,log_normal,863,EffectAtKPlus1,0.056289757084438966
CD,log_normal,863,EffectAtKPlus10,0.014197463297821069
CD,log_normal,863,LocalComponentAtKPlus10,4.183734728518962e-07
CD,log_normal,864,Baseline,0.07991304216341716
CD,log_normal,864,Amplitude,-0.0743637711965644
CD,log_normal,864,PeakDistance,5.435212461807602
CD,log_normal,864,PeakEffect,0.0055492709668527596
CD,log_normal,864,HalfMaximumLow,3.040295750517072
CD,log_normal,864,HalfMaximumHigh,9.716664735647655
CD,log_normal,864,EffectAtKPlus1,0.07970645138613458
CD,log_normal,864,EffectAtKPlus10,0.04525475270340243
CD,log_normal,864,LocalComponentAtKPlus10,-0.03465828946001473
CD,log_normal,865,Baseline,0.023235055402030143
CD,log_normal,865,Amplitude,0.08028904297133754
CD,log_normal,865,PeakDistance,1.4902251312833963
CD,log_normal,865,PeakEffect,0.10352409837336768
CD,log_normal,865,HalfMaximumLow,0.9207294428209807
CD,log_normal,865,HalfMaximumHigh,2.4119690743292597
CD,log_normal,865,EffectAtKPlus1,0.0731275180743156
CD,log_normal,865,EffectAtKPlus10,0.023236638802474265
CD,log_normal,865,LocalComponentAtKPlus10,1.583400444121752e-06
CD,log_normal,866,Baseline,0.021793003448789133
CD,log_normal,866,Amplitude,0.07259963197732773
CD,log_normal,866,PeakDistance,1.4630580350205835
CD,log_normal,866,PeakEffect,0.09439263542611687
CD,log_normal,866,HalfMaximumLow,0.9619210538756531
CD,log_normal,866,HalfMaximumHigh,2.2252749383266925
CD,log_normal,866,EffectAtKPlus1,0.06281927996779961
CD,log_normal,866,EffectAtKPlus10,0.021793037886277636
CD,log_normal,866,LocalComponentAtKPlus10,3.443748850320838e-08
CD,log_normal,867,Baseline,0.010715201578293533
CD,log_normal,867,Amplitude,0.09092102157494796
CD,log_normal,867,PeakDistance,1.506224418915987
CD,log_normal,867,PeakEffect,0.10163622315324149
CD,log_normal,867,HalfMaximumLow,0.9002652135248678
CD,log_normal,867,HalfMaximumHigh,2.5200484991039085
CD,log_normal,867,EffectAtKPlus1,0.06932829664380792
CD,log_normal,867,EffectAtKPlus10,0.010722899257952846
CD,log_normal,867,LocalComponentAtKPlus10,7.697679659312423e-06
CD,log_normal,868,Baseline,0.00523414430176281
CD,log_normal,868,Amplitude,0.09506445833262822
CD,log_normal,868,PeakDistance,1.5744415538161634
CD,log_normal,868,PeakEffect,0.10029860263439103
CD,log_normal,868,HalfMaximumLow,0.860856599313023
CD,log_normal,868,HalfMaximumHigh,2.8795344176500817
CD,log_normal,868,EffectAtKPlus1,0.06948243754281412
CD,log_normal,868,EffectAtKPlus10,0.005377164062995162
CD,log_normal,868,LocalComponentAtKPlus10,0.00014301976123235263
CD,log_normal,869,Baseline,0.021996624537635564
CD,log_normal,869,Amplitude,0.07551408205352529
CD,log_normal,869,PeakDistance,1.5382396716626852
CD,log_normal,869,PeakEffect,0.09751070659116086
CD,log_normal,869,HalfMaximumLow,0.952602897725857
CD,log_normal,869,HalfMaximumHigh,2.483911494627714
CD,log_normal,869,EffectAtKPlus1,0.06513999286253891
CD,log_normal,869,EffectAtKPlus10,0.02199854871268453
CD,log_normal,869,LocalComponentAtKPlus10,1.9241750489652765e-06
CD,log_normal,870,Baseline,0.021536873986405743
CD,log_normal,870,Amplitude,0.07331119584724874
CD,log_normal,870,PeakDistance,1.3037022348635408
CD,log_normal,870,PeakEffect,0.09484806983365449
CD,log_normal,870,HalfMaximumLow,0.7868236203147541
CD,log_normal,870,HalfMaximumHigh,2.1601277253322433
CD,log_normal,870,EffectAtKPlus1,0.08208957224082082
CD,log_normal,870,EffectAtKPlus10,0.021537795869865102
CD,log_normal,870,LocalComponentAtKPlus10,9.218834593587022e-07
CD,log_normal,871,Baseline,0.08174767682074519
CD,log_normal,871,Amplitude,-0.08212828978318372
CD,log_normal,871,PeakDistance,5.699587705424963
CD,log_normal,871,PeakEffect,-0.00038061296243853404
CD,log_normal,871,HalfMaximumLow,3.1705478942854604
CD,log_normal,871,HalfMaximumHigh,10.24595782652655
CD,log_normal,871,EffectAtKPlus1,0.08156417221946648
CD,log_normal,871,EffectAtKPlus10,0.038307723658813964
CD,log_normal,871,LocalComponentAtKPlus10,-0.04343995316193122
CD,log_normal,872,Baseline,0.0712457610316829
CD,log_normal,872,Amplitude,-0.0621255997232382
CD,log_normal,872,PeakDistance,6.265687615339478
CD,log_normal,872,PeakEffect,0.009120161308444695
CD,log_normal,872,HalfMaximumLow,3.488388503351656
CD,log_normal,872,HalfMaximumHigh,11.254148227841732
CD,log_normal,872,EffectAtKPlus1,0.07117695239482451
CD,log_normal,872,EffectAtKPlus10,0.03130181204732468
CD,log_normal,872,LocalComponentAtKPlus10,-0.03994394898435822
CD,log_normal,873,Baseline,0.08267543918024196
CD,log_normal,873,Amplitude,-0.0694972178952343
CD,log_normal,873,PeakDistance,4.654922137880444
CD,log_normal,873,PeakEffect,0.01317822128500766
CD,log_normal,873,HalfMaximumLow,2.6066179725644436
CD,log_normal,873,HalfMaximumHigh,8.312802389071127
CD,log_normal,873,EffectAtKPlus1,0.08214516425673574
CD,log_normal,873,EffectAtKPlus10,0.061854115306984495
CD,log_normal,873,LocalComponentAtKPlus10,-0.02082132387325747
CD,log_normal,874,Baseline,0.0082525259526728
CD,log_normal,874,Amplitude,0.09254378063013512
CD,log_normal,874,PeakDistance,1.5676613954374665
CD,log_normal,874,PeakEffect,0.10079630658280792
CD,log_normal,874,HalfMaximumLow,0.9248727687065579
CD,log_normal,874,HalfMaximumHigh,2.657189544224408
CD,log_normal,874,EffectAtKPlus1,0.0642064007163757
CD,log_normal,874,EffectAtKPlus10,0.00827048595646626
CD,log_normal,874,LocalComponentAtKPlus10,1.7960003793459495e-05
CD,log_normal,875,Baseline,0.011821049018465007
CD,log_normal,875,Amplitude,0.09969675552928099
CD,log_normal,875,PeakDistance,1.3475520423122027
CD,log_normal,875,PeakEffect,0.111517804547746
CD,log_normal,875,HalfMaximumLow,0.8112898311455944
CD,log_normal,875,HalfMaximumHigh,2.238283332327269
CD,log_normal,875,EffectAtKPlus1,0.09028183833856819
CD,log_normal,875,EffectAtKPlus10,0.011823053102134853
CD,log_normal,875,LocalComponentAtKPlus10,2.0040836698452524e-06
CD,log_normal,876,Baseline,0.01806560405097566
CD,log_normal,876,Amplitude,0.08406702949938669
CD,log_normal,876,PeakDistance,1.4752288009577512
CD,log_normal,876,PeakEffect,0.10213263355036234
CD,log_normal,876,HalfMaximumLow,0.8577608533773832
CD,log_normal,876,HalfMaximumHigh,2.5371873834136753
CD,log_normal,876,EffectAtKPlus1,0.0769295971481521
CD,log_normal,876,EffectAtKPlus10,0.018080562163043636
CD,log_normal,876,LocalComponentAtKPlus10,1.4958112067975371e-05
CD,log_normal,877,Baseline,0.014154253641759599
CD,log_normal,877,Amplitude,0.08764240721985546
CD,log_normal,877,PeakDistance,1.500690740596652
CD,log_normal,877,PeakEffect,0.10179666086161505
CD,log_normal,877,HalfMaximumLow,0.9046474285817321
CD,log_normal,877,HalfMaximumHigh,2.489447963659425
CD,log_normal,877,EffectAtKPlus1,0.07027016088244396
CD,log_normal,877,EffectAtKPlus10,0.014159447535413141
CD,log_normal,877,LocalComponentAtKPlus10,5.19389365354235e-06
CD,log_normal,878,Baseline,0.06736269257515826
CD,log_normal,878,Amplitude,-0.07489431082299303
CD,log_normal,878,PeakDistance,4.667223047436555
CD,log_normal,878,PeakEffect,-0.00753161824783477
CD,log_normal,878,HalfMaximumLow,3.04571636862143
CD,log_normal,878,HalfMaximumHigh,7.152002464491631
CD,log_normal,878,EffectAtKPlus1,0.06735372142138424
CD,log_normal,878,EffectAtKPlus10,0.05914091818465503
CD,log_normal,878,LocalComponentAtKPlus10,-0.008221774390503228
CD,log_normal,879,Baseline,0.019624963846059742
CD,log_normal,879,Amplitude,0.0945867262747436
CD,log_normal,879,PeakDistance,1.5268574976716152
CD,log_normal,879,PeakEffect,0.11421169012080334
CD,log_normal,879,HalfMaximumLow,0.9491831764209149
CD,log_normal,879,HalfMaximumHigh,2.456105287270931
CD,log_normal,879,EffectAtKPlus1,0.07422968972466626
CD,log_normal,879,EffectAtKPlus10,0.019626828492949066
CD,log_normal,879,LocalComponentAtKPlus10,1.8646468893240842e-06
CD,log_normal,880,Baseline,0.07759376868957306
CD,log_normal,880,Amplitude,-0.06576425508135308
CD,log_normal,880,PeakDistance,5.317931251223249
CD,log_normal,880,PeakEffect,0.011829513608219974
CD,log_normal,880,HalfMaximumLow,3.036309940061177
CD,log_normal,880,HalfMaximumHigh,9.314066531747763
CD,log_normal,880,EffectAtKPlus1,0.07745521426043535
CD,log_normal,880,EffectAtKPlus10,0.050317540219082676
CD,log_normal,880,LocalComponentAtKPlus10,-0.027276228470490382
CD,log_normal,881,Baseline,0.024348551594653375
CD,log_normal,881,Amplitude,0.06501132716766264
CD,log_normal,881,PeakDistance,1.5087947050489383
CD,log_normal,881,PeakEffect,0.08935987876231602
CD,log_normal,881,HalfMaximumLow,0.9081700668649252
CD,log_normal,881,HalfMaximumHigh,2.506646656878086
CD,log_normal,881,EffectAtKPlus1,0.06559259600536657
CD,log_normal,881,EffectAtKPlus10,0.024352862133439603
CD,log_normal,881,LocalComponentAtKPlus10,4.310538786227863e-06
CD,log_normal,882,Baseline,0.022953268471257515
CD,log_normal,882,Amplitude,0.09571703892997192
CD,log_normal,882,PeakDistance,1.3864859516846237
CD,log_normal,882,PeakEffect,0.11867030740122944
CD,log_normal,882,HalfMaximumLow,0.9208980938605834
CD,log_normal,882,HalfMaximumHigh,2.0874658195457663
CD,log_normal,882,EffectAtKPlus1,0.08447105377652074
CD,log_normal,882,EffectAtKPlus10,0.022953277632978265
CD,log_normal,882,LocalComponentAtKPlus10,9.161720750106017e-09
CD,log_normal,883,Baseline,0.013290703546153486
CD,log_normal,883,Amplitude,0.10085213080168656
CD,log_normal,883,PeakDistance,1.5832577893645823
CD,log_normal,883,PeakEffect,0.11414283434784005
CD,log_normal,883,HalfMaximumLow,0.9952651987398399
CD,log_normal,883,HalfMaximumHigh,2.5186304421751124
CD,log_normal,883,EffectAtKPlus1,0.06443282727510076
CD,log_normal,883,EffectAtKPlus10,0.013292517566236527
CD,log_normal,883,LocalComponentAtKPlus10,1.8140200830404213e-06
CD,log_normal,884,Baseline,0.07715921364975575
CD,log_normal,884,Amplitude,-0.08649310163668965
CD,log_normal,884,PeakDistance,5.0675508018628275
CD,log_normal,884,PeakEffect,-0.009333887986933895
CD,log_normal,884,HalfMaximumLow,3.16611469119118
CD,log_normal,884,HalfMaximumHigh,8.110909942999895
CD,log_normal,884,EffectAtKPlus1,0.07713665328588819
CD,log_normal,884,EffectAtKPlus10,0.056821732172130476
CD,log_normal,884,LocalComponentAtKPlus10,-0.020337481477625277
CD,log_normal,885,Baseline,0.02482920741726104
CD,log_normal,885,Amplitude,0.15261308989923278
CD,log_normal,885,PeakDistance,1.4564289862013848
CD,log_normal,885,PeakEffect,0.17744229731649383
CD,log_normal,885,HalfMaximumLow,1.137720293121816
CD,log_normal,885,HalfMaximumHigh,1.8644172954208509
CD,log_normal,885,EffectAtKPlus1,0.05543768856246538
CD,log_normal,885,EffectAtKPlus10,0.02482920741726104
CD,log_normal,885,LocalComponentAtKPlus10,0.0
CD,log_normal,886,Baseline,0.01926889951265869
CD,log_normal,886,Amplitude,0.08367351906001814
CD,log_normal,886,PeakDistance,1.4426129205376437
CD,log_normal,886,PeakEffect,0.10294241857267683
CD,log_normal,886,HalfMaximumLow,0.8167383389399986
CD,log_normal,886,HalfMaximumHigh,2.548101318719947
CD,log_normal,886,EffectAtKPlus1,0.08202836551576649
CD,log_normal,886,EffectAtKPlus10,0.019296180545280817
CD,log_normal,886,LocalComponentAtKPlus10,2.728103262212775e-05
CD,log_normal,887,Baseline,0.019002821725165125
CD,log_normal,887,Amplitude,0.08708349165367814
CD,log_normal,887,PeakDistance,1.4760778200974876
CD,log_normal,887,PeakEffect,0.10608631337884326
CD,log_normal,887,HalfMaximumLow,0.9038746270025606
CD,log_normal,887,HalfMaximumHigh,2.4105176380590865
CD,log_normal,887,EffectAtKPlus1,0.07526106651086953
CD,log_normal,887,EffectAtKPlus10,0.019005108441032235
CD,log_normal,887,LocalComponentAtKPlus10,2.2867158671092958e-06
CD,log_normal,888,Baseline,0.01473880063777796
CD,log_normal,888,Amplitude,0.10248283767785732
CD,log_normal,888,PeakDistance,1.4234094284621923
CD,log_normal,888,PeakEffect,0.11722163831563528
CD,log_normal,888,HalfMaximumLow,0.9361020206668939
CD,log_normal,888,HalfMaximumHigh,2.16439485900441
CD,log_normal,888,EffectAtKPlus1,0.07740136751586368
CD,log_normal,888,EffectAtKPlus10,0.014738832000324437
CD,log_normal,888,LocalComponentAtKPlus10,3.1362546476509934e-08
CD,log_normal,889,Baseline,0.021063663218582464
CD,log_normal,889,Amplitude,0.05900061647341673
CD,log_normal,889,PeakDistance,1.2691593721100398
CD,log_normal,889,PeakEffect,0.0800642796919992
CD,log_normal,889,HalfMaximumLow,0.6821572372837131
CD,log_normal,889,HalfMaximumHigh,2.3612818625639287
CD,log_normal,889,EffectAtKPlus1,0.07433420023866197
CD,log_normal,889,EffectAtKPlus10,0.021091402144600317
CD,log_normal,889,LocalComponentAtKPlus10,2.773892601785205e-05
CD,log_normal,890,Baseline,0.021280775876148628
CD,log_normal,890,Amplitude,0.07969406290266437
CD,log_normal,890,PeakDistance,1.4468847111818417
CD,log_normal,890,PeakEffect,0.100974838778813
CD,log_normal,890,HalfMaximumLow,0.8480363010563461
CD,log_normal,890,HalfMaximumHigh,2.468615276072556
CD,log_normal,890,EffectAtKPlus1,0.07849385449992831
CD,log_normal,890,EffectAtKPlus10,0.021289892698725218
CD,log_normal,890,LocalComponentAtKPlus10,9.116822576590161e-06
CD,log_normal,891,Baseline,0.012011770150787008
CD,log_normal,891,Amplitude,0.11999901643477723
CD,log_normal,891,PeakDistance,1.3833638448295382
CD,log_normal,891,PeakEffect,0.13201078658556423
CD,log_normal,891,HalfMaximumLow,0.9297407007937544
CD,log_normal,891,HalfMaximumHigh,2.0583110167681906
CD,log_normal,891,EffectAtKPlus1,0.08759160411392895
CD,log_normal,891,EffectAtKPlus10,0.012011774316877527
CD,log_normal,891,LocalComponentAtKPlus10,4.1660905194390585e-09
CD,log_normal,892,Baseline,0.012132945993329133
CD,log_normal,892,Amplitude,0.0902129808315545
CD,log_normal,892,PeakDistance,1.4212082825592955
CD,log_normal,892,PeakEffect,0.10234592682488364
CD,log_normal,892,HalfMaximumLow,0.8163360785842642
CD,log_normal,892,HalfMaximumHigh,2.4742664637805176
CD,log_normal,892,EffectAtKPlus1,0.08040955047838401
CD,log_normal,892,EffectAtKPlus10,0.012149828891121175
CD,log_normal,892,LocalComponentAtKPlus10,1.6882897792041412e-05
CD,log_normal,893,Baseline,0.01073191308884023
CD,log_normal,893,Amplitude,0.09186112238798945
CD,log_normal,893,PeakDistance,1.4350179235508316
CD,log_normal,893,PeakEffect,0.10259303547682969
CD,log_normal,893,HalfMaximumLow,0.854056433912837
CD,log_normal,893,HalfMaximumHigh,2.4111713923605946
CD,log_normal,893,EffectAtKPlus1,0.07639319270021819
CD,log_normal,893,EffectAtKPlus10,0.010737535026498239
CD,log_normal,893,LocalComponentAtKPlus10,5.621937658009321e-06
CD,log_normal,894,Baseline,-0.42279580138702144
CD,log_normal,894,Amplitude,0.5107810182554059
CD,log_normal,894,PeakDistance,0.4663117812873233
CD,log_normal,894,PeakEffect,0.08798521686838445
CD,log_normal,894,HalfMaximumLow,0.0012940856142794643
CD,log_normal,894,HalfMaximumHigh,168.03113717358548
CD,log_normal,894,EffectAtKPlus1,0.08207401652691326
CD,log_normal,894,EffectAtKPlus10,0.0004685323045428569
CD,log_normal,894,LocalComponentAtKPlus10,0.4232643336915643
CD,log_normal,895,Baseline,0.018884274393002408
CD,log_normal,895,Amplitude,0.07283624951373692
CD,log_normal,895,PeakDistance,1.6163526371432662
CD,log_normal,895,PeakEffect,0.09172052390673932
CD,log_normal,895,HalfMaximumLow,0.9534124560306398
CD,log_normal,895,HalfMaximumHigh,2.7402577248435174
CD,log_normal,895,EffectAtKPlus1,0.05993025149489253
CD,log_normal,895,EffectAtKPlus10,0.018903089480963208
CD,log_normal,895,LocalComponentAtKPlus10,1.8815087960800253e-05
CD,log_normal,896,Baseline,0.012578496595352272
CD,log_normal,896,Amplitude,0.08675144258739284
CD,log_normal,896,PeakDistance,1.4273960776744608
CD,log_normal,896,PeakEffect,0.09932993918274512
CD,log_normal,896,HalfMaximumLow,0.7544249407172351
CD,log_normal,896,HalfMaximumHigh,2.7006789577017605
CD,log_normal,896,EffectAtKPlus1,0.08248610708673489
CD,log_normal,896,EffectAtKPlus10,0.012714165615125332
CD,log_normal,896,LocalComponentAtKPlus10,0.00013566901977305965
CD,log_normal,897,Baseline,0.029037436415937957
CD,log_normal,897,Amplitude,0.07119673113885171
CD,log_normal,897,PeakDistance,1.377587270774944
CD,log_normal,897,PeakEffect,0.10023416755478967
CD,log_normal,897,HalfMaximumLow,0.853518949803512
CD,log_normal,897,HalfMaximumHigh,2.223438259968379
CD,log_normal,897,EffectAtKPlus1,0.08123768469066878
CD,log_normal,897,EffectAtKPlus10,0.02903792746523646
CD,log_normal,897,LocalComponentAtKPlus10,4.910492985010784e-07
CD,log_normal,898,Baseline,0.014137525120041771
CD,log_normal,898,Amplitude,0.10626632418036532
CD,log_normal,898,PeakDistance,1.512639081254996
CD,log_normal,898,PeakEffect,0.12040384930040708
CD,log_normal,898,HalfMaximumLow,0.9384024238450737
CD,log_normal,898,HalfMaximumHigh,2.438268414487503
CD,log_normal,898,EffectAtKPlus1,0.07726230727346196
CD,log_normal,898,EffectAtKPlus10,0.014139591734752733
CD,log_normal,898,LocalComponentAtKPlus10,2.0666147109611732e-06
CD,log_normal,899,Baseline,0.024283497041294465
CD,log_normal,899,Amplitude,0.20125175968823764
CD,log_normal,899,PeakDistance,1.4208692410838706
CD,log_normal,899,PeakEffect,0.2255352567295321
CD,log_normal,899,HalfMaximumLow,1.0953054970974871
CD,log_normal,899,HalfMaximumHigh,1.8432021071821254
CD,log_normal,899,EffectAtKPlus1,0.0812036284973565
CD,log_normal,899,EffectAtKPlus10,0.02428349704129447
CD,log_normal,899,LocalComponentAtKPlus10,3.469446951953614e-18
CD,log_normal,900,Baseline,-0.00929860418542918
CD,log_normal,900,Amplitude,0.07869023483578032
CD,log_normal,900,PeakDistance,1.1680193547083126
CD,log_normal,900,PeakEffect,0.06939163065035114
CD,log_normal,900,HalfMaximumLow,0.375711900313328
CD,log_normal,900,HalfMaximumHigh,3.631157841514947
CD,log_normal,900,EffectAtKPlus1,0.06837558885454229
CD,log_normal,900,EffectAtKPlus10,-0.002736560429408642
CD,log_normal,900,LocalComponentAtKPlus10,0.006562043756020537
CD,log_normal,901,Baseline,0.023532023621012196
CD,log_normal,901,Amplitude,0.12329624237450129
CD,log_normal,901,PeakDistance,1.4568531705026382
CD,log_normal,901,PeakEffect,0.1468282659955135
CD,log_normal,901,HalfMaximumLow,0.9849905577889273
CD,log_normal,901,HalfMaximumHigh,2.154762950385967
CD,log_normal,901,EffectAtKPlus1,0.08850506252281203
CD,log_normal,901,EffectAtKPlus10,0.023532029923185704
CD,log_normal,901,LocalComponentAtKPlus10,6.302173508748732e-09
CD,log_normal,902,Baseline,0.01030411884985157
CD,log_normal,902,Amplitude,0.09141172694715283
CD,log_normal,902,PeakDistance,1.4723885831894736
CD,log_normal,902,PeakEffect,0.10171584579700439
CD,log_normal,902,HalfMaximumLow,0.8410003660634386
CD,log_normal,902,HalfMaximumHigh,2.577796904006547
CD,log_normal,902,EffectAtKPlus1,0.075970944360199
CD,log_normal,902,EffectAtKPlus10,0.010331586249435963
CD,log_normal,902,LocalComponentAtKPlus10,2.746739958439312e-05
CD,log_normal,903,Baseline,0.00922645493059762
CD,log_normal,903,Amplitude,0.08293871259284079
CD,log_normal,903,PeakDistance,1.4875648842975462
CD,log_normal,903,PeakEffect,0.09216516752343841
CD,log_normal,903,HalfMaximumLow,0.9064253199452379
CD,log_normal,903,HalfMaximumHigh,2.441292444400011
CD,log_normal,903,EffectAtKPlus1,0.06235029978102596
CD,log_normal,903,EffectAtKPlus10,0.009229373289270957
CD,log_normal,903,LocalComponentAtKPlus10,2.918358673336882e-06
CD,log_normal,904,Baseline,0.0189335510536451
CD,log_normal,904,Amplitude,0.08340974049452615
CD,log_normal,904,PeakDistance,1.5445982751971687
CD,log_normal,904,PeakEffect,0.10234329154817125
CD,log_normal,904,HalfMaximumLow,0.8459680389648354
CD,log_normal,904,HalfMaximumHigh,2.820181994891227
CD,log_normal,904,EffectAtKPlus1,0.07704044751905427
CD,log_normal,904,EffectAtKPlus10,0.019039148054574743
CD,log_normal,904,LocalComponentAtKPlus10,0.00010559700092964419
CD,log_normal,905,Baseline,0.07989252115242815
CD,log_normal,905,Amplitude,-0.07279036598663946
CD,log_normal,905,PeakDistance,5.385137965816465
CD,log_normal,905,PeakEffect,0.007102155165788687
CD,log_normal,905,HalfMaximumLow,3.315951186861557
CD,log_normal,905,HalfMaximumHigh,8.74551803590487
CD,log_normal,905,EffectAtKPlus1,0.07987542508369871
CD,log_normal,905,EffectAtKPlus10,0.05636324878836133
CD,log_normal,905,LocalComponentAtKPlus10,-0.023529272364066815
CD,log_normal,906,Baseline,0.0161302271163509
CD,log_normal,906,Amplitude,0.08962353685855187
CD,log_normal,906,PeakDistance,1.4839351930570397
CD,log_normal,906,PeakEffect,0.10575376397490277
CD,log_normal,906,HalfMaximumLow,0.9848113447524055
CD,log_normal,906,HalfMaximumHigh,2.236025883461834
CD,log_normal,906,EffectAtKPlus1,0.06327648036893253
CD,log_normal,906,EffectAtKPlus10,0.016130254281184808
CD,log_normal,906,LocalComponentAtKPlus10,2.7164833906606622e-08
CD,log_normal,907,Baseline,0.009513200732253247
CD,log_normal,907,Amplitude,0.1065125947335532
CD,log_normal,907,PeakDistance,1.5088843447622313
CD,log_normal,907,PeakEffect,0.11602579546580645
CD,log_normal,907,HalfMaximumLow,0.8886564872261209
CD,log_normal,907,HalfMaximumHigh,2.5619932995427823
CD,log_normal,907,EffectAtKPlus1,0.07960176123415896
CD,log_normal,907,EffectAtKPlus10,0.009528544038612027
CD,log_normal,907,LocalComponentAtKPlus10,1.5343306358779618e-05
CD,log_normal,908,Baseline,-0.001978531394292822
CD,log_normal,908,Amplitude,0.09889776434332387
CD,log_normal,908,PeakDistance,1.4438479331334533
CD,log_normal,908,PeakEffect,0.09691923294903104
CD,log_normal,908,HalfMaximumLow,0.7640753309247447
CD,log_normal,908,HalfMaximumHigh,2.7283917823792048
CD,log_normal,908,EffectAtKPlus1,0.07652796328610625
CD,log_normal,908,EffectAtKPlus10,-0.0018158202585632965
CD,log_normal,908,LocalComponentAtKPlus10,0.00016271113572952534
CD,log_normal,909,Baseline,0.012922379119595186
CD,log_normal,909,Amplitude,0.11058243065037758
CD,log_normal,909,PeakDistance,1.4432522770488212
CD,log_normal,909,PeakEffect,0.12350480976997277
CD,log_normal,909,HalfMaximumLow,0.896304914324451
CD,log_normal,909,HalfMaximumHigh,2.3239604089157044
CD,log_normal,909,EffectAtKPlus1,0.08622450200083578
CD,log_normal,909,EffectAtKPlus10,0.012923563169298621
CD,log_normal,909,LocalComponentAtKPlus10,1.184049703435372e-06
CD,log_normal,910,Baseline,0.07797247703747695
CD,log_normal,910,Amplitude,-0.0744851957817903
CD,log_normal,910,PeakDistance,5.306007913681804
CD,log_normal,910,PeakEffect,0.0034872812556866473
CD,log_normal,910,HalfMaximumLow,3.2004333002855634
CD,log_normal,910,HalfMaximumHigh,8.796846345006433
CD,log_normal,910,EffectAtKPlus1,0.0779334076425716
CD,log_normal,910,EffectAtKPlus10,0.05291010547042432
CD,log_normal,910,LocalComponentAtKPlus10,-0.025062371567052627
CD,log_normal,911,Baseline,0.012558659042322597
CD,log_normal,911,Amplitude,0.09038572110090297
CD,log_normal,911,PeakDistance,1.4322888054269256
CD,log_normal,911,PeakEffect,0.10294438014322557
CD,log_normal,911,HalfMaximumLow,0.9164627715581429
CD,log_normal,911,HalfMaximumHigh,2.2384446873531725
CD,log_normal,911,EffectAtKPlus1,0.07026237315910633
CD,log_normal,911,EffectAtKPlus10,0.01255883850427644
CD,log_normal,911,LocalComponentAtKPlus10,1.7946195384269115e-07
CD,log_normal,912,Baseline,0.018958473462207227
CD,log_normal,912,Amplitude,2.675941183660616
CD,log_normal,912,PeakDistance,1.4127888847519223
CD,log_normal,912,PeakEffect,2.694899657122823
CD,log_normal,912,HalfMaximumLow,1.2195162586409627
CD,log_normal,912,HalfMaximumHigh,1.636691941362804
CD,log_normal,912,EffectAtKPlus1,0.07736260576697451
CD,log_normal,912,EffectAtKPlus10,0.018958473462207227
CD,log_normal,912,LocalComponentAtKPlus10,0.0
CD,log_normal,913,Baseline,0.006983637524548761
CD,log_normal,913,Amplitude,0.07661942341454112
CD,log_normal,913,PeakDistance,1.5403345500115486
CD,log_normal,913,PeakEffect,0.08360306093908988
CD,log_normal,913,HalfMaximumLow,0.8527523543576091
CD,log_normal,913,HalfMaximumHigh,2.782320698189824
CD,log_normal,913,EffectAtKPlus1,0.05990749767664395
CD,log_normal,913,EffectAtKPlus10,0.007058031949055179
CD,log_normal,913,LocalComponentAtKPlus10,7.439442450641806e-05
CD,log_normal,914,Baseline,0.009204861479780684
CD,log_normal,914,Amplitude,0.10442197076136368
CD,log_normal,914,PeakDistance,1.4059349898159712
CD,log_normal,914,PeakEffect,0.11362683224114437
CD,log_normal,914,HalfMaximumLow,0.8221461744624685
CD,log_normal,914,HalfMaximumHigh,2.4042600415688855
CD,log_normal,914,EffectAtKPlus1,0.08816522562652443
CD,log_normal,914,EffectAtKPlus10,0.009214722434946742
CD,log_normal,914,LocalComponentAtKPlus10,9.860955166057783e-06
CD,log_normal,915,Baseline,0.024645026799610007
CD,log_normal,915,Amplitude,0.07667098499034786
CD,log_normal,915,PeakDistance,1.4692379630338495
CD,log_normal,915,PeakEffect,0.10131601178995786
CD,log_normal,915,HalfMaximumLow,0.9632986237948398
CD,log_normal,915,HalfMaximumHigh,2.240904470013651
CD,log_normal,915,EffectAtKPlus1,0.06775405812384556
CD,log_normal,915,EffectAtKPlus10,0.024645073703409005
CD,log_normal,915,LocalComponentAtKPlus10,4.690379899752184e-08
CD,log_normal,916,Baseline,0.01622568738593886
CD,log_normal,916,Amplitude,0.08190563047782658
CD,log_normal,916,PeakDistance,1.6545117189212704
CD,log_normal,916,PeakEffect,0.09813131786376544
CD,log_normal,916,HalfMaximumLow,0.9949276088022401
CD,log_normal,916,HalfMaximumHigh,2.7513650277966364
CD,log_normal,916,EffectAtKPlus1,0.057747235793518224
CD,log_normal,916,EffectAtKPlus10,0.016239699819659354
CD,log_normal,916,LocalComponentAtKPlus10,1.4012433720494294e-05
CD,log_normal,917,Baseline,0.025250123369403785
CD,log_normal,917,Amplitude,0.05517539208866318
CD,log_normal,917,PeakDistance,1.50739716741191
CD,log_normal,917,PeakEffect,0.08042551545806696
CD,log_normal,917,HalfMaximumLow,0.9022144160101535
CD,log_normal,917,HalfMaximumHigh,2.5185212960461913
CD,log_normal,917,EffectAtKPlus1,0.06067567308930326
CD,log_normal,917,EffectAtKPlus10,0.025254598530971006
CD,log_normal,917,LocalComponentAtKPlus10,4.475161567221719e-06
CD,log_normal,918,Baseline,0.02510254199613484
CD,log_normal,918,Amplitude,0.07116555505987703
CD,log_normal,918,PeakDistance,1.6207049898227763
CD,log_normal,918,PeakEffect,0.09626809705601186
CD,log_normal,918,HalfMaximumLow,0.9977117572146244
CD,log_normal,918,HalfMaximumHigh,2.632708941277318
CD,log_normal,918,EffectAtKPlus1,0.06091845542012105
CD,log_normal,918,EffectAtKPlus10,0.02510668349566044
CD,log_normal,918,LocalComponentAtKPlus10,4.1414995256006115e-06
CD,log_normal,919,Baseline,0.008028316133463761
CD,log_normal,919,Amplitude,0.09173625533599114
CD,log_normal,919,PeakDistance,1.518247413253478
CD,log_normal,919,PeakEffect,0.0997645714694549
CD,log_normal,919,HalfMaximumLow,0.9508564610818064
CD,log_normal,919,HalfMaximumHigh,2.424209438749937
CD,log_normal,919,EffectAtKPlus1,0.06085512022876439
CD,log_normal,919,EffectAtKPlus10,0.008029512095583056
CD,log_normal,919,LocalComponentAtKPlus10,1.1959621192946662e-06
CD,log_normal,920,Baseline,0.0749084563084369
CD,log_normal,920,Amplitude,-0.07114343493292889
CD,log_normal,920,PeakDistance,6.1147901027389855
CD,log_normal,920,PeakEffect,0.003765021375508007
CD,log_normal,920,HalfMaximumLow,3.359790813827561
CD,log_normal,920,HalfMaximumHigh,11.128864882500892
CD,log_normal,920,EffectAtKPlus1,0.07478261605944816
CD,log_normal,920,EffectAtKPlus10,0.030339215090271432
CD,log_normal,920,LocalComponentAtKPlus10,-0.04456924121816547
CD,log_normal,921,Baseline,0.00475490529033602
CD,log_normal,921,Amplitude,0.12345597869251042
CD,log_normal,921,PeakDistance,1.5780544655551967
CD,log_normal,921,PeakEffect,0.12821088398284644
CD,log_normal,921,HalfMaximumLow,0.9413788044226317
CD,log_normal,921,HalfMaximumHigh,2.6453281979150005
CD,log_normal,921,EffectAtKPlus1,0.07666147633938088
CD,log_normal,921,EffectAtKPlus10,0.0047725283810056
CD,log_normal,921,LocalComponentAtKPlus10,1.7623090669579948e-05
CD,log_normal,922,Baseline,0.0028469900434574175
CD,log_normal,922,Amplitude,0.08701996404954532
CD,log_normal,922,PeakDistance,1.4887120945844237
CD,log_normal,922,PeakEffect,0.08986695409300273
CD,log_normal,922,HalfMaximumLow,0.6968098580121191
CD,log_normal,922,HalfMaximumHigh,3.180586030864385
CD,log_normal,922,EffectAtKPlus1,0.0747779142514964
CD,log_normal,922,EffectAtKPlus10,0.003955393887710043
CD,log_normal,922,LocalComponentAtKPlus10,0.0011084038442526257
CD,log_normal,923,Baseline,0.017569073812633482
CD,log_normal,923,Amplitude,0.09684436353597947
CD,log_normal,923,PeakDistance,1.4797218027316419
CD,log_normal,923,PeakEffect,0.11441343734861295
CD,log_normal,923,HalfMaximumLow,0.9429177242968965
CD,log_normal,923,HalfMaximumHigh,2.32212902256353
CD,log_normal,923,EffectAtKPlus1,0.07490812992288073
CD,log_normal,923,EffectAtKPlus10,0.01756944873999167
CD,log_normal,923,LocalComponentAtKPlus10,3.749273581876711e-07
CD,log_normal,924,Baseline,0.015262130402316111
CD,log_normal,924,Amplitude,0.08293388935563985
CD,log_normal,924,PeakDistance,1.5102093372945087
CD,log_normal,924,PeakEffect,0.09819601975795596
CD,log_normal,924,HalfMaximumLow,0.9050841551290595
CD,log_normal,924,HalfMaximumHigh,2.519911799943399
CD,log_normal,924,EffectAtKPlus1,0.06817422051325228
CD,log_normal,924,EffectAtKPlus10,0.015268660202622821
CD,log_normal,924,LocalComponentAtKPlus10,6.5298003067097016e-06
CD,log_normal,925,Baseline,0.021084106751493602
CD,log_normal,925,Amplitude,0.051954994398796625
CD,log_normal,925,PeakDistance,1.7516907189511355
CD,log_normal,925,PeakEffect,0.07303910115029022
CD,log_normal,925,HalfMaximumLow,1.1402259295906045
CD,log_normal,925,HalfMaximumHigh,2.691063494724466
CD,log_normal,925,EffectAtKPlus1,0.03702327796930607
CD,log_normal,925,EffectAtKPlus10,0.021084682551904765
CD,log_normal,925,LocalComponentAtKPlus10,5.758004111636184e-07
CD,log_normal,926,Baseline,1.8062894685177297e-05
CD,log_normal,926,Amplitude,0.11372610763677377
CD,log_normal,926,PeakDistance,1.5067563258746495
CD,log_normal,926,PeakEffect,0.11374417053145894
CD,log_normal,926,HalfMaximumLow,0.8699647255474109
CD,log_normal,926,HalfMaximumHigh,2.6096628505652513
CD,log_normal,926,EffectAtKPlus1,0.07731468102106555
CD,log_normal,926,EffectAtKPlus10,4.837713440663784e-05
CD,log_normal,926,LocalComponentAtKPlus10,3.0314239721460542e-05
CD,log_normal,927,Baseline,0.01866236917320787
CD,log_normal,927,Amplitude,0.08684677900604301
CD,log_normal,927,PeakDistance,1.5378797008274323
CD,log_normal,927,PeakEffect,0.10550914817925089
CD,log_normal,927,HalfMaximumLow,0.9221027164477729
CD,log_normal,927,HalfMaximumHigh,2.564870411973272
CD,log_normal,927,EffectAtKPlus1,0.07182577765234623
CD,log_normal,927,EffectAtKPlus10,0.018670421822659797
CD,log_normal,927,LocalComponentAtKPlus10,8.052649451927713e-06
CD,log_normal,928,Baseline,0.017968568939307674
CD,log_normal,928,Amplitude,0.10735369907774303
CD,log_normal,928,PeakDistance,1.4947621067199623
CD,log_normal,928,PeakEffect,0.1253222680170507
CD,log_normal,928,HalfMaximumLow,0.993479414012696
CD,log_normal,928,HalfMaximumHigh,2.24897841281022
CD,log_normal,928,EffectAtKPlus1,0.07284063543960141
CD,log_normal,928,EffectAtKPlus10,0.017968601642508533
CD,log_normal,928,LocalComponentAtKPlus10,3.270320085915768e-08
CD,log_normal,929,Baseline,0.02398494419115043
CD,log_normal,929,Amplitude,0.07093639622497891
CD,log_normal,929,PeakDistance,1.421272125880848
CD,log_normal,929,PeakEffect,0.09492134041612935
CD,log_normal,929,HalfMaximumLow,0.9151961709331267
CD,log_normal,929,HalfMaximumHigh,2.207192861991844
CD,log_normal,929,EffectAtKPlus1,0.06957260853119449
CD,log_normal,929,EffectAtKPlus10,0.023985030612216632
CD,log_normal,929,LocalComponentAtKPlus10,8.642106620257439e-08
CD,log_normal,930,Baseline,0.022563191596400637
CD,log_normal,930,Amplitude,0.08209635206385511
CD,log_normal,930,PeakDistance,1.575551546977531
CD,log_normal,930,PeakEffect,0.10465954366025575
CD,log_normal,930,HalfMaximumLow,0.9872500018460012
CD,log_normal,930,HalfMaximumHigh,2.5144215472693503
CD,log_normal,930,EffectAtKPlus1,0.06518134343704411
CD,log_normal,930,EffectAtKPlus10,0.022564810977945462
CD,log_normal,930,LocalComponentAtKPlus10,1.6193815448248272e-06
CD,log_normal,931,Baseline,0.010845072207009277
CD,log_normal,931,Amplitude,0.09456473524337429
CD,log_normal,931,PeakDistance,1.4080864737076373
CD,log_normal,931,PeakEffect,0.10540980745038357
CD,log_normal,931,HalfMaximumLow,0.8198446308106468
CD,log_normal,931,HalfMaximumHigh,2.4183942212049923
CD,log_normal,931,EffectAtKPlus1,0.08249383383998739
CD,log_normal,931,EffectAtKPlus10,0.010855573661228031
CD,log_normal,931,LocalComponentAtKPlus10,1.0501454218754189e-05
CD,log_normal,932,Baseline,0.019651089115656023
CD,log_normal,932,Amplitude,0.08170594366664884
CD,log_normal,932,PeakDistance,1.2562585257871148
CD,log_normal,932,PeakEffect,0.10135703278230486
CD,log_normal,932,HalfMaximumLow,0.7137994066873765
CD,log_normal,932,HalfMaximumHigh,2.2109649697481677
CD,log_normal,932,EffectAtKPlus1,0.09263444790834705
CD,log_normal,932,EffectAtKPlus10,0.019658306514643113
CD,log_normal,932,LocalComponentAtKPlus10,7.217398987090229e-06
CD,log_normal,933,Baseline,0.02132614732643649
CD,log_normal,933,Amplitude,0.09730738844457962
CD,log_normal,933,PeakDistance,1.5491377397634716
CD,log_normal,933,PeakEffect,0.11863353577101611
CD,log_normal,933,HalfMaximumLow,0.9981504211212257
CD,log_normal,933,HalfMaximumHigh,2.404274632338223
CD,log_normal,933,EffectAtKPlus1,0.07026414903462774
CD,log_normal,933,EffectAtKPlus10,0.021326518351493053
CD,log_normal,933,LocalComponentAtKPlus10,3.710250565634732e-07
CD,log_normal,934,Baseline,0.013860918757465212
CD,log_normal,934,Amplitude,0.09206823666731506
CD,log_normal,934,PeakDistance,1.48534840851914
CD,log_normal,934,PeakEffect,0.10592915542478028
CD,log_normal,934,HalfMaximumLow,0.953387865923744
CD,log_normal,934,HalfMaximumHigh,2.314126258102395
CD,log_normal,934,EffectAtKPlus1,0.06687693567504621
CD,log_normal,934,EffectAtKPlus10,0.013861167523047372
CD,log_normal,934,LocalComponentAtKPlus10,2.487655821597351e-07
CD,log_normal,935,Baseline,0.020259582472974966
CD,log_normal,935,Amplitude,0.08199806667006203
CD,log_normal,935,PeakDistance,1.451733445218783
CD,log_normal,935,PeakEffect,0.10225764914303699
CD,log_normal,935,HalfMaximumLow,0.8790036620565292
CD,log_normal,935,HalfMaximumHigh,2.397635057669714
CD,log_normal,935,EffectAtKPlus1,0.07618906726340692
CD,log_normal,935,EffectAtKPlus10,0.020262467547915844
CD,log_normal,935,LocalComponentAtKPlus10,2.8850749408775023e-06
CD,log_normal,936,Baseline,0.00976782151169952
CD,log_normal,936,Amplitude,0.08734026343002903
CD,log_normal,936,PeakDistance,1.4027046619152876
CD,log_normal,936,PeakEffect,0.09710808494172855
CD,log_normal,936,HalfMaximumLow,0.8456943333896514
CD,log_normal,936,HalfMaximumHigh,2.326585730653494
CD,log_normal,936,EffectAtKPlus1,0.07382589902235277
CD,log_normal,936,EffectAtKPlus10,0.009770363724306994
CD,log_normal,936,LocalComponentAtKPlus10,2.5422126074727686e-06
CD,log_normal,937,Baseline,-0.0018134340106654588
CD,log_normal,937,Amplitude,0.10195198390388406
CD,log_normal,937,PeakDistance,1.6075775468180524
CD,log_normal,937,PeakEffect,0.1001385498932186
CD,log_normal,937,HalfMaximumLow,0.9469330079193828
CD,log_normal,937,HalfMaximumHigh,2.7291324174154905
CD,log_normal,937,EffectAtKPlus1,0.05655770181109755
CD,log_normal,937,EffectAtKPlus10,-0.0017872627600221244
CD,log_normal,937,LocalComponentAtKPlus10,2.6171250643334393e-05
CD,log_normal,938,Baseline,0.015092298949029215
CD,log_normal,938,Amplitude,0.05675997131260866
CD,log_normal,938,PeakDistance,1.332174545701055
CD,log_normal,938,PeakEffect,0.07185227026163787
CD,log_normal,938,HalfMaximumLow,0.6383221928819984
CD,log_normal,938,HalfMaximumHigh,2.780240198450823
CD,log_normal,938,EffectAtKPlus1,0.06617734703499027
CD,log_normal,938,EffectAtKPlus10,0.015404391422357363
CD,log_normal,938,LocalComponentAtKPlus10,0.00031209247332814744
CD,log_normal,939,Baseline,0.01762058680027503
CD,log_normal,939,Amplitude,0.07775392548835054
CD,log_normal,939,PeakDistance,1.4401688636658263
CD,log_normal,939,PeakEffect,0.09537451228862558
CD,log_normal,939,HalfMaximumLow,0.8864215867060641
CD,log_normal,939,HalfMaximumHigh,2.3398418844692244
CD,log_normal,939,EffectAtKPlus1,0.07018326955468397
CD,log_normal,939,EffectAtKPlus10,0.017621821131799532
CD,log_normal,939,LocalComponentAtKPlus10,1.2343315245015585e-06
CD,log_normal,940,Baseline,0.016388178018257545
CD,log_normal,940,Amplitude,0.10601397460503414
CD,log_normal,940,PeakDistance,1.4596059548363012
CD,log_normal,940,PeakEffect,0.12240215262329168
CD,log_normal,940,HalfMaximumLow,0.9973407467437018
CD,log_normal,940,HalfMaximumHigh,2.1361300541960877
CD,log_normal,940,EffectAtKPlus1,0.06990965207584135
CD,log_normal,940,EffectAtKPlus10,0.016388180198564764
CD,log_normal,940,LocalComponentAtKPlus10,2.1803072194903628e-09
CD,log_normal,941,Baseline,0.0829479441387934
CD,log_normal,941,Amplitude,-0.0834658652137358
CD,log_normal,941,PeakDistance,4.893243190739779
CD,log_normal,941,PeakEffect,-0.0005179210749423901
CD,log_normal,941,HalfMaximumLow,2.554493649193675
CD,log_normal,941,HalfMaximumHigh,9.37321920188726
CD,log_normal,941,EffectAtKPlus1,0.0816140900991116
CD,log_normal,941,EffectAtKPlus10,0.04684527463086059
CD,log_normal,941,LocalComponentAtKPlus10,-0.03610266950793281
CD,log_normal,942,Baseline,0.05744131317514937
CD,log_normal,942,Amplitude,-0.05806794007486588
CD,log_normal,942,PeakDistance,4.313282292259949
CD,log_normal,942,PeakEffect,-0.0006266268997165148
CD,log_normal,942,HalfMaximumLow,3.521405067931617
CD,log_normal,942,HalfMaximumHigh,5.283233190679478
CD,log_normal,942,EffectAtKPlus1,0.057441313175149354
CD,log_normal,942,EffectAtKPlus10,0.05744092369804337
CD,log_normal,942,LocalComponentAtKPlus10,-3.894771059970159e-07
CD,log_normal,943,Baseline,0.017084742790705043
CD,log_normal,943,Amplitude,0.09423963230320867
CD,log_normal,943,PeakDistance,1.4481747790638206
CD,log_normal,943,PeakEffect,0.11132437509391371
CD,log_normal,943,HalfMaximumLow,0.858830529618497
CD,log_normal,943,HalfMaximumHigh,2.4419371673339922
CD,log_normal,943,EffectAtKPlus1,0.08361599236650608
CD,log_normal,943,EffectAtKPlus10,0.017091938409477217
CD,log_normal,943,LocalComponentAtKPlus10,7.195618772173895e-06
CD,log_normal,944,Baseline,0.020742372027940215
CD,log_normal,944,Amplitude,0.06477462727252033
CD,log_normal,944,PeakDistance,1.439969161289017
CD,log_normal,944,PeakEffect,0.08551699930046054
CD,log_normal,944,HalfMaximumLow,0.8503049057901274
CD,log_normal,944,HalfMaximumHigh,2.438550185167554
CD,log_normal,944,EffectAtKPlus1,0.06721341703329879
CD,log_normal,944,EffectAtKPlus10,0.020747832565789884
CD,log_normal,944,LocalComponentAtKPlus10,5.46053784966985e-06
CD,log_normal,945,Baseline,0.024089388392103325
CD,log_normal,945,Amplitude,0.0886120059458226
CD,log_normal,945,PeakDistance,1.449496609487502
CD,log_normal,945,PeakEffect,0.11270139433792592
CD,log_normal,945,HalfMaximumLow,0.9224420558897071
CD,log_normal,945,HalfMaximumHigh,2.2776936583721596
CD,log_normal,945,EffectAtKPlus1,0.07960337811820331
CD,log_normal,945,EffectAtKPlus10,0.02408967022694168
CD,log_normal,945,LocalComponentAtKPlus10,2.8183483835597656e-07
CD,log_normal,946,Baseline,0.007788582190274508
CD,log_normal,946,Amplitude,0.08249527338526996
CD,log_normal,946,PeakDistance,1.6645658016935183
CD,log_normal,946,PeakEffect,0.09028385557554447
CD,log_normal,946,HalfMaximumLow,0.9457349577052548
CD,log_normal,946,HalfMaximumHigh,2.9297630224969637
CD,log_normal,946,EffectAtKPlus1,0.054765262974480665
CD,log_normal,946,EffectAtKPlus10,0.007865953142019095
CD,log_normal,946,LocalComponentAtKPlus10,7.7370951744587e-05
CD,log_normal,947,Baseline,0.011459104540247214
CD,log_normal,947,Amplitude,0.10533934429467232
CD,log_normal,947,PeakDistance,1.3954733140783708
CD,log_normal,947,PeakEffect,0.11679844883491954
CD,log_normal,947,HalfMaximumLow,0.8711801482780753
CD,log_normal,947,HalfMaximumHigh,2.235296309441719
CD,log_normal,947,EffectAtKPlus1,0.0859317455157929
CD,log_normal,947,EffectAtKPlus10,0.011459683903366413
CD,log_normal,947,LocalComponentAtKPlus10,5.793631191984561e-07
CD,log_normal,948,Baseline,0.001380945930365651
CD,log_normal,948,Amplitude,0.06340602557827289
CD,log_normal,948,PeakDistance,1.3420574252469646
CD,log_normal,948,PeakEffect,0.06478697150863855
CD,log_normal,948,HalfMaximumLow,0.5683910416663243
CD,log_normal,948,HalfMaximumHigh,3.168801055309144
CD,log_normal,948,EffectAtKPlus1,0.05983720226988791
CD,log_normal,948,EffectAtKPlus10,0.0028168826869238023
CD,log_normal,948,LocalComponentAtKPlus10,0.0014359367565581513
CD,log_normal,949,Baseline,0.01605017020836592
CD,log_normal,949,Amplitude,0.0809228427312197
CD,log_normal,949,PeakDistance,1.3598889502983509
CD,log_normal,949,PeakEffect,0.09697301293958563
CD,log_normal,949,HalfMaximumLow,0.790037167003567
CD,log_normal,949,HalfMaximumHigh,2.3407733640652895
CD,log_normal,949,EffectAtKPlus1,0.08085708869467305
CD,log_normal,949,EffectAtKPlus10,0.0160571693131919
CD,log_normal,949,LocalComponentAtKPlus10,6.999104825978347e-06
CD,log_normal,950,Baseline,0.08033144330093142
CD,log_normal,950,Amplitude,-0.07283513423682218
CD,log_normal,950,PeakDistance,5.930852770180603
CD,log_normal,950,PeakEffect,0.007496309064109238
CD,log_normal,950,HalfMaximumLow,3.159605959803622
CD,log_normal,950,HalfMaximumHigh,11.132721937182682
CD,log_normal,950,EffectAtKPlus1,0.08004524166425322
CD,log_normal,950,EffectAtKPlus10,0.03512914060582239
CD,log_normal,950,LocalComponentAtKPlus10,-0.04520230269510903
CD,log_normal,951,Baseline,0.020033666865229855
CD,log_normal,951,Amplitude,0.07349787703815443
CD,log_normal,951,PeakDistance,1.5601500958598484
CD,log_normal,951,PeakEffect,0.09353154390338428
CD,log_normal,951,HalfMaximumLow,0.9765736804523059
CD,log_normal,951,HalfMaximumHigh,2.492457425725565
CD,log_normal,951,EffectAtKPlus1,0.05938304182843619
CD,log_normal,951,EffectAtKPlus10,0.020035023403440027
CD,log_normal,951,LocalComponentAtKPlus10,1.3565382101718426e-06
CD,log_normal,952,Baseline,0.0003314663936884957
CD,log_normal,952,Amplitude,0.09848737940533733
CD,log_normal,952,PeakDistance,1.4424674254042356
CD,log_normal,952,PeakEffect,0.09881884579902583
CD,log_normal,952,HalfMaximumLow,0.8351881595281851
CD,log_normal,952,HalfMaximumHigh,2.491309592472863
CD,log_normal,952,EffectAtKPlus1,0.07245506146252816
CD,log_normal,952,EffectAtKPlus10,0.00034783561232908686
CD,log_normal,952,LocalComponentAtKPlus10,1.6369218640591165e-05
CD,log_normal,953,Baseline,0.015200063455497424
CD,log_normal,953,Amplitude,0.08497441416699153
CD,log_normal,953,PeakDistance,1.36466004757713
CD,log_normal,953,PeakEffect,0.10017447762248896
CD,log_normal,953,HalfMaximumLow,0.7950443386835273
CD,log_normal,953,HalfMaximumHigh,2.3423813677321395
CD,log_normal,953,EffectAtKPlus1,0.08274567537352867
CD,log_normal,953,EffectAtKPlus10,0.015206953164282699
CD,log_normal,953,LocalComponentAtKPlus10,6.88970878527477e-06
CD,log_normal,954,Baseline,0.01870145419432124
CD,log_normal,954,Amplitude,0.049600320284230066
CD,log_normal,954,PeakDistance,1.3082412643284347
CD,log_normal,954,PeakEffect,0.0683017744785513
CD,log_normal,954,HalfMaximumLow,0.5781289344345386
CD,log_normal,954,HalfMaximumHigh,2.960403992520553
CD,log_normal,954,EffectAtKPlus1,0.06471637117015588
CD,log_normal,954,EffectAtKPlus10,0.01937477019958407
CD,log_normal,954,LocalComponentAtKPlus10,0.000673316005262832
CD,log_normal,955,Baseline,0.016904127314136225
CD,log_normal,955,Amplitude,0.11312197633314951
CD,log_normal,955,PeakDistance,1.4424618835656184
CD,log_normal,955,PeakEffect,0.13002610364728573
CD,log_normal,955,HalfMaximumLow,0.9949715363178963
CD,log_normal,955,HalfMaximumHigh,2.0912118684718664
CD,log_normal,955,EffectAtKPlus1,0.07453214404845196
CD,log_normal,955,EffectAtKPlus10,0.016904128058099425
CD,log_normal,955,LocalComponentAtKPlus10,7.439632000727503e-10
CD,log_normal,956,Baseline,0.010961265813629465
CD,log_normal,956,Amplitude,0.09665558909566602
CD,log_normal,956,PeakDistance,1.3109106425324386
CD,log_normal,956,PeakEffect,0.10761685490929548
CD,log_normal,956,HalfMaximumLow,0.7085167255894564
CD,log_normal,956,HalfMaximumHigh,2.4254709178179272
CD,log_normal,956,EffectAtKPlus1,0.09547991440252344
CD,log_normal,956,EffectAtKPlus10,0.011011687139386923
CD,log_normal,956,LocalComponentAtKPlus10,5.0421325757457613e-05
CD,log_normal,957,Baseline,0.009107941075270954
CD,log_normal,957,Amplitude,0.07667159528495336
CD,log_normal,957,PeakDistance,1.4018456310956886
CD,log_normal,957,PeakEffect,0.08577953636022431
CD,log_normal,957,HalfMaximumLow,0.7513217544188111
CD,log_normal,957,HalfMaximumHigh,2.6156186239306196
CD,log_normal,957,EffectAtKPlus1,0.0716741110144881
CD,log_normal,957,EffectAtKPlus10,0.009186889302503047
CD,log_normal,957,LocalComponentAtKPlus10,7.894822723209308e-05
CD,log_normal,958,Baseline,0.010853838563102895
CD,log_normal,958,Amplitude,0.08337463221378669
CD,log_normal,958,PeakDistance,1.6483446347417057
CD,log_normal,958,PeakEffect,0.09422847077688959
CD,log_normal,958,HalfMaximumLow,0.958441518720164
CD,log_normal,958,HalfMaximumHigh,2.834852186401433
CD,log_normal,958,EffectAtKPlus1,0.0571228779168862
CD,log_normal,958,EffectAtKPlus10,0.010893029776100578
CD,log_normal,958,LocalComponentAtKPlus10,3.919121299768291e-05
CD,log_normal,959,Baseline,0.018231092056589616
CD,log_normal,959,Amplitude,0.07956247899043493
CD,log_normal,959,PeakDistance,1.4991283411591647
CD,log_normal,959,PeakEffect,0.09779357104702455
CD,log_normal,959,HalfMaximumLow,0.9459983306961192
CD,log_normal,959,HalfMaximumHigh,2.3756762674336587
CD,log_normal,959,EffectAtKPlus1,0.06477871003659874
CD,log_normal,959,EffectAtKPlus10,0.01823170337718812
CD,log_normal,959,LocalComponentAtKPlus10,6.113205985036618e-07
CD,log_normal,960,Baseline,0.011084430593941909
CD,log_normal,960,Amplitude,0.1045937560961677
CD,log_normal,960,PeakDistance,1.3879744568524097
CD,log_normal,960,PeakEffect,0.1156781866901096
CD,log_normal,960,HalfMaximumLow,0.8650727849628738
CD,log_normal,960,HalfMaximumHigh,2.226949138109136
CD,log_normal,960,EffectAtKPlus1,0.08603178670875794
CD,log_normal,960,EffectAtKPlus10,0.011085016497256515
CD,log_normal,960,LocalComponentAtKPlus10,5.859033146062703e-07
CD,log_normal,961,Baseline,0.017662706962774388
CD,log_normal,961,Amplitude,0.06402422598226125
CD,log_normal,961,PeakDistance,1.3847811969771313
CD,log_normal,961,PeakEffect,0.08168693294503564
CD,log_normal,961,HalfMaximumLow,0.7524938488762697
CD,log_normal,961,HalfMaximumHigh,2.5483516793726313
CD,log_normal,961,EffectAtKPlus1,0.07021373925887306
CD,log_normal,961,EffectAtKPlus10,0.01770668199962134
CD,log_normal,961,LocalComponentAtKPlus10,4.3975036846950755e-05
CD,log_normal,962,Baseline,0.021559371520286696
CD,log_normal,962,Amplitude,0.09119906892117989
CD,log_normal,962,PeakDistance,1.544492312538044
CD,log_normal,962,PeakEffect,0.11275844044146659
CD,log_normal,962,HalfMaximumLow,0.991595716460228
CD,log_normal,962,HalfMaximumHigh,2.405674473871927
CD,log_normal,962,EffectAtKPlus1,0.06836712983958215
CD,log_normal,962,EffectAtKPlus10,0.02155978020738935
CD,log_normal,962,LocalComponentAtKPlus10,4.0868710265290487e-07
CD,log_normal,963,Baseline,0.01737338585933714
CD,log_normal,963,Amplitude,0.056242812265960035
CD,log_normal,963,PeakDistance,1.727251601757818
CD,log_normal,963,PeakEffect,0.07361619812529718
CD,log_normal,963,HalfMaximumLow,0.9069369155093321
CD,log_normal,963,HalfMaximumHigh,3.2895320994839903
CD,log_normal,963,EffectAtKPlus1,0.05152461965951963
CD,log_normal,963,EffectAtKPlus10,0.01769943056655996
CD,log_normal,963,LocalComponentAtKPlus10,0.00032604470722281953
CD,log_normal,964,Baseline,0.019354674491546195
CD,log_normal,964,Amplitude,0.09003362148455073
CD,log_normal,964,PeakDistance,1.5373509199915116
CD,log_normal,964,PeakEffect,0.10938829597609692
CD,log_normal,964,HalfMaximumLow,0.9894722765069992
CD,log_normal,964,HalfMaximumHigh,2.3885943116487396
CD,log_normal,964,EffectAtKPlus1,0.06587701231450897
CD,log_normal,964,EffectAtKPlus10,0.019355004323161853
CD,log_normal,964,LocalComponentAtKPlus10,3.298316156585823e-07
CD,log_normal,965,Baseline,0.013927674857728351
CD,log_normal,965,Amplitude,0.09252615616974745
CD,log_normal,965,PeakDistance,1.6028958019395954
CD,log_normal,965,PeakEffect,0.1064538310274758
CD,log_normal,965,HalfMaximumLow,0.9563635160449859
CD,log_normal,965,HalfMaximumHigh,2.686504565231369
CD,log_normal,965,EffectAtKPlus1,0.06580802557932143
CD,log_normal,965,EffectAtKPlus10,0.013942918191228329
CD,log_normal,965,LocalComponentAtKPlus10,1.5243333499977488e-05
CD,log_normal,966,Baseline,0.011587196613052946
CD,log_normal,966,Amplitude,0.08373902229891748
CD,log_normal,966,PeakDistance,1.6132655769832016
CD,log_normal,966,PeakEffect,0.09532621891197043
CD,log_normal,966,HalfMaximumLow,0.9623065697869265
CD,log_normal,966,HalfMaximumHigh,2.704570355843268
CD,log_normal,966,EffectAtKPlus1,0.05782576337024113
CD,log_normal,966,EffectAtKPlus10,0.01160198885002625
CD,log_normal,966,LocalComponentAtKPlus10,1.479223697330341e-05
CD,log_normal,967,Baseline,0.01678652044755654
CD,log_normal,967,Amplitude,0.06771013788026832
CD,log_normal,967,PeakDistance,1.597785449209981
CD,log_normal,967,PeakEffect,0.08449665832782485
CD,log_normal,967,HalfMaximumLow,0.9103200572310611
CD,log_normal,967,HalfMaximumHigh,2.804418425616595
CD,log_normal,967,EffectAtKPlus1,0.05864466130305047
CD,log_normal,967,EffectAtKPlus10,0.016829331369999975
CD,log_normal,967,LocalComponentAtKPlus10,4.28109224434349e-05
CD,log_normal,968,Baseline,0.007619630562711896
CD,log_normal,968,Amplitude,0.09832320431135343
CD,log_normal,968,PeakDistance,1.6242522561338217
CD,log_normal,968,PeakEffect,0.10594283487406532
CD,log_normal,968,HalfMaximumLow,0.9963003218061645
CD,log_normal,968,HalfMaximumHigh,2.647992110223453
CD,log_normal,968,EffectAtKPlus1,0.05729882283376016
CD,log_normal,968,EffectAtKPlus10,0.007626387633483155
CD,log_normal,968,LocalComponentAtKPlus10,6.757070771259109e-06
CD,log_normal,969,Baseline,0.0071881918908371124
CD,log_normal,969,Amplitude,0.1015084174385239
CD,log_normal,969,PeakDistance,1.4956607849396029
CD,log_normal,969,PeakEffect,0.10869660932936101
CD,log_normal,969,HalfMaximumLow,1.0018208665668746
CD,log_normal,969,HalfMaximumHigh,2.232935306360803
CD,log_normal,969,EffectAtKPlus1,0.057623280683857386
CD,log_normal,969,EffectAtKPlus10,0.007188209258963561
CD,log_normal,969,LocalComponentAtKPlus10,1.736812644832081e-08
CD,log_normal,970,Baseline,0.006243731190695238
CD,log_normal,970,Amplitude,0.08321056928060842
CD,log_normal,970,PeakDistance,1.663368692143007
CD,log_normal,970,PeakEffect,0.08945430047130366
CD,log_normal,970,HalfMaximumLow,0.9540042606648833
CD,log_normal,970,HalfMaximumHigh,2.900191875530251
CD,log_normal,970,EffectAtKPlus1,0.05280052500637275
CD,log_normal,970,EffectAtKPlus10,0.006304864227372777
CD,log_normal,970,LocalComponentAtKPlus10,6.113303667753915e-05
CD,log_normal,971,Baseline,0.02027775584024893
CD,log_normal,971,Amplitude,0.08960319624629129
CD,log_normal,971,PeakDistance,1.4739765170154302
CD,log_normal,971,PeakEffect,0.10988095208654022
CD,log_normal,971,HalfMaximumLow,0.9402612357495206
CD,log_normal,971,HalfMaximumHigh,2.310641649478471
CD,log_normal,971,EffectAtKPlus1,0.07375074975993835
CD,log_normal,971,EffectAtKPlus10,0.02027806648391589
CD,log_normal,971,LocalComponentAtKPlus10,3.106436669599033e-07
CD,log_normal,972,Baseline,0.031634847071862086
CD,log_normal,972,Amplitude,0.058633249599906165
CD,log_normal,972,PeakDistance,1.4750276841067969
CD,log_normal,972,PeakEffect,0.09026809667176824
CD,log_normal,972,HalfMaximumLow,0.897011179431848
CD,log_normal,972,HalfMaximumHigh,2.4255067481539263
CD,log_normal,972,EffectAtKPlus1,0.07003248500896746
CD,log_normal,972,EffectAtKPlus10,0.031636891235732656
CD,log_normal,972,LocalComponentAtKPlus10,2.0441638705695486e-06
CD,log_normal,973,Baseline,0.005516337454965836
CD,log_normal,973,Amplitude,0.09681707266411217
CD,log_normal,973,PeakDistance,1.7026375318921554
CD,log_normal,973,PeakEffect,0.10233341011907801
CD,log_normal,973,HalfMaximumLow,1.050415345618096
CD,log_normal,973,HalfMaximumHigh,2.7598364562181508
CD,log_normal,973,EffectAtKPlus1,0.04725026722226993
CD,log_normal,973,EffectAtKPlus10,0.005525074480834986
CD,log_normal,973,LocalComponentAtKPlus10,8.737025869149685e-06
CD,log_normal,974,Baseline,0.057770838675190506
CD,log_normal,974,Amplitude,-0.08613247975758856
CD,log_normal,974,PeakDistance,4.207131575679323
CD,log_normal,974,PeakEffect,-0.028361641082398054
CD,log_normal,974,HalfMaximumLow,3.270762522551061
CD,log_normal,974,HalfMaximumHigh,5.411568700888973
CD,log_normal,974,EffectAtKPlus1,0.05777083866167958
CD,log_normal,974,EffectAtKPlus10,0.05774713042698499
CD,log_normal,974,LocalComponentAtKPlus10,-2.3708248205515925e-05
CD,log_normal,975,Baseline,0.013788591301189116
CD,log_normal,975,Amplitude,0.07792815615012824
CD,log_normal,975,PeakDistance,1.5052801949060224
CD,log_normal,975,PeakEffect,0.09171674745131736
CD,log_normal,975,HalfMaximumLow,0.882958000542432
CD,log_normal,975,HalfMaximumHigh,2.5662245132659876
CD,log_normal,975,EffectAtKPlus1,0.06563987081114214
CD,log_normal,975,EffectAtKPlus10,0.01380114078722533
CD,log_normal,975,LocalComponentAtKPlus10,1.25494860362136e-05
CD,log_normal,976,Baseline,0.01475503916017026
CD,log_normal,976,Amplitude,0.05992920220448984
CD,log_normal,976,PeakDistance,1.5045546327315191
CD,log_normal,976,PeakEffect,0.0746842413646601
CD,log_normal,976,HalfMaximumLow,0.7262212486700359
CD,log_normal,976,HalfMaximumHigh,3.1170729953433214
CD,log_normal,976,EffectAtKPlus1,0.06294540120987564
CD,log_normal,976,EffectAtKPlus10,0.01530727978066454
CD,log_normal,976,LocalComponentAtKPlus10,0.0005522406204942799
CD,log_normal,977,Baseline,0.004807488708634685
CD,log_normal,977,Amplitude,0.1053524588173034
CD,log_normal,977,PeakDistance,1.331218436550451
CD,log_normal,977,PeakEffect,0.11015994752593809
CD,log_normal,977,HalfMaximumLow,0.8286123406529456
CD,log_normal,977,HalfMaximumHigh,2.1386871023612564
CD,log_normal,977,EffectAtKPlus1,0.0866584232706351
CD,log_normal,977,EffectAtKPlus10,0.004807866090230435
CD,log_normal,977,LocalComponentAtKPlus10,3.7738159574998015e-07
CD,log_normal,978,Baseline,0.014396681892906648
CD,log_normal,978,Amplitude,0.10238520128099582
CD,log_normal,978,PeakDistance,1.4483907064500003
CD,log_normal,978,PeakEffect,0.11678188317390246
CD,log_normal,978,HalfMaximumLow,0.8364414135242851
CD,log_normal,978,HalfMaximumHigh,2.508048507177152
CD,log_normal,978,EffectAtKPlus1,0.08907534453963976
CD,log_normal,978,EffectAtKPlus10,0.014415842220101699
CD,log_normal,978,LocalComponentAtKPlus10,1.916032719505127e-05
CD,log_normal,979,Baseline,0.02169894530345383
CD,log_normal,979,Amplitude,0.06244815199182701
CD,log_normal,979,PeakDistance,1.484903869726293
CD,log_normal,979,PeakEffect,0.08414709729528083
CD,log_normal,979,HalfMaximumLow,0.8793684758824871
CD,log_normal,979,HalfMaximumHigh,2.507412492943143
CD,log_normal,979,EffectAtKPlus1,0.06378076441963129
CD,log_normal,979,EffectAtKPlus10,0.021705342834522443
CD,log_normal,979,LocalComponentAtKPlus10,6.3975310686144315e-06
CD,log_normal,980,Baseline,0.023113056452649428
CD,log_normal,980,Amplitude,0.07674060694502277
CD,log_normal,980,PeakDistance,1.3588782940924655
CD,log_normal,980,PeakEffect,0.0998536633976722
CD,log_normal,980,HalfMaximumLow,0.8336793166006135
CD,log_normal,980,HalfMaximumHigh,2.2149406628979222
CD,log_normal,980,EffectAtKPlus1,0.0815150302631563
CD,log_normal,980,EffectAtKPlus10,0.023113782557216925
CD,log_normal,980,LocalComponentAtKPlus10,7.261045674965272e-07
CD,log_normal,981,Baseline,0.013173072304225243
CD,log_normal,981,Amplitude,0.08638866160842983
CD,log_normal,981,PeakDistance,1.3614684844509943
CD,log_normal,981,PeakEffect,0.09956173391265508
CD,log_normal,981,HalfMaximumLow,0.7409510555613722
CD,log_normal,981,HalfMaximumHigh,2.5016449065572
CD,log_normal,981,EffectAtKPlus1,0.08545348647437026
CD,log_normal,981,EffectAtKPlus10,0.01322349878121428
CD,log_normal,981,LocalComponentAtKPlus10,5.042647698903606e-05
CD,log_normal,982,Baseline,0.01889418647559056
CD,log_normal,982,Amplitude,0.0878649937320126
CD,log_normal,982,PeakDistance,1.4173804814372861
CD,log_normal,982,PeakEffect,0.10675918020760317
CD,log_normal,982,HalfMaximumLow,0.8710942881305255
CD,log_normal,982,HalfMaximumHigh,2.3062571486616927
CD,log_normal,982,EffectAtKPlus1,0.08045000522178355
CD,log_normal,982,EffectAtKPlus10,0.018895431174440744
CD,log_normal,982,LocalComponentAtKPlus10,1.2446988501835232e-06
CD,log_normal,983,Baseline,0.022629285348292425
CD,log_normal,983,Amplitude,0.08662649200798339
CD,log_normal,983,PeakDistance,1.5217468939047432
CD,log_normal,983,PeakEffect,0.10925577735627581
CD,log_normal,983,HalfMaximumLow,0.9234923380011751
CD,log_normal,983,HalfMaximumHigh,2.5075612583001057
CD,log_normal,983,EffectAtKPlus1,0.07570799095456464
CD,log_normal,983,EffectAtKPlus10,0.022633857087931336
CD,log_normal,983,LocalComponentAtKPlus10,4.571739638910971e-06
CD,log_normal,984,Baseline,0.07020956272169394
CD,log_normal,984,Amplitude,-0.06653395906762051
CD,log_normal,984,PeakDistance,5.164546232654084
CD,log_normal,984,PeakEffect,0.003675603654073434
CD,log_normal,984,HalfMaximumLow,3.1398609242929387
CD,log_normal,984,HalfMaximumHigh,8.494815035550612
CD,log_normal,984,EffectAtKPlus1,0.07017437542265022
CD,log_normal,984,EffectAtKPlus10,0.05060728471075847
CD,log_normal,984,LocalComponentAtKPlus10,-0.019602278010935476
CD,log_normal,985,Baseline,0.01556268062875727
CD,log_normal,985,Amplitude,0.09832232486633335
CD,log_normal,985,PeakDistance,1.4929504001080238
CD,log_normal,985,PeakEffect,0.11388500549509062
CD,log_normal,985,HalfMaximumLow,0.9642772168610007
CD,log_normal,985,HalfMaximumHigh,2.3114731512981517
CD,log_normal,985,EffectAtKPlus1,0.07047108154943485
CD,log_normal,985,EffectAtKPlus10,0.015562877663353614
CD,log_normal,985,LocalComponentAtKPlus10,1.970345963435427e-07
CD,log_normal,986,Baseline,0.014212538819639525
CD,log_normal,986,Amplitude,0.08520386316263123
CD,log_normal,986,PeakDistance,1.5590798235776304
CD,log_normal,986,PeakEffect,0.09941640198227075
CD,log_normal,986,HalfMaximumLow,0.8961564700183894
CD,log_normal,986,HalfMaximumHigh,2.7123945177084714
CD,log_normal,986,EffectAtKPlus1,0.06876772431138427
CD,log_normal,986,EffectAtKPlus10,0.014247171520375232
CD,log_normal,986,LocalComponentAtKPlus10,3.4632700735707025e-05
CD,log_normal,987,Baseline,0.0014083416706641393
CD,log_normal,987,Amplitude,0.08773093275386007
CD,log_normal,987,PeakDistance,1.3678133903803733
CD,log_normal,987,PeakEffect,0.08913927442452421
CD,log_normal,987,HalfMaximumLow,0.5694137048216512
CD,log_normal,987,HalfMaximumHigh,3.2856839501076798
CD,log_normal,987,EffectAtKPlus1,0.08170552383946855
CD,log_normal,987,EffectAtKPlus10,0.00387396408189267
CD,log_normal,987,LocalComponentAtKPlus10,0.0024656224112285306
CD,log_normal,988,Baseline,0.018163992819263987
CD,log_normal,988,Amplitude,0.10360557108479011
CD,log_normal,988,PeakDistance,1.5219028318455425
CD,log_normal,988,PeakEffect,0.1217695639040541
CD,log_normal,988,HalfMaximumLow,1.0748911879258922
CD,log_normal,988,HalfMaximumHigh,2.154811813136912
CD,log_normal,988,EffectAtKPlus1,0.05586324858382175
CD,log_normal,988,EffectAtKPlus10,0.018163992974952102
CD,log_normal,988,LocalComponentAtKPlus10,1.5568811517763237e-10
CD,log_normal,989,Baseline,0.008259004722537102
CD,log_normal,989,Amplitude,0.09927059375256007
CD,log_normal,989,PeakDistance,1.5077786151594355
CD,log_normal,989,PeakEffect,0.10752959847509717
CD,log_normal,989,HalfMaximumLow,0.8516632428420944
CD,log_normal,989,HalfMaximumHigh,2.669360655680677
CD,log_normal,989,EffectAtKPlus1,0.07764033646209817
CD,log_normal,989,EffectAtKPlus10,0.008308466721491554
CD,log_normal,989,LocalComponentAtKPlus10,4.946199895445279e-05
CD,log_normal,990,Baseline,0.023512582399885074
CD,log_normal,990,Amplitude,0.05780525397440693
CD,log_normal,990,PeakDistance,1.3048991166212882
CD,log_normal,990,PeakEffect,0.081317836374292
CD,log_normal,990,HalfMaximumLow,0.6987960971137681
CD,log_normal,990,HalfMaximumHigh,2.4367075196783747
CD,log_normal,990,EffectAtKPlus1,0.07448145189156491
CD,log_normal,990,EffectAtKPlus10,0.023548983465667615
CD,log_normal,990,LocalComponentAtKPlus10,3.6401065782541014e-05
CD,log_normal,991,Baseline,0.08323899238401372
CD,log_normal,991,Amplitude,-0.08543886583065718
CD,log_normal,991,PeakDistance,5.46861100107888
CD,log_normal,991,PeakEffect,-0.0021998734466434633
CD,log_normal,991,HalfMaximumLow,3.236432226750503
CD,log_normal,991,HalfMaximumHigh,9.240331385263515
CD,log_normal,991,EffectAtKPlus1,0.08317962828830676
CD,log_normal,991,EffectAtKPlus10,0.04911066259903016
CD,log_normal,991,LocalComponentAtKPlus10,-0.03412832978498356
CD,log_normal,992,Baseline,0.012831196505591022
CD,log_normal,992,Amplitude,0.0802367653792196
CD,log_normal,992,PeakDistance,1.6719884702609824
CD,log_normal,992,PeakEffect,0.09306796188481062
CD,log_normal,992,HalfMaximumLow,1.0028602138438258
CD,log_normal,992,HalfMaximumHigh,2.7875723915407087
CD,log_normal,992,EffectAtKPlus1,0.05263916019061217
CD,log_normal,992,EffectAtKPlus10,0.01284774404269929
CD,log_normal,992,LocalComponentAtKPlus10,1.654753710826802e-05
CD,log_normal,993,Baseline,0.0183901959458647
CD,log_normal,993,Amplitude,0.07505760359812265
CD,log_normal,993,PeakDistance,1.5388937153786775
CD,log_normal,993,PeakEffect,0.09344779954398735
CD,log_normal,993,HalfMaximumLow,0.8698633978118502
CD,log_normal,993,HalfMaximumHigh,2.72248938533246
CD,log_normal,993,EffectAtKPlus1,0.0689169859954833
CD,log_normal,993,EffectAtKPlus10,0.018433410041205116
CD,log_normal,993,LocalComponentAtKPlus10,4.321409534041587e-05
CD,log_normal,994,Baseline,0.08757805846840905
CD,log_normal,994,Amplitude,-0.07697518535247763
CD,log_normal,994,PeakDistance,5.363329588664565
CD,log_normal,994,PeakEffect,0.010602873115931416
CD,log_normal,994,HalfMaximumLow,2.938488405377226
CD,log_normal,994,HalfMaximumHigh,9.789150171226249
CD,log_normal,994,EffectAtKPlus1,0.08723078505741466
CD,log_normal,994,EffectAtKPlus10,0.05096638583683164
CD,log_normal,994,LocalComponentAtKPlus10,-0.036611672631577406
CD,log_normal,995,Baseline,0.01891911110803519
CD,log_normal,995,Amplitude,0.06222223336033583
CD,log_normal,995,PeakDistance,1.339531772579983
CD,log_normal,995,PeakEffect,0.08114134446837103
CD,log_normal,995,HalfMaximumLow,0.6710754501480696
CD,log_normal,995,HalfMaximumHigh,2.6738355118718133
CD,log_normal,995,EffectAtKPlus1,0.07388620941666105
CD,log_normal,995,EffectAtKPlus10,0.01909596066246513
CD,log_normal,995,LocalComponentAtKPlus10,0.00017684955442993922
CD,log_normal,996,Baseline,0.09134438556249021
CD,log_normal,996,Amplitude,-0.09636251952583455
CD,log_normal,996,PeakDistance,5.796742845076655
CD,log_normal,996,PeakEffect,-0.005018133963344343
CD,log_normal,996,HalfMaximumLow,3.293936306844787
CD,log_normal,996,HalfMaximumHigh,10.201237814502388
CD,log_normal,996,EffectAtKPlus1,0.09122580194358254
CD,log_normal,996,EffectAtKPlus10,0.04079371240104329
CD,log_normal,996,LocalComponentAtKPlus10,-0.050550673161446916
CD,log_normal,997,Baseline,0.009011554544175715
CD,log_normal,997,Amplitude,0.08884154220266845
CD,log_normal,997,PeakDistance,1.5462275565388661
CD,log_normal,997,PeakEffect,0.09785309674684416
CD,log_normal,997,HalfMaximumLow,0.953655712000046
CD,log_normal,997,HalfMaximumHigh,2.5070050192286137
CD,log_normal,997,EffectAtKPlus1,0.05957076567052641
CD,log_normal,997,EffectAtKPlus10,0.009014418282834235
CD,log_normal,997,LocalComponentAtKPlus10,2.8637386585202845e-06
CD,log_normal,998,Baseline,0.018420633879072616
CD,log_normal,998,Amplitude,0.0876866117858695
CD,log_normal,998,PeakDistance,1.4004639538146664
CD,log_normal,998,PeakEffect,0.10610724566494212
CD,log_normal,998,HalfMaximumLow,0.8758578232915305
CD,log_normal,998,HalfMaximumHigh,2.239289567070964
CD,log_normal,998,EffectAtKPlus1,0.07978597408687124
CD,log_normal,998,EffectAtKPlus10,0.018421093507489647
CD,log_normal,998,LocalComponentAtKPlus10,4.596284170314824e-07
CD,log_normal,999,Baseline,0.05266624993696637
CD,log_normal,999,Amplitude,-0.06150522476302222
CD,log_normal,999,PeakDistance,4.170236319116253
CD,log_normal,999,PeakEffect,-0.008838974826055848
CD,log_normal,999,HalfMaximumLow,3.656333428198932
CD,log_normal,999,HalfMaximumHigh,4.756368996096402
CD,log_normal,999,EffectAtKPlus1,0.05266624993696637
CD,log_normal,999,EffectAtKPlus10,0.05266624993696339
CD,log_normal,999,LocalComponentAtKPlus10,-2.9837243786801082e-15
CD,log_normal,1000,Baseline,0.007914567107391867
CD,log_normal,1000,Amplitude,0.07265149555027725
CD,log_normal,1000,PeakDistance,1.3824215573616165
CD,log_normal,1000,PeakEffect,0.08056606265766912
CD,log_normal,1000,HalfMaximumLow,0.680815322938266
CD,log_normal,1000,HalfMaximumHigh,2.8070598558361297
CD,log_normal,1000,EffectAtKPlus1,0.07076656788169194
CD,log_normal,1000,EffectAtKPlus10,0.008239544727735536
CD,log_normal,1000,LocalComponentAtKPlus10,0.0003249776203436694
RD,linear,1,InterceptAtK,0.03377783571898601
RD,linear,1,SlopePerWord,-0.003441646676133924
RD,linear,1,EffectAtKPlus1,0.030336189042852086
RD,linear,1,EffectAtKPlus10,-0.0006386310423532326
RD,linear,1,TotalChangeKPlus1ToKPlus10,-0.03097482008520532
RD,linear,1,ZeroCrossingDistance,9.814440265823388
RD,linear,2,InterceptAtK,0.04341080064705857
RD,linear,2,SlopePerWord,-0.0052647230770215495
RD,linear,2,EffectAtKPlus1,0.038146077570037025
RD,linear,2,EffectAtKPlus10,-0.009236430123156919
RD,linear,2,TotalChangeKPlus1ToKPlus10,-0.047382507693193944
RD,linear,2,ZeroCrossingDistance,8.245600008199801
RD,linear,3,InterceptAtK,0.035687068923037156
RD,linear,3,SlopePerWord,-0.003429314626496045
RD,linear,3,EffectAtKPlus1,0.03225775429654111
RD,linear,3,EffectAtKPlus10,0.00139392265807671
RD,linear,3,TotalChangeKPlus1ToKPlus10,-0.0308638316384644
RD,linear,3,ZeroCrossingDistance,10.406472665793563
RD,linear,4,InterceptAtK,0.04091312567908522
RD,linear,4,SlopePerWord,-0.005063072356957432
RD,linear,4,EffectAtKPlus1,0.03585005332212779
RD,linear,4,EffectAtKPlus10,-0.0097175978904891
RD,linear,4,TotalChangeKPlus1ToKPlus10,-0.04556765121261689
RD,linear,4,ZeroCrossingDistance,8.08069148426535
RD,linear,5,InterceptAtK,0.03513915084118397
RD,linear,5,SlopePerWord,-0.004921226873313313
RD,linear,5,EffectAtKPlus1,0.03021792396787066
RD,linear,5,EffectAtKPlus10,-0.014073117891949156
RD,linear,5,TotalChangeKPlus1ToKPlus10,-0.044291041859819816
RD,linear,5,ZeroCrossingDistance,7.140323286401515
RD,linear,6,InterceptAtK,0.03588454861893137
RD,linear,6,SlopePerWord,-0.0032617141603533103
RD,linear,6,EffectAtKPlus1,0.032622834458578054
RD,linear,6,EffectAtKPlus10,0.003267407015398266
RD,linear,6,TotalChangeKPlus1ToKPlus10,-0.029355427443179788
RD,linear,6,ZeroCrossingDistance,11.001745356817024
RD,linear,7,InterceptAtK,0.024438523390506246
RD,linear,7,SlopePerWord,-0.0017453966563149561
RD,linear,7,EffectAtKPlus1,0.02269312673419129
RD,linear,7,EffectAtKPlus10,0.006984556827356683
RD,linear,7,TotalChangeKPlus1ToKPlus10,-0.015708569906834606
RD,linear,7,ZeroCrossingDistance,14.001701734723802
RD,linear,8,InterceptAtK,0.04096164724464062
RD,linear,8,SlopePerWord,-0.0044320263874763005
RD,linear,8,EffectAtKPlus1,0.03652962085716432
RD,linear,8,EffectAtKPlus10,-0.0033586166301223866
RD,linear,8,TotalChangeKPlus1ToKPlus10,-0.039888237487286704
RD,linear,8,ZeroCrossingDistance,9.242193900376378
RD,linear,9,InterceptAtK,0.04239822630806192
RD,linear,9,SlopePerWord,-0.004531676185733786
RD,linear,9,EffectAtKPlus1,0.03786655012232813
RD,linear,9,EffectAtKPlus10,-0.002918535549275944
RD,linear,9,TotalChangeKPlus1ToKPlus10,-0.04078508567160408
RD,linear,9,ZeroCrossingDistance,9.355969970126328
RD,linear,10,InterceptAtK,0.025265268467395158
RD,linear,10,SlopePerWord,-0.0017366551793256374
RD,linear,10,EffectAtKPlus1,0.02352861328806952
RD,linear,10,EffectAtKPlus10,0.007898716674138783
RD,linear,10,TotalChangeKPlus1ToKPlus10,-0.015629896613930737
RD,linear,10,ZeroCrossingDistance,14.548235463303627
RD,linear,11,InterceptAtK,0.03427926962324265
RD,linear,11,SlopePerWord,-0.00241322615457268
RD,linear,11,EffectAtKPlus1,0.031866043468669975
RD,linear,11,EffectAtKPlus10,0.010147008077515854
RD,linear,11,TotalChangeKPlus1ToKPlus10,-0.02171903539115412
RD,linear,11,ZeroCrossingDistance,14.20474809552718
RD,linear,12,InterceptAtK,0.029237619446519165
RD,linear,12,SlopePerWord,-0.0031775740164002248
RD,linear,12,EffectAtKPlus1,0.02606004543011894
RD,linear,12,EffectAtKPlus10,-0.0025381207174830812
RD,linear,12,TotalChangeKPlus1ToKPlus10,-0.028598166147602022
RD,linear,12,ZeroCrossingDistance,9.201239466214405
RD,linear,13,InterceptAtK,0.029304582420175567
RD,linear,13,SlopePerWord,-0.002322745594601034
RD,linear,13,EffectAtKPlus1,0.026981836825574534
RD,linear,13,EffectAtKPlus10,0.006077126474165227
RD,linear,13,TotalChangeKPlus1ToKPlus10,-0.020904710351409308
RD,linear,13,ZeroCrossingDistance,12.616354752018834
RD,linear,14,InterceptAtK,0.03629006739697124
RD,linear,14,SlopePerWord,-0.004082555696245297
RD,linear,14,EffectAtKPlus1,0.032207511700725944
RD,linear,14,EffectAtKPlus10,-0.0045354895654817345
RD,linear,14,TotalChangeKPlus1ToKPlus10,-0.03674300126620768
RD,linear,14,ZeroCrossingDistance,8.889056291466398
RD,linear,15,InterceptAtK,0.04415187708241968
RD,linear,15,SlopePerWord,-0.005145167323621272
RD,linear,15,EffectAtKPlus1,0.03900670975879841
RD,linear,15,EffectAtKPlus10,-0.007299796153793038
RD,linear,15,TotalChangeKPlus1ToKPlus10,-0.046306505912591445
RD,linear,15,ZeroCrossingDistance,8.581232505252075
RD,linear,16,InterceptAtK,0.03040414631415815
RD,linear,16,SlopePerWord,-0.0034048696025683225
RD,linear,16,EffectAtKPlus1,0.026999276711589828
RD,linear,16,EffectAtKPlus10,-0.003644549711525072
RD,linear,16,TotalChangeKPlus1ToKPlus10,-0.0306438264231149
RD,linear,16,ZeroCrossingDistance,8.929606670171463
RD,linear,17,InterceptAtK,0.03884783983059689
RD,linear,17,SlopePerWord,-0.0031261921897121807
RD,linear,17,EffectAtKPlus1,0.03572164764088471
RD,linear,17,EffectAtKPlus10,0.0075859179334750865
RD,linear,17,TotalChangeKPlus1ToKPlus10,-0.028135729707409622
RD,linear,17,ZeroCrossingDistance,12.426568001301769
RD,linear,18,InterceptAtK,0.043147691402624415
RD,linear,18,SlopePerWord,-0.004190612013424991
RD,linear,18,EffectAtKPlus1,0.03895707938919942
RD,linear,18,EffectAtKPlus10,0.001241571268374507
RD,linear,18,TotalChangeKPlus1ToKPlus10,-0.037715508120824914
RD,linear,18,ZeroCrossingDistance,10.296274449745532
RD,linear,19,InterceptAtK,0.03152688228341323
RD,linear,19,SlopePerWord,-0.0034242594462856363
RD,linear,19,EffectAtKPlus1,0.028102622837127594
RD,linear,19,EffectAtKPlus10,-0.002715712179443136
RD,linear,19,TotalChangeKPlus1ToKPlus10,-0.03081833501657073
RD,linear,19,ZeroCrossingDistance,9.206919854630488
RD,linear,20,InterceptAtK,0.03596861315552411
RD,linear,20,SlopePerWord,-0.004598065985438932
RD,linear,20,EffectAtKPlus1,0.03137054717008518
RD,linear,20,EffectAtKPlus10,-0.010012046698865205
RD,linear,20,TotalChangeKPlus1ToKPlus10,-0.041382593868950386
RD,linear,20,ZeroCrossingDistance,7.8225526274370205
RD,linear,21,InterceptAtK,0.04442784823447711
RD,linear,21,SlopePerWord,-0.0038941825377949647
RD,linear,21,EffectAtKPlus1,0.040533665696682146
RD,linear,21,EffectAtKPlus10,0.00548602285652746
RD,linear,21,TotalChangeKPlus1ToKPlus10,-0.035047642840154686
RD,linear,21,ZeroCrossingDistance,11.408773934781665
RD,linear,22,InterceptAtK,0.02774139080133379
RD,linear,22,SlopePerWord,-0.0017819423215557923
RD,linear,22,EffectAtKPlus1,0.025959448479777998
RD,linear,22,EffectAtKPlus10,0.009921967585775866
RD,linear,22,TotalChangeKPlus1ToKPlus10,-0.016037480894002133
RD,linear,22,ZeroCrossingDistance,15.568063267678111
RD,linear,23,InterceptAtK,0.03886582063521533
RD,linear,23,SlopePerWord,-0.004733652160721674
RD,linear,23,EffectAtKPlus1,0.03413216847449365
RD,linear,23,EffectAtKPlus10,-0.008470700972001415
RD,linear,23,TotalChangeKPlus1ToKPlus10,-0.042602869446495065
RD,linear,23,ZeroCrossingDistance,8.210535822152591
RD,linear,24,InterceptAtK,0.038174087083660414
RD,linear,24,SlopePerWord,-0.004659831542843534
RD,linear,24,EffectAtKPlus1,0.033514255540816884
RD,linear,24,EffectAtKPlus10,-0.008424228344774923
RD,linear,24,TotalChangeKPlus1ToKPlus10,-0.04193848388559181
RD,linear,24,ZeroCrossingDistance,8.19216032439785
RD,linear,25,InterceptAtK,0.04184520319768999
RD,linear,25,SlopePerWord,-0.003932167253817869
RD,linear,25,EffectAtKPlus1,0.03791303594387212
RD,linear,25,EffectAtKPlus10,0.002523530659511296
RD,linear,25,TotalChangeKPlus1ToKPlus10,-0.03538950528436082
RD,linear,25,ZeroCrossingDistance,10.641765849878619
RD,linear,26,InterceptAtK,0.03969467007597767
RD,linear,26,SlopePerWord,-0.004372940407942993
RD,linear,26,EffectAtKPlus1,0.03532172966803468
RD,linear,26,EffectAtKPlus10,-0.004034734003452264
RD,linear,26,TotalChangeKPlus1ToKPlus10,-0.039356463671486944
RD,linear,26,ZeroCrossingDistance,9.077340730250157
RD,linear,27,InterceptAtK,0.036224197394334495
RD,linear,27,SlopePerWord,-0.0031257972756055905
RD,linear,27,EffectAtKPlus1,0.0330984001187289
RD,linear,27,EffectAtKPlus10,0.004966224638278588
RD,linear,27,TotalChangeKPlus1ToKPlus10,-0.028132175480450314
RD,linear,27,ZeroCrossingDistance,11.588786540008881
RD,linear,28,InterceptAtK,0.03246265508064846
RD,linear,28,SlopePerWord,-0.0034151792161196248
RD,linear,28,EffectAtKPlus1,0.029047475864528834
RD,linear,28,EffectAtKPlus10,-0.001689137080547791
RD,linear,28,TotalChangeKPlus1ToKPlus10,-0.030736612945076625
RD,linear,28,ZeroCrossingDistance,9.505403092003174
RD,linear,29,InterceptAtK,0.03689024438372425
RD,linear,29,SlopePerWord,-0.003296567507226732
RD,linear,29,EffectAtKPlus1,0.033593676876497516
RD,linear,29,EffectAtKPlus10,0.0039245693114569324
RD,linear,29,TotalChangeKPlus1ToKPlus10,-0.029669107565040584
RD,linear,29,ZeroCrossingDistance,11.190501727282543
RD,linear,30,InterceptAtK,0.038576601152905024
RD,linear,30,SlopePerWord,-0.004705354426894776
RD,linear,30,EffectAtKPlus1,0.033871246726010246
RD,linear,30,EffectAtKPlus10,-0.008476943116042732
RD,linear,30,TotalChangeKPlus1ToKPlus10,-0.04234818984205298
RD,linear,30,ZeroCrossingDistance,8.198447481960045
RD,linear,31,InterceptAtK,0.03900627844960267
RD,linear,31,SlopePerWord,-0.004431500400955321
RD,linear,31,EffectAtKPlus1,0.03457477804864735
RD,linear,31,EffectAtKPlus10,-0.005308725559950538
RD,linear,31,TotalChangeKPlus1ToKPlus10,-0.03988350360859789
RD,linear,31,ZeroCrossingDistance,8.802047821364045
RD,linear,32,InterceptAtK,0.03015365667691222
RD,linear,32,SlopePerWord,-0.0029825108608329477
RD,linear,32,EffectAtKPlus1,0.027171145816079274
RD,linear,32,EffectAtKPlus10,0.0003285480685827451
RD,linear,32,TotalChangeKPlus1ToKPlus10,-0.02684259774749653
RD,linear,32,ZeroCrossingDistance,10.110158213637146
RD,linear,33,InterceptAtK,0.03800492476382298
RD,linear,33,SlopePerWord,-0.004161177229539953
RD,linear,33,EffectAtKPlus1,0.03384374753428303
RD,linear,33,EffectAtKPlus10,-0.00360684753157655
RD,linear,33,TotalChangeKPlus1ToKPlus10,-0.03745059506585958
RD,linear,33,ZeroCrossingDistance,9.1332146331159
RD,linear,34,InterceptAtK,0.044920755360079064
RD,linear,34,SlopePerWord,-0.005417685762199484
RD,linear,34,EffectAtKPlus1,0.03950306959787958
RD,linear,34,EffectAtKPlus10,-0.009256102261915776
RD,linear,34,TotalChangeKPlus1ToKPlus10,-0.04875917185979536
RD,linear,34,ZeroCrossingDistance,8.291502558805115
RD,linear,35,InterceptAtK,0.03448347053349631
RD,linear,35,SlopePerWord,-0.003596805747800773
RD,linear,35,EffectAtKPlus1,0.030886664785695538
RD,linear,35,EffectAtKPlus10,-0.0014845869445114165
RD,linear,35,TotalChangeKPlus1ToKPlus10,-0.032371251730206954
RD,linear,35,ZeroCrossingDistance,9.587248506422913
RD,linear,36,InterceptAtK,0.02877505845202739
RD,linear,36,SlopePerWord,-0.0013930843900123763
RD,linear,36,EffectAtKPlus1,0.027381974062015015
RD,linear,36,EffectAtKPlus10,0.014844214551903628
RD,linear,36,TotalChangeKPlus1ToKPlus10,-0.012537759510111386
RD,linear,36,ZeroCrossingDistance,20.655646318577837
RD,linear,37,InterceptAtK,0.02372223399817922
RD,linear,37,SlopePerWord,-0.0014049272210679385
RD,linear,37,EffectAtKPlus1,0.02231730677711128
RD,linear,37,EffectAtKPlus10,0.009672961787499833
RD,linear,37,TotalChangeKPlus1ToKPlus10,-0.012644344989611447
RD,linear,37,ZeroCrossingDistance,16.88502695545115
RD,linear,38,InterceptAtK,0.035452246315061005
RD,linear,38,SlopePerWord,-0.0031087714147699035
RD,linear,38,EffectAtKPlus1,0.0323434749002911
RD,linear,38,EffectAtKPlus10,0.004364532167361969
RD,linear,38,TotalChangeKPlus1ToKPlus10,-0.027978942732929134
RD,linear,38,ZeroCrossingDistance,11.403941166798528
RD,linear,39,InterceptAtK,0.033930723396497116
RD,linear,39,SlopePerWord,-0.0033547302243062582
RD,linear,39,EffectAtKPlus1,0.030575993172190858
RD,linear,39,EffectAtKPlus10,0.0003834211534345308
RD,linear,39,TotalChangeKPlus1ToKPlus10,-0.030192572018756327
RD,linear,39,ZeroCrossingDistance,10.114292693539559
RD,linear,40,InterceptAtK,0.0367677089040382
RD,linear,40,SlopePerWord,-0.003932191610476977
RD,linear,40,EffectAtKPlus1,0.032835517293561226
RD,linear,40,EffectAtKPlus10,-0.002554207200731566
RD,linear,40,TotalChangeKPlus1ToKPlus10,-0.03538972449429279
RD,linear,40,ZeroCrossingDistance,9.350436740181706
RD,linear,41,InterceptAtK,0.028344754386593313
RD,linear,41,SlopePerWord,-0.0016767391070327707
RD,linear,41,EffectAtKPlus1,0.02666801527956054
RD,linear,41,EffectAtKPlus10,0.011577363316265604
RD,linear,41,TotalChangeKPlus1ToKPlus10,-0.015090651963294937
RD,linear,41,ZeroCrossingDistance,16.904689744341564
RD,linear,42,InterceptAtK,0.04121634111217488
RD,linear,42,SlopePerWord,-0.004373437391792916
RD,linear,42,EffectAtKPlus1,0.03684290372038196
RD,linear,42,EffectAtKPlus10,-0.002518032805754279
RD,linear,42,TotalChangeKPlus1ToKPlus10,-0.03936093652613624
RD,linear,42,ZeroCrossingDistance,9.42424400301704
RD,linear,43,InterceptAtK,0.03241263449055947
RD,linear,43,SlopePerWord,-0.0031682643598911035
RD,linear,43,EffectAtKPlus1,0.029244370130668367
RD,linear,43,EffectAtKPlus10,0.0007299908916484354
RD,linear,43,TotalChangeKPlus1ToKPlus10,-0.028514379239019932
RD,linear,43,ZeroCrossingDistance,10.23040719104435
RD,linear,44,InterceptAtK,0.04244494328125414
RD,linear,44,SlopePerWord,-0.005226975535233569
RD,linear,44,EffectAtKPlus1,0.03721796774602057
RD,linear,44,EffectAtKPlus10,-0.009824812071081553
RD,linear,44,TotalChangeKPlus1ToKPlus10,-0.04704277981710212
RD,linear,44,ZeroCrossingDistance,8.120363869152387
RD,linear,45,InterceptAtK,0.03034439385937183
RD,linear,45,SlopePerWord,-0.0031699145075707188
RD,linear,45,EffectAtKPlus1,0.027174479351801114
RD,linear,45,EffectAtKPlus10,-0.0013547512163353571
RD,linear,45,TotalChangeKPlus1ToKPlus10,-0.02852923056813647
RD,linear,45,ZeroCrossingDistance,9.572622159651372
RD,linear,46,InterceptAtK,0.028337253042021025
RD,linear,46,SlopePerWord,-0.00243688889058394
RD,linear,46,EffectAtKPlus1,0.025900364151437087
RD,linear,46,EffectAtKPlus10,0.003968364136181627
RD,linear,46,TotalChangeKPlus1ToKPlus10,-0.02193200001525546
RD,linear,46,ZeroCrossingDistance,11.628455097610424
RD,linear,47,InterceptAtK,0.03870509209567515
RD,linear,47,SlopePerWord,-0.004158092874595984
RD,linear,47,EffectAtKPlus1,0.03454699922107917
RD,linear,47,EffectAtKPlus10,-0.002875836650284687
RD,linear,47,TotalChangeKPlus1ToKPlus10,-0.03742283587136386
RD,linear,47,ZeroCrossingDistance,9.308376042330677
RD,linear,48,InterceptAtK,0.04224007441690313
RD,linear,48,SlopePerWord,-0.00494942526087136
RD,linear,48,EffectAtKPlus1,0.03729064915603177
RD,linear,48,EffectAtKPlus10,-0.007254178191810463
RD,linear,48,TotalChangeKPlus1ToKPlus10,-0.044544827347842236
RD,linear,48,ZeroCrossingDistance,8.53433927992412
RD,linear,49,InterceptAtK,0.0333587865297042
RD,linear,49,SlopePerWord,-0.0036488722288656127
RD,linear,49,EffectAtKPlus1,0.029709914300838587
RD,linear,49,EffectAtKPlus10,-0.0031299357589519294
RD,linear,49,TotalChangeKPlus1ToKPlus10,-0.03283985005979052
RD,linear,49,ZeroCrossingDistance,9.142218317706075
RD,linear,50,InterceptAtK,0.037371034677575875
RD,linear,50,SlopePerWord,-0.0037391333691556864
RD,linear,50,EffectAtKPlus1,0.03363190130842019
RD,linear,50,EffectAtKPlus10,-2.0299013980991376e-05
RD,linear,50,TotalChangeKPlus1ToKPlus10,-0.03365220032240118
RD,linear,50,ZeroCrossingDistance,9.9945711981957
RD,linear,51,InterceptAtK,0.03198431844310751
RD,linear,51,SlopePerWord,-0.003008396705234925
RD,linear,51,EffectAtKPlus1,0.02897592173787258
RD,linear,51,EffectAtKPlus10,0.0019003513907582537
RD,linear,51,TotalChangeKPlus1ToKPlus10,-0.027075570347114327
RD,linear,51,ZeroCrossingDistance,10.63168244648435
RD,linear,52,InterceptAtK,0.03947424145776292
RD,linear,52,SlopePerWord,-0.004103533587614026
RD,linear,52,EffectAtKPlus1,0.03537070787014889
RD,linear,52,EffectAtKPlus10,-0.0015610944183773456
RD,linear,52,TotalChangeKPlus1ToKPlus10,-0.03693180228852624
RD,linear,52,ZeroCrossingDistance,9.619573134946597
RD,linear,53,InterceptAtK,0.03793866892543695
RD,linear,53,SlopePerWord,-0.004348579049504869
RD,linear,53,EffectAtKPlus1,0.03359008987593208
RD,linear,53,EffectAtKPlus10,-0.005547121569611742
RD,linear,53,TotalChangeKPlus1ToKPlus10,-0.03913721144554382
RD,linear,53,ZeroCrossingDistance,8.72438295211781
RD,linear,54,InterceptAtK,0.04175846472511944
RD,linear,54,SlopePerWord,-0.004846154829278861
RD,linear,54,EffectAtKPlus1,0.03691230989584058
RD,linear,54,EffectAtKPlus10,-0.006703083567669167
RD,linear,54,TotalChangeKPlus1ToKPlus10,-0.04361539346350975
RD,linear,54,ZeroCrossingDistance,8.616824306319856
RD,linear,55,InterceptAtK,0.043688216301267194
RD,linear,55,SlopePerWord,-0.0046955911329206405
RD,linear,55,EffectAtKPlus1,0.038992625168346555
RD,linear,55,EffectAtKPlus10,-0.0032676950279392075
RD,linear,55,TotalChangeKPlus1ToKPlus10,-0.04226032019628576
RD,linear,55,ZeroCrossingDistance,9.304092938367333
RD,linear,56,InterceptAtK,0.03753648374977797
RD,linear,56,SlopePerWord,-0.004104963666061468
RD,linear,56,EffectAtKPlus1,0.033431520083716505
RD,linear,56,EffectAtKPlus10,-0.0035131529108367032
RD,linear,56,TotalChangeKPlus1ToKPlus10,-0.03694467299455321
RD,linear,56,ZeroCrossingDistance,9.144169547739889
RD,linear,57,InterceptAtK,0.0402481551168208
RD,linear,57,SlopePerWord,-0.004593763692126264
RD,linear,57,EffectAtKPlus1,0.03565439142469453
RD,linear,57,EffectAtKPlus10,-0.005689481804441843
RD,linear,57,TotalChangeKPlus1ToKPlus10,-0.04134387322913637
RD,linear,57,ZeroCrossingDistance,8.761477040233121
RD,linear,58,InterceptAtK,0.035769878791324074
RD,linear,58,SlopePerWord,-0.004051417492010538
RD,linear,58,EffectAtKPlus1,0.031718461299313536
RD,linear,58,EffectAtKPlus10,-0.004744296128781307
RD,linear,58,TotalChangeKPlus1ToKPlus10,-0.03646275742809484
RD,linear,58,ZeroCrossingDistance,8.828978712231672
RD,linear,59,InterceptAtK,0.03624997981513184
RD,linear,59,SlopePerWord,-0.004197877338846827
RD,linear,59,EffectAtKPlus1,0.03205210247628501
RD,linear,59,EffectAtKPlus10,-0.005728793573336437
RD,linear,59,TotalChangeKPlus1ToKPlus10,-0.03778089604962145
RD,linear,59,ZeroCrossingDistance,8.635311822877094
RD,linear,60,InterceptAtK,0.030964574224587958
RD,linear,60,SlopePerWord,-0.002961453818327541
RD,linear,60,EffectAtKPlus1,0.028003120406260417
RD,linear,60,EffectAtKPlus10,0.0013500360413125495
RD,linear,60,TotalChangeKPlus1ToKPlus10,-0.026653084364947868
RD,linear,60,ZeroCrossingDistance,10.455869354760011
RD,linear,61,InterceptAtK,0.03646263171015584
RD,linear,61,SlopePerWord,-0.003967904725460543
RD,linear,61,EffectAtKPlus1,0.0324947269846953
RD,linear,61,EffectAtKPlus10,-0.00321641554444959
RD,linear,61,TotalChangeKPlus1ToKPlus10,-0.03571114252914489
RD,linear,61,ZeroCrossingDistance,9.189391941845008
RD,linear,62,InterceptAtK,0.029041194672365538
RD,linear,62,SlopePerWord,-0.002348216770647238
RD,linear,62,EffectAtKPlus1,0.0266929779017183
RD,linear,62,EffectAtKPlus10,0.005559026965893159
RD,linear,62,TotalChangeKPlus1ToKPlus10,-0.02113395093582514
RD,linear,62,ZeroCrossingDistance,12.367339776881384
RD,linear,63,InterceptAtK,0.02964688453852193
RD,linear,63,SlopePerWord,-0.003424342202409553
RD,linear,63,EffectAtKPlus1,0.026222542336112376
RD,linear,63,EffectAtKPlus10,-0.0045965374855735965
RD,linear,63,TotalChangeKPlus1ToKPlus10,-0.030819079821685972
RD,linear,63,ZeroCrossingDistance,8.65768745823965
RD,linear,64,InterceptAtK,0.03399088883345189
RD,linear,64,SlopePerWord,-0.00346867658341115
RD,linear,64,EffectAtKPlus1,0.030522212250040738
RD,linear,64,EffectAtKPlus10,-0.0006958770006596157
RD,linear,64,TotalChangeKPlus1ToKPlus10,-0.031218089250700354
RD,linear,64,ZeroCrossingDistance,9.799382564523995
RD,linear,65,InterceptAtK,0.03807389196127855
RD,linear,65,SlopePerWord,-0.004526970584068229
RD,linear,65,EffectAtKPlus1,0.03354692137721032
RD,linear,65,EffectAtKPlus10,-0.00719581387940374
RD,linear,65,TotalChangeKPlus1ToKPlus10,-0.04074273525661406
RD,linear,65,ZeroCrossingDistance,8.410457115686157
RD,linear,66,InterceptAtK,0.033003029973806434
RD,linear,66,SlopePerWord,-0.002658265492761525
RD,linear,66,EffectAtKPlus1,0.03034476448104491
RD,linear,66,EffectAtKPlus10,0.006420375046191182
RD,linear,66,TotalChangeKPlus1ToKPlus10,-0.023924389434853727
RD,linear,66,ZeroCrossingDistance,12.415249742237526
RD,linear,67,InterceptAtK,0.028470661551339635
RD,linear,67,SlopePerWord,-0.002141947983951004
RD,linear,67,EffectAtKPlus1,0.026328713567388633
RD,linear,67,EffectAtKPlus10,0.007051181711829595
RD,linear,67,TotalChangeKPlus1ToKPlus10,-0.019277531855559037
RD,linear,67,ZeroCrossingDistance,13.291948154045784
RD,linear,68,InterceptAtK,0.03517469159049113
RD,linear,68,SlopePerWord,-0.00299618840231299
RD,linear,68,EffectAtKPlus1,0.03217850318817814
RD,linear,68,EffectAtKPlus10,0.005212807567361227
RD,linear,68,TotalChangeKPlus1ToKPlus10,-0.02696569562081691
RD,linear,68,ZeroCrossingDistance,11.739813011537278
RD,linear,69,InterceptAtK,0.042069798816526366
RD,linear,69,SlopePerWord,-0.005205137838214854
RD,linear,69,EffectAtKPlus1,0.03686466097831151
RD,linear,69,EffectAtKPlus10,-0.009981579565622171
RD,linear,69,TotalChangeKPlus1ToKPlus10,-0.04684624054393368
RD,linear,69,ZeroCrossingDistance,8.082360184135789
RD,linear,70,InterceptAtK,0.026808981876218163
RD,linear,70,SlopePerWord,-0.0031573809203634556
RD,linear,70,EffectAtKPlus1,0.023651600955854706
RD,linear,70,EffectAtKPlus10,-0.004764827327416392
RD,linear,70,TotalChangeKPlus1ToKPlus10,-0.028416428283271098
RD,linear,70,ZeroCrossingDistance,8.490892468284157
RD,linear,71,InterceptAtK,0.035901757299765205
RD,linear,71,SlopePerWord,-0.0029188041646002875
RD,linear,71,EffectAtKPlus1,0.032982953135164916
RD,linear,71,EffectAtKPlus10,0.006713715653762331
RD,linear,71,TotalChangeKPlus1ToKPlus10,-0.026269237481402585
RD,linear,71,ZeroCrossingDistance,12.300159680182494
RD,linear,72,InterceptAtK,0.03824044323547888
RD,linear,72,SlopePerWord,-0.0041927728409452926
RD,linear,72,EffectAtKPlus1,0.03404767039453359
RD,linear,72,EffectAtKPlus10,-0.003687285173974049
RD,linear,72,TotalChangeKPlus1ToKPlus10,-0.03773495556850764
RD,linear,72,ZeroCrossingDistance,9.12056166316353
RD,linear,73,InterceptAtK,0.04533499377678595
RD,linear,73,SlopePerWord,-0.005655807861292518
RD,linear,73,EffectAtKPlus1,0.03967918591549344
RD,linear,73,EffectAtKPlus10,-0.011223084836139229
RD,linear,73,TotalChangeKPlus1ToKPlus10,-0.050902270751632665
RD,linear,73,ZeroCrossingDistance,8.015653093000507
RD,linear,74,InterceptAtK,0.036101437428433754
RD,linear,74,SlopePerWord,-0.002486272420877227
RD,linear,74,EffectAtKPlus1,0.03361516500755653
RD,linear,74,EffectAtKPlus10,0.011238713219661484
RD,linear,74,TotalChangeKPlus1ToKPlus10,-0.022376451787895043
RD,linear,74,ZeroCrossingDistance,14.520306433554916
RD,linear,75,InterceptAtK,0.03628881174746986
RD,linear,75,SlopePerWord,-0.0038392293531183193
RD,linear,75,EffectAtKPlus1,0.03244958239435154
RD,linear,75,EffectAtKPlus10,-0.0021034817837133346
RD,linear,75,TotalChangeKPlus1ToKPlus10,-0.03455306417806488
RD,linear,75,ZeroCrossingDistance,9.452108329499817
RD,linear,76,InterceptAtK,0.04118373868161417
RD,linear,76,SlopePerWord,-0.0033861047021859583
RD,linear,76,EffectAtKPlus1,0.037797633979428216
RD,linear,76,EffectAtKPlus10,0.0073226916597545905
RD,linear,76,TotalChangeKPlus1ToKPlus10,-0.030474942319673626
RD,linear,76,ZeroCrossingDistance,12.162570949157981
RD,linear,77,InterceptAtK,0.03782164694834923
RD,linear,77,SlopePerWord,-0.0038791565566445724
RD,linear,77,EffectAtKPlus1,0.03394249039170466
RD,linear,77,EffectAtKPlus10,-0.0009699186180964908
RD,linear,77,TotalChangeKPlus1ToKPlus10,-0.03491240900980115
RD,linear,77,ZeroCrossingDistance,9.749966621884562
RD,linear,78,InterceptAtK,0.03385764653135781
RD,linear,78,SlopePerWord,-0.00418998694685208
RD,linear,78,EffectAtKPlus1,0.02966765958450573
RD,linear,78,EffectAtKPlus10,-0.008042222937162988
RD,linear,78,TotalChangeKPlus1ToKPlus10,-0.03770988252166872
RD,linear,78,ZeroCrossingDistance,8.080609071299117
RD,linear,79,InterceptAtK,0.046999526511053866
RD,linear,79,SlopePerWord,-0.00451501596016109
RD,linear,79,EffectAtKPlus1,0.04248451055089278
RD,linear,79,EffectAtKPlus10,0.0018493669094429635
RD,linear,79,TotalChangeKPlus1ToKPlus10,-0.040635143641449815
RD,linear,79,ZeroCrossingDistance,10.409603626157942
RD,linear,80,InterceptAtK,0.03751037130346786
RD,linear,80,SlopePerWord,-0.0033769098413370512
RD,linear,80,EffectAtKPlus1,0.03413346146213081
RD,linear,80,EffectAtKPlus10,0.003741272890097347
RD,linear,80,TotalChangeKPlus1ToKPlus10,-0.030392188572033463
RD,linear,80,ZeroCrossingDistance,11.107898364445536
RD,linear,81,InterceptAtK,0.03904304816445865
RD,linear,81,SlopePerWord,-0.0037711661896290224
RD,linear,81,EffectAtKPlus1,0.03527188197482963
RD,linear,81,EffectAtKPlus10,0.0013313862681684288
RD,linear,81,TotalChangeKPlus1ToKPlus10,-0.0339404957066612
RD,linear,81,ZeroCrossingDistance,10.35304364783229
RD,linear,82,InterceptAtK,0.035303427592610355
RD,linear,82,SlopePerWord,-0.003525849065585057
RD,linear,82,EffectAtKPlus1,0.0317775785270253
RD,linear,82,EffectAtKPlus10,4.493693675978322e-05
RD,linear,82,TotalChangeKPlus1ToKPlus10,-0.031732641590265516
RD,linear,82,ZeroCrossingDistance,10.012744997282613
RD,linear,83,InterceptAtK,0.03316948609237464
RD,linear,83,SlopePerWord,-0.004056144413408018
RD,linear,83,EffectAtKPlus1,0.029113341678966623
RD,linear,83,EffectAtKPlus10,-0.007391958041705539
RD,linear,83,TotalChangeKPlus1ToKPlus10,-0.036505299720672166
RD,linear,83,ZeroCrossingDistance,8.17759002434168
RD,linear,84,InterceptAtK,0.036725627585649595
RD,linear,84,SlopePerWord,-0.0034280912580571237
RD,linear,84,EffectAtKPlus1,0.03329753632759247
RD,linear,84,EffectAtKPlus10,0.0024447150050783545
RD,linear,84,TotalChangeKPlus1ToKPlus10,-0.030852821322514115
RD,linear,84,ZeroCrossingDistance,10.713141751793358
RD,linear,85,InterceptAtK,0.03645967525783299
RD,linear,85,SlopePerWord,-0.003534594314769507
RD,linear,85,EffectAtKPlus1,0.032925080943063484
RD,linear,85,EffectAtKPlus10,0.0011137321101379188
RD,linear,85,TotalChangeKPlus1ToKPlus10,-0.031811348832925565
RD,linear,85,ZeroCrossingDistance,10.315094749483448
RD,linear,86,InterceptAtK,0.04122258628129913
RD,linear,86,SlopePerWord,-0.005588562806578582
RD,linear,86,EffectAtKPlus1,0.03563402347472055
RD,linear,86,EffectAtKPlus10,-0.014663041784486686
RD,linear,86,TotalChangeKPlus1ToKPlus10,-0.050297065259207234
RD,linear,86,ZeroCrossingDistance,7.3762410315535725
RD,linear,87,InterceptAtK,0.03490363624578534
RD,linear,87,SlopePerWord,-0.0036296797004930943
RD,linear,87,EffectAtKPlus1,0.03127395654529225
RD,linear,87,EffectAtKPlus10,-0.001393160759145605
RD,linear,87,TotalChangeKPlus1ToKPlus10,-0.03266711730443785
RD,linear,87,ZeroCrossingDistance,9.616175289804128
RD,linear,88,InterceptAtK,0.03989293456669974
RD,linear,88,SlopePerWord,-0.004064227476363114
RD,linear,88,EffectAtKPlus1,0.03582870709033663
RD,linear,88,EffectAtKPlus10,-0.0007493401969313959
RD,linear,88,TotalChangeKPlus1ToKPlus10,-0.036578047287268024
RD,linear,88,ZeroCrossingDistance,9.81562542911551
RD,linear,89,InterceptAtK,0.032464824025099086
RD,linear,89,SlopePerWord,-0.0034474423249920695
RD,linear,89,EffectAtKPlus1,0.029017381700107016
RD,linear,89,EffectAtKPlus10,-0.0020095992248216066
RD,linear,89,TotalChangeKPlus1ToKPlus10,-0.031026980924928622
RD,linear,89,ZeroCrossingDistance,9.417075316894175
RD,linear,90,InterceptAtK,0.035259668111465914
RD,linear,90,SlopePerWord,-0.0040291039637315425
RD,linear,90,EffectAtKPlus1,0.031230564147734372
RD,linear,90,EffectAtKPlus10,-0.0050313715258495095
RD,linear,90,TotalChangeKPlus1ToKPlus10,-0.03626193567358388
RD,linear,90,ZeroCrossingDistance,8.751243062690861
RD,linear,91,InterceptAtK,0.04317455409914631
RD,linear,91,SlopePerWord,-0.004758150787014622
RD,linear,91,EffectAtKPlus1,0.03841640331213169
RD,linear,91,EffectAtKPlus10,-0.004406953770999908
RD,linear,91,TotalChangeKPlus1ToKPlus10,-0.0428233570831316
RD,linear,91,ZeroCrossingDistance,9.07380956000242
RD,linear,92,InterceptAtK,0.041860133661401185
RD,linear,92,SlopePerWord,-0.00461518953667308
RD,linear,92,EffectAtKPlus1,0.037244944124728105
RD,linear,92,EffectAtKPlus10,-0.004291761705329612
RD,linear,92,TotalChangeKPlus1ToKPlus10,-0.04153670583005772
RD,linear,92,ZeroCrossingDistance,9.070078992156976
RD,linear,93,InterceptAtK,0.036169216172317935
RD,linear,93,SlopePerWord,-0.0036883744043706822
RD,linear,93,EffectAtKPlus1,0.03248084176794725
RD,linear,93,EffectAtKPlus10,-0.0007145278713888911
RD,linear,93,TotalChangeKPlus1ToKPlus10,-0.03319536963933614
RD,linear,93,ZeroCrossingDistance,9.806275666987013
RD,linear,94,InterceptAtK,0.032725509506618206
RD,linear,94,SlopePerWord,-0.002898162687520004
RD,linear,94,EffectAtKPlus1,0.0298273468190982
RD,linear,94,EffectAtKPlus10,0.0037438826314181647
RD,linear,94,TotalChangeKPlus1ToKPlus10,-0.026083464187680035
RD,linear,94,ZeroCrossingDistance,11.291812446395772
RD,linear,95,InterceptAtK,0.037414472862391274
RD,linear,95,SlopePerWord,-0.0042427783544027745
RD,linear,95,EffectAtKPlus1,0.0331716945079885
RD,linear,95,EffectAtKPlus10,-0.0050133106816364695
RD,linear,95,TotalChangeKPlus1ToKPlus10,-0.03818500518962497
RD,linear,95,ZeroCrossingDistance,8.818389681743778
RD,linear,96,InterceptAtK,0.0335091899076824
RD,linear,96,SlopePerWord,-0.00427753785491109
RD,linear,96,EffectAtKPlus1,0.029231652052771312
RD,linear,96,EffectAtKPlus10,-0.009266188641428502
RD,linear,96,TotalChangeKPlus1ToKPlus10,-0.038497840694199814
RD,linear,96,ZeroCrossingDistance,7.833756484284556
RD,linear,97,InterceptAtK,0.024526619728190882
RD,linear,97,SlopePerWord,-0.0010984397696024693
RD,linear,97,EffectAtKPlus1,0.023428179958588414
RD,linear,97,EffectAtKPlus10,0.01354222203216619
RD,linear,97,TotalChangeKPlus1ToKPlus10,-0.009885957926422224
RD,linear,97,ZeroCrossingDistance,22.32859771370731
RD,linear,98,InterceptAtK,0.03655971017009228
RD,linear,98,SlopePerWord,-0.0034649070898906376
RD,linear,98,EffectAtKPlus1,0.03309480308020164
RD,linear,98,EffectAtKPlus10,0.0019106392711859058
RD,linear,98,TotalChangeKPlus1ToKPlus10,-0.031184163809015737
RD,linear,98,ZeroCrossingDistance,10.55142583094377
RD,linear,99,InterceptAtK,0.032811412492022095
RD,linear,99,SlopePerWord,-0.0037602270384583724
RD,linear,99,EffectAtKPlus1,0.02905118545356372
RD,linear,99,EffectAtKPlus10,-0.004790857892561631
RD,linear,99,TotalChangeKPlus1ToKPlus10,-0.03384204334612535
RD,linear,99,ZeroCrossingDistance,8.725912599541916
RD,linear,100,InterceptAtK,0.0377617753967409
RD,linear,100,SlopePerWord,-0.004443115627787289
RD,linear,100,EffectAtKPlus1,0.03331865976895361
RD,linear,100,EffectAtKPlus10,-0.006669380881131989
RD,linear,100,TotalChangeKPlus1ToKPlus10,-0.0399880406500856
RD,linear,100,ZeroCrossingDistance,8.498940509353028
RD,linear,101,InterceptAtK,0.038409341925193186
RD,linear,101,SlopePerWord,-0.003980907504527388
RD,linear,101,EffectAtKPlus1,0.034428434420665795
RD,linear,101,EffectAtKPlus10,-0.0013997331200806956
RD,linear,101,TotalChangeKPlus1ToKPlus10,-0.03582816754074649
RD,linear,101,ZeroCrossingDistance,9.648388434423856
RD,linear,102,InterceptAtK,0.03168070808268193
RD,linear,102,SlopePerWord,-0.0029702510415112
RD,linear,102,EffectAtKPlus1,0.028710457041170732
RD,linear,102,EffectAtKPlus10,0.001978197667569931
RD,linear,102,TotalChangeKPlus1ToKPlus10,-0.0267322593736008
RD,linear,102,ZeroCrossingDistance,10.6660035262755
RD,linear,103,InterceptAtK,0.02540282080308761
RD,linear,103,SlopePerWord,-0.00268830535626035
RD,linear,103,EffectAtKPlus1,0.02271451544682726
RD,linear,103,EffectAtKPlus10,-0.0014802327595158891
RD,linear,103,TotalChangeKPlus1ToKPlus10,-0.02419474820634315
RD,linear,103,ZeroCrossingDistance,9.449380720062615
RD,linear,104,InterceptAtK,0.028578901390224728
RD,linear,104,SlopePerWord,-0.0034767401704104343
RD,linear,104,EffectAtKPlus1,0.025102161219814293
RD,linear,104,EffectAtKPlus10,-0.006188500313879613
RD,linear,104,TotalChangeKPlus1ToKPlus10,-0.031290661533693906
RD,linear,104,ZeroCrossingDistance,8.22002795418875
RD,linear,105,InterceptAtK,0.03140817796590089
RD,linear,105,SlopePerWord,-0.003094428788477852
RD,linear,105,EffectAtKPlus1,0.028313749177423037
RD,linear,105,EffectAtKPlus10,0.0004638900811223673
RD,linear,105,TotalChangeKPlus1ToKPlus10,-0.02784985909630067
RD,linear,105,ZeroCrossingDistance,10.149911377133535
RD,linear,106,InterceptAtK,0.03571373532727376
RD,linear,106,SlopePerWord,-0.0033328216788065983
RD,linear,106,EffectAtKPlus1,0.03238091364846716
RD,linear,106,EffectAtKPlus10,0.002385518539207779
RD,linear,106,TotalChangeKPlus1ToKPlus10,-0.02999539510925938
RD,linear,106,ZeroCrossingDistance,10.715765429148904
RD,linear,107,InterceptAtK,0.023501052929832032
RD,linear,107,SlopePerWord,-0.0023465729142237153
RD,linear,107,EffectAtKPlus1,0.021154480015608317
RD,linear,107,EffectAtKPlus10,3.53237875948785e-05
RD,linear,107,TotalChangeKPlus1ToKPlus10,-0.021119156228013438
RD,linear,107,ZeroCrossingDistance,10.015053351796897
RD,linear,108,InterceptAtK,0.032614847957380164
RD,linear,108,SlopePerWord,-0.0032785094346487378
RD,linear,108,EffectAtKPlus1,0.029336338522731424
RD,linear,108,EffectAtKPlus10,-0.00017024638910721757
RD,linear,108,TotalChangeKPlus1ToKPlus10,-0.02950658491183864
RD,linear,108,ZeroCrossingDistance,9.948072014889457
RD,linear,109,InterceptAtK,0.03318031236350347
RD,linear,109,SlopePerWord,-0.0034741252208905543
RD,linear,109,EffectAtKPlus1,0.029706187142612913
RD,linear,109,EffectAtKPlus10,-0.001560939845402079
RD,linear,109,TotalChangeKPlus1ToKPlus10,-0.031267126988014995
RD,linear,109,ZeroCrossingDistance,9.550695571933948
RD,linear,110,InterceptAtK,0.027742051974388122
RD,linear,110,SlopePerWord,-0.002043976171762331
RD,linear,110,EffectAtKPlus1,0.025698075802625793
RD,linear,110,EffectAtKPlus10,0.007302290256764814
RD,linear,110,TotalChangeKPlus1ToKPlus10,-0.01839578554586098
RD,linear,110,ZeroCrossingDistance,13.572590697311666
RD,linear,111,InterceptAtK,0.02877388961526735
RD,linear,111,SlopePerWord,-0.00285954012209565
RD,linear,111,EffectAtKPlus1,0.0259143494931717
RD,linear,111,EffectAtKPlus10,0.00017848839431085228
RD,linear,111,TotalChangeKPlus1ToKPlus10,-0.02573586109886085
RD,linear,111,ZeroCrossingDistance,10.062418566164425
RD,linear,112,InterceptAtK,0.03333173199402363
RD,linear,112,SlopePerWord,-0.0035362585084659248
RD,linear,112,EffectAtKPlus1,0.029795473485557705
RD,linear,112,EffectAtKPlus10,-0.002030853090635616
RD,linear,112,TotalChangeKPlus1ToKPlus10,-0.03182632657619332
RD,linear,112,ZeroCrossingDistance,9.425705703988076
RD,linear,113,InterceptAtK,0.036815376387967044
RD,linear,113,SlopePerWord,-0.003499211296426977
RD,linear,113,EffectAtKPlus1,0.03331616509154007
RD,linear,113,EffectAtKPlus10,0.0018232634236972772
RD,linear,113,TotalChangeKPlus1ToKPlus10,-0.03149290166784279
RD,linear,113,ZeroCrossingDistance,10.52104982215821
RD,linear,114,InterceptAtK,0.024404638528926853
RD,linear,114,SlopePerWord,-0.0009552823422430948
RD,linear,114,EffectAtKPlus1,0.02344935618668376
RD,linear,114,EffectAtKPlus10,0.014851815106495905
RD,linear,114,TotalChangeKPlus1ToKPlus10,-0.008597541080187855
RD,linear,114,ZeroCrossingDistance,25.547042428966513
RD,linear,115,InterceptAtK,0.043671232975747
RD,linear,115,SlopePerWord,-0.004975294361533581
RD,linear,115,EffectAtKPlus1,0.03869593861421342
RD,linear,115,EffectAtKPlus10,-0.006081710639588803
RD,linear,115,TotalChangeKPlus1ToKPlus10,-0.044777649253802225
RD,linear,115,ZeroCrossingDistance,8.77761792616544
RD,linear,116,InterceptAtK,0.025528217983907583
RD,linear,116,SlopePerWord,-0.0023218164249122933
RD,linear,116,EffectAtKPlus1,0.02320640155899529
RD,linear,116,EffectAtKPlus10,0.002310053734784649
RD,linear,116,TotalChangeKPlus1ToKPlus10,-0.02089634782421064
RD,linear,116,ZeroCrossingDistance,10.994933841452134
RD,linear,117,InterceptAtK,0.040348178720208454
RD,linear,117,SlopePerWord,-0.005249950070016005
RD,linear,117,EffectAtKPlus1,0.03509822865019245
RD,linear,117,EffectAtKPlus10,-0.012151321979951592
RD,linear,117,TotalChangeKPlus1ToKPlus10,-0.04724955063014404
RD,linear,117,ZeroCrossingDistance,7.68544046745295
RD,linear,118,InterceptAtK,0.0349650603728764
RD,linear,118,SlopePerWord,-0.004112415401370762
RD,linear,118,EffectAtKPlus1,0.030852644971505642
RD,linear,118,EffectAtKPlus10,-0.006159093640831212
RD,linear,118,TotalChangeKPlus1ToKPlus10,-0.03701173861233685
RD,linear,118,ZeroCrossingDistance,8.502317241887031
RD,linear,119,InterceptAtK,0.0340590972951052
RD,linear,119,SlopePerWord,-0.0032407482896598346
RD,linear,119,EffectAtKPlus1,0.030818349005445365
RD,linear,119,EffectAtKPlus10,0.0016516143985068552
RD,linear,119,TotalChangeKPlus1ToKPlus10,-0.02916673460693851
RD,linear,119,ZeroCrossingDistance,10.509639827251199
RD,linear,120,InterceptAtK,0.030292161025343257
RD,linear,120,SlopePerWord,-0.001850895126591577
RD,linear,120,EffectAtKPlus1,0.02844126589875168
RD,linear,120,EffectAtKPlus10,0.011783209759427486
RD,linear,120,TotalChangeKPlus1ToKPlus10,-0.016658056139324195
RD,linear,120,ZeroCrossingDistance,16.366222261942127
RD,linear,121,InterceptAtK,0.03405847841710621
RD,linear,121,SlopePerWord,-0.002657696428858713
RD,linear,121,EffectAtKPlus1,0.03140078198824749
RD,linear,121,EffectAtKPlus10,0.0074815141285190755
RD,linear,121,TotalChangeKPlus1ToKPlus10,-0.023919267859728418
RD,linear,121,ZeroCrossingDistance,12.815037130381306
RD,linear,122,InterceptAtK,0.046049511284152224
RD,linear,122,SlopePerWord,-0.005875835867063834
RD,linear,122,EffectAtKPlus1,0.04017367541708839
RD,linear,122,EffectAtKPlus10,-0.012708847386486116
RD,linear,122,TotalChangeKPlus1ToKPlus10,-0.05288252280357451
RD,linear,122,ZeroCrossingDistance,7.837099661390516
RD,linear,123,InterceptAtK,0.040590186610483074
RD,linear,123,SlopePerWord,-0.0038415585359542126
RD,linear,123,EffectAtKPlus1,0.03674862807452886
RD,linear,123,EffectAtKPlus10,0.002174601250940947
RD,linear,123,TotalChangeKPlus1ToKPlus10,-0.034574026823587914
RD,linear,123,ZeroCrossingDistance,10.566072657903883
RD,linear,124,InterceptAtK,0.03811213639553563
RD,linear,124,SlopePerWord,-0.003343650897228537
RD,linear,124,EffectAtKPlus1,0.03476848549830709
RD,linear,124,EffectAtKPlus10,0.004675627423250263
RD,linear,124,TotalChangeKPlus1ToKPlus10,-0.03009285807505683
RD,linear,124,ZeroCrossingDistance,11.398359926607698
RD,linear,125,InterceptAtK,0.036388752271089723
RD,linear,125,SlopePerWord,-0.003293481029977053
RD,linear,125,EffectAtKPlus1,0.03309527124111267
RD,linear,125,EffectAtKPlus10,0.0034539419713191938
RD,linear,125,TotalChangeKPlus1ToKPlus10,-0.029641329269793473
RD,linear,125,ZeroCrossingDistance,11.04872077290916
RD,linear,126,InterceptAtK,0.03486357175179233
RD,linear,126,SlopePerWord,-0.0038778642218587176
RD,linear,126,EffectAtKPlus1,0.030985707529933616
RD,linear,126,EffectAtKPlus10,-0.0039150704667948455
RD,linear,126,TotalChangeKPlus1ToKPlus10,-0.03490077799672846
RD,linear,126,ZeroCrossingDistance,8.990405480231514
RD,linear,127,InterceptAtK,0.037068722277756004
RD,linear,127,SlopePerWord,-0.004075669155087785
RD,linear,127,EffectAtKPlus1,0.03299305312266822
RD,linear,127,EffectAtKPlus10,-0.003687969273121851
RD,linear,127,TotalChangeKPlus1ToKPlus10,-0.03668102239579007
RD,linear,127,ZeroCrossingDistance,9.09512545479359
RD,linear,128,InterceptAtK,0.029446242137032962
RD,linear,128,SlopePerWord,-0.003238105907972795
RD,linear,128,EffectAtKPlus1,0.026208136229060167
RD,linear,128,EffectAtKPlus10,-0.002934816942694988
RD,linear,128,TotalChangeKPlus1ToKPlus10,-0.029142953171755154
RD,linear,128,ZeroCrossingDistance,9.093662460060697
RD,linear,129,InterceptAtK,0.03812985181896564
RD,linear,129,SlopePerWord,-0.0036888221001944088
RD,linear,129,EffectAtKPlus1,0.03444102971877123
RD,linear,129,EffectAtKPlus10,0.0012416308170215481
RD,linear,129,TotalChangeKPlus1ToKPlus10,-0.03319939890174968
RD,linear,129,ZeroCrossingDistance,10.336592761401022
RD,linear,130,InterceptAtK,0.03746149926178393
RD,linear,130,SlopePerWord,-0.003634590326231171
RD,linear,130,EffectAtKPlus1,0.033826908935552756
RD,linear,130,EffectAtKPlus10,0.0011155959994722173
RD,linear,130,TotalChangeKPlus1ToKPlus10,-0.03271131293608054
RD,linear,130,ZeroCrossingDistance,10.306938581611485
RD,linear,131,InterceptAtK,0.03820894706072865
RD,linear,131,SlopePerWord,-0.004429671336834621
RD,linear,131,EffectAtKPlus1,0.03377927572389403
RD,linear,131,EffectAtKPlus10,-0.006087766307617551
RD,linear,131,TotalChangeKPlus1ToKPlus10,-0.03986704203151158
RD,linear,131,ZeroCrossingDistance,8.625684425615246
RD,linear,132,InterceptAtK,0.03040661543212394
RD,linear,132,SlopePerWord,-0.0030722096142996235
RD,linear,132,EffectAtKPlus1,0.027334405817824314
RD,linear,132,EffectAtKPlus10,-0.00031548071087229845
RD,linear,132,TotalChangeKPlus1ToKPlus10,-0.027649886528696613
RD,linear,132,ZeroCrossingDistance,9.897311462927565
RD,linear,133,InterceptAtK,0.03179813574660642
RD,linear,133,SlopePerWord,-0.002692781036785681
RD,linear,133,EffectAtKPlus1,0.02910535470982074
RD,linear,133,EffectAtKPlus10,0.004870325378749613
RD,linear,133,TotalChangeKPlus1ToKPlus10,-0.024235029331071127
RD,linear,133,ZeroCrossingDistance,11.808660010679228
RD,linear,134,InterceptAtK,0.04309296538099009
RD,linear,134,SlopePerWord,-0.00446891123456212
RD,linear,134,EffectAtKPlus1,0.03862405414642797
RD,linear,134,EffectAtKPlus10,-0.0015961469646311038
RD,linear,134,TotalChangeKPlus1ToKPlus10,-0.040220201111059076
RD,linear,134,ZeroCrossingDistance,9.642833146407863
RD,linear,135,InterceptAtK,0.03386841394733653
RD,linear,135,SlopePerWord,-0.00284421799748951
RD,linear,135,EffectAtKPlus1,0.031024195949847018
RD,linear,135,EffectAtKPlus10,0.0054262339724414285
RD,linear,135,TotalChangeKPlus1ToKPlus10,-0.02559796197740559
RD,linear,135,ZeroCrossingDistance,11.907812262362087
RD,linear,136,InterceptAtK,0.04156784157148657
RD,linear,136,SlopePerWord,-0.005336453821230075
RD,linear,136,EffectAtKPlus1,0.03623138775025649
RD,linear,136,EffectAtKPlus10,-0.011796696640814182
RD,linear,136,TotalChangeKPlus1ToKPlus10,-0.048028084391070675
RD,linear,136,ZeroCrossingDistance,7.789412775599547
RD,linear,137,InterceptAtK,0.041401525750415884
RD,linear,137,SlopePerWord,-0.0044044634247413375
RD,linear,137,EffectAtKPlus1,0.03699706232567455
RD,linear,137,EffectAtKPlus10,-0.00264310849699749
RD,linear,137,TotalChangeKPlus1ToKPlus10,-0.03964017082267204
RD,linear,137,ZeroCrossingDistance,9.39990227137538
RD,linear,138,InterceptAtK,0.03747723506639009
RD,linear,138,SlopePerWord,-0.0031369578362042804
RD,linear,138,EffectAtKPlus1,0.03434027723018581
RD,linear,138,EffectAtKPlus10,0.006107656704347285
RD,linear,138,TotalChangeKPlus1ToKPlus10,-0.028232620525838525
RD,linear,138,ZeroCrossingDistance,11.946999935369726
RD,linear,139,InterceptAtK,0.030619130979318857
RD,linear,139,SlopePerWord,-0.0033470368001818334
RD,linear,139,EffectAtKPlus1,0.02727209417913702
RD,linear,139,EffectAtKPlus10,-0.002851237022499481
RD,linear,139,TotalChangeKPlus1ToKPlus10,-0.030123331201636502
RD,linear,139,ZeroCrossingDistance,9.148130960990756
RD,linear,140,InterceptAtK,0.035930901368140915
RD,linear,140,SlopePerWord,-0.0031890195422112364
RD,linear,140,EffectAtKPlus1,0.03274188182592968
RD,linear,140,EffectAtKPlus10,0.004040705946028553
RD,linear,140,TotalChangeKPlus1ToKPlus10,-0.028701175879901127
RD,linear,140,ZeroCrossingDistance,11.267068417908396
RD,linear,141,InterceptAtK,0.033169829588731
RD,linear,141,SlopePerWord,-0.003039724216151724
RD,linear,141,EffectAtKPlus1,0.030130105372579277
RD,linear,141,EffectAtKPlus10,0.002772587427213761
RD,linear,141,TotalChangeKPlus1ToKPlus10,-0.027357517945365516
RD,linear,141,ZeroCrossingDistance,10.912118083766114
RD,linear,142,InterceptAtK,0.028026016387180993
RD,linear,142,SlopePerWord,-0.00197913066284533
RD,linear,142,EffectAtKPlus1,0.026046885724335663
RD,linear,142,EffectAtKPlus10,0.008234709758727695
RD,linear,142,TotalChangeKPlus1ToKPlus10,-0.017812175965607968
RD,linear,142,ZeroCrossingDistance,14.160771147312188
RD,linear,143,InterceptAtK,0.0397275263784533
RD,linear,143,SlopePerWord,-0.004166357929603122
RD,linear,143,EffectAtKPlus1,0.03556116844885018
RD,linear,143,EffectAtKPlus10,-0.001936052917577917
RD,linear,143,TotalChangeKPlus1ToKPlus10,-0.0374972213664281
RD,linear,143,ZeroCrossingDistance,9.53531286790755
RD,linear,144,InterceptAtK,0.024939202357523404
RD,linear,144,SlopePerWord,-0.001955622799664514
RD,linear,144,EffectAtKPlus1,0.022983579557858888
RD,linear,144,EffectAtKPlus10,0.0053829743608782635
RD,linear,144,TotalChangeKPlus1ToKPlus10,-0.017600605196980625
RD,linear,144,ZeroCrossingDistance,12.752562693481437
RD,linear,145,InterceptAtK,0.03623547022200125
RD,linear,145,SlopePerWord,-0.0037980878018882515
RD,linear,145,EffectAtKPlus1,0.032437382420113
RD,linear,145,EffectAtKPlus10,-0.0017454077968812667
RD,linear,145,TotalChangeKPlus1ToKPlus10,-0.03418279021699427
RD,linear,145,ZeroCrossingDistance,9.540450909003862
RD,linear,146,InterceptAtK,0.04567812831360264
RD,linear,146,SlopePerWord,-0.004954317982144667
RD,linear,146,EffectAtKPlus1,0.04072381033145797
RD,linear,146,EffectAtKPlus10,-0.003865051507844032
RD,linear,146,TotalChangeKPlus1ToKPlus10,-0.044588861839302
RD,linear,146,ZeroCrossingDistance,9.219862043216915
RD,linear,147,InterceptAtK,0.04018847892928021
RD,linear,147,SlopePerWord,-0.004127406275900666
RD,linear,147,EffectAtKPlus1,0.036061072653379544
RD,linear,147,EffectAtKPlus10,-0.0010855838297264553
RD,linear,147,TotalChangeKPlus1ToKPlus10,-0.037146656483106
RD,linear,147,ZeroCrossingDistance,9.736981591546966
RD,linear,148,InterceptAtK,0.02876071334043707
RD,linear,148,SlopePerWord,-0.002735801718762433
RD,linear,148,EffectAtKPlus1,0.026024911621674637
RD,linear,148,EffectAtKPlus10,0.00140269615281274
RD,linear,148,TotalChangeKPlus1ToKPlus10,-0.024622215468861897
RD,linear,148,ZeroCrossingDistance,10.512718499733696
RD,linear,149,InterceptAtK,0.03813732718396908
RD,linear,149,SlopePerWord,-0.0036528516498383432
RD,linear,149,EffectAtKPlus1,0.03448447553413074
RD,linear,149,EffectAtKPlus10,0.001608810685585653
RD,linear,149,TotalChangeKPlus1ToKPlus10,-0.03287566484854509
RD,linear,149,ZeroCrossingDistance,10.440425957527415
RD,linear,150,InterceptAtK,0.03231840128626147
RD,linear,150,SlopePerWord,-0.0035116772682584523
RD,linear,150,EffectAtKPlus1,0.028806724018003018
RD,linear,150,EffectAtKPlus10,-0.0027983713963230517
RD,linear,150,TotalChangeKPlus1ToKPlus10,-0.03160509541432607
RD,linear,150,ZeroCrossingDistance,9.203123982486337
RD,linear,151,InterceptAtK,0.035770927008251296
RD,linear,151,SlopePerWord,-0.003727176231152631
RD,linear,151,EffectAtKPlus1,0.032043750777098666
RD,linear,151,EffectAtKPlus10,-0.0015008353032750152
RD,linear,151,TotalChangeKPlus1ToKPlus10,-0.03354458608037368
RD,linear,151,ZeroCrossingDistance,9.597326444955655
RD,linear,152,InterceptAtK,0.0348611590830635
RD,linear,152,SlopePerWord,-0.0038178416141791483
RD,linear,152,EffectAtKPlus1,0.031043317468884356
RD,linear,152,EffectAtKPlus10,-0.003317257058727978
RD,linear,152,TotalChangeKPlus1ToKPlus10,-0.034360574527612334
RD,linear,152,ZeroCrossingDistance,9.13111716148518
RD,linear,153,InterceptAtK,0.03561130339559433
RD,linear,153,SlopePerWord,-0.0036354627716882965
RD,linear,153,EffectAtKPlus1,0.031975840623906036
RD,linear,153,EffectAtKPlus10,-0.0007433243212886312
RD,linear,153,TotalChangeKPlus1ToKPlus10,-0.03271916494519467
RD,linear,153,ZeroCrossingDistance,9.795535157978406
RD,linear,154,InterceptAtK,0.027950612447857747
RD,linear,154,SlopePerWord,-0.0032546754956743647
RD,linear,154,EffectAtKPlus1,0.024695936952183382
RD,linear,154,EffectAtKPlus10,-0.0045961425088859
RD,linear,154,TotalChangeKPlus1ToKPlus10,-0.029292079461069282
RD,linear,154,ZeroCrossingDistance,8.587833867003203
RD,linear,155,InterceptAtK,0.04009931115519815
RD,linear,155,SlopePerWord,-0.005577080365362795
RD,linear,155,EffectAtKPlus1,0.03452223078983536
RD,linear,155,EffectAtKPlus10,-0.015671492498429793
RD,linear,155,TotalChangeKPlus1ToKPlus10,-0.05019372328826515
RD,linear,155,ZeroCrossingDistance,7.19001852729975
RD,linear,156,InterceptAtK,0.03828770046629265
RD,linear,156,SlopePerWord,-0.004593755577935074
RD,linear,156,EffectAtKPlus1,0.03369394488835758
RD,linear,156,EffectAtKPlus10,-0.0076498553130580835
RD,linear,156,TotalChangeKPlus1ToKPlus10,-0.04134380020141566
RD,linear,156,ZeroCrossingDistance,8.334727396076055
RD,linear,157,InterceptAtK,0.035186963795944694
RD,linear,157,SlopePerWord,-0.004073805935796214
RD,linear,157,EffectAtKPlus1,0.03111315786014848
RD,linear,157,EffectAtKPlus10,-0.005551095562017445
RD,linear,157,TotalChangeKPlus1ToKPlus10,-0.03666425342216592
RD,linear,157,ZeroCrossingDistance,8.637368679435513
RD,linear,158,InterceptAtK,0.03208705825127849
RD,linear,158,SlopePerWord,-0.003691901378681671
RD,linear,158,EffectAtKPlus1,0.028395156872596822
RD,linear,158,EffectAtKPlus10,-0.004831955535538217
RD,linear,158,TotalChangeKPlus1ToKPlus10,-0.03322711240813504
RD,linear,158,ZeroCrossingDistance,8.691201351303798
RD,linear,159,InterceptAtK,0.017294173325042794
RD,linear,159,SlopePerWord,-0.0005942009201270845
RD,linear,159,EffectAtKPlus1,0.01669997240491571
RD,linear,159,EffectAtKPlus10,0.011352164123771949
RD,linear,159,TotalChangeKPlus1ToKPlus10,-0.00534780828114376
RD,linear,159,ZeroCrossingDistance,29.104925184807875
RD,linear,160,InterceptAtK,0.03848592545967272
RD,linear,160,SlopePerWord,-0.0043838505386662235
RD,linear,160,EffectAtKPlus1,0.034102074921006496
RD,linear,160,EffectAtKPlus10,-0.005352579926989516
RD,linear,160,TotalChangeKPlus1ToKPlus10,-0.03945465484799601
RD,linear,160,ZeroCrossingDistance,8.77902317157509
RD,linear,161,InterceptAtK,0.03276580703234295
RD,linear,161,SlopePerWord,-0.0028922199675070178
RD,linear,161,EffectAtKPlus1,0.029873587064835932
RD,linear,161,EffectAtKPlus10,0.0038436073572727728
RD,linear,161,TotalChangeKPlus1ToKPlus10,-0.02602997970756316
RD,linear,161,ZeroCrossingDistance,11.328947106532084
RD,linear,162,InterceptAtK,0.035519880534568005
RD,linear,162,SlopePerWord,-0.0033958115837289583
RD,linear,162,EffectAtKPlus1,0.032124068950839045
RD,linear,162,EffectAtKPlus10,0.0015617646972784227
RD,linear,162,TotalChangeKPlus1ToKPlus10,-0.030562304253560622
RD,linear,162,ZeroCrossingDistance,10.45990911414568
RD,linear,163,InterceptAtK,0.04663387784864316
RD,linear,163,SlopePerWord,-0.005047292167375098
RD,linear,163,EffectAtKPlus1,0.041586585681268065
RD,linear,163,EffectAtKPlus10,-0.0038390438251078227
RD,linear,163,TotalChangeKPlus1ToKPlus10,-0.04542562950637589
RD,linear,163,ZeroCrossingDistance,9.239385457033219
RD,linear,164,InterceptAtK,0.027181394306169754
RD,linear,164,SlopePerWord,-0.0019338984327544504
RD,linear,164,EffectAtKPlus1,0.025247495873415304
RD,linear,164,EffectAtKPlus10,0.007842409978625248
RD,linear,164,TotalChangeKPlus1ToKPlus10,-0.017405085894790055
RD,linear,164,ZeroCrossingDistance,14.055233638850055
RD,linear,165,InterceptAtK,0.0406190473831048
RD,linear,165,SlopePerWord,-0.004617925436547168
RD,linear,165,EffectAtKPlus1,0.036001121946557635
RD,linear,165,EffectAtKPlus10,-0.00556020698236688
RD,linear,165,TotalChangeKPlus1ToKPlus10,-0.041561328928924515
RD,linear,165,ZeroCrossingDistance,8.795951329494775
RD,linear,166,InterceptAtK,0.03411827242394704
RD,linear,166,SlopePerWord,-0.0031528590500337346
RD,linear,166,EffectAtKPlus1,0.030965413373913307
RD,linear,166,EffectAtKPlus10,0.002589681923609699
RD,linear,166,TotalChangeKPlus1ToKPlus10,-0.028375731450303608
RD,linear,166,ZeroCrossingDistance,10.821375736280373
RD,linear,167,InterceptAtK,0.02929529177852841
RD,linear,167,SlopePerWord,-0.002750281758019818
RD,linear,167,EffectAtKPlus1,0.026545010020508592
RD,linear,167,EffectAtKPlus10,0.0017924741983302295
RD,linear,167,TotalChangeKPlus1ToKPlus10,-0.024752535822178363
RD,linear,167,ZeroCrossingDistance,10.65174202355936
RD,linear,168,InterceptAtK,0.0362495671603746
RD,linear,168,SlopePerWord,-0.004492704914591724
RD,linear,168,EffectAtKPlus1,0.03175686224578288
RD,linear,168,EffectAtKPlus10,-0.008677481985542634
RD,linear,168,TotalChangeKPlus1ToKPlus10,-0.04043434423132551
RD,linear,168,ZeroCrossingDistance,8.068539521178144
RD,linear,169,InterceptAtK,0.02978544512935509
RD,linear,169,SlopePerWord,-0.002792851340317171
RD,linear,169,EffectAtKPlus1,0.02699259378903792
RD,linear,169,EffectAtKPlus10,0.00185693172618338
RD,linear,169,TotalChangeKPlus1ToKPlus10,-0.02513566206285454
RD,linear,169,ZeroCrossingDistance,10.664887421459568
RD,linear,170,InterceptAtK,0.03789871862414309
RD,linear,170,SlopePerWord,-0.005267186333043176
RD,linear,170,EffectAtKPlus1,0.03263153229109991
RD,linear,170,EffectAtKPlus10,-0.014773144706288668
RD,linear,170,TotalChangeKPlus1ToKPlus10,-0.04740467699738858
RD,linear,170,ZeroCrossingDistance,7.195249271207515
RD,linear,171,InterceptAtK,0.038074594972394155
RD,linear,171,SlopePerWord,-0.003916275423556014
RD,linear,171,EffectAtKPlus1,0.03415831954883814
RD,linear,171,EffectAtKPlus10,-0.0010881592631659873
RD,linear,171,TotalChangeKPlus1ToKPlus10,-0.03524647881200413
RD,linear,171,ZeroCrossingDistance,9.722144347504056
RD,linear,172,InterceptAtK,0.0474565653762924
RD,linear,172,SlopePerWord,-0.005173312051331012
RD,linear,172,EffectAtKPlus1,0.042283253324961384
RD,linear,172,EffectAtKPlus10,-0.004276555137017718
RD,linear,172,TotalChangeKPlus1ToKPlus10,-0.0465598084619791
RD,linear,172,ZeroCrossingDistance,9.17334290014123
RD,linear,173,InterceptAtK,0.038389729402972944
RD,linear,173,SlopePerWord,-0.002956440214878818
RD,linear,173,EffectAtKPlus1,0.03543328918809412
RD,linear,173,EffectAtKPlus10,0.008825327254184764
RD,linear,173,TotalChangeKPlus1ToKPlus10,-0.02660796193390936
RD,linear,173,ZeroCrossingDistance,12.985119472320026
RD,linear,174,InterceptAtK,0.02739016947322801
RD,linear,174,SlopePerWord,-0.002217420088269256
RD,linear,174,EffectAtKPlus1,0.025172749384958754
RD,linear,174,EffectAtKPlus10,0.005215968590535452
RD,linear,174,TotalChangeKPlus1ToKPlus10,-0.019956780794423302
RD,linear,174,ZeroCrossingDistance,12.35226902567056
RD,linear,175,InterceptAtK,0.0388334108857364
RD,linear,175,SlopePerWord,-0.005200164369544064
RD,linear,175,EffectAtKPlus1,0.03363324651619234
RD,linear,175,EffectAtKPlus10,-0.013168232809704236
RD,linear,175,TotalChangeKPlus1ToKPlus10,-0.046801479325896574
RD,linear,175,ZeroCrossingDistance,7.467727580530537
RD,linear,176,InterceptAtK,0.03142721219432732
RD,linear,176,SlopePerWord,-0.0029097804210073434
RD,linear,176,EffectAtKPlus1,0.028517431773319977
RD,linear,176,EffectAtKPlus10,0.0023294079842538853
RD,linear,176,TotalChangeKPlus1ToKPlus10,-0.02618802378906609
RD,linear,176,ZeroCrossingDistance,10.800544249812315
RD,linear,177,InterceptAtK,0.04350192489778361
RD,linear,177,SlopePerWord,-0.004546936007339718
RD,linear,177,EffectAtKPlus1,0.03895498889044389
RD,linear,177,EffectAtKPlus10,-0.001967435175613569
RD,linear,177,TotalChangeKPlus1ToKPlus10,-0.04092242406605746
RD,linear,177,ZeroCrossingDistance,9.567305285924915
RD,linear,178,InterceptAtK,0.032772546684073436
RD,linear,178,SlopePerWord,-0.0032605027556511096
RD,linear,178,EffectAtKPlus1,0.029512043928422327
RD,linear,178,EffectAtKPlus10,0.00016751912756234055
RD,linear,178,TotalChangeKPlus1ToKPlus10,-0.029344524800859986
RD,linear,178,ZeroCrossingDistance,10.051378311909719
RD,linear,179,InterceptAtK,0.043591207416815735
RD,linear,179,SlopePerWord,-0.004915508289051831
RD,linear,179,EffectAtKPlus1,0.038675699127763905
RD,linear,179,EffectAtKPlus10,-0.005563875473702573
RD,linear,179,TotalChangeKPlus1ToKPlus10,-0.04423957460146648
RD,linear,179,ZeroCrossingDistance,8.868097631714948
RD,linear,180,InterceptAtK,0.029282052480166517
RD,linear,180,SlopePerWord,-0.0023777928539221267
RD,linear,180,EffectAtKPlus1,0.02690425962624439
RD,linear,180,EffectAtKPlus10,0.0055041239409452485
RD,linear,180,TotalChangeKPlus1ToKPlus10,-0.02140013568529914
RD,linear,180,ZeroCrossingDistance,12.314803802974803
RD,linear,181,InterceptAtK,0.029594104379316498
RD,linear,181,SlopePerWord,-0.002419898816642429
RD,linear,181,EffectAtKPlus1,0.027174205562674067
RD,linear,181,EffectAtKPlus10,0.005395116212892206
RD,linear,181,TotalChangeKPlus1ToKPlus10,-0.02177908934978186
RD,linear,181,ZeroCrossingDistance,12.229480082302715
RD,linear,182,InterceptAtK,0.04563230207794095
RD,linear,182,SlopePerWord,-0.006209173118799843
RD,linear,182,EffectAtKPlus1,0.03942312895914111
RD,linear,182,EffectAtKPlus10,-0.01645942911005748
RD,linear,182,TotalChangeKPlus1ToKPlus10,-0.05588255806919859
RD,linear,182,ZeroCrossingDistance,7.349175357951867
RD,linear,183,InterceptAtK,0.028908076362494428
RD,linear,183,SlopePerWord,-0.0025150007466017785
RD,linear,183,EffectAtKPlus1,0.02639307561589265
RD,linear,183,EffectAtKPlus10,0.0037580688964766427
RD,linear,183,TotalChangeKPlus1ToKPlus10,-0.02263500671941601
RD,linear,183,ZeroCrossingDistance,11.494261543084818
RD,linear,184,InterceptAtK,0.043546860173151215
RD,linear,184,SlopePerWord,-0.004437621088229999
RD,linear,184,EffectAtKPlus1,0.03910923908492121
RD,linear,184,EffectAtKPlus10,-0.000829350709148774
RD,linear,184,TotalChangeKPlus1ToKPlus10,-0.03993858979406999
RD,linear,184,ZeroCrossingDistance,9.81310916532543
RD,linear,185,InterceptAtK,0.037494120327951415
RD,linear,185,SlopePerWord,-0.004212388507061396
RD,linear,185,EffectAtKPlus1,0.03328173182089002
RD,linear,185,EffectAtKPlus10,-0.004629764742662551
RD,linear,185,TotalChangeKPlus1ToKPlus10,-0.03791149656355257
RD,linear,185,ZeroCrossingDistance,8.900916965540693
RD,linear,186,InterceptAtK,0.03403851805974919
RD,linear,186,SlopePerWord,-0.0037048527890300516
RD,linear,186,EffectAtKPlus1,0.030333665270719137
RD,linear,186,EffectAtKPlus10,-0.00301000983055133
RD,linear,186,TotalChangeKPlus1ToKPlus10,-0.03334367510127047
RD,linear,186,ZeroCrossingDistance,9.187549411014691
RD,linear,187,InterceptAtK,0.03217402041997637
RD,linear,187,SlopePerWord,-0.0029633819646070897
RD,linear,187,EffectAtKPlus1,0.02921063845536928
RD,linear,187,EffectAtKPlus10,0.002540200773905474
RD,linear,187,TotalChangeKPlus1ToKPlus10,-0.026670437681463807
RD,linear,187,ZeroCrossingDistance,10.857196542411392
RD,linear,188,InterceptAtK,0.034314247035123924
RD,linear,188,SlopePerWord,-0.004209983615217083
RD,linear,188,EffectAtKPlus1,0.03010426341990684
RD,linear,188,EffectAtKPlus10,-0.007785589117046902
RD,linear,188,TotalChangeKPlus1ToKPlus10,-0.03788985253695375
RD,linear,188,ZeroCrossingDistance,8.150684223827923
RD,linear,189,InterceptAtK,0.023978633969746595
RD,linear,189,SlopePerWord,-0.0020751284916657956
RD,linear,189,EffectAtKPlus1,0.0219035054780808
RD,linear,189,EffectAtKPlus10,0.0032273490530886385
RD,linear,189,TotalChangeKPlus1ToKPlus10,-0.018676156424992162
RD,linear,189,ZeroCrossingDistance,11.55525263425876
RD,linear,190,InterceptAtK,0.035104806578974614
RD,linear,190,SlopePerWord,-0.0038849682299833413
RD,linear,190,EffectAtKPlus1,0.031219838348991273
RD,linear,190,EffectAtKPlus10,-0.003744875720858798
RD,linear,190,TotalChangeKPlus1ToKPlus10,-0.03496471406985007
RD,linear,190,ZeroCrossingDistance,9.036060142794305
RD,linear,191,InterceptAtK,0.03554823510367468
RD,linear,191,SlopePerWord,-0.004681215139317525
RD,linear,191,EffectAtKPlus1,0.030867019964357152
RD,linear,191,EffectAtKPlus10,-0.011263916289500575
RD,linear,191,TotalChangeKPlus1ToKPlus10,-0.04213093625385773
RD,linear,191,ZeroCrossingDistance,7.593805036881355
RD,linear,192,InterceptAtK,0.03602176550834108
RD,linear,192,SlopePerWord,-0.002724663113164261
RD,linear,192,EffectAtKPlus1,0.033297102395176824
RD,linear,192,EffectAtKPlus10,0.008775134376698471
RD,linear,192,TotalChangeKPlus1ToKPlus10,-0.024521968018478352
RD,linear,192,ZeroCrossingDistance,13.220630959585883
RD,linear,193,InterceptAtK,0.03530203600133927
RD,linear,193,SlopePerWord,-0.0038486177211182874
RD,linear,193,EffectAtKPlus1,0.03145341828022098
RD,linear,193,EffectAtKPlus10,-0.0031841412098436023
RD,linear,193,TotalChangeKPlus1ToKPlus10,-0.034637559490064584
RD,linear,193,ZeroCrossingDistance,9.172653289940579
RD,linear,194,InterceptAtK,0.036348285801000954
RD,linear,194,SlopePerWord,-0.003447400964234215
RD,linear,194,EffectAtKPlus1,0.03290088483676674
RD,linear,194,EffectAtKPlus10,0.0018742761586588025
RD,linear,194,TotalChangeKPlus1ToKPlus10,-0.031026608678107935
RD,linear,194,ZeroCrossingDistance,10.54367802820266
RD,linear,195,InterceptAtK,0.03613525537762571
RD,linear,195,SlopePerWord,-0.004569349474957054
RD,linear,195,EffectAtKPlus1,0.03156590590266865
RD,linear,195,EffectAtKPlus10,-0.009558239371944832
RD,linear,195,TotalChangeKPlus1ToKPlus10,-0.041124145274613486
RD,linear,195,ZeroCrossingDistance,7.90818377444534
RD,linear,196,InterceptAtK,0.028349474612945135
RD,linear,196,SlopePerWord,-0.0023564653944148253
RD,linear,196,EffectAtKPlus1,0.02599300921853031
RD,linear,196,EffectAtKPlus10,0.004784820668796881
RD,linear,196,TotalChangeKPlus1ToKPlus10,-0.021208188549733428
RD,linear,196,ZeroCrossingDistance,12.030507505069933
RD,linear,197,InterceptAtK,0.033702229906720414
RD,linear,197,SlopePerWord,-0.0032271185939631315
RD,linear,197,EffectAtKPlus1,0.030475111312757285
RD,linear,197,EffectAtKPlus10,0.0014310439670891031
RD,linear,197,TotalChangeKPlus1ToKPlus10,-0.02904406734566818
RD,linear,197,ZeroCrossingDistance,10.443443252989248
RD,linear,198,InterceptAtK,0.050442155909512905
RD,linear,198,SlopePerWord,-0.006182035741139985
RD,linear,198,EffectAtKPlus1,0.04426012016837292
RD,linear,198,EffectAtKPlus10,-0.011378201501886946
RD,linear,198,TotalChangeKPlus1ToKPlus10,-0.055638321670259866
RD,linear,198,ZeroCrossingDistance,8.159473355003804
RD,linear,199,InterceptAtK,0.0389913407290949
RD,linear,199,SlopePerWord,-0.004750189446771487
RD,linear,199,EffectAtKPlus1,0.03424115128232341
RD,linear,199,EffectAtKPlus10,-0.008510553738619968
RD,linear,199,TotalChangeKPlus1ToKPlus10,-0.04275170502094338
RD,linear,199,ZeroCrossingDistance,8.20837593237376
RD,linear,200,InterceptAtK,0.04414186691713428
RD,linear,200,SlopePerWord,-0.004746443060538147
RD,linear,200,EffectAtKPlus1,0.03939542385659613
RD,linear,200,EffectAtKPlus10,-0.003322563688247189
RD,linear,200,TotalChangeKPlus1ToKPlus10,-0.04271798754484332
RD,linear,200,ZeroCrossingDistance,9.29998871873742
RD,linear,201,InterceptAtK,0.04057673175156594
RD,linear,201,SlopePerWord,-0.0035220947237563434
RD,linear,201,EffectAtKPlus1,0.037054637027809596
RD,linear,201,EffectAtKPlus10,0.005355784514002503
RD,linear,201,TotalChangeKPlus1ToKPlus10,-0.031698852513807094
RD,linear,201,ZeroCrossingDistance,11.52062477987262
RD,linear,202,InterceptAtK,0.036241394370566365
RD,linear,202,SlopePerWord,-0.003631619102444969
RD,linear,202,EffectAtKPlus1,0.032609775268121394
RD,linear,202,EffectAtKPlus10,-7.479665388332446e-05
RD,linear,202,TotalChangeKPlus1ToKPlus10,-0.03268457192200472
RD,linear,202,ZeroCrossingDistance,9.979404047678631
RD,linear,203,InterceptAtK,0.04750223461994666
RD,linear,203,SlopePerWord,-0.005691531770522992
RD,linear,203,EffectAtKPlus1,0.04181070284942367
RD,linear,203,EffectAtKPlus10,-0.009413083085283262
RD,linear,203,TotalChangeKPlus1ToKPlus10,-0.05122378593470693
RD,linear,203,ZeroCrossingDistance,8.346124828111378
RD,linear,204,InterceptAtK,0.042176386184595474
RD,linear,204,SlopePerWord,-0.005697369597459147
RD,linear,204,EffectAtKPlus1,0.03647901658713633
RD,linear,204,EffectAtKPlus10,-0.014797309789995994
RD,linear,204,TotalChangeKPlus1ToKPlus10,-0.05127632637713232
RD,linear,204,ZeroCrossingDistance,7.402782189767863
RD,linear,205,InterceptAtK,0.03312599396432823
RD,linear,205,SlopePerWord,-0.0035224955680132394
RD,linear,205,EffectAtKPlus1,0.029603498396314987
RD,linear,205,EffectAtKPlus10,-0.0020989617158041693
RD,linear,205,TotalChangeKPlus1ToKPlus10,-0.031702460112119156
RD,linear,205,ZeroCrossingDistance,9.404126513354841
RD,linear,206,InterceptAtK,0.032303786781512585
RD,linear,206,SlopePerWord,-0.004150559414786433
RD,linear,206,EffectAtKPlus1,0.028153227366726152
RD,linear,206,EffectAtKPlus10,-0.009201807366351747
RD,linear,206,TotalChangeKPlus1ToKPlus10,-0.0373550347330779
RD,linear,206,ZeroCrossingDistance,7.782995869527812
RD,linear,207,InterceptAtK,0.030528805790055135
RD,linear,207,SlopePerWord,-0.0031263578894718184
RD,linear,207,EffectAtKPlus1,0.027402447900583316
RD,linear,207,EffectAtKPlus10,-0.0007347731046630467
RD,linear,207,TotalChangeKPlus1ToKPlus10,-0.028137221005246363
RD,linear,207,ZeroCrossingDistance,9.764974730776204
RD,linear,208,InterceptAtK,0.025599084356936273
RD,linear,208,SlopePerWord,-0.001653186036694555
RD,linear,208,EffectAtKPlus1,0.02394589832024172
RD,linear,208,EffectAtKPlus10,0.009067223989990724
RD,linear,208,TotalChangeKPlus1ToKPlus10,-0.014878674330250995
RD,linear,208,ZeroCrossingDistance,15.48469669397891
RD,linear,209,InterceptAtK,0.042340156398241256
RD,linear,209,SlopePerWord,-0.004242471127178708
RD,linear,209,EffectAtKPlus1,0.03809768527106255
RD,linear,209,EffectAtKPlus10,-8.455487354582653e-05
RD,linear,209,TotalChangeKPlus1ToKPlus10,-0.03818224014460837
RD,linear,209,ZeroCrossingDistance,9.980069428639329
RD,linear,210,InterceptAtK,0.0357772238988651
RD,linear,210,SlopePerWord,-0.0036556288662555137
RD,linear,210,EffectAtKPlus1,0.032121595032609584
RD,linear,210,EffectAtKPlus10,-0.0007790647636900377
RD,linear,210,TotalChangeKPlus1ToKPlus10,-0.03290065979629962
RD,linear,210,ZeroCrossingDistance,9.78688625344836
RD,linear,211,InterceptAtK,0.026239496063332975
RD,linear,211,SlopePerWord,-0.0019911579711705324
RD,linear,211,EffectAtKPlus1,0.024248338092162442
RD,linear,211,EffectAtKPlus10,0.00632791635162765
RD,linear,211,TotalChangeKPlus1ToKPlus10,-0.017920421740534792
RD,linear,211,ZeroCrossingDistance,13.178008195857856
RD,linear,212,InterceptAtK,0.03823397993883393
RD,linear,212,SlopePerWord,-0.0039048118974586367
RD,linear,212,EffectAtKPlus1,0.03432916804137529
RD,linear,212,EffectAtKPlus10,-0.0008141390357524411
RD,linear,212,TotalChangeKPlus1ToKPlus10,-0.03514330707712773
RD,linear,212,ZeroCrossingDistance,9.791503648029165
RD,linear,213,InterceptAtK,0.03343259873973504
RD,linear,213,SlopePerWord,-0.003912761224853515
RD,linear,213,EffectAtKPlus1,0.029519837514881523
RD,linear,213,EffectAtKPlus10,-0.005695013508800112
RD,linear,213,TotalChangeKPlus1ToKPlus10,-0.03521485102368163
RD,linear,213,ZeroCrossingDistance,8.544502671763897
RD,linear,214,InterceptAtK,0.045125509333219856
RD,linear,214,SlopePerWord,-0.0048130081804653325
RD,linear,214,EffectAtKPlus1,0.040312501152754525
RD,linear,214,EffectAtKPlus10,-0.0030045724714334657
RD,linear,214,TotalChangeKPlus1ToKPlus10,-0.04331707362418799
RD,linear,214,ZeroCrossingDistance,9.375739172098607
RD,linear,215,InterceptAtK,0.029104919210533063
RD,linear,215,SlopePerWord,-0.0033399541420140056
RD,linear,215,EffectAtKPlus1,0.02576496506851906
RD,linear,215,EffectAtKPlus10,-0.004294622209606989
RD,linear,215,TotalChangeKPlus1ToKPlus10,-0.03005958727812605
RD,linear,215,ZeroCrossingDistance,8.714167312783127
RD,linear,216,InterceptAtK,0.031267442362077465
RD,linear,216,SlopePerWord,-0.0029712390085321807
RD,linear,216,EffectAtKPlus1,0.028296203353545282
RD,linear,216,EffectAtKPlus10,0.0015550522767556578
RD,linear,216,TotalChangeKPlus1ToKPlus10,-0.026741151076789624
RD,linear,216,ZeroCrossingDistance,10.523368289218803
RD,linear,217,InterceptAtK,0.03782293816524359
RD,linear,217,SlopePerWord,-0.0035093588862926727
RD,linear,217,EffectAtKPlus1,0.034313579278950915
RD,linear,217,EffectAtKPlus10,0.002729349302316865
RD,linear,217,TotalChangeKPlus1ToKPlus10,-0.03158422997663405
RD,linear,217,ZeroCrossingDistance,10.777734449724571
RD,linear,218,InterceptAtK,0.026966484795535935
RD,linear,218,SlopePerWord,-0.002277912098721527
RD,linear,218,EffectAtKPlus1,0.024688572696814407
RD,linear,218,EffectAtKPlus10,0.004187363808320663
RD,linear,218,TotalChangeKPlus1ToKPlus10,-0.020501208888493744
RD,linear,218,ZeroCrossingDistance,11.838246440971455
RD,linear,219,InterceptAtK,0.032403057205485766
RD,linear,219,SlopePerWord,-0.0022838705077098953
RD,linear,219,EffectAtKPlus1,0.03011918669777587
RD,linear,219,EffectAtKPlus10,0.009564352128386813
RD,linear,219,TotalChangeKPlus1ToKPlus10,-0.020554834569389058
RD,linear,219,ZeroCrossingDistance,14.187782142682543
RD,linear,220,InterceptAtK,0.042164316800585674
RD,linear,220,SlopePerWord,-0.004922004077715553
RD,linear,220,EffectAtKPlus1,0.037242312722870125
RD,linear,220,EffectAtKPlus10,-0.0070557239765698596
RD,linear,220,TotalChangeKPlus1ToKPlus10,-0.044298036699439984
RD,linear,220,ZeroCrossingDistance,8.566493675103855
RD,linear,221,InterceptAtK,0.041116960652439555
RD,linear,221,SlopePerWord,-0.004698352150160007
RD,linear,221,EffectAtKPlus1,0.03641860850227955
RD,linear,221,EffectAtKPlus10,-0.005866560849160513
RD,linear,221,TotalChangeKPlus1ToKPlus10,-0.04228516935144006
RD,linear,221,ZeroCrossingDistance,8.751357782119264
RD,linear,222,InterceptAtK,0.03825291417901842
RD,linear,222,SlopePerWord,-0.0032332770475131606
RD,linear,222,EffectAtKPlus1,0.03501963713150526
RD,linear,222,EffectAtKPlus10,0.005920143703886813
RD,linear,222,TotalChangeKPlus1ToKPlus10,-0.029099493427618445
RD,linear,222,ZeroCrossingDistance,11.8310041536466
RD,linear,223,InterceptAtK,0.04524972387418287
RD,linear,223,SlopePerWord,-0.005116764891730424
RD,linear,223,EffectAtKPlus1,0.04013295898245245
RD,linear,223,EffectAtKPlus10,-0.005917925043121372
RD,linear,223,TotalChangeKPlus1ToKPlus10,-0.04605088402557382
RD,linear,223,ZeroCrossingDistance,8.843424474576551
RD,linear,224,InterceptAtK,0.0348835892673025
RD,linear,224,SlopePerWord,-0.003804815109532954
RD,linear,224,EffectAtKPlus1,0.031078774157769544
RD,linear,224,EffectAtKPlus10,-0.003164561828027039
RD,linear,224,TotalChangeKPlus1ToKPlus10,-0.03424333598579658
RD,linear,224,ZeroCrossingDistance,9.168274479330615
RD,linear,225,InterceptAtK,0.04188307532892156
RD,linear,225,SlopePerWord,-0.004701951584163413
RD,linear,225,EffectAtKPlus1,0.03718112374475815
RD,linear,225,EffectAtKPlus10,-0.005136440512712573
RD,linear,225,TotalChangeKPlus1ToKPlus10,-0.04231756425747072
RD,linear,225,ZeroCrossingDistance,8.907593916957259
RD,linear,226,InterceptAtK,0.03340698310133455
RD,linear,226,SlopePerWord,-0.003637721282570883
RD,linear,226,EffectAtKPlus1,0.02976926181876367
RD,linear,226,EffectAtKPlus10,-0.0029702297243742737
RD,linear,226,TotalChangeKPlus1ToKPlus10,-0.03273949154313795
RD,linear,226,ZeroCrossingDistance,9.183491671391842
RD,linear,227,InterceptAtK,0.031049144725876783
RD,linear,227,SlopePerWord,-0.0033466086216370184
RD,linear,227,EffectAtKPlus1,0.027702536104239766
RD,linear,227,EffectAtKPlus10,-0.0024169414904934017
RD,linear,227,TotalChangeKPlus1ToKPlus10,-0.030119477594733168
RD,linear,227,ZeroCrossingDistance,9.277793801501911
RD,linear,228,InterceptAtK,0.02368530704317463
RD,linear,228,SlopePerWord,-0.002199400090130746
RD,linear,228,EffectAtKPlus1,0.021485906953043882
RD,linear,228,EffectAtKPlus10,0.0016913061418671708
RD,linear,228,TotalChangeKPlus1ToKPlus10,-0.01979460081117671
RD,linear,228,ZeroCrossingDistance,10.768985210765646
RD,linear,229,InterceptAtK,0.024051764246209622
RD,linear,229,SlopePerWord,-0.0026868028874134867
RD,linear,229,EffectAtKPlus1,0.021364961358796133
RD,linear,229,EffectAtKPlus10,-0.0028162646279252454
RD,linear,229,TotalChangeKPlus1ToKPlus10,-0.02418122598672138
RD,linear,229,ZeroCrossingDistance,8.951815691013945
RD,linear,230,InterceptAtK,0.04128770188071631
RD,linear,230,SlopePerWord,-0.0044099968863820106
RD,linear,230,EffectAtKPlus1,0.0368777049943343
RD,linear,230,EffectAtKPlus10,-0.0028122669831037936
RD,linear,230,TotalChangeKPlus1ToKPlus10,-0.03968997197743809
RD,linear,230,ZeroCrossingDistance,9.36229728601668
RD,linear,231,InterceptAtK,0.0375436522348602
RD,linear,231,SlopePerWord,-0.0048207297170162824
RD,linear,231,EffectAtKPlus1,0.032722922517843915
RD,linear,231,EffectAtKPlus10,-0.010663644935302627
RD,linear,231,TotalChangeKPlus1ToKPlus10,-0.04338656745314654
RD,linear,231,ZeroCrossingDistance,7.787960420667863
RD,linear,232,InterceptAtK,0.037349894574696334
RD,linear,232,SlopePerWord,-0.00460530538222005
RD,linear,232,EffectAtKPlus1,0.03274458919247628
RD,linear,232,EffectAtKPlus10,-0.008703159247504172
RD,linear,232,TotalChangeKPlus1ToKPlus10,-0.041447748439980454
RD,linear,232,ZeroCrossingDistance,8.11018846196282
RD,linear,233,InterceptAtK,0.03853663099560414
RD,linear,233,SlopePerWord,-0.004223733849030129
RD,linear,233,EffectAtKPlus1,0.03431289714657401
RD,linear,233,EffectAtKPlus10,-0.003700707494697142
RD,linear,233,TotalChangeKPlus1ToKPlus10,-0.038013604641271154
RD,linear,233,ZeroCrossingDistance,9.123830329520665
RD,linear,234,InterceptAtK,0.0363453695807276
RD,linear,234,SlopePerWord,-0.003960379637712202
RD,linear,234,EffectAtKPlus1,0.0323849899430154
RD,linear,234,EffectAtKPlus10,-0.0032584267963944175
RD,linear,234,TotalChangeKPlus1ToKPlus10,-0.035643416739409815
RD,linear,234,ZeroCrossingDistance,9.17724382648409
RD,linear,235,InterceptAtK,0.038704531036355315
RD,linear,235,SlopePerWord,-0.003844847661253169
RD,linear,235,EffectAtKPlus1,0.034859683375102146
RD,linear,235,EffectAtKPlus10,0.00025605442382362065
RD,linear,235,TotalChangeKPlus1ToKPlus10,-0.034603628951278526
RD,linear,235,ZeroCrossingDistance,10.066596766993927
RD,linear,236,InterceptAtK,0.033149580792605465
RD,linear,236,SlopePerWord,-0.0028014401142647883
RD,linear,236,EffectAtKPlus1,0.030348140678340678
RD,linear,236,EffectAtKPlus10,0.005135179649957584
RD,linear,236,TotalChangeKPlus1ToKPlus10,-0.025212961028383093
RD,linear,236,ZeroCrossingDistance,11.833049945922282
RD,linear,237,InterceptAtK,0.036868188229739876
RD,linear,237,SlopePerWord,-0.0035684372886951973
RD,linear,237,EffectAtKPlus1,0.033299750941044676
RD,linear,237,EffectAtKPlus10,0.0011838153427879
RD,linear,237,TotalChangeKPlus1ToKPlus10,-0.032115935598256776
RD,linear,237,ZeroCrossingDistance,10.331746153011636
RD,linear,238,InterceptAtK,0.0301539580001222
RD,linear,238,SlopePerWord,-0.0024936222110848567
RD,linear,238,EffectAtKPlus1,0.027660335789037344
RD,linear,238,EffectAtKPlus10,0.0052177358892736315
RD,linear,238,TotalChangeKPlus1ToKPlus10,-0.022442599899763712
RD,linear,238,ZeroCrossingDistance,12.092432392557027
RD,linear,239,InterceptAtK,0.030322828062808376
RD,linear,239,SlopePerWord,-0.0028619163760522075
RD,linear,239,EffectAtKPlus1,0.02746091168675617
RD,linear,239,EffectAtKPlus10,0.0017036643022863007
RD,linear,239,TotalChangeKPlus1ToKPlus10,-0.02575724738446987
RD,linear,239,ZeroCrossingDistance,10.595287939417844
RD,linear,240,InterceptAtK,0.03649584369863966
RD,linear,240,SlopePerWord,-0.0032665796582531568
RD,linear,240,EffectAtKPlus1,0.0332292640403865
RD,linear,240,EffectAtKPlus10,0.0038300471161080915
RD,linear,240,TotalChangeKPlus1ToKPlus10,-0.02939921692427841
RD,linear,240,ZeroCrossingDistance,11.172494632552832
RD,linear,241,InterceptAtK,0.040907576279684735
RD,linear,241,SlopePerWord,-0.004784316637424279
RD,linear,241,EffectAtKPlus1,0.03612325964226046
RD,linear,241,EffectAtKPlus10,-0.006935590094558061
RD,linear,241,TotalChangeKPlus1ToKPlus10,-0.04305884973681852
RD,linear,241,ZeroCrossingDistance,8.550348854357608
RD,linear,242,InterceptAtK,0.042503654167038635
RD,linear,242,SlopePerWord,-0.004538236051072017
RD,linear,242,EffectAtKPlus1,0.03796541811596662
RD,linear,242,EffectAtKPlus10,-0.0028787063436815294
RD,linear,242,TotalChangeKPlus1ToKPlus10,-0.04084412445964815
RD,linear,242,ZeroCrossingDistance,9.365677256254326
RD,linear,243,InterceptAtK,0.03349947993469652
RD,linear,243,SlopePerWord,-0.0026204823342753734
RD,linear,243,EffectAtKPlus1,0.03087899760042115
RD,linear,243,EffectAtKPlus10,0.0072946565919427865
RD,linear,243,TotalChangeKPlus1ToKPlus10,-0.023584341008478362
RD,linear,243,ZeroCrossingDistance,12.783707600898571
RD,linear,244,InterceptAtK,0.03274469111877578
RD,linear,244,SlopePerWord,-0.002740081267739965
RD,linear,244,EffectAtKPlus1,0.030004609851035816
RD,linear,244,EffectAtKPlus10,0.005343878441376133
RD,linear,244,TotalChangeKPlus1ToKPlus10,-0.024660731409659683
RD,linear,244,ZeroCrossingDistance,11.950262754718874
RD,linear,245,InterceptAtK,0.04079130480339637
RD,linear,245,SlopePerWord,-0.004588826080949087
RD,linear,245,EffectAtKPlus1,0.036202478722447286
RD,linear,245,EffectAtKPlus10,-0.005096956006094493
RD,linear,245,TotalChangeKPlus1ToKPlus10,-0.04129943472854178
RD,linear,245,ZeroCrossingDistance,8.889267992252973
RD,linear,246,InterceptAtK,0.04017925471830539
RD,linear,246,SlopePerWord,-0.004128984799511502
RD,linear,246,EffectAtKPlus1,0.03605026991879389
RD,linear,246,EffectAtKPlus10,-0.0011105932768096238
RD,linear,246,TotalChangeKPlus1ToKPlus10,-0.037160863195603515
RD,linear,246,ZeroCrossingDistance,9.731025099210582
RD,linear,247,InterceptAtK,0.02788330576715825
RD,linear,247,SlopePerWord,-0.002707345940805683
RD,linear,247,EffectAtKPlus1,0.025175959826352567
RD,linear,247,EffectAtKPlus10,0.0008098463591014217
RD,linear,247,TotalChangeKPlus1ToKPlus10,-0.024366113467251146
RD,linear,247,ZeroCrossingDistance,10.299129249385995
RD,linear,248,InterceptAtK,0.03690754592671892
RD,linear,248,SlopePerWord,-0.004064620277661594
RD,linear,248,EffectAtKPlus1,0.032842925649057324
RD,linear,248,EffectAtKPlus10,-0.0037386568498970207
RD,linear,248,TotalChangeKPlus1ToKPlus10,-0.036581582498954344
RD,linear,248,ZeroCrossingDistance,9.080195296361632
RD,linear,249,InterceptAtK,0.034482605926377564
RD,linear,249,SlopePerWord,-0.003877744338261697
RD,linear,249,EffectAtKPlus1,0.030604861588115866
RD,linear,249,EffectAtKPlus10,-0.00429483745623941
RD,linear,249,TotalChangeKPlus1ToKPlus10,-0.034899699044355276
RD,linear,249,ZeroCrossingDistance,8.892439242612708
RD,linear,250,InterceptAtK,0.04305903899367593
RD,linear,250,SlopePerWord,-0.005478698204518563
RD,linear,250,EffectAtKPlus1,0.03758034078915736
RD,linear,250,EffectAtKPlus10,-0.011727943051509704
RD,linear,250,TotalChangeKPlus1ToKPlus10,-0.049308283840667065
RD,linear,250,ZeroCrossingDistance,7.859355888258808
RD,linear,251,InterceptAtK,0.03641315320288875
RD,linear,251,SlopePerWord,-0.004375441645032301
RD,linear,251,EffectAtKPlus1,0.03203771155785645
RD,linear,251,EffectAtKPlus10,-0.007341263247434254
RD,linear,251,TotalChangeKPlus1ToKPlus10,-0.039378974805290706
RD,linear,251,ZeroCrossingDistance,8.322166345020456
RD,linear,252,InterceptAtK,0.03817544711908608
RD,linear,252,SlopePerWord,-0.0043472509107290265
RD,linear,252,EffectAtKPlus1,0.03382819620835706
RD,linear,252,EffectAtKPlus10,-0.005297061988204184
RD,linear,252,TotalChangeKPlus1ToKPlus10,-0.03912525819656124
RD,linear,252,ZeroCrossingDistance,8.781514548624047
RD,linear,253,InterceptAtK,0.03059188888330749
RD,linear,253,SlopePerWord,-0.0027648113218878808
RD,linear,253,EffectAtKPlus1,0.02782707756141961
RD,linear,253,EffectAtKPlus10,0.002943775664428685
RD,linear,253,TotalChangeKPlus1ToKPlus10,-0.024883301896990926
RD,linear,253,ZeroCrossingDistance,11.064729314844747
RD,linear,254,InterceptAtK,0.03928146977773052
RD,linear,254,SlopePerWord,-0.0049232259686017125
RD,linear,254,EffectAtKPlus1,0.0343582438091288
RD,linear,254,EffectAtKPlus10,-0.009950789908286607
RD,linear,254,TotalChangeKPlus1ToKPlus10,-0.04430903371741541
RD,linear,254,ZeroCrossingDistance,7.978806991239361
RD,linear,255,InterceptAtK,0.04259102432941785
RD,linear,255,SlopePerWord,-0.004234713828559134
RD,linear,255,EffectAtKPlus1,0.03835631050085872
RD,linear,255,EffectAtKPlus10,0.00024388604382651752
RD,linear,255,TotalChangeKPlus1ToKPlus10,-0.0381124244570322
RD,linear,255,ZeroCrossingDistance,10.05759209564097
RD,linear,256,InterceptAtK,0.0340300680841955
RD,linear,256,SlopePerWord,-0.0035219295777640376
RD,linear,256,EffectAtKPlus1,0.030508138506431463
RD,linear,256,EffectAtKPlus10,-0.001189227693444872
RD,linear,256,TotalChangeKPlus1ToKPlus10,-0.031697366199876335
RD,linear,256,ZeroCrossingDistance,9.662336322408843
RD,linear,257,InterceptAtK,0.038943727936503136
RD,linear,257,SlopePerWord,-0.004486960526349546
RD,linear,257,EffectAtKPlus1,0.03445676741015359
RD,linear,257,EffectAtKPlus10,-0.005925877326992325
RD,linear,257,TotalChangeKPlus1ToKPlus10,-0.040382644737145916
RD,linear,257,ZeroCrossingDistance,8.67931146436596
RD,linear,258,InterceptAtK,0.029279503141032722
RD,linear,258,SlopePerWord,-0.002980369424810829
RD,linear,258,EffectAtKPlus1,0.026299133716221893
RD,linear,258,EffectAtKPlus10,-0.0005241911070755674
RD,linear,258,TotalChangeKPlus1ToKPlus10,-0.02682332482329746
RD,linear,258,ZeroCrossingDistance,9.824118747591553
RD,linear,259,InterceptAtK,0.03255684911243168
RD,linear,259,SlopePerWord,-0.003948834406029571
RD,linear,259,EffectAtKPlus1,0.02860801470640211
RD,linear,259,EffectAtKPlus10,-0.006931494947864027
RD,linear,259,TotalChangeKPlus1ToKPlus10,-0.03553950965426614
RD,linear,259,ZeroCrossingDistance,8.244673178171219
RD,linear,260,InterceptAtK,0.031110707133192427
RD,linear,260,SlopePerWord,-0.0029427834206202964
RD,linear,260,EffectAtKPlus1,0.02816792371257213
RD,linear,260,EffectAtKPlus10,0.0016828729269894628
RD,linear,260,TotalChangeKPlus1ToKPlus10,-0.026485050785582668
RD,linear,260,ZeroCrossingDistance,10.571864349648516
RD,linear,261,InterceptAtK,0.03573136853073115
RD,linear,261,SlopePerWord,-0.004277214181162128
RD,linear,261,EffectAtKPlus1,0.031454154349569025
RD,linear,261,EffectAtKPlus10,-0.007040773280890131
RD,linear,261,TotalChangeKPlus1ToKPlus10,-0.038494927630459155
RD,linear,261,ZeroCrossingDistance,8.353888072311324
RD,linear,262,InterceptAtK,0.0325281186774256
RD,linear,262,SlopePerWord,-0.0029807970396829144
RD,linear,262,EffectAtKPlus1,0.02954732163774269
RD,linear,262,EffectAtKPlus10,0.0027201482805964614
RD,linear,262,TotalChangeKPlus1ToKPlus10,-0.02682717335714623
RD,linear,262,ZeroCrossingDistance,10.912557361129766
RD,linear,263,InterceptAtK,0.04134880107138341
RD,linear,263,SlopePerWord,-0.0043351920147215225
RD,linear,263,EffectAtKPlus1,0.037013609056661886
RD,linear,263,EffectAtKPlus10,-0.0020031190758318176
RD,linear,263,TotalChangeKPlus1ToKPlus10,-0.039016728132493704
RD,linear,263,ZeroCrossingDistance,9.53793994152287
RD,linear,264,InterceptAtK,0.04593852271180895
RD,linear,264,SlopePerWord,-0.005906856899409407
RD,linear,264,EffectAtKPlus1,0.040031665812399544
RD,linear,264,EffectAtKPlus10,-0.013130046282285118
RD,linear,264,TotalChangeKPlus1ToKPlus10,-0.05316171209468466
RD,linear,264,ZeroCrossingDistance,7.777151790557527
RD,linear,265,InterceptAtK,0.03674400779170974
RD,linear,265,SlopePerWord,-0.003675808637161946
RD,linear,265,EffectAtKPlus1,0.0330681991545478
RD,linear,265,EffectAtKPlus10,-1.407857990971817e-05
RD,linear,265,TotalChangeKPlus1ToKPlus10,-0.033082277734457516
RD,linear,265,ZeroCrossingDistance,9.996169936659001
RD,linear,266,InterceptAtK,0.03576030527592346
RD,linear,266,SlopePerWord,-0.0034667817599640673
RD,linear,266,EffectAtKPlus1,0.03229352351595939
RD,linear,266,EffectAtKPlus10,0.0010924876762827829
RD,linear,266,TotalChangeKPlus1ToKPlus10,-0.031201035839676608
RD,linear,266,ZeroCrossingDistance,10.31513021353098
RD,linear,267,InterceptAtK,0.03340022744017639
RD,linear,267,SlopePerWord,-0.004400588145051139
RD,linear,267,EffectAtKPlus1,0.028999639295125255
RD,linear,267,EffectAtKPlus10,-0.010605654010334996
RD,linear,267,TotalChangeKPlus1ToKPlus10,-0.039605293305460254
RD,linear,267,ZeroCrossingDistance,7.589946238831276
RD,linear,268,InterceptAtK,0.03602904512150063
RD,linear,268,SlopePerWord,-0.004474847262811745
RD,linear,268,EffectAtKPlus1,0.03155419785868889
RD,linear,268,EffectAtKPlus10,-0.00871942750661682
RD,linear,268,TotalChangeKPlus1ToKPlus10,-0.04027362536530571
RD,linear,268,ZeroCrossingDistance,8.051458073423044
RD,linear,269,InterceptAtK,0.03974367902124902
RD,linear,269,SlopePerWord,-0.004444378491521134
RD,linear,269,EffectAtKPlus1,0.035299300529727885
RD,linear,269,EffectAtKPlus10,-0.004700105893962324
RD,linear,269,TotalChangeKPlus1ToKPlus10,-0.03999940642369021
RD,linear,269,ZeroCrossingDistance,8.942460480598342
RD,linear,270,InterceptAtK,0.04312629552630635
RD,linear,270,SlopePerWord,-0.004388563557119184
RD,linear,270,EffectAtKPlus1,0.038737731969187165
RD,linear,270,EffectAtKPlus10,-0.0007593400448854884
RD,linear,270,TotalChangeKPlus1ToKPlus10,-0.039497072014072654
RD,linear,270,ZeroCrossingDistance,9.826972986718244
RD,linear,271,InterceptAtK,0.026171892000724842
RD,linear,271,SlopePerWord,-0.003330474609449623
RD,linear,271,EffectAtKPlus1,0.02284141739127522
RD,linear,271,EffectAtKPlus10,-0.007132854093771391
RD,linear,271,TotalChangeKPlus1ToKPlus10,-0.02997427148504661
RD,linear,271,ZeroCrossingDistance,7.858307019205852
RD,linear,272,InterceptAtK,0.03624431633233733
RD,linear,272,SlopePerWord,-0.003426456659771265
RD,linear,272,EffectAtKPlus1,0.03281785967256606
RD,linear,272,EffectAtKPlus10,0.0019797497346246765
RD,linear,272,TotalChangeKPlus1ToKPlus10,-0.030838109937941387
RD,linear,272,ZeroCrossingDistance,10.577783387097282
RD,linear,273,InterceptAtK,0.028323407895197477
RD,linear,273,SlopePerWord,-0.002596256530958168
RD,linear,273,EffectAtKPlus1,0.02572715136423931
RD,linear,273,EffectAtKPlus10,0.0023608425856157973
RD,linear,273,TotalChangeKPlus1ToKPlus10,-0.02336630877862351
RD,linear,273,ZeroCrossingDistance,10.909325622281443
RD,linear,274,InterceptAtK,0.029512545662774104
RD,linear,274,SlopePerWord,-0.0016420455349708432
RD,linear,274,EffectAtKPlus1,0.02787050012780326
RD,linear,274,EffectAtKPlus10,0.013092090313065671
RD,linear,274,TotalChangeKPlus1ToKPlus10,-0.01477840981473759
RD,linear,274,ZeroCrossingDistance,17.973037308796762
RD,linear,275,InterceptAtK,0.04437877456225897
RD,linear,275,SlopePerWord,-0.004880119074661918
RD,linear,275,EffectAtKPlus1,0.039498655487597054
RD,linear,275,EffectAtKPlus10,-0.004422416184360206
RD,linear,275,TotalChangeKPlus1ToKPlus10,-0.04392107167195726
RD,linear,275,ZeroCrossingDistance,9.093789287371727
RD,linear,276,InterceptAtK,0.02905116440691497
RD,linear,276,SlopePerWord,-0.0028742605683918926
RD,linear,276,EffectAtKPlus1,0.02617690383852308
RD,linear,276,EffectAtKPlus10,0.0003085587229960454
RD,linear,276,TotalChangeKPlus1ToKPlus10,-0.025868345115527033
RD,linear,276,ZeroCrossingDistance,10.107352383562315
RD,linear,277,InterceptAtK,0.04427274948306589
RD,linear,277,SlopePerWord,-0.004869237434438068
RD,linear,277,EffectAtKPlus1,0.039403512048627826
RD,linear,277,EffectAtKPlus10,-0.004419624861314787
RD,linear,277,TotalChangeKPlus1ToKPlus10,-0.04382313690994261
RD,linear,277,ZeroCrossingDistance,9.09233736887492
RD,linear,278,InterceptAtK,0.031723519836589165
RD,linear,278,SlopePerWord,-0.004148354890499217
RD,linear,278,EffectAtKPlus1,0.02757516494608995
RD,linear,278,EffectAtKPlus10,-0.009760029068403002
RD,linear,278,TotalChangeKPlus1ToKPlus10,-0.03733519401449295
RD,linear,278,ZeroCrossingDistance,7.647253109719243
RD,linear,279,InterceptAtK,0.038457963843753634
RD,linear,279,SlopePerWord,-0.005016479044124181
RD,linear,279,EffectAtKPlus1,0.03344148479962945
RD,linear,279,EffectAtKPlus10,-0.011706826597488174
RD,linear,279,TotalChangeKPlus1ToKPlus10,-0.04514831139711763
RD,linear,279,ZeroCrossingDistance,7.666326023787457
RD,linear,280,InterceptAtK,0.02756680413992085
RD,linear,280,SlopePerWord,-0.002168691358029328
RD,linear,280,EffectAtKPlus1,0.02539811278189152
RD,linear,280,EffectAtKPlus10,0.005879890559627569
RD,linear,280,TotalChangeKPlus1ToKPlus10,-0.019518222222263952
RD,linear,280,ZeroCrossingDistance,12.711262041902808
RD,linear,281,InterceptAtK,0.045273249069551706
RD,linear,281,SlopePerWord,-0.005647945517520668
RD,linear,281,EffectAtKPlus1,0.03962530355203104
RD,linear,281,EffectAtKPlus10,-0.011206206105654974
RD,linear,281,TotalChangeKPlus1ToKPlus10,-0.050831509657686014
RD,linear,281,ZeroCrossingDistance,8.015879212911694
RD,linear,282,InterceptAtK,0.03891074158605851
RD,linear,282,SlopePerWord,-0.004237939718144452
RD,linear,282,EffectAtKPlus1,0.03467280186791406
RD,linear,282,EffectAtKPlus10,-0.0034686555953860124
RD,linear,282,TotalChangeKPlus1ToKPlus10,-0.038141457463300076
RD,linear,282,ZeroCrossingDistance,9.181523139525748
RD,linear,283,InterceptAtK,0.029896711683737757
RD,linear,283,SlopePerWord,-0.0021332635782244608
RD,linear,283,EffectAtKPlus1,0.027763448105513296
RD,linear,283,EffectAtKPlus10,0.008564075901493148
RD,linear,283,TotalChangeKPlus1ToKPlus10,-0.019199372204020147
RD,linear,283,ZeroCrossingDistance,14.014541845139046
RD,linear,284,InterceptAtK,0.03611592576265098
RD,linear,284,SlopePerWord,-0.0033815401943734233
RD,linear,284,EffectAtKPlus1,0.032734385568277555
RD,linear,284,EffectAtKPlus10,0.0023005238189167457
RD,linear,284,TotalChangeKPlus1ToKPlus10,-0.03043386174936081
RD,linear,284,ZeroCrossingDistance,10.68031834214025
RD,linear,285,InterceptAtK,0.03395860421632884
RD,linear,285,SlopePerWord,-0.0027264474494884112
RD,linear,285,EffectAtKPlus1,0.03123215676684043
RD,linear,285,EffectAtKPlus10,0.006694129721444727
RD,linear,285,TotalChangeKPlus1ToKPlus10,-0.0245380270453957
RD,linear,285,ZeroCrossingDistance,12.455257196576744
RD,linear,286,InterceptAtK,0.034427699346404404
RD,linear,286,SlopePerWord,-0.0039641330683633106
RD,linear,286,EffectAtKPlus1,0.030463566278041095
RD,linear,286,EffectAtKPlus10,-0.0052136313372287
RD,linear,286,TotalChangeKPlus1ToKPlus10,-0.035677197615269794
RD,linear,286,ZeroCrossingDistance,8.68479911059563
RD,linear,287,InterceptAtK,0.03945723485527992
RD,linear,287,SlopePerWord,-0.002901648469118669
RD,linear,287,EffectAtKPlus1,0.03655558638616125
RD,linear,287,EffectAtKPlus10,0.010440750164093227
RD,linear,287,TotalChangeKPlus1ToKPlus10,-0.026114836222068023
RD,linear,287,ZeroCrossingDistance,13.598213317433467
RD,linear,288,InterceptAtK,0.03787230572457065
RD,linear,288,SlopePerWord,-0.004754992034771842
RD,linear,288,EffectAtKPlus1,0.033117313689798804
RD,linear,288,EffectAtKPlus10,-0.00967761462314777
RD,linear,288,TotalChangeKPlus1ToKPlus10,-0.042794928312946574
RD,linear,288,ZeroCrossingDistance,7.964746407064774
RD,linear,289,InterceptAtK,0.027700002982221403
RD,linear,289,SlopePerWord,-0.002428347593019069
RD,linear,289,EffectAtKPlus1,0.025271655389202334
RD,linear,289,EffectAtKPlus10,0.003416527052030712
RD,linear,289,TotalChangeKPlus1ToKPlus10,-0.021855128337171622
RD,linear,289,ZeroCrossingDistance,11.40693493050683
RD,linear,290,InterceptAtK,0.03518194672813982
RD,linear,290,SlopePerWord,-0.003608137759432475
RD,linear,290,EffectAtKPlus1,0.031573808968707345
RD,linear,290,EffectAtKPlus10,-0.000899430866184936
RD,linear,290,TotalChangeKPlus1ToKPlus10,-0.03247323983489228
RD,linear,290,ZeroCrossingDistance,9.75072158377722
RD,linear,291,InterceptAtK,0.04334917572896723
RD,linear,291,SlopePerWord,-0.004257098173129826
RD,linear,291,EffectAtKPlus1,0.03909207755583741
RD,linear,291,EffectAtKPlus10,0.0007781939976689647
RD,linear,291,TotalChangeKPlus1ToKPlus10,-0.03831388355816844
RD,linear,291,ZeroCrossingDistance,10.182799166479366
RD,linear,292,InterceptAtK,0.045915980152365435
RD,linear,292,SlopePerWord,-0.004417414752910877
RD,linear,292,EffectAtKPlus1,0.04149856539945456
RD,linear,292,EffectAtKPlus10,0.0017418326232566672
RD,linear,292,TotalChangeKPlus1ToKPlus10,-0.039756732776197894
RD,linear,292,ZeroCrossingDistance,10.394310410202909
RD,linear,293,InterceptAtK,0.026917898205867992
RD,linear,293,SlopePerWord,-0.0013585114456609853
RD,linear,293,EffectAtKPlus1,0.025559386760207005
RD,linear,293,EffectAtKPlus10,0.013332783749258139
RD,linear,293,TotalChangeKPlus1ToKPlus10,-0.012226603010948866
RD,linear,293,ZeroCrossingDistance,19.81425941742512
RD,linear,294,InterceptAtK,0.03590719402568165
RD,linear,294,SlopePerWord,-0.0032748817458807325
RD,linear,294,EffectAtKPlus1,0.032632312279800915
RD,linear,294,EffectAtKPlus10,0.0031583765668743227
RD,linear,294,TotalChangeKPlus1ToKPlus10,-0.029473935712926592
RD,linear,294,ZeroCrossingDistance,10.964424614979471
RD,linear,295,InterceptAtK,0.042353361846369605
RD,linear,295,SlopePerWord,-0.004392694871379369
RD,linear,295,EffectAtKPlus1,0.03796066697499024
RD,linear,295,EffectAtKPlus10,-0.0015735868674240788
RD,linear,295,TotalChangeKPlus1ToKPlus10,-0.03953425384241432
RD,linear,295,ZeroCrossingDistance,9.641771870457747
RD,linear,296,InterceptAtK,0.03177412560867305
RD,linear,296,SlopePerWord,-0.0029187848088182847
RD,linear,296,EffectAtKPlus1,0.028855340799854766
RD,linear,296,EffectAtKPlus10,0.0025862775204902044
RD,linear,296,TotalChangeKPlus1ToKPlus10,-0.02626906327936456
RD,linear,296,ZeroCrossingDistance,10.886080231977532
RD,linear,297,InterceptAtK,0.04091182839962777
RD,linear,297,SlopePerWord,-0.0038896414261241578
RD,linear,297,EffectAtKPlus1,0.03702218697350362
RD,linear,297,EffectAtKPlus10,0.0020154141383861984
RD,linear,297,TotalChangeKPlus1ToKPlus10,-0.03500677283511742
RD,linear,297,ZeroCrossingDistance,10.518149083061997
RD,linear,298,InterceptAtK,0.038025753841474795
RD,linear,298,SlopePerWord,-0.0037003418247802356
RD,linear,298,EffectAtKPlus1,0.03432541201669456
RD,linear,298,EffectAtKPlus10,0.0010223355936724368
RD,linear,298,TotalChangeKPlus1ToKPlus10,-0.033303076423022125
RD,linear,298,ZeroCrossingDistance,10.276281392931356
RD,linear,299,InterceptAtK,0.042925435667441406
RD,linear,299,SlopePerWord,-0.004797437311390957
RD,linear,299,EffectAtKPlus1,0.03812799835605045
RD,linear,299,EffectAtKPlus10,-0.005048937446468164
RD,linear,299,TotalChangeKPlus1ToKPlus10,-0.043176935802518614
RD,linear,299,ZeroCrossingDistance,8.947576149774786
RD,linear,300,InterceptAtK,0.03542300166917261
RD,linear,300,SlopePerWord,-0.004352619760836203
RD,linear,300,EffectAtKPlus1,0.031070381908336407
RD,linear,300,EffectAtKPlus10,-0.008103195939189421
RD,linear,300,TotalChangeKPlus1ToKPlus10,-0.03917357784752583
RD,linear,300,ZeroCrossingDistance,8.138317522679104
RD,linear,301,InterceptAtK,0.03702736338394802
RD,linear,301,SlopePerWord,-0.004299692687731457
RD,linear,301,EffectAtKPlus1,0.032727670696216564
RD,linear,301,EffectAtKPlus10,-0.005969563493366546
RD,linear,301,TotalChangeKPlus1ToKPlus10,-0.03869723418958311
RD,linear,301,ZeroCrossingDistance,8.61163019617662
RD,linear,302,InterceptAtK,0.03347171712562997
RD,linear,302,SlopePerWord,-0.0035169041871132315
RD,linear,302,EffectAtKPlus1,0.029954812938516737
RD,linear,302,EffectAtKPlus10,-0.0016973247455023474
RD,linear,302,TotalChangeKPlus1ToKPlus10,-0.03165213768401909
RD,linear,302,ZeroCrossingDistance,9.517381010343772
RD,linear,303,InterceptAtK,0.045312752617510395
RD,linear,303,SlopePerWord,-0.005048481486712653
RD,linear,303,EffectAtKPlus1,0.04026427113079774
RD,linear,303,EffectAtKPlus10,-0.005172062249616138
RD,linear,303,TotalChangeKPlus1ToKPlus10,-0.045436333380413876
RD,linear,303,ZeroCrossingDistance,8.975521201131718
RD,linear,304,InterceptAtK,0.02796332642256863
RD,linear,304,SlopePerWord,-0.0030777815799165036
RD,linear,304,EffectAtKPlus1,0.024885544842652124
RD,linear,304,EffectAtKPlus10,-0.0028144893765964067
RD,linear,304,TotalChangeKPlus1ToKPlus10,-0.02770003421924853
RD,linear,304,ZeroCrossingDistance,9.08554609756526
RD,linear,305,InterceptAtK,0.035485664631739654
RD,linear,305,SlopePerWord,-0.004425999181527072
RD,linear,305,EffectAtKPlus1,0.031059665450212583
RD,linear,305,EffectAtKPlus10,-0.008774327183531064
RD,linear,305,TotalChangeKPlus1ToKPlus10,-0.039833992633743646
RD,linear,305,ZeroCrossingDistance,8.017548846336723
RD,linear,306,InterceptAtK,0.033812856615645585
RD,linear,306,SlopePerWord,-0.0026723323522365814
RD,linear,306,EffectAtKPlus1,0.031140524263409006
RD,linear,306,EffectAtKPlus10,0.007089533093279771
RD,linear,306,TotalChangeKPlus1ToKPlus10,-0.024050991170129234
RD,linear,306,ZeroCrossingDistance,12.652938391943
RD,linear,307,InterceptAtK,0.03273788006701581
RD,linear,307,SlopePerWord,-0.00326352309978683
RD,linear,307,EffectAtKPlus1,0.029474356967228978
RD,linear,307,EffectAtKPlus10,0.00010264906914751043
RD,linear,307,TotalChangeKPlus1ToKPlus10,-0.029371707898081467
RD,linear,307,ZeroCrossingDistance,10.031453452605932
RD,linear,308,InterceptAtK,0.028453861648207835
RD,linear,308,SlopePerWord,-0.0028516492562212837
RD,linear,308,EffectAtKPlus1,0.02560221239198655
RD,linear,308,EffectAtKPlus10,-6.263091400500118e-05
RD,linear,308,TotalChangeKPlus1ToKPlus10,-0.02566484330599155
RD,linear,308,ZeroCrossingDistance,9.97803695041795
RD,linear,309,InterceptAtK,0.0459440665010341
RD,linear,309,SlopePerWord,-0.006127426983734957
RD,linear,309,EffectAtKPlus1,0.03981663951729914
RD,linear,309,EffectAtKPlus10,-0.015330203336315469
RD,linear,309,TotalChangeKPlus1ToKPlus10,-0.05514684285361461
RD,linear,309,ZeroCrossingDistance,7.498101017440279
RD,linear,310,InterceptAtK,0.03885890754097404
RD,linear,310,SlopePerWord,-0.004978695996721311
RD,linear,310,EffectAtKPlus1,0.033880211544252734
RD,linear,310,EffectAtKPlus10,-0.010928052426239072
RD,linear,310,TotalChangeKPlus1ToKPlus10,-0.044808263970491806
RD,linear,310,ZeroCrossingDistance,7.8050372158822965
RD,linear,311,InterceptAtK,0.03329362726732426
RD,linear,311,SlopePerWord,-0.0029685456750358228
RD,linear,311,EffectAtKPlus1,0.030325081592288437
RD,linear,311,EffectAtKPlus10,0.0036081705169660333
RD,linear,311,TotalChangeKPlus1ToKPlus10,-0.026716911075322404
RD,linear,311,ZeroCrossingDistance,11.21546740793284
RD,linear,312,InterceptAtK,0.03533330567449851
RD,linear,312,SlopePerWord,-0.003864823980362711
RD,linear,312,EffectAtKPlus1,0.0314684816941358
RD,linear,312,EffectAtKPlus10,-0.003314934129128602
RD,linear,312,TotalChangeKPlus1ToKPlus10,-0.0347834158232644
RD,linear,312,ZeroCrossingDistance,9.142280697394789
RD,linear,313,InterceptAtK,0.03886517366997576
RD,linear,313,SlopePerWord,-0.0037967463266307417
RD,linear,313,EffectAtKPlus1,0.03506842734334502
RD,linear,313,EffectAtKPlus10,0.0008977104036683448
RD,linear,313,TotalChangeKPlus1ToKPlus10,-0.034170716939676674
RD,linear,313,ZeroCrossingDistance,10.23644202863165
RD,linear,314,InterceptAtK,0.040114994547344025
RD,linear,314,SlopePerWord,-0.004303424861381523
RD,linear,314,EffectAtKPlus1,0.035811569685962504
RD,linear,314,EffectAtKPlus10,-0.0029192540664711997
RD,linear,314,TotalChangeKPlus1ToKPlus10,-0.0387308237524337
RD,linear,314,ZeroCrossingDistance,9.321644002043982
RD,linear,315,InterceptAtK,0.03739675217796426
RD,linear,315,SlopePerWord,-0.004073138923001198
RD,linear,315,EffectAtKPlus1,0.03332361325496306
RD,linear,315,EffectAtKPlus10,-0.0033346370520477148
RD,linear,315,TotalChangeKPlus1ToKPlus10,-0.036658250307010774
RD,linear,315,ZeroCrossingDistance,9.1813102584798
RD,linear,316,InterceptAtK,0.029346040872504434
RD,linear,316,SlopePerWord,-0.0030253899948867687
RD,linear,316,EffectAtKPlus1,0.026320650877617664
RD,linear,316,EffectAtKPlus10,-0.000907859076363253
RD,linear,316,TotalChangeKPlus1ToKPlus10,-0.027228509953980917
RD,linear,316,ZeroCrossingDistance,9.699919984564756
RD,linear,317,InterceptAtK,0.03303106085388809
RD,linear,317,SlopePerWord,-0.003060583627184791
RD,linear,317,EffectAtKPlus1,0.0299704772267033
RD,linear,317,EffectAtKPlus10,0.0024252245820401835
RD,linear,317,TotalChangeKPlus1ToKPlus10,-0.027545252644663117
RD,linear,317,ZeroCrossingDistance,10.79240591908641
RD,linear,318,InterceptAtK,0.04593805835017995
RD,linear,318,SlopePerWord,-0.004915174124728374
RD,linear,318,EffectAtKPlus1,0.04102288422545158
RD,linear,318,EffectAtKPlus10,-0.0032136828971037895
RD,linear,318,TotalChangeKPlus1ToKPlus10,-0.044236567122555366
RD,linear,318,ZeroCrossingDistance,9.346171098815063
RD,linear,319,InterceptAtK,0.0340129011152558
RD,linear,319,SlopePerWord,-0.0030785386821135627
RD,linear,319,EffectAtKPlus1,0.03093436243314224
RD,linear,319,EffectAtKPlus10,0.003227514294120177
RD,linear,319,TotalChangeKPlus1ToKPlus10,-0.027706848139022064
RD,linear,319,ZeroCrossingDistance,11.048391664809076
RD,linear,320,InterceptAtK,0.03906662076946322
RD,linear,320,SlopePerWord,-0.0039660061977771655
RD,linear,320,EffectAtKPlus1,0.035100614571686055
RD,linear,320,EffectAtKPlus10,-0.0005934412083084331
RD,linear,320,TotalChangeKPlus1ToKPlus10,-0.03569405577999449
RD,linear,320,ZeroCrossingDistance,9.850368058264497
RD,linear,321,InterceptAtK,0.04148387519726253
RD,linear,321,SlopePerWord,-0.0038558930309790795
RD,linear,321,EffectAtKPlus1,0.03762798216628345
RD,linear,321,EffectAtKPlus10,0.0029249448874717338
RD,linear,321,TotalChangeKPlus1ToKPlus10,-0.034703037278811716
RD,linear,321,ZeroCrossingDistance,10.758564841911353
RD,linear,322,InterceptAtK,0.03510275981928384
RD,linear,322,SlopePerWord,-0.0039308485267614745
RD,linear,322,EffectAtKPlus1,0.031171911292522364
RD,linear,322,EffectAtKPlus10,-0.0042057254483309076
RD,linear,322,TotalChangeKPlus1ToKPlus10,-0.03537763674085327
RD,linear,322,ZeroCrossingDistance,8.930071861152102
RD,linear,323,InterceptAtK,0.047524801764945286
RD,linear,323,SlopePerWord,-0.004940768766629191
RD,linear,323,EffectAtKPlus1,0.0425840329983161
RD,linear,323,EffectAtKPlus10,-0.0018828859013466162
RD,linear,323,TotalChangeKPlus1ToKPlus10,-0.044466918899662713
RD,linear,323,ZeroCrossingDistance,9.618908313608207
RD,linear,324,InterceptAtK,0.034261890032570755
RD,linear,324,SlopePerWord,-0.00390260881243591
RD,linear,324,EffectAtKPlus1,0.030359281220134846
RD,linear,324,EffectAtKPlus10,-0.004764198091788345
RD,linear,324,TotalChangeKPlus1ToKPlus10,-0.035123479311923195
RD,linear,324,ZeroCrossingDistance,8.7792273525835
RD,linear,325,InterceptAtK,0.027308493891001182
RD,linear,325,SlopePerWord,-0.0021116367703469347
RD,linear,325,EffectAtKPlus1,0.025196857120654247
RD,linear,325,EffectAtKPlus10,0.006192126187531833
RD,linear,325,TotalChangeKPlus1ToKPlus10,-0.019004730933122414
RD,linear,325,ZeroCrossingDistance,12.932382251761267
RD,linear,326,InterceptAtK,0.029298637028203664
RD,linear,326,SlopePerWord,-0.0026594352272145553
RD,linear,326,EffectAtKPlus1,0.02663920180098911
RD,linear,326,EffectAtKPlus10,0.002704284756058113
RD,linear,326,TotalChangeKPlus1ToKPlus10,-0.023934917044930996
RD,linear,326,ZeroCrossingDistance,11.016864305768609
RD,linear,327,InterceptAtK,0.03802253593571596
RD,linear,327,SlopePerWord,-0.0032342155071101177
RD,linear,327,EffectAtKPlus1,0.03478832042860584
RD,linear,327,EffectAtKPlus10,0.005680380864614781
RD,linear,327,TotalChangeKPlus1ToKPlus10,-0.02910793956399106
RD,linear,327,ZeroCrossingDistance,11.75633962923219
RD,linear,328,InterceptAtK,0.02471231247979948
RD,linear,328,SlopePerWord,-0.0024155867609089218
RD,linear,328,EffectAtKPlus1,0.02229672571889056
RD,linear,328,EffectAtKPlus10,0.000556444870710264
RD,linear,328,TotalChangeKPlus1ToKPlus10,-0.021740280848180298
RD,linear,328,ZeroCrossingDistance,10.23035598626186
RD,linear,329,InterceptAtK,0.030840787816143866
RD,linear,329,SlopePerWord,-0.002354323094670231
RD,linear,329,EffectAtKPlus1,0.028486464721473634
RD,linear,329,EffectAtKPlus10,0.007297556869441554
RD,linear,329,TotalChangeKPlus1ToKPlus10,-0.02118890785203208
RD,linear,329,ZeroCrossingDistance,13.099641203011569
RD,linear,330,InterceptAtK,0.028745546621956285
RD,linear,330,SlopePerWord,-0.0016440540886697769
RD,linear,330,EffectAtKPlus1,0.02710149253328651
RD,linear,330,EffectAtKPlus10,0.012305005735258518
RD,linear,330,TotalChangeKPlus1ToKPlus10,-0.014796486798027992
RD,linear,330,ZeroCrossingDistance,17.48455042936856
RD,linear,331,InterceptAtK,0.03242270520042321
RD,linear,331,SlopePerWord,-0.004715545469674992
RD,linear,331,EffectAtKPlus1,0.027707159730748217
RD,linear,331,EffectAtKPlus10,-0.014732749496326712
RD,linear,331,TotalChangeKPlus1ToKPlus10,-0.042439909227074926
RD,linear,331,ZeroCrossingDistance,6.875706195376346
RD,linear,332,InterceptAtK,0.044200517905144454
RD,linear,332,SlopePerWord,-0.004678786505232506
RD,linear,332,EffectAtKPlus1,0.03952173139991195
RD,linear,332,EffectAtKPlus10,-0.0025873471471806048
RD,linear,332,TotalChangeKPlus1ToKPlus10,-0.04210907854709255
RD,linear,332,ZeroCrossingDistance,9.447004657236004
RD,linear,333,InterceptAtK,0.041275704399099965
RD,linear,333,SlopePerWord,-0.005065340023489032
RD,linear,333,EffectAtKPlus1,0.03621036437561093
RD,linear,333,EffectAtKPlus10,-0.009377695835790352
RD,linear,333,TotalChangeKPlus1ToKPlus10,-0.045588060211401285
RD,linear,333,ZeroCrossingDistance,8.148654228086558
RD,linear,334,InterceptAtK,0.03932909548597177
RD,linear,334,SlopePerWord,-0.004531062474838503
RD,linear,334,EffectAtKPlus1,0.03479803301113327
RD,linear,334,EffectAtKPlus10,-0.005981529262413264
RD,linear,334,TotalChangeKPlus1ToKPlus10,-0.04077956227354653
RD,linear,334,ZeroCrossingDistance,8.67988373684332
RD,linear,335,InterceptAtK,0.042311927367815465
RD,linear,335,SlopePerWord,-0.004595728088804687
RD,linear,335,EffectAtKPlus1,0.03771619927901078
RD,linear,335,EffectAtKPlus10,-0.0036453535202314036
RD,linear,335,TotalChangeKPlus1ToKPlus10,-0.04136155279924218
RD,linear,335,ZeroCrossingDistance,9.206795212904005
RD,linear,336,InterceptAtK,0.0359371554458284
RD,linear,336,SlopePerWord,-0.0034572531693724856
RD,linear,336,EffectAtKPlus1,0.03247990227645591
RD,linear,336,EffectAtKPlus10,0.0013646237521035415
RD,linear,336,TotalChangeKPlus1ToKPlus10,-0.03111527852435237
RD,linear,336,ZeroCrossingDistance,10.394713284000325
RD,linear,337,InterceptAtK,0.038723005881594184
RD,linear,337,SlopePerWord,-0.0047480116143909425
RD,linear,337,EffectAtKPlus1,0.03397499426720324
RD,linear,337,EffectAtKPlus10,-0.008757110262315244
RD,linear,337,TotalChangeKPlus1ToKPlus10,-0.042732104529518485
RD,linear,337,ZeroCrossingDistance,8.155625770633552
RD,linear,338,InterceptAtK,0.03524151132020261
RD,linear,338,SlopePerWord,-0.003570888872662976
RD,linear,338,EffectAtKPlus1,0.03167062244753963
RD,linear,338,EffectAtKPlus10,-0.0004673774064271538
RD,linear,338,TotalChangeKPlus1ToKPlus10,-0.03213799985396679
RD,linear,338,ZeroCrossingDistance,9.869114547359574
RD,linear,339,InterceptAtK,0.039673575283172155
RD,linear,339,SlopePerWord,-0.0035251187246843054
RD,linear,339,EffectAtKPlus1,0.03614845655848785
RD,linear,339,EffectAtKPlus10,0.004422388036329099
RD,linear,339,TotalChangeKPlus1ToKPlus10,-0.03172606852215875
RD,linear,339,ZeroCrossingDistance,11.254535912609624
RD,linear,340,InterceptAtK,0.051481417519985875
RD,linear,340,SlopePerWord,-0.005643896195578962
RD,linear,340,EffectAtKPlus1,0.04583752132440691
RD,linear,340,EffectAtKPlus10,-0.0049575444358037415
RD,linear,340,TotalChangeKPlus1ToKPlus10,-0.05079506576021065
RD,linear,340,ZeroCrossingDistance,9.121609564738781
RD,linear,341,InterceptAtK,0.03421948391202613
RD,linear,341,SlopePerWord,-0.002353648660252388
RD,linear,341,EffectAtKPlus1,0.03186583525177374
RD,linear,341,EffectAtKPlus10,0.01068299730950225
RD,linear,341,TotalChangeKPlus1ToKPlus10,-0.021182837942271493
RD,linear,341,ZeroCrossingDistance,14.538909094595573
RD,linear,342,InterceptAtK,0.03465487560504913
RD,linear,342,SlopePerWord,-0.0031531083527462506
RD,linear,342,EffectAtKPlus1,0.03150176725230288
RD,linear,342,EffectAtKPlus10,0.003123792077586625
RD,linear,342,TotalChangeKPlus1ToKPlus10,-0.028377975174716255
RD,linear,342,ZeroCrossingDistance,10.990702420633882
RD,linear,343,InterceptAtK,0.026604054483649622
RD,linear,343,SlopePerWord,-0.0024429305189918628
RD,linear,343,EffectAtKPlus1,0.02416112396465776
RD,linear,343,EffectAtKPlus10,0.0021747492937309945
RD,linear,343,TotalChangeKPlus1ToKPlus10,-0.021986374670926765
RD,linear,343,ZeroCrossingDistance,10.890221509299602
RD,linear,344,InterceptAtK,0.032900728468568174
RD,linear,344,SlopePerWord,-0.002526332645851436
RD,linear,344,EffectAtKPlus1,0.030374395822716737
RD,linear,344,EffectAtKPlus10,0.007637402010053813
RD,linear,344,TotalChangeKPlus1ToKPlus10,-0.022736993812662924
RD,linear,344,ZeroCrossingDistance,13.023118124446285
RD,linear,345,InterceptAtK,0.038111103478040934
RD,linear,345,SlopePerWord,-0.0046185487728292954
RD,linear,345,EffectAtKPlus1,0.03349255470521164
RD,linear,345,EffectAtKPlus10,-0.008074384250252017
RD,linear,345,TotalChangeKPlus1ToKPlus10,-0.04156693895546366
RD,linear,345,ZeroCrossingDistance,8.25174862334393
RD,linear,346,InterceptAtK,0.043687397180420307
RD,linear,346,SlopePerWord,-0.005679649100316642
RD,linear,346,EffectAtKPlus1,0.03800774808010367
RD,linear,346,EffectAtKPlus10,-0.013109093822746117
RD,linear,346,TotalChangeKPlus1ToKPlus10,-0.051116841902849784
RD,linear,346,ZeroCrossingDistance,7.691918357770504
RD,linear,347,InterceptAtK,0.044850883521457705
RD,linear,347,SlopePerWord,-0.006170743239156897
RD,linear,347,EffectAtKPlus1,0.03868014028230081
RD,linear,347,EffectAtKPlus10,-0.01685654887011126
RD,linear,347,TotalChangeKPlus1ToKPlus10,-0.05553668915241207
RD,linear,347,ZeroCrossingDistance,7.268311414555898
RD,linear,348,InterceptAtK,0.04117900699880519
RD,linear,348,SlopePerWord,-0.004201117431083939
RD,linear,348,EffectAtKPlus1,0.03697788956772125
RD,linear,348,EffectAtKPlus10,-0.0008321673120342057
RD,linear,348,TotalChangeKPlus1ToKPlus10,-0.03781005687975546
RD,linear,348,ZeroCrossingDistance,9.801917626515978
RD,linear,349,InterceptAtK,0.04050904424927885
RD,linear,349,SlopePerWord,-0.004140573567937012
RD,linear,349,EffectAtKPlus1,0.03636847068134184
RD,linear,349,EffectAtKPlus10,-0.0008966914300912732
RD,linear,349,TotalChangeKPlus1ToKPlus10,-0.03726516211143311
RD,linear,349,ZeroCrossingDistance,9.783437870290507
RD,linear,350,InterceptAtK,0.03437206617153262
RD,linear,350,SlopePerWord,-0.003628483326361072
RD,linear,350,EffectAtKPlus1,0.03074358284517155
RD,linear,350,EffectAtKPlus10,-0.0019127670920780979
RD,linear,350,TotalChangeKPlus1ToKPlus10,-0.03265634993724965
RD,linear,350,ZeroCrossingDistance,9.472846663458043
RD,linear,351,InterceptAtK,0.035518018282776447
RD,linear,351,SlopePerWord,-0.004023575580214805
RD,linear,351,EffectAtKPlus1,0.031494442702561645
RD,linear,351,EffectAtKPlus10,-0.004717737519371601
RD,linear,351,TotalChangeKPlus1ToKPlus10,-0.036212180221933246
RD,linear,351,ZeroCrossingDistance,8.827476351489404
RD,linear,352,InterceptAtK,0.024501102556492398
RD,linear,352,SlopePerWord,-0.001720100102012347
RD,linear,352,EffectAtKPlus1,0.022781002454480052
RD,linear,352,EffectAtKPlus10,0.007300101536368928
RD,linear,352,TotalChangeKPlus1ToKPlus10,-0.015480900918111124
RD,linear,352,ZeroCrossingDistance,14.243998083500218
RD,linear,353,InterceptAtK,0.04363959206954497
RD,linear,353,SlopePerWord,-0.005152050856653872
RD,linear,353,EffectAtKPlus1,0.0384875412128911
RD,linear,353,EffectAtKPlus10,-0.007880916496993746
RD,linear,353,TotalChangeKPlus1ToKPlus10,-0.04636845770988485
RD,linear,353,ZeroCrossingDistance,8.470334102619436
RD,linear,354,InterceptAtK,0.02900313242310678
RD,linear,354,SlopePerWord,-0.00379190070910945
RD,linear,354,EffectAtKPlus1,0.02521123171399733
RD,linear,354,EffectAtKPlus10,-0.008915874667987718
RD,linear,354,TotalChangeKPlus1ToKPlus10,-0.034127106381985045
RD,linear,354,ZeroCrossingDistance,7.648705661894384
RD,linear,355,InterceptAtK,0.03689828534116978
RD,linear,355,SlopePerWord,-0.0038278330528707404
RD,linear,355,EffectAtKPlus1,0.033070452288299045
RD,linear,355,EffectAtKPlus10,-0.0013800451875376207
RD,linear,355,TotalChangeKPlus1ToKPlus10,-0.034450497475836665
RD,linear,355,ZeroCrossingDistance,9.639470904693026
RD,linear,356,InterceptAtK,0.04904380805507501
RD,linear,356,SlopePerWord,-0.005665381040298832
RD,linear,356,EffectAtKPlus1,0.04337842701477618
RD,linear,356,EffectAtKPlus10,-0.007610002347913307
RD,linear,356,TotalChangeKPlus1ToKPlus10,-0.050988429362689484
RD,linear,356,ZeroCrossingDistance,8.656753659854113
RD,linear,357,InterceptAtK,0.02742629833520998
RD,linear,357,SlopePerWord,-0.002530696365466476
RD,linear,357,EffectAtKPlus1,0.024895601969743504
RD,linear,357,EffectAtKPlus10,0.0021193346805452214
RD,linear,357,TotalChangeKPlus1ToKPlus10,-0.022776267289198283
RD,linear,357,ZeroCrossingDistance,10.837451189113542
RD,linear,358,InterceptAtK,0.04225867623087171
RD,linear,358,SlopePerWord,-0.0039680824676586145
RD,linear,358,EffectAtKPlus1,0.0382905937632131
RD,linear,358,EffectAtKPlus10,0.002577851554285568
RD,linear,358,TotalChangeKPlus1ToKPlus10,-0.035712742208927534
RD,linear,358,ZeroCrossingDistance,10.649646668207136
RD,linear,359,InterceptAtK,0.046995064507760274
RD,linear,359,SlopePerWord,-0.005733132118053157
RD,linear,359,EffectAtKPlus1,0.041261932389707115
RD,linear,359,EffectAtKPlus10,-0.010336256672771292
RD,linear,359,TotalChangeKPlus1ToKPlus10,-0.05159818906247841
RD,linear,359,ZeroCrossingDistance,8.197101259846553
RD,linear,360,InterceptAtK,0.027338133391396256
RD,linear,360,SlopePerWord,-0.0026714744644503667
RD,linear,360,EffectAtKPlus1,0.02466665892694589
RD,linear,360,EffectAtKPlus10,0.0006233887468925885
RD,linear,360,TotalChangeKPlus1ToKPlus10,-0.0240432701800533
RD,linear,360,ZeroCrossingDistance,10.233350067608018
RD,linear,361,InterceptAtK,0.03125130638281115
RD,linear,361,SlopePerWord,-0.003402342939351409
RD,linear,361,EffectAtKPlus1,0.027848963443459742
RD,linear,361,EffectAtKPlus10,-0.00277212301070294
RD,linear,361,TotalChangeKPlus1ToKPlus10,-0.030621086454162682
RD,linear,361,ZeroCrossingDistance,9.185231159786793
RD,linear,362,InterceptAtK,0.030286226317655422
RD,linear,362,SlopePerWord,-0.002003142860639869
RD,linear,362,EffectAtKPlus1,0.028283083457015554
RD,linear,362,EffectAtKPlus10,0.01025479771125673
RD,linear,362,TotalChangeKPlus1ToKPlus10,-0.018028285745758824
RD,linear,362,ZeroCrossingDistance,15.119354147302811
RD,linear,363,InterceptAtK,0.03743129394213361
RD,linear,363,SlopePerWord,-0.003814208876703788
RD,linear,363,EffectAtKPlus1,0.033617085065429826
RD,linear,363,EffectAtKPlus10,-0.0007107948249042706
RD,linear,363,TotalChangeKPlus1ToKPlus10,-0.0343278798903341
RD,linear,363,ZeroCrossingDistance,9.81364554278985
RD,linear,364,InterceptAtK,0.039613567567709146
RD,linear,364,SlopePerWord,-0.004456940411226158
RD,linear,364,EffectAtKPlus1,0.03515662715648299
RD,linear,364,EffectAtKPlus10,-0.004955836544552429
RD,linear,364,TotalChangeKPlus1ToKPlus10,-0.04011246370103542
RD,linear,364,ZeroCrossingDistance,8.888063090978365
RD,linear,365,InterceptAtK,0.04290854513101619
RD,linear,365,SlopePerWord,-0.004339327612153799
RD,linear,365,EffectAtKPlus1,0.03856921751886239
RD,linear,365,EffectAtKPlus10,-0.00048473099052179225
RD,linear,365,TotalChangeKPlus1ToKPlus10,-0.039053948509384186
RD,linear,365,ZeroCrossingDistance,9.888293525207883
RD,linear,366,InterceptAtK,0.038373311370855034
RD,linear,366,SlopePerWord,-0.004716386406041184
RD,linear,366,EffectAtKPlus1,0.03365692496481385
RD,linear,366,EffectAtKPlus10,-0.0087905526895568
RD,linear,366,TotalChangeKPlus1ToKPlus10,-0.04244747765437065
RD,linear,366,ZeroCrossingDistance,8.136167834277309
RD,linear,367,InterceptAtK,0.03252919281024161
RD,linear,367,SlopePerWord,-0.0038817494391592097
RD,linear,367,EffectAtKPlus1,0.0286474433710824
RD,linear,367,EffectAtKPlus10,-0.006288301581350492
RD,linear,367,TotalChangeKPlus1ToKPlus10,-0.03493574495243289
RD,linear,367,ZeroCrossingDistance,8.38003413669262
RD,linear,368,InterceptAtK,0.03663939081593184
RD,linear,368,SlopePerWord,-0.004140708183551461
RD,linear,368,EffectAtKPlus1,0.03249868263238038
RD,linear,368,EffectAtKPlus10,-0.004767691019582777
RD,linear,368,TotalChangeKPlus1ToKPlus10,-0.037266373651963156
RD,linear,368,ZeroCrossingDistance,8.848580772119625
RD,linear,369,InterceptAtK,0.03919522646865139
RD,linear,369,SlopePerWord,-0.004549368303336183
RD,linear,369,EffectAtKPlus1,0.03464585816531521
RD,linear,369,EffectAtKPlus10,-0.006298456564710446
RD,linear,369,TotalChangeKPlus1ToKPlus10,-0.040944314730025654
RD,linear,369,ZeroCrossingDistance,8.615531620051161
RD,linear,370,InterceptAtK,0.04141247132749919
RD,linear,370,SlopePerWord,-0.0036500110977792277
RD,linear,370,EffectAtKPlus1,0.037762460229719956
RD,linear,370,EffectAtKPlus10,0.004912360349706907
RD,linear,370,TotalChangeKPlus1ToKPlus10,-0.03285009988001305
RD,linear,370,ZeroCrossingDistance,11.345848058570487
RD,linear,371,InterceptAtK,0.026174372518971496
RD,linear,371,SlopePerWord,-0.0017879769956180786
RD,linear,371,EffectAtKPlus1,0.024386395523353418
RD,linear,371,EffectAtKPlus10,0.008294602562790711
RD,linear,371,TotalChangeKPlus1ToKPlus10,-0.016091792960562706
RD,linear,371,ZeroCrossingDistance,14.639099151230065
RD,linear,372,InterceptAtK,0.03421652621990982
RD,linear,372,SlopePerWord,-0.0033899886606679965
RD,linear,372,EffectAtKPlus1,0.03082653755924182
RD,linear,372,EffectAtKPlus10,0.00031663961322984935
RD,linear,372,TotalChangeKPlus1ToKPlus10,-0.03050989794601197
RD,linear,372,ZeroCrossingDistance,10.093404328133492
RD,linear,373,InterceptAtK,0.031888109952086505
RD,linear,373,SlopePerWord,-0.0032770572867730366
RD,linear,373,EffectAtKPlus1,0.02861105266531347
RD,linear,373,EffectAtKPlus10,-0.0008824629156438599
RD,linear,373,TotalChangeKPlus1ToKPlus10,-0.02949351558095733
RD,linear,373,ZeroCrossingDistance,9.730714833943951
RD,linear,374,InterceptAtK,0.024807786561030023
RD,linear,374,SlopePerWord,-0.0014929122344487168
RD,linear,374,EffectAtKPlus1,0.023314874326581306
RD,linear,374,EffectAtKPlus10,0.009878664216542855
RD,linear,374,TotalChangeKPlus1ToKPlus10,-0.013436210110038451
RD,linear,374,ZeroCrossingDistance,16.61704284323902
RD,linear,375,InterceptAtK,0.03277237264531058
RD,linear,375,SlopePerWord,-0.0030053189708058718
RD,linear,375,EffectAtKPlus1,0.029767053674504704
RD,linear,375,EffectAtKPlus10,0.00271918293725186
RD,linear,375,TotalChangeKPlus1ToKPlus10,-0.027047870737252844
RD,linear,375,ZeroCrossingDistance,10.90479012832462
RD,linear,376,InterceptAtK,0.04161946708458409
RD,linear,376,SlopePerWord,-0.004535519292815026
RD,linear,376,EffectAtKPlus1,0.037083947791769066
RD,linear,376,EffectAtKPlus10,-0.0037357258435661636
RD,linear,376,TotalChangeKPlus1ToKPlus10,-0.04081967363533523
RD,linear,376,ZeroCrossingDistance,9.176339994962838
RD,linear,377,InterceptAtK,0.035012404743968
RD,linear,377,SlopePerWord,-0.004019790321186581
RD,linear,377,EffectAtKPlus1,0.030992614422781423
RD,linear,377,EffectAtKPlus10,-0.0051854984678978075
RD,linear,377,TotalChangeKPlus1ToKPlus10,-0.03617811289067923
RD,linear,377,ZeroCrossingDistance,8.710007723396098
RD,linear,378,InterceptAtK,0.034930970882274856
RD,linear,378,SlopePerWord,-0.004572063069207221
RD,linear,378,EffectAtKPlus1,0.030358907813067635
RD,linear,378,EffectAtKPlus10,-0.010789659809797354
RD,linear,378,TotalChangeKPlus1ToKPlus10,-0.04114856762286499
RD,linear,378,ZeroCrossingDistance,7.640089463667823
RD,linear,379,InterceptAtK,0.040429952663071464
RD,linear,379,SlopePerWord,-0.004044409050873321
RD,linear,379,EffectAtKPlus1,0.036385543612198146
RD,linear,379,EffectAtKPlus10,-1.4137845661746362e-05
RD,linear,379,TotalChangeKPlus1ToKPlus10,-0.03639968145785989
RD,linear,379,ZeroCrossingDistance,9.996504348228898
RD,linear,380,InterceptAtK,0.03247178447097335
RD,linear,380,SlopePerWord,-0.0031386216231500015
RD,linear,380,EffectAtKPlus1,0.029333162847823346
RD,linear,380,EffectAtKPlus10,0.001085568239473332
RD,linear,380,TotalChangeKPlus1ToKPlus10,-0.028247594608350014
RD,linear,380,ZeroCrossingDistance,10.34587419887327
RD,linear,381,InterceptAtK,0.032147863666224706
RD,linear,381,SlopePerWord,-0.0023953786020811806
RD,linear,381,EffectAtKPlus1,0.029752485064143526
RD,linear,381,EffectAtKPlus10,0.008194077645412901
RD,linear,381,TotalChangeKPlus1ToKPlus10,-0.021558407418730625
RD,linear,381,ZeroCrossingDistance,13.420786024511376
RD,linear,382,InterceptAtK,0.042098718365756294
RD,linear,382,SlopePerWord,-0.004135001113001602
RD,linear,382,EffectAtKPlus1,0.03796371725275469
RD,linear,382,EffectAtKPlus10,0.0007487072357402758
RD,linear,382,TotalChangeKPlus1ToKPlus10,-0.03721501001701442
RD,linear,382,ZeroCrossingDistance,10.181065788201634
RD,linear,383,InterceptAtK,0.04172247712291716
RD,linear,383,SlopePerWord,-0.005958409029145695
RD,linear,383,EffectAtKPlus1,0.035764068093771466
RD,linear,383,EffectAtKPlus10,-0.017861613168539785
RD,linear,383,TotalChangeKPlus1ToKPlus10,-0.05362568126231125
RD,linear,383,ZeroCrossingDistance,7.002284824494375
RD,linear,384,InterceptAtK,0.03412806969910661
RD,linear,384,SlopePerWord,-0.0033799653250005967
RD,linear,384,EffectAtKPlus1,0.030748104374106012
RD,linear,384,EffectAtKPlus10,0.0003284164491006436
RD,linear,384,TotalChangeKPlus1ToKPlus10,-0.030419687925005368
RD,linear,384,ZeroCrossingDistance,10.097165626721507
RD,linear,385,InterceptAtK,0.03365625922950182
RD,linear,385,SlopePerWord,-0.0035981012842643796
RD,linear,385,EffectAtKPlus1,0.030058157945237442
RD,linear,385,EffectAtKPlus10,-0.0023247536131419735
RD,linear,385,TotalChangeKPlus1ToKPlus10,-0.03238291155837941
RD,linear,385,ZeroCrossingDistance,9.353894337741728
RD,linear,386,InterceptAtK,0.026495394742245916
RD,linear,386,SlopePerWord,-0.0021833859566781893
RD,linear,386,EffectAtKPlus1,0.024312008785567725
RD,linear,386,EffectAtKPlus10,0.004661535175464023
RD,linear,386,TotalChangeKPlus1ToKPlus10,-0.019650473610103702
RD,linear,386,ZeroCrossingDistance,12.135002820369927
RD,linear,387,InterceptAtK,0.03368326147867673
RD,linear,387,SlopePerWord,-0.0038321805502578654
RD,linear,387,EffectAtKPlus1,0.029851080928418865
RD,linear,387,EffectAtKPlus10,-0.0046385440239019235
RD,linear,387,TotalChangeKPlus1ToKPlus10,-0.03448962495232079
RD,linear,387,ZeroCrossingDistance,8.789581032764806
RD,linear,388,InterceptAtK,0.028165653712319147
RD,linear,388,SlopePerWord,-0.002461723421370327
RD,linear,388,EffectAtKPlus1,0.02570393029094882
RD,linear,388,EffectAtKPlus10,0.0035484194986158783
RD,linear,388,TotalChangeKPlus1ToKPlus10,-0.022155510792332942
RD,linear,388,ZeroCrossingDistance,11.441437111826575
RD,linear,389,InterceptAtK,0.02385756528074583
RD,linear,389,SlopePerWord,-0.0025062749894021667
RD,linear,389,EffectAtKPlus1,0.021351290291343663
RD,linear,389,EffectAtKPlus10,-0.0012051846132758379
RD,linear,389,TotalChangeKPlus1ToKPlus10,-0.0225564749046195
RD,linear,389,ZeroCrossingDistance,9.519133128498675
RD,linear,390,InterceptAtK,0.04151198127523796
RD,linear,390,SlopePerWord,-0.004368469819586774
RD,linear,390,EffectAtKPlus1,0.03714351145565119
RD,linear,390,EffectAtKPlus10,-0.002172716920629779
RD,linear,390,TotalChangeKPlus1ToKPlus10,-0.039316228376280966
RD,linear,390,ZeroCrossingDistance,9.502636618687845
RD,linear,391,InterceptAtK,0.03215013131166178
RD,linear,391,SlopePerWord,-0.003957498953936922
RD,linear,391,EffectAtKPlus1,0.028192632357724855
RD,linear,391,EffectAtKPlus10,-0.007424858227707443
RD,linear,391,TotalChangeKPlus1ToKPlus10,-0.0356174905854323
RD,linear,391,ZeroCrossingDistance,8.123850867902014
RD,linear,392,InterceptAtK,0.04103333906953918
RD,linear,392,SlopePerWord,-0.005304647900874198
RD,linear,392,EffectAtKPlus1,0.035728691168664985
RD,linear,392,EffectAtKPlus10,-0.012013139939202798
RD,linear,392,TotalChangeKPlus1ToKPlus10,-0.04774183110786778
RD,linear,392,ZeroCrossingDistance,7.735355830643717
RD,linear,393,InterceptAtK,0.03656072581129785
RD,linear,393,SlopePerWord,-0.004389179981824021
RD,linear,393,EffectAtKPlus1,0.03217154582947383
RD,linear,393,EffectAtKPlus10,-0.007331074006942363
RD,linear,393,TotalChangeKPlus1ToKPlus10,-0.039502619836416196
RD,linear,393,ZeroCrossingDistance,8.329739487261634
RD,linear,394,InterceptAtK,0.03273892807093311
RD,linear,394,SlopePerWord,-0.004127341760676403
RD,linear,394,EffectAtKPlus1,0.028611586310256704
RD,linear,394,EffectAtKPlus10,-0.00853448953583092
RD,linear,394,TotalChangeKPlus1ToKPlus10,-0.037146075846087624
RD,linear,394,ZeroCrossingDistance,7.932206725126572
RD,linear,395,InterceptAtK,0.03391605038546196
RD,linear,395,SlopePerWord,-0.0035477717011029967
RD,linear,395,EffectAtKPlus1,0.03036827868435896
RD,linear,395,EffectAtKPlus10,-0.0015616666255680103
RD,linear,395,TotalChangeKPlus1ToKPlus10,-0.031929945309926974
RD,linear,395,ZeroCrossingDistance,9.559817610281268
RD,linear,396,InterceptAtK,0.040955362315971106
RD,linear,396,SlopePerWord,-0.005231487816771851
RD,linear,396,EffectAtKPlus1,0.035723874499199254
RD,linear,396,EffectAtKPlus10,-0.011359515851747402
RD,linear,396,TotalChangeKPlus1ToKPlus10,-0.047083390350946656
RD,linear,396,ZeroCrossingDistance,7.8286261481237815
RD,linear,397,InterceptAtK,0.049327260367311304
RD,linear,397,SlopePerWord,-0.006446118141493359
RD,linear,397,EffectAtKPlus1,0.042881142225817945
RD,linear,397,EffectAtKPlus10,-0.01513392104762229
RD,linear,397,TotalChangeKPlus1ToKPlus10,-0.058015063273440234
RD,linear,397,ZeroCrossingDistance,7.652242680721914
RD,linear,398,InterceptAtK,0.04817833642856878
RD,linear,398,SlopePerWord,-0.005349085185176851
RD,linear,398,EffectAtKPlus1,0.04282925124339193
RD,linear,398,EffectAtKPlus10,-0.005312515423199729
RD,linear,398,TotalChangeKPlus1ToKPlus10,-0.04814176666659166
RD,linear,398,ZeroCrossingDistance,9.006836638548673
RD,linear,399,InterceptAtK,0.04390458628310847
RD,linear,399,SlopePerWord,-0.0044476723342276835
RD,linear,399,EffectAtKPlus1,0.03945691394888079
RD,linear,399,EffectAtKPlus10,-0.000572137059168365
RD,linear,399,TotalChangeKPlus1ToKPlus10,-0.040029051008049155
RD,linear,399,ZeroCrossingDistance,9.871362587849513
RD,linear,400,InterceptAtK,0.038441480258045016
RD,linear,400,SlopePerWord,-0.004354709602693216
RD,linear,400,EffectAtKPlus1,0.0340867706553518
RD,linear,400,EffectAtKPlus10,-0.005105615768887142
RD,linear,400,TotalChangeKPlus1ToKPlus10,-0.039192386424238945
RD,linear,400,ZeroCrossingDistance,8.827564583013867
RD,linear,401,InterceptAtK,0.040054762826877026
RD,linear,401,SlopePerWord,-0.004946056985561878
RD,linear,401,EffectAtKPlus1,0.035108705841315146
RD,linear,401,EffectAtKPlus10,-0.009405807028741754
RD,linear,401,TotalChangeKPlus1ToKPlus10,-0.0445145128700569
RD,linear,401,ZeroCrossingDistance,8.098322147076265
RD,linear,402,InterceptAtK,0.03530238299978726
RD,linear,402,SlopePerWord,-0.003957386391799362
RD,linear,402,EffectAtKPlus1,0.031344996607987896
RD,linear,402,EffectAtKPlus10,-0.004271480918206366
RD,linear,402,TotalChangeKPlus1ToKPlus10,-0.03561647752619426
RD,linear,402,ZeroCrossingDistance,8.92063081657685
RD,linear,403,InterceptAtK,0.03951702940223969
RD,linear,403,SlopePerWord,-0.004485760239433066
RD,linear,403,EffectAtKPlus1,0.03503126916280662
RD,linear,403,EffectAtKPlus10,-0.005340572992090974
RD,linear,403,TotalChangeKPlus1ToKPlus10,-0.04037184215489759
RD,linear,403,ZeroCrossingDistance,8.809438599695211
RD,linear,404,InterceptAtK,0.04689897465503706
RD,linear,404,SlopePerWord,-0.004608873805906838
RD,linear,404,EffectAtKPlus1,0.04229010084913022
RD,linear,404,EffectAtKPlus10,0.000810236595968683
RD,linear,404,TotalChangeKPlus1ToKPlus10,-0.04147986425316154
RD,linear,404,ZeroCrossingDistance,10.175799258146375
RD,linear,405,InterceptAtK,0.037607149570098794
RD,linear,405,SlopePerWord,-0.0035055301886258933
RD,linear,405,EffectAtKPlus1,0.0341016193814729
RD,linear,405,EffectAtKPlus10,0.0025518476838398627
RD,linear,405,TotalChangeKPlus1ToKPlus10,-0.03154977169763304
RD,linear,405,ZeroCrossingDistance,10.727949139368313
RD,linear,406,InterceptAtK,0.032639618182769226
RD,linear,406,SlopePerWord,-0.0029862333368305275
RD,linear,406,EffectAtKPlus1,0.0296533848459387
RD,linear,406,EffectAtKPlus10,0.0027772848144639525
RD,linear,406,TotalChangeKPlus1ToKPlus10,-0.026876100031474746
RD,linear,406,ZeroCrossingDistance,10.930029405341665
RD,linear,407,InterceptAtK,0.04612094050288805
RD,linear,407,SlopePerWord,-0.0055532428489359605
RD,linear,407,EffectAtKPlus1,0.04056769765395209
RD,linear,407,EffectAtKPlus10,-0.009411487986471553
RD,linear,407,TotalChangeKPlus1ToKPlus10,-0.04997918564042364
RD,linear,407,ZeroCrossingDistance,8.305226649996973
RD,linear,408,InterceptAtK,0.048311343517338456
RD,linear,408,SlopePerWord,-0.006335428511503962
RD,linear,408,EffectAtKPlus1,0.041975915005834495
RD,linear,408,EffectAtKPlus10,-0.01504294159770117
RD,linear,408,TotalChangeKPlus1ToKPlus10,-0.057018856603535666
RD,linear,408,ZeroCrossingDistance,7.625584193652257
RD,linear,409,InterceptAtK,0.0265851612061231
RD,linear,409,SlopePerWord,-0.002667297581004939
RD,linear,409,EffectAtKPlus1,0.023917863625118163
RD,linear,409,EffectAtKPlus10,-8.781460392628948e-05
RD,linear,409,TotalChangeKPlus1ToKPlus10,-0.024005678229044453
RD,linear,409,ZeroCrossingDistance,9.96707731280092
RD,linear,410,InterceptAtK,0.051870571754299676
RD,linear,410,SlopePerWord,-0.005452407700939747
RD,linear,410,EffectAtKPlus1,0.046418164053359925
RD,linear,410,EffectAtKPlus10,-0.0026535052550977906
RD,linear,410,TotalChangeKPlus1ToKPlus10,-0.049071669308457716
RD,linear,410,ZeroCrossingDistance,9.513333301425634
RD,linear,411,InterceptAtK,0.03765093243036699
RD,linear,411,SlopePerWord,-0.0036947117978755883
RD,linear,411,EffectAtKPlus1,0.0339562206324914
RD,linear,411,EffectAtKPlus10,0.0007038144516111067
RD,linear,411,TotalChangeKPlus1ToKPlus10,-0.033252406180880295
RD,linear,411,ZeroCrossingDistance,10.190492382116458
RD,linear,412,InterceptAtK,0.04025039047669144
RD,linear,412,SlopePerWord,-0.0050537387472279595
RD,linear,412,EffectAtKPlus1,0.03519665172946348
RD,linear,412,EffectAtKPlus10,-0.010286996995588153
RD,linear,412,TotalChangeKPlus1ToKPlus10,-0.04548364872505163
RD,linear,412,ZeroCrossingDistance,7.964477882591239
RD,linear,413,InterceptAtK,0.038161229845217394
RD,linear,413,SlopePerWord,-0.0036424401815703744
RD,linear,413,EffectAtKPlus1,0.03451878966364702
RD,linear,413,EffectAtKPlus10,0.0017368280295136512
RD,linear,413,TotalChangeKPlus1ToKPlus10,-0.03278196163413337
RD,linear,413,ZeroCrossingDistance,10.476830899873514
RD,linear,414,InterceptAtK,0.04137587847567095
RD,linear,414,SlopePerWord,-0.004330101320179625
RD,linear,414,EffectAtKPlus1,0.03704577715549133
RD,linear,414,EffectAtKPlus10,-0.0019251347261253007
RD,linear,414,TotalChangeKPlus1ToKPlus10,-0.03897091188161663
RD,linear,414,ZeroCrossingDistance,9.555406540453552
RD,linear,415,InterceptAtK,0.04427335289310599
RD,linear,415,SlopePerWord,-0.004853399366905557
RD,linear,415,EffectAtKPlus1,0.03941995352620043
RD,linear,415,EffectAtKPlus10,-0.0042606407759495785
RD,linear,415,TotalChangeKPlus1ToKPlus10,-0.04368059430215001
RD,linear,415,ZeroCrossingDistance,9.122132663344766
RD,linear,416,InterceptAtK,0.02916986251420949
RD,linear,416,SlopePerWord,-0.001750875135446312
RD,linear,416,EffectAtKPlus1,0.027418987378763176
RD,linear,416,EffectAtKPlus10,0.011661111159746367
RD,linear,416,TotalChangeKPlus1ToKPlus10,-0.01575787621901681
RD,linear,416,ZeroCrossingDistance,16.66016149505365
RD,linear,417,InterceptAtK,0.03438456064708428
RD,linear,417,SlopePerWord,-0.00393016980361335
RD,linear,417,EffectAtKPlus1,0.030454390843470926
RD,linear,417,EffectAtKPlus10,-0.004917137389049225
RD,linear,417,TotalChangeKPlus1ToKPlus10,-0.035371528232520155
RD,linear,417,ZeroCrossingDistance,8.748874060217839
RD,linear,418,InterceptAtK,0.033600506747952195
RD,linear,418,SlopePerWord,-0.003917014017768785
RD,linear,418,EffectAtKPlus1,0.029683492730183413
RD,linear,418,EffectAtKPlus10,-0.005569633429735647
RD,linear,418,TotalChangeKPlus1ToKPlus10,-0.03525312615991906
RD,linear,418,ZeroCrossingDistance,8.57809203529268
RD,linear,419,InterceptAtK,0.030538955914093124
RD,linear,419,SlopePerWord,-0.0028202788297672955
RD,linear,419,EffectAtKPlus1,0.027718677084325828
RD,linear,419,EffectAtKPlus10,0.0023361676164201685
RD,linear,419,TotalChangeKPlus1ToKPlus10,-0.02538250946790566
RD,linear,419,ZeroCrossingDistance,10.828346329363798
RD,linear,420,InterceptAtK,0.033867257021476256
RD,linear,420,SlopePerWord,-0.0038062195845769533
RD,linear,420,EffectAtKPlus1,0.030061037436899304
RD,linear,420,EffectAtKPlus10,-0.004194938824293275
RD,linear,420,TotalChangeKPlus1ToKPlus10,-0.034255976261192575
RD,linear,420,ZeroCrossingDistance,8.897872618465987
RD,linear,421,InterceptAtK,0.030243208888565774
RD,linear,421,SlopePerWord,-0.0026912553523896674
RD,linear,421,EffectAtKPlus1,0.027551953536176108
RD,linear,421,EffectAtKPlus10,0.003330655364669099
RD,linear,421,TotalChangeKPlus1ToKPlus10,-0.02422129817150701
RD,linear,421,ZeroCrossingDistance,11.237584297495845
RD,linear,422,InterceptAtK,0.028608287744585605
RD,linear,422,SlopePerWord,-0.002415669207509376
RD,linear,422,EffectAtKPlus1,0.026192618537076228
RD,linear,422,EffectAtKPlus10,0.004451595669491843
RD,linear,422,TotalChangeKPlus1ToKPlus10,-0.021741022867584385
RD,linear,422,ZeroCrossingDistance,11.84280018789558
RD,linear,423,InterceptAtK,0.02896769837928508
RD,linear,423,SlopePerWord,-0.002698754967603115
RD,linear,423,EffectAtKPlus1,0.026268943411681962
RD,linear,423,EffectAtKPlus10,0.0019801487032539283
RD,linear,423,TotalChangeKPlus1ToKPlus10,-0.024288794708428034
RD,linear,423,ZeroCrossingDistance,10.733726746971989
RD,linear,424,InterceptAtK,0.036546067616749826
RD,linear,424,SlopePerWord,-0.003702154202988286
RD,linear,424,EffectAtKPlus1,0.03284391341376154
RD,linear,424,EffectAtKPlus10,-0.0004754744131330313
RD,linear,424,TotalChangeKPlus1ToKPlus10,-0.03331938782689457
RD,linear,424,ZeroCrossingDistance,9.871568177049664
RD,linear,425,InterceptAtK,0.04346311821549896
RD,linear,425,SlopePerWord,-0.004974236157480765
RD,linear,425,EffectAtKPlus1,0.038488882058018196
RD,linear,425,EffectAtKPlus10,-0.006279243359308691
RD,linear,425,TotalChangeKPlus1ToKPlus10,-0.04476812541732689
RD,linear,425,ZeroCrossingDistance,8.737646713884839
RD,linear,426,InterceptAtK,0.03724901504958178
RD,linear,426,SlopePerWord,-0.004476328953166169
RD,linear,426,EffectAtKPlus1,0.03277268609641561
RD,linear,426,EffectAtKPlus10,-0.007514274482079912
RD,linear,426,TotalChangeKPlus1ToKPlus10,-0.04028696057849552
RD,linear,426,ZeroCrossingDistance,8.321331036950498
RD,linear,427,InterceptAtK,0.03434092128817252
RD,linear,427,SlopePerWord,-0.003516533784738767
RD,linear,427,EffectAtKPlus1,0.03082438750343375
RD,linear,427,EffectAtKPlus10,-0.0008244165592151548
RD,linear,427,TotalChangeKPlus1ToKPlus10,-0.0316488040626489
RD,linear,427,ZeroCrossingDistance,9.765559892302756
RD,linear,428,InterceptAtK,0.04684398569271955
RD,linear,428,SlopePerWord,-0.00455296488622102
RD,linear,428,EffectAtKPlus1,0.04229102080649853
RD,linear,428,EffectAtKPlus10,0.001314336830509355
RD,linear,428,TotalChangeKPlus1ToKPlus10,-0.04097668397598918
RD,linear,428,ZeroCrossingDistance,10.288677128718263
RD,linear,429,InterceptAtK,0.0396605721193539
RD,linear,429,SlopePerWord,-0.00483601798759658
RD,linear,429,EffectAtKPlus1,0.03482455413175732
RD,linear,429,EffectAtKPlus10,-0.008699607756611896
RD,linear,429,TotalChangeKPlus1ToKPlus10,-0.04352416188836922
RD,linear,429,ZeroCrossingDistance,8.201080356002675
RD,linear,430,InterceptAtK,0.03293467783130006
RD,linear,430,SlopePerWord,-0.003278027127639233
RD,linear,430,EffectAtKPlus1,0.029656650703660827
RD,linear,430,EffectAtKPlus10,0.0001544065549077267
RD,linear,430,TotalChangeKPlus1ToKPlus10,-0.0295022441487531
RD,linear,430,ZeroCrossingDistance,10.04710350125105
RD,linear,431,InterceptAtK,0.032719783973351735
RD,linear,431,SlopePerWord,-0.003532707501944103
RD,linear,431,EffectAtKPlus1,0.02918707647140763
RD,linear,431,EffectAtKPlus10,-0.0026072910460892967
RD,linear,431,TotalChangeKPlus1ToKPlus10,-0.031794367517496924
RD,linear,431,ZeroCrossingDistance,9.261956716016126
RD,linear,432,InterceptAtK,0.03210444592512991
RD,linear,432,SlopePerWord,-0.0028769314605105326
RD,linear,432,EffectAtKPlus1,0.02922751446461938
RD,linear,432,EffectAtKPlus10,0.0033351313200245883
RD,linear,432,TotalChangeKPlus1ToKPlus10,-0.025892383144594792
RD,linear,432,ZeroCrossingDistance,11.15926686673055
RD,linear,433,InterceptAtK,0.035899940982833126
RD,linear,433,SlopePerWord,-0.003819990939116449
RD,linear,433,EffectAtKPlus1,0.03207995004371668
RD,linear,433,EffectAtKPlus10,-0.002299968408331368
RD,linear,433,TotalChangeKPlus1ToKPlus10,-0.03437991845204805
RD,linear,433,ZeroCrossingDistance,9.397912601105975
RD,linear,434,InterceptAtK,0.034902549877098316
RD,linear,434,SlopePerWord,-0.004437979589650934
RD,linear,434,EffectAtKPlus1,0.03046457028744738
RD,linear,434,EffectAtKPlus10,-0.009477246019411023
RD,linear,434,TotalChangeKPlus1ToKPlus10,-0.039941816306858405
RD,linear,434,ZeroCrossingDistance,7.864513383181997
RD,linear,435,InterceptAtK,0.03538003285996491
RD,linear,435,SlopePerWord,-0.003978460367633093
RD,linear,435,EffectAtKPlus1,0.03140157249233182
RD,linear,435,EffectAtKPlus10,-0.00440457081636602
RD,linear,435,TotalChangeKPlus1ToKPlus10,-0.03580614330869784
RD,linear,435,ZeroCrossingDistance,8.892895640685637
RD,linear,436,InterceptAtK,0.026055090535921855
RD,linear,436,SlopePerWord,-0.0023701433302973124
RD,linear,436,EffectAtKPlus1,0.023684947205624543
RD,linear,436,EffectAtKPlus10,0.002353657232948732
RD,linear,436,TotalChangeKPlus1ToKPlus10,-0.02133128997267581
RD,linear,436,ZeroCrossingDistance,10.993044261442824
RD,linear,437,InterceptAtK,0.04512317246794652
RD,linear,437,SlopePerWord,-0.0051101672160815525
RD,linear,437,EffectAtKPlus1,0.040013005251864964
RD,linear,437,EffectAtKPlus10,-0.00597849969286901
RD,linear,437,TotalChangeKPlus1ToKPlus10,-0.045991504944733974
RD,linear,437,ZeroCrossingDistance,8.830077482776916
RD,linear,438,InterceptAtK,0.02343534543374063
RD,linear,438,SlopePerWord,-0.0023138650812651465
RD,linear,438,EffectAtKPlus1,0.021121480352475484
RD,linear,438,EffectAtKPlus10,0.00029669462108916633
RD,linear,438,TotalChangeKPlus1ToKPlus10,-0.020824785731386318
RD,linear,438,ZeroCrossingDistance,10.128224684961728
RD,linear,439,InterceptAtK,0.03377325351064063
RD,linear,439,SlopePerWord,-0.003405321582416863
RD,linear,439,EffectAtKPlus1,0.030367931928223766
RD,linear,439,EffectAtKPlus10,-0.0002799623135279969
RD,linear,439,TotalChangeKPlus1ToKPlus10,-0.030647894241751763
RD,linear,439,ZeroCrossingDistance,9.917786820788509
RD,linear,440,InterceptAtK,0.040844039460923874
RD,linear,440,SlopePerWord,-0.0037716163174388076
RD,linear,440,EffectAtKPlus1,0.037072423143485064
RD,linear,440,EffectAtKPlus10,0.0031278762865357967
RD,linear,440,TotalChangeKPlus1ToKPlus10,-0.03394454685694927
RD,linear,440,ZeroCrossingDistance,10.829319852094564
RD,linear,441,InterceptAtK,0.038601078178170836
RD,linear,441,SlopePerWord,-0.004424161134980913
RD,linear,441,EffectAtKPlus1,0.034176917043189925
RD,linear,441,EffectAtKPlus10,-0.00564053317163829
RD,linear,441,TotalChangeKPlus1ToKPlus10,-0.039817450214828215
RD,linear,441,ZeroCrossingDistance,8.72506154284486
RD,linear,442,InterceptAtK,0.03995324891084968
RD,linear,442,SlopePerWord,-0.005773753846396325
RD,linear,442,EffectAtKPlus1,0.03417949506445335
RD,linear,442,EffectAtKPlus10,-0.01778428955311357
RD,linear,442,TotalChangeKPlus1ToKPlus10,-0.05196378461756692
RD,linear,442,ZeroCrossingDistance,6.919804684050812
RD,linear,443,InterceptAtK,0.04378714297085484
RD,linear,443,SlopePerWord,-0.005168563429086427
RD,linear,443,EffectAtKPlus1,0.038618579541768415
RD,linear,443,EffectAtKPlus10,-0.00789849132000943
RD,linear,443,TotalChangeKPlus1ToKPlus10,-0.046517070861777844
RD,linear,443,ZeroCrossingDistance,8.471820762504306
RD,linear,444,InterceptAtK,0.04145397124215771
RD,linear,444,SlopePerWord,-0.005029352773912394
RD,linear,444,EffectAtKPlus1,0.036424618468245316
RD,linear,444,EffectAtKPlus10,-0.00883955649696623
RD,linear,444,TotalChangeKPlus1ToKPlus10,-0.04526417496521155
RD,linear,444,ZeroCrossingDistance,8.24240674807748
RD,linear,445,InterceptAtK,0.03772374041528035
RD,linear,445,SlopePerWord,-0.0035387827948413987
RD,linear,445,EffectAtKPlus1,0.03418495762043895
RD,linear,445,EffectAtKPlus10,0.0023359124668663606
RD,linear,445,TotalChangeKPlus1ToKPlus10,-0.03184904515357259
RD,linear,445,ZeroCrossingDistance,10.660089246017444
RD,linear,446,InterceptAtK,0.03474380657828736
RD,linear,446,SlopePerWord,-0.003585944348806821
RD,linear,446,EffectAtKPlus1,0.031157862229480537
RD,linear,446,EffectAtKPlus10,-0.001115636909780851
RD,linear,446,TotalChangeKPlus1ToKPlus10,-0.03227349913926139
RD,linear,446,ZeroCrossingDistance,9.688886161841284
RD,linear,447,InterceptAtK,0.03142110224763401
RD,linear,447,SlopePerWord,-0.002708782010328971
RD,linear,447,EffectAtKPlus1,0.02871232023730504
RD,linear,447,EffectAtKPlus10,0.004333282144344301
RD,linear,447,TotalChangeKPlus1ToKPlus10,-0.02437903809296074
RD,linear,447,ZeroCrossingDistance,11.599716081922015
RD,linear,448,InterceptAtK,0.03263673081291914
RD,linear,448,SlopePerWord,-0.003768897124003595
RD,linear,448,EffectAtKPlus1,0.02886783368891554
RD,linear,448,EffectAtKPlus10,-0.005052240427116814
RD,linear,448,TotalChangeKPlus1ToKPlus10,-0.03392007411603236
RD,linear,448,ZeroCrossingDistance,8.659491023265193
RD,linear,449,InterceptAtK,0.03683314739236608
RD,linear,449,SlopePerWord,-0.0036068883808731116
RD,linear,449,EffectAtKPlus1,0.03322625901149297
RD,linear,449,EffectAtKPlus10,0.0007642635836349609
RD,linear,449,TotalChangeKPlus1ToKPlus10,-0.032461995427858006
RD,linear,449,ZeroCrossingDistance,10.211890001278599
RD,linear,450,InterceptAtK,0.03209914734251492
RD,linear,450,SlopePerWord,-0.0026372506418681487
RD,linear,450,EffectAtKPlus1,0.02946189670064677
RD,linear,450,EffectAtKPlus10,0.0057266409238334315
RD,linear,450,TotalChangeKPlus1ToKPlus10,-0.02373525577681334
RD,linear,450,ZeroCrossingDistance,12.171443560547152
RD,linear,451,InterceptAtK,0.032266503784463975
RD,linear,451,SlopePerWord,-0.002663834771596807
RD,linear,451,EffectAtKPlus1,0.029602669012867167
RD,linear,451,EffectAtKPlus10,0.005628156068495902
RD,linear,451,TotalChangeKPlus1ToKPlus10,-0.023974512944371265
RD,linear,451,ZeroCrossingDistance,12.11280223852704
RD,linear,452,InterceptAtK,0.03397050871879274
RD,linear,452,SlopePerWord,-0.0033458115420329946
RD,linear,452,EffectAtKPlus1,0.03062469717675974
RD,linear,452,EffectAtKPlus10,0.0005123932984627891
RD,linear,452,TotalChangeKPlus1ToKPlus10,-0.030112303878296953
RD,linear,452,ZeroCrossingDistance,10.153144698087642
RD,linear,453,InterceptAtK,0.033939136037203846
RD,linear,453,SlopePerWord,-0.003869405491998714
RD,linear,453,EffectAtKPlus1,0.03006973054520513
RD,linear,453,EffectAtKPlus10,-0.004754918882783295
RD,linear,453,TotalChangeKPlus1ToKPlus10,-0.03482464942798842
RD,linear,453,ZeroCrossingDistance,8.771150014487839
RD,linear,454,InterceptAtK,0.03744946394628929
RD,linear,454,SlopePerWord,-0.005139197795744123
RD,linear,454,EffectAtKPlus1,0.03231026615054517
RD,linear,454,EffectAtKPlus10,-0.013942514011151937
RD,linear,454,TotalChangeKPlus1ToKPlus10,-0.04625278016169711
RD,linear,454,ZeroCrossingDistance,7.287025219636803
RD,linear,455,InterceptAtK,0.032224989523665634
RD,linear,455,SlopePerWord,-0.0030356930445175605
RD,linear,455,EffectAtKPlus1,0.029189296479148072
RD,linear,455,EffectAtKPlus10,0.0018680590784900288
RD,linear,455,TotalChangeKPlus1ToKPlus10,-0.027321237400658043
RD,linear,455,ZeroCrossingDistance,10.61536494339035
RD,linear,456,InterceptAtK,0.048587485511996875
RD,linear,456,SlopePerWord,-0.005198038682150078
RD,linear,456,EffectAtKPlus1,0.0433894468298468
RD,linear,456,EffectAtKPlus10,-0.0033929013095039054
RD,linear,456,TotalChangeKPlus1ToKPlus10,-0.046782348139350706
RD,linear,456,ZeroCrossingDistance,9.347272785569096
RD,linear,457,InterceptAtK,0.031888670307094136
RD,linear,457,SlopePerWord,-0.0023331551219792396
RD,linear,457,EffectAtKPlus1,0.029555515185114897
RD,linear,457,EffectAtKPlus10,0.00855711908730174
RD,linear,457,TotalChangeKPlus1ToKPlus10,-0.020998396097813156
RD,linear,457,ZeroCrossingDistance,13.667616870687384
RD,linear,458,InterceptAtK,0.03727292866494
RD,linear,458,SlopePerWord,-0.004422729349860754
RD,linear,458,EffectAtKPlus1,0.03285019931507925
RD,linear,458,EffectAtKPlus10,-0.006954364833667542
RD,linear,458,TotalChangeKPlus1ToKPlus10,-0.03980456414874679
RD,linear,458,ZeroCrossingDistance,8.42758525707966
RD,linear,459,InterceptAtK,0.03197565907298654
RD,linear,459,SlopePerWord,-0.0032332265818852974
RD,linear,459,EffectAtKPlus1,0.02874243249110124
RD,linear,459,EffectAtKPlus10,-0.0003566067458664335
RD,linear,459,TotalChangeKPlus1ToKPlus10,-0.029099039236967675
RD,linear,459,ZeroCrossingDistance,9.889705612385972
RD,linear,460,InterceptAtK,0.03717876906931124
RD,linear,460,SlopePerWord,-0.0046354096164951605
RD,linear,460,EffectAtKPlus1,0.03254335945281608
RD,linear,460,EffectAtKPlus10,-0.009175327095640368
RD,linear,460,TotalChangeKPlus1ToKPlus10,-0.041718686548456445
RD,linear,460,ZeroCrossingDistance,8.020600582311031
RD,linear,461,InterceptAtK,0.041415729826181635
RD,linear,461,SlopePerWord,-0.004686978043425321
RD,linear,461,EffectAtKPlus1,0.036728751782756315
RD,linear,461,EffectAtKPlus10,-0.005454050608071574
RD,linear,461,TotalChangeKPlus1ToKPlus10,-0.04218280239082789
RD,linear,461,ZeroCrossingDistance,8.83633962917273
RD,linear,462,InterceptAtK,0.04737486793814239
RD,linear,462,SlopePerWord,-0.0048649488753100935
RD,linear,462,EffectAtKPlus1,0.042509919062832295
RD,linear,462,EffectAtKPlus10,-0.0012746208149585422
RD,linear,462,TotalChangeKPlus1ToKPlus10,-0.04378453987779084
RD,linear,462,ZeroCrossingDistance,9.737999134702665
RD,linear,463,InterceptAtK,0.04923185532141752
RD,linear,463,SlopePerWord,-0.00533959544703205
RD,linear,463,EffectAtKPlus1,0.04389225987438547
RD,linear,463,EffectAtKPlus10,-0.004164099148902978
RD,linear,463,TotalChangeKPlus1ToKPlus10,-0.04805635902328845
RD,linear,463,ZeroCrossingDistance,9.220147071026224
RD,linear,464,InterceptAtK,0.036186509698762456
RD,linear,464,SlopePerWord,-0.004366740489342143
RD,linear,464,EffectAtKPlus1,0.03181976920942031
RD,linear,464,EffectAtKPlus10,-0.007480895194658978
RD,linear,464,TotalChangeKPlus1ToKPlus10,-0.03930066440407929
RD,linear,464,ZeroCrossingDistance,8.286846856844935
RD,linear,465,InterceptAtK,0.032598865545432426
RD,linear,465,SlopePerWord,-0.00414909130948147
RD,linear,465,EffectAtKPlus1,0.028449774235950957
RD,linear,465,EffectAtKPlus10,-0.008892047549382269
RD,linear,465,TotalChangeKPlus1ToKPlus10,-0.037341821785333226
RD,linear,465,ZeroCrossingDistance,7.8568686765070135
RD,linear,466,InterceptAtK,0.03504895991860741
RD,linear,466,SlopePerWord,-0.00352593792877881
RD,linear,466,EffectAtKPlus1,0.0315230219898286
RD,linear,466,EffectAtKPlus10,-0.00021041936918068938
RD,linear,466,TotalChangeKPlus1ToKPlus10,-0.03173344135900929
RD,linear,466,ZeroCrossingDistance,9.94032244088495
RD,linear,467,InterceptAtK,0.03825342269610908
RD,linear,467,SlopePerWord,-0.003489064178838566
RD,linear,467,EffectAtKPlus1,0.03476435851727051
RD,linear,467,EffectAtKPlus10,0.00336278090772342
RD,linear,467,TotalChangeKPlus1ToKPlus10,-0.03140157760954709
RD,linear,467,ZeroCrossingDistance,10.963805976433148
RD,linear,468,InterceptAtK,0.03965804903800368
RD,linear,468,SlopePerWord,-0.003737324992453616
RD,linear,468,EffectAtKPlus1,0.035920724045550065
RD,linear,468,EffectAtKPlus10,0.002284799113467517
RD,linear,468,TotalChangeKPlus1ToKPlus10,-0.03363592493208255
RD,linear,468,ZeroCrossingDistance,10.611346114689242
RD,linear,469,InterceptAtK,0.02751825601823875
RD,linear,469,SlopePerWord,-0.0025221671347887007
RD,linear,469,EffectAtKPlus1,0.02499608888345005
RD,linear,469,EffectAtKPlus10,0.0022965846703517437
RD,linear,469,TotalChangeKPlus1ToKPlus10,-0.022699504213098305
RD,linear,469,ZeroCrossingDistance,10.910560065062517
RD,linear,470,InterceptAtK,0.028603484839505634
RD,linear,470,SlopePerWord,-0.0024947032723861154
RD,linear,470,EffectAtKPlus1,0.02610878156711952
RD,linear,470,EffectAtKPlus10,0.003656452115644481
RD,linear,470,TotalChangeKPlus1ToKPlus10,-0.022452329451475038
RD,linear,470,ZeroCrossingDistance,11.465686182448136
RD,linear,471,InterceptAtK,0.04066048372450553
RD,linear,471,SlopePerWord,-0.004272351708944913
RD,linear,471,EffectAtKPlus1,0.03638813201556062
RD,linear,471,EffectAtKPlus10,-0.002063033364943602
RD,linear,471,TotalChangeKPlus1ToKPlus10,-0.03845116538050422
RD,linear,471,ZeroCrossingDistance,9.517119959804742
RD,linear,472,InterceptAtK,0.029514323696516215
RD,linear,472,SlopePerWord,-0.0022140909505378287
RD,linear,472,EffectAtKPlus1,0.027300232745978387
RD,linear,472,EffectAtKPlus10,0.007373414191137927
RD,linear,472,TotalChangeKPlus1ToKPlus10,-0.01992681855484046
RD,linear,472,ZeroCrossingDistance,13.330221908610772
RD,linear,473,InterceptAtK,0.036229440415565584
RD,linear,473,SlopePerWord,-0.004171390595792364
RD,linear,473,EffectAtKPlus1,0.03205804981977322
RD,linear,473,EffectAtKPlus10,-0.005484465542358055
RD,linear,473,TotalChangeKPlus1ToKPlus10,-0.037542515362131275
RD,linear,473,ZeroCrossingDistance,8.685218893696943
RD,linear,474,InterceptAtK,0.043032757634021396
RD,linear,474,SlopePerWord,-0.005671032708636981
RD,linear,474,EffectAtKPlus1,0.037361724925384414
RD,linear,474,EffectAtKPlus10,-0.013677569452348416
RD,linear,474,TotalChangeKPlus1ToKPlus10,-0.05103929437773283
RD,linear,474,ZeroCrossingDistance,7.588169535415044
RD,linear,475,InterceptAtK,0.03197429984521192
RD,linear,475,SlopePerWord,-0.002966415989780399
RD,linear,475,EffectAtKPlus1,0.02900788385543152
RD,linear,475,EffectAtKPlus10,0.0023101399474079257
RD,linear,475,TotalChangeKPlus1ToKPlus10,-0.026697743908023593
RD,linear,475,ZeroCrossingDistance,10.778764662598432
RD,linear,476,InterceptAtK,0.034229649079190204
RD,linear,476,SlopePerWord,-0.003154675847396791
RD,linear,476,EffectAtKPlus1,0.031074973231793413
RD,linear,476,EffectAtKPlus10,0.0026828906052222892
RD,linear,476,TotalChangeKPlus1ToKPlus10,-0.028392082626571124
RD,linear,476,ZeroCrossingDistance,10.85044890030023
RD,linear,477,InterceptAtK,0.035828016720396386
RD,linear,477,SlopePerWord,-0.003708385008537811
RD,linear,477,EffectAtKPlus1,0.032119631711858575
RD,linear,477,EffectAtKPlus10,-0.0012558333649817233
RD,linear,477,TotalChangeKPlus1ToKPlus10,-0.0333754650768403
RD,linear,477,ZeroCrossingDistance,9.661353025079537
RD,linear,478,InterceptAtK,0.0363450753079242
RD,linear,478,SlopePerWord,-0.0035312849683288164
RD,linear,478,EffectAtKPlus1,0.03281379033959538
RD,linear,478,EffectAtKPlus10,0.001032225624636035
RD,linear,478,TotalChangeKPlus1ToKPlus10,-0.03178156471495935
RD,linear,478,ZeroCrossingDistance,10.292308786714694
RD,linear,479,InterceptAtK,0.017342252469963793
RD,linear,479,SlopePerWord,-0.0001799274486728108
RD,linear,479,EffectAtKPlus1,0.017162325021290982
RD,linear,479,EffectAtKPlus10,0.015542977983235685
RD,linear,479,TotalChangeKPlus1ToKPlus10,-0.001619347038055297
RD,linear,479,ZeroCrossingDistance,96.38469615328023
RD,linear,480,InterceptAtK,0.047272938982324264
RD,linear,480,SlopePerWord,-0.00542448027854116
RD,linear,480,EffectAtKPlus1,0.041848458703783106
RD,linear,480,EffectAtKPlus10,-0.0069718638030873414
RD,linear,480,TotalChangeKPlus1ToKPlus10,-0.04882032250687045
RD,linear,480,ZeroCrossingDistance,8.71474068572661
RD,linear,481,InterceptAtK,0.03794229387068932
RD,linear,481,SlopePerWord,-0.003934894356059894
RD,linear,481,EffectAtKPlus1,0.03400739951462943
RD,linear,481,EffectAtKPlus10,-0.0014066496899096184
RD,linear,481,TotalChangeKPlus1ToKPlus10,-0.03541404920453905
RD,linear,481,ZeroCrossingDistance,9.64251907100293
RD,linear,482,InterceptAtK,0.03727461178110058
RD,linear,482,SlopePerWord,-0.003653367655527331
RD,linear,482,EffectAtKPlus1,0.03362124412557325
RD,linear,482,EffectAtKPlus10,0.0007409352258272717
RD,linear,482,TotalChangeKPlus1ToKPlus10,-0.032880308899745976
RD,linear,482,ZeroCrossingDistance,10.202808831655986
RD,linear,483,InterceptAtK,0.0361962323139216
RD,linear,483,SlopePerWord,-0.0032378051951604857
RD,linear,483,EffectAtKPlus1,0.03295842711876111
RD,linear,483,EffectAtKPlus10,0.0038181803623167435
RD,linear,483,TotalChangeKPlus1ToKPlus10,-0.029140246756444367
RD,linear,483,ZeroCrossingDistance,11.179249563260859
RD,linear,484,InterceptAtK,0.04366489302232054
RD,linear,484,SlopePerWord,-0.005346077752573227
RD,linear,484,EffectAtKPlus1,0.038318815269747314
RD,linear,484,EffectAtKPlus10,-0.009795884503411734
RD,linear,484,TotalChangeKPlus1ToKPlus10,-0.04811469977315905
RD,linear,484,ZeroCrossingDistance,8.167650199495007
RD,linear,485,InterceptAtK,0.0353878228542546
RD,linear,485,SlopePerWord,-0.0037827280912666366
RD,linear,485,EffectAtKPlus1,0.03160509476298796
RD,linear,485,EffectAtKPlus10,-0.002439458058411767
RD,linear,485,TotalChangeKPlus1ToKPlus10,-0.034044552821399725
RD,linear,485,ZeroCrossingDistance,9.355106156309818
RD,linear,486,InterceptAtK,0.038387620543947454
RD,linear,486,SlopePerWord,-0.004423117674682392
RD,linear,486,EffectAtKPlus1,0.03396450286926506
RD,linear,486,EffectAtKPlus10,-0.005843556202876465
RD,linear,486,TotalChangeKPlus1ToKPlus10,-0.03980805907214153
RD,linear,486,ZeroCrossingDistance,8.678860335024645
RD,linear,487,InterceptAtK,0.03671369920948986
RD,linear,487,SlopePerWord,-0.0038806942408030703
RD,linear,487,EffectAtKPlus1,0.03283300496868679
RD,linear,487,EffectAtKPlus10,-0.002093243198540845
RD,linear,487,TotalChangeKPlus1ToKPlus10,-0.034926248167227635
RD,linear,487,ZeroCrossingDistance,9.46060084390785
RD,linear,488,InterceptAtK,0.03624935794539983
RD,linear,488,SlopePerWord,-0.002815290448604203
RD,linear,488,EffectAtKPlus1,0.03343406749679563
RD,linear,488,EffectAtKPlus10,0.008096453459357798
RD,linear,488,TotalChangeKPlus1ToKPlus10,-0.025337614037437832
RD,linear,488,ZeroCrossingDistance,12.875885670472101
RD,linear,489,InterceptAtK,0.035769141493723705
RD,linear,489,SlopePerWord,-0.004200405050592122
RD,linear,489,EffectAtKPlus1,0.03156873644313159
RD,linear,489,EffectAtKPlus10,-0.006234909012197511
RD,linear,489,TotalChangeKPlus1ToKPlus10,-0.0378036454553291
RD,linear,489,ZeroCrossingDistance,8.515641006736104
RD,linear,490,InterceptAtK,0.03653128240162235
RD,linear,490,SlopePerWord,-0.004954077566816834
RD,linear,490,EffectAtKPlus1,0.031577204834805514
RD,linear,490,EffectAtKPlus10,-0.01300949326654599
RD,linear,490,TotalChangeKPlus1ToKPlus10,-0.044586698101351505
RD,linear,490,ZeroCrossingDistance,7.373982726131388
RD,linear,491,InterceptAtK,0.030319256211783795
RD,linear,491,SlopePerWord,-0.003380115349119542
RD,linear,491,EffectAtKPlus1,0.026939140862664253
RD,linear,491,EffectAtKPlus10,-0.0034818972794116235
RD,linear,491,TotalChangeKPlus1ToKPlus10,-0.030421038142075876
RD,linear,491,ZeroCrossingDistance,8.969888030502096
RD,linear,492,InterceptAtK,0.03816970303581469
RD,linear,492,SlopePerWord,-0.004086113833435466
RD,linear,492,EffectAtKPlus1,0.03408358920237922
RD,linear,492,EffectAtKPlus10,-0.0026914352985399695
RD,linear,492,TotalChangeKPlus1ToKPlus10,-0.03677502450091919
RD,linear,492,ZeroCrossingDistance,9.341321507855032
RD,linear,493,InterceptAtK,0.03914817124152348
RD,linear,493,SlopePerWord,-0.004733380750975752
RD,linear,493,EffectAtKPlus1,0.03441479049054773
RD,linear,493,EffectAtKPlus10,-0.008185636268234042
RD,linear,493,TotalChangeKPlus1ToKPlus10,-0.04260042675878177
RD,linear,493,ZeroCrossingDistance,8.270657549248149
RD,linear,494,InterceptAtK,0.052897108389765295
RD,linear,494,SlopePerWord,-0.007070586928913849
RD,linear,494,EffectAtKPlus1,0.04582652146085145
RD,linear,494,EffectAtKPlus10,-0.0178087608993732
RD,linear,494,TotalChangeKPlus1ToKPlus10,-0.06363528236022464
RD,linear,494,ZeroCrossingDistance,7.481289590465598
RD,linear,495,InterceptAtK,0.0363097809351679
RD,linear,495,SlopePerWord,-0.002953645319227747
RD,linear,495,EffectAtKPlus1,0.033356135615940155
RD,linear,495,EffectAtKPlus10,0.006773327742890432
RD,linear,495,TotalChangeKPlus1ToKPlus10,-0.026582807873049723
RD,linear,495,ZeroCrossingDistance,12.293209580309856
RD,linear,496,InterceptAtK,0.035001038150439076
RD,linear,496,SlopePerWord,-0.0034320138879541063
RD,linear,496,EffectAtKPlus1,0.03156902426248497
RD,linear,496,EffectAtKPlus10,0.0006808992708980111
RD,linear,496,TotalChangeKPlus1ToKPlus10,-0.03088812499158696
RD,linear,496,ZeroCrossingDistance,10.198396420622853
RD,linear,497,InterceptAtK,0.04087236213027135
RD,linear,497,SlopePerWord,-0.004022048291235623
RD,linear,497,EffectAtKPlus1,0.036850313839035725
RD,linear,497,EffectAtKPlus10,0.0006518792179151245
RD,linear,497,TotalChangeKPlus1ToKPlus10,-0.0361984346211206
RD,linear,497,ZeroCrossingDistance,10.162076427410287
RD,linear,498,InterceptAtK,0.03496413000546245
RD,linear,498,SlopePerWord,-0.003344848588560603
RD,linear,498,EffectAtKPlus1,0.03161928141690185
RD,linear,498,EffectAtKPlus10,0.00151564411985642
RD,linear,498,TotalChangeKPlus1ToKPlus10,-0.030103637297045432
RD,linear,498,ZeroCrossingDistance,10.453127871031272
RD,linear,499,InterceptAtK,0.04225500509360389
RD,linear,499,SlopePerWord,-0.005246549849040887
RD,linear,499,EffectAtKPlus1,0.037008455244563
RD,linear,499,EffectAtKPlus10,-0.010210493396804979
RD,linear,499,TotalChangeKPlus1ToKPlus10,-0.047218948641367976
RD,linear,499,ZeroCrossingDistance,8.053865170332548
RD,linear,500,InterceptAtK,0.038462665993374036
RD,linear,500,SlopePerWord,-0.0048625615521686255
RD,linear,500,EffectAtKPlus1,0.03360010444120541
RD,linear,500,EffectAtKPlus10,-0.010162949528312218
RD,linear,500,TotalChangeKPlus1ToKPlus10,-0.04376305396951763
RD,linear,500,ZeroCrossingDistance,7.909959715825149
RD,linear,501,InterceptAtK,0.04522077215146515
RD,linear,501,SlopePerWord,-0.005839877424345553
RD,linear,501,EffectAtKPlus1,0.0393808947271196
RD,linear,501,EffectAtKPlus10,-0.013178002091990375
RD,linear,501,TotalChangeKPlus1ToKPlus10,-0.052558896819109975
RD,linear,501,ZeroCrossingDistance,7.74344542968431
RD,linear,502,InterceptAtK,0.033227324224332375
RD,linear,502,SlopePerWord,-0.003063945078795486
RD,linear,502,EffectAtKPlus1,0.03016337914553689
RD,linear,502,EffectAtKPlus10,0.002587873436377515
RD,linear,502,TotalChangeKPlus1ToKPlus10,-0.027575505709159374
RD,linear,502,ZeroCrossingDistance,10.84462135248027
RD,linear,503,InterceptAtK,0.03411784508306704
RD,linear,503,SlopePerWord,-0.0029744044187664633
RD,linear,503,EffectAtKPlus1,0.031143440664300578
RD,linear,503,EffectAtKPlus10,0.004373800895402409
RD,linear,503,TotalChangeKPlus1ToKPlus10,-0.02676963976889817
RD,linear,503,ZeroCrossingDistance,11.470479558128245
RD,linear,504,InterceptAtK,0.035905458158007594
RD,linear,504,SlopePerWord,-0.00206144905627693
RD,linear,504,EffectAtKPlus1,0.03384400910173067
RD,linear,504,EffectAtKPlus10,0.015290967595238292
RD,linear,504,TotalChangeKPlus1ToKPlus10,-0.018553041506492375
RD,linear,504,ZeroCrossingDistance,17.417582088035914
RD,linear,505,InterceptAtK,0.03563001861759753
RD,linear,505,SlopePerWord,-0.003330862091884467
RD,linear,505,EffectAtKPlus1,0.03229915652571306
RD,linear,505,EffectAtKPlus10,0.002321397698752857
RD,linear,505,TotalChangeKPlus1ToKPlus10,-0.029977758826960202
RD,linear,505,ZeroCrossingDistance,10.696935998764063
RD,linear,506,InterceptAtK,0.036629882151894874
RD,linear,506,SlopePerWord,-0.003870339132574608
RD,linear,506,EffectAtKPlus1,0.03275954301932027
RD,linear,506,EffectAtKPlus10,-0.0020735091738512054
RD,linear,506,TotalChangeKPlus1ToKPlus10,-0.034833052193171475
RD,linear,506,ZeroCrossingDistance,9.464256463626256
RD,linear,507,InterceptAtK,0.026028390514806474
RD,linear,507,SlopePerWord,-0.002169133844898609
RD,linear,507,EffectAtKPlus1,0.023859256669907864
RD,linear,507,EffectAtKPlus10,0.004337052065820381
RD,linear,507,TotalChangeKPlus1ToKPlus10,-0.019522204604087483
RD,linear,507,ZeroCrossingDistance,11.999439580927799
RD,linear,508,InterceptAtK,0.045906212117105986
RD,linear,508,SlopePerWord,-0.004759995338279879
RD,linear,508,EffectAtKPlus1,0.04114621677882611
RD,linear,508,EffectAtKPlus10,-0.0016937412656928066
RD,linear,508,TotalChangeKPlus1ToKPlus10,-0.042839958044518914
RD,linear,508,ZeroCrossingDistance,9.644171654524166
RD,linear,509,InterceptAtK,0.033862659925161256
RD,linear,509,SlopePerWord,-0.002654402461536851
RD,linear,509,EffectAtKPlus1,0.031208257463624406
RD,linear,509,EffectAtKPlus10,0.007318635309792747
RD,linear,509,TotalChangeKPlus1ToKPlus10,-0.02388962215383166
RD,linear,509,ZeroCrossingDistance,12.757168671986308
RD,linear,510,InterceptAtK,0.039032692938303644
RD,linear,510,SlopePerWord,-0.0040116623274590694
RD,linear,510,EffectAtKPlus1,0.03502103061084458
RD,linear,510,EffectAtKPlus10,-0.0010839303362870506
RD,linear,510,TotalChangeKPlus1ToKPlus10,-0.03610496094713163
RD,linear,510,ZeroCrossingDistance,9.729805191013273
RD,linear,511,InterceptAtK,0.03612939010843882
RD,linear,511,SlopePerWord,-0.004728008994206399
RD,linear,511,EffectAtKPlus1,0.03140138111423242
RD,linear,511,EffectAtKPlus10,-0.011150699833625176
RD,linear,511,TotalChangeKPlus1ToKPlus10,-0.0425520809478576
RD,linear,511,ZeroCrossingDistance,7.641565435410761
RD,linear,512,InterceptAtK,0.039793814306474724
RD,linear,512,SlopePerWord,-0.003548023829407308
RD,linear,512,EffectAtKPlus1,0.03624579047706741
RD,linear,512,EffectAtKPlus10,0.004313576012401642
RD,linear,512,TotalChangeKPlus1ToKPlus10,-0.03193221446466577
RD,linear,512,ZeroCrossingDistance,11.215768613685501
RD,linear,513,InterceptAtK,0.03490275990746719
RD,linear,513,SlopePerWord,-0.003573849179395275
RD,linear,513,EffectAtKPlus1,0.03132891072807192
RD,linear,513,EffectAtKPlus10,-0.0008357318864855579
RD,linear,513,TotalChangeKPlus1ToKPlus10,-0.032164642614557475
RD,linear,513,ZeroCrossingDistance,9.766153565935602
RD,linear,514,InterceptAtK,0.04007091837449214
RD,linear,514,SlopePerWord,-0.004942909934196226
RD,linear,514,EffectAtKPlus1,0.03512800844029591
RD,linear,514,EffectAtKPlus10,-0.009358180967470119
RD,linear,514,TotalChangeKPlus1ToKPlus10,-0.04448618940776603
RD,linear,514,ZeroCrossingDistance,8.106746614432929
RD,linear,515,InterceptAtK,0.029284317151595074
RD,linear,515,SlopePerWord,-0.0029069132211910465
RD,linear,515,EffectAtKPlus1,0.02637740393040403
RD,linear,515,EffectAtKPlus10,0.0002151849396846081
RD,linear,515,TotalChangeKPlus1ToKPlus10,-0.02616221899071942
RD,linear,515,ZeroCrossingDistance,10.074025236844339
RD,linear,516,InterceptAtK,0.031310261927204056
RD,linear,516,SlopePerWord,-0.00367273306037009
RD,linear,516,EffectAtKPlus1,0.027637528866833967
RD,linear,516,EffectAtKPlus10,-0.005417068676496842
RD,linear,516,TotalChangeKPlus1ToKPlus10,-0.03305459754333081
RD,linear,516,ZeroCrossingDistance,8.525057882657286
RD,linear,517,InterceptAtK,0.027588136549054575
RD,linear,517,SlopePerWord,-0.0028032233091465847
RD,linear,517,EffectAtKPlus1,0.02478491323990799
RD,linear,517,EffectAtKPlus10,-0.00044409654241127014
RD,linear,517,TotalChangeKPlus1ToKPlus10,-0.02522900978231926
RD,linear,517,ZeroCrossingDistance,9.841576466290702
RD,linear,518,InterceptAtK,0.045242585125737575
RD,linear,518,SlopePerWord,-0.004339706748697984
RD,linear,518,EffectAtKPlus1,0.04090287837703959
RD,linear,518,EffectAtKPlus10,0.0018455176387577321
RD,linear,518,TotalChangeKPlus1ToKPlus10,-0.03905736073828186
RD,linear,518,ZeroCrossingDistance,10.425263213767021
RD,linear,519,InterceptAtK,0.0364173153188471
RD,linear,519,SlopePerWord,-0.00503563840709548
RD,linear,519,EffectAtKPlus1,0.03138167691175162
RD,linear,519,EffectAtKPlus10,-0.013939068752107701
RD,linear,519,TotalChangeKPlus1ToKPlus10,-0.045320745663859324
RD,linear,519,ZeroCrossingDistance,7.231916268557565
RD,linear,520,InterceptAtK,0.03466454145511935
RD,linear,520,SlopePerWord,-0.0034055713958643244
RD,linear,520,EffectAtKPlus1,0.03125897005925503
RD,linear,520,EffectAtKPlus10,0.0006088274964761095
RD,linear,520,TotalChangeKPlus1ToKPlus10,-0.03065014256277892
RD,linear,520,ZeroCrossingDistance,10.178773963516214
RD,linear,521,InterceptAtK,0.03450998753193577
RD,linear,521,SlopePerWord,-0.0038077595943397146
RD,linear,521,EffectAtKPlus1,0.03070222793759606
RD,linear,521,EffectAtKPlus10,-0.003567608411461372
RD,linear,521,TotalChangeKPlus1ToKPlus10,-0.034269836349057434
RD,linear,521,ZeroCrossingDistance,9.063068893119022
RD,linear,522,InterceptAtK,0.027183769333190437
RD,linear,522,SlopePerWord,-0.0025953441763939575
RD,linear,522,EffectAtKPlus1,0.02458842515679648
RD,linear,522,EffectAtKPlus10,0.0012303275692508615
RD,linear,522,TotalChangeKPlus1ToKPlus10,-0.023358097587545618
RD,linear,522,ZeroCrossingDistance,10.474051796459733
RD,linear,523,InterceptAtK,0.030201021724468927
RD,linear,523,SlopePerWord,-0.002237076341126354
RD,linear,523,EffectAtKPlus1,0.027963945383342573
RD,linear,523,EffectAtKPlus10,0.007830258313205388
RD,linear,523,TotalChangeKPlus1ToKPlus10,-0.020133687070137185
RD,linear,523,ZeroCrossingDistance,13.500219536210777
RD,linear,524,InterceptAtK,0.030063668669103923
RD,linear,524,SlopePerWord,-0.002224587636277238
RD,linear,524,EffectAtKPlus1,0.027839081032826684
RD,linear,524,EffectAtKPlus10,0.007817792306331544
RD,linear,524,TotalChangeKPlus1ToKPlus10,-0.02002128872649514
RD,linear,524,ZeroCrossingDistance,13.51426582564952
RD,linear,525,InterceptAtK,0.04010676334109045
RD,linear,525,SlopePerWord,-0.004696283450762693
RD,linear,525,EffectAtKPlus1,0.03541047989032776
RD,linear,525,EffectAtKPlus10,-0.006856071166536477
RD,linear,525,TotalChangeKPlus1ToKPlus10,-0.042266551056864235
RD,linear,525,ZeroCrossingDistance,8.540107036038673
RD,linear,526,InterceptAtK,0.04074323806093604
RD,linear,526,SlopePerWord,-0.004627810983844966
RD,linear,526,EffectAtKPlus1,0.036115427077091075
RD,linear,526,EffectAtKPlus10,-0.00553487177751362
RD,linear,526,TotalChangeKPlus1ToKPlus10,-0.041650298854604695
RD,linear,526,ZeroCrossingDistance,8.8039978735443
RD,linear,527,InterceptAtK,0.033246511366165535
RD,linear,527,SlopePerWord,-0.0026826731186889523
RD,linear,527,EffectAtKPlus1,0.030563838247476584
RD,linear,527,EffectAtKPlus10,0.006419780179276011
RD,linear,527,TotalChangeKPlus1ToKPlus10,-0.024144058068200573
RD,linear,527,ZeroCrossingDistance,12.393053456476807
RD,linear,528,InterceptAtK,0.03852190849319343
RD,linear,528,SlopePerWord,-0.0036844987960162026
RD,linear,528,EffectAtKPlus1,0.034837409697177225
RD,linear,528,EffectAtKPlus10,0.0016769205330314021
RD,linear,528,TotalChangeKPlus1ToKPlus10,-0.03316048916414582
RD,linear,528,ZeroCrossingDistance,10.455128533314909
RD,linear,529,InterceptAtK,0.031681235246027006
RD,linear,529,SlopePerWord,-0.002803699322073204
RD,linear,529,EffectAtKPlus1,0.0288775359239538
RD,linear,529,EffectAtKPlus10,0.0036442420252949664
RD,linear,529,TotalChangeKPlus1ToKPlus10,-0.025233293898658835
RD,linear,529,ZeroCrossingDistance,11.299797733874053
RD,linear,530,InterceptAtK,0.0380940377436861
RD,linear,530,SlopePerWord,-0.0039275575945531115
RD,linear,530,EffectAtKPlus1,0.03416648014913299
RD,linear,530,EffectAtKPlus10,-0.0011815382018450157
RD,linear,530,TotalChangeKPlus1ToKPlus10,-0.035348018350978005
RD,linear,530,ZeroCrossingDistance,9.699167186374654
RD,linear,531,InterceptAtK,0.03701246635453552
RD,linear,531,SlopePerWord,-0.004233939290432692
RD,linear,531,EffectAtKPlus1,0.03277852706410283
RD,linear,531,EffectAtKPlus10,-0.005326926549791396
RD,linear,531,TotalChangeKPlus1ToKPlus10,-0.038105453613894225
RD,linear,531,ZeroCrossingDistance,8.741850984536198
RD,linear,532,InterceptAtK,0.04911699989497435
RD,linear,532,SlopePerWord,-0.0060561070647249336
RD,linear,532,EffectAtKPlus1,0.04306089283024942
RD,linear,532,EffectAtKPlus10,-0.011444070752274979
RD,linear,532,TotalChangeKPlus1ToKPlus10,-0.0545049635825244
RD,linear,532,ZeroCrossingDistance,8.110325555680253
RD,linear,533,InterceptAtK,0.0369482459364592
RD,linear,533,SlopePerWord,-0.0042645271343610975
RD,linear,533,EffectAtKPlus1,0.032683718802098104
RD,linear,533,EffectAtKPlus10,-0.005697025407151772
RD,linear,533,TotalChangeKPlus1ToKPlus10,-0.038380744209249876
RD,linear,533,ZeroCrossingDistance,8.664089774163134
RD,linear,534,InterceptAtK,0.0551718778878749
RD,linear,534,SlopePerWord,-0.006342742537340981
RD,linear,534,EffectAtKPlus1,0.04882913535053392
RD,linear,534,EffectAtKPlus10,-0.008255547485534913
RD,linear,534,TotalChangeKPlus1ToKPlus10,-0.05708468283606883
RD,linear,534,ZeroCrossingDistance,8.698426203344551
RD,linear,535,InterceptAtK,0.03451682751836222
RD,linear,535,SlopePerWord,-0.004011897896112532
RD,linear,535,EffectAtKPlus1,0.03050492962224969
RD,linear,535,EffectAtKPlus10,-0.005602151442763097
RD,linear,535,TotalChangeKPlus1ToKPlus10,-0.036107081065012786
RD,linear,535,ZeroCrossingDistance,8.603615648296659
RD,linear,536,InterceptAtK,0.04353043877983222
RD,linear,536,SlopePerWord,-0.005022738965056847
RD,linear,536,EffectAtKPlus1,0.03850769981477537
RD,linear,536,EffectAtKPlus10,-0.006696950870736247
RD,linear,536,TotalChangeKPlus1ToKPlus10,-0.04520465068551162
RD,linear,536,ZeroCrossingDistance,8.666673518706252
RD,linear,537,InterceptAtK,0.03935765302502892
RD,linear,537,SlopePerWord,-0.004743734100565036
RD,linear,537,EffectAtKPlus1,0.03461391892446389
RD,linear,537,EffectAtKPlus10,-0.008079687980621433
RD,linear,537,TotalChangeKPlus1ToKPlus10,-0.04269360690508532
RD,linear,537,ZeroCrossingDistance,8.2967662585348
RD,linear,538,InterceptAtK,0.034275764744441134
RD,linear,538,SlopePerWord,-0.003657432942056561
RD,linear,538,EffectAtKPlus1,0.030618331802384574
RD,linear,538,EffectAtKPlus10,-0.002298564676124479
RD,linear,538,TotalChangeKPlus1ToKPlus10,-0.03291689647850905
RD,linear,538,ZeroCrossingDistance,9.371536071189865
RD,linear,539,InterceptAtK,0.03525886493449838
RD,linear,539,SlopePerWord,-0.003594576076762586
RD,linear,539,EffectAtKPlus1,0.0316642888577358
RD,linear,539,EffectAtKPlus10,-0.0006868958331274766
RD,linear,539,TotalChangeKPlus1ToKPlus10,-0.032351184690863274
RD,linear,539,ZeroCrossingDistance,9.808907693575337
RD,linear,540,InterceptAtK,0.047822642035555876
RD,linear,540,SlopePerWord,-0.006042095676182428
RD,linear,540,EffectAtKPlus1,0.04178054635937345
RD,linear,540,EffectAtKPlus10,-0.012598314726268399
RD,linear,540,TotalChangeKPlus1ToKPlus10,-0.05437886108564185
RD,linear,540,ZeroCrossingDistance,7.914909759550782
RD,linear,541,InterceptAtK,0.04634842867979402
RD,linear,541,SlopePerWord,-0.004921842892851846
RD,linear,541,EffectAtKPlus1,0.04142658578694217
RD,linear,541,EffectAtKPlus10,-0.0028700002487244483
RD,linear,541,TotalChangeKPlus1ToKPlus10,-0.04429658603566662
RD,linear,541,ZeroCrossingDistance,9.416885034487256
RD,linear,542,InterceptAtK,0.028895814951212222
RD,linear,542,SlopePerWord,-0.002829357385274296
RD,linear,542,EffectAtKPlus1,0.026066457565937926
RD,linear,542,EffectAtKPlus10,0.0006022410984692604
RD,linear,542,TotalChangeKPlus1ToKPlus10,-0.025464216467468666
RD,linear,542,ZeroCrossingDistance,10.21285437520325
RD,linear,543,InterceptAtK,0.04104805752832301
RD,linear,543,SlopePerWord,-0.004666207476425863
RD,linear,543,EffectAtKPlus1,0.03638185005189715
RD,linear,543,EffectAtKPlus10,-0.005614017235935617
RD,linear,543,TotalChangeKPlus1ToKPlus10,-0.041995867287832764
RD,linear,543,ZeroCrossingDistance,8.796877921888775
RD,linear,544,InterceptAtK,0.03416454853578836
RD,linear,544,SlopePerWord,-0.0037980040330027535
RD,linear,544,EffectAtKPlus1,0.030366544502785607
RD,linear,544,EffectAtKPlus10,-0.0038154917942391717
RD,linear,544,TotalChangeKPlus1ToKPlus10,-0.03418203629702478
RD,linear,544,ZeroCrossingDistance,8.995395539055657
RD,linear,545,InterceptAtK,0.04500655594914817
RD,linear,545,SlopePerWord,-0.004094239264619279
RD,linear,545,EffectAtKPlus1,0.040912316684528896
RD,linear,545,EffectAtKPlus10,0.004064163302955386
RD,linear,545,TotalChangeKPlus1ToKPlus10,-0.03684815338157351
RD,linear,545,ZeroCrossingDistance,10.992654078152247
RD,linear,546,InterceptAtK,0.03821655654006023
RD,linear,546,SlopePerWord,-0.004561326690909229
RD,linear,546,EffectAtKPlus1,0.033655229849151
RD,linear,546,EffectAtKPlus10,-0.007396710369032063
RD,linear,546,TotalChangeKPlus1ToKPlus10,-0.041051940218183064
RD,linear,546,ZeroCrossingDistance,8.378386186682533
RD,linear,547,InterceptAtK,0.04239339784274216
RD,linear,547,SlopePerWord,-0.005256130116420469
RD,linear,547,EffectAtKPlus1,0.03713726772632169
RD,linear,547,EffectAtKPlus10,-0.01016790332146253
RD,linear,547,TotalChangeKPlus1ToKPlus10,-0.04730517104778422
RD,linear,547,ZeroCrossingDistance,8.065515294285165
RD,linear,548,InterceptAtK,0.045464301176610177
RD,linear,548,SlopePerWord,-0.005598098174765293
RD,linear,548,EffectAtKPlus1,0.03986620300184488
RD,linear,548,EffectAtKPlus10,-0.010516680571042748
RD,linear,548,TotalChangeKPlus1ToKPlus10,-0.05038288357288763
RD,linear,548,ZeroCrossingDistance,8.121383326493078
RD,linear,549,InterceptAtK,0.026953666112596288
RD,linear,549,SlopePerWord,-0.0036966713828235787
RD,linear,549,EffectAtKPlus1,0.02325699472977271
RD,linear,549,EffectAtKPlus10,-0.010013047715639496
RD,linear,549,TotalChangeKPlus1ToKPlus10,-0.03327004244541221
RD,linear,549,ZeroCrossingDistance,7.2913341006818495
RD,linear,550,InterceptAtK,0.03424896804863792
RD,linear,550,SlopePerWord,-0.0031656141840434348
RD,linear,550,EffectAtKPlus1,0.031083353864594484
RD,linear,550,EffectAtKPlus10,0.002592826208203572
RD,linear,550,TotalChangeKPlus1ToKPlus10,-0.028490527656390912
RD,linear,550,ZeroCrossingDistance,10.81905944864442
RD,linear,551,InterceptAtK,0.03567199652299676
RD,linear,551,SlopePerWord,-0.00481290105101411
RD,linear,551,EffectAtKPlus1,0.03085909547198265
RD,linear,551,EffectAtKPlus10,-0.012457013987144341
RD,linear,551,TotalChangeKPlus1ToKPlus10,-0.04331610945912699
RD,linear,551,ZeroCrossingDistance,7.411745254035596
RD,linear,552,InterceptAtK,0.04068035911664872
RD,linear,552,SlopePerWord,-0.0045993884048618735
RD,linear,552,EffectAtKPlus1,0.03608097071178684
RD,linear,552,EffectAtKPlus10,-0.005313524931970015
RD,linear,552,TotalChangeKPlus1ToKPlus10,-0.04139449564375686
RD,linear,552,ZeroCrossingDistance,8.844732285198342
RD,linear,553,InterceptAtK,0.03130613297461829
RD,linear,553,SlopePerWord,-0.0028496125874088647
RD,linear,553,EffectAtKPlus1,0.028456520387209423
RD,linear,553,EffectAtKPlus10,0.0028100071005296434
RD,linear,553,TotalChangeKPlus1ToKPlus10,-0.02564651328667978
RD,linear,553,ZeroCrossingDistance,10.986101448648066
RD,linear,554,InterceptAtK,0.037427265347800664
RD,linear,554,SlopePerWord,-0.004186855996288672
RD,linear,554,EffectAtKPlus1,0.03324040935151199
RD,linear,554,EffectAtKPlus10,-0.004441294615086057
RD,linear,554,TotalChangeKPlus1ToKPlus10,-0.03768170396659805
RD,linear,554,ZeroCrossingDistance,8.939229192734853
RD,linear,555,InterceptAtK,0.04779879228505777
RD,linear,555,SlopePerWord,-0.004916713257248741
RD,linear,555,EffectAtKPlus1,0.04288207902780903
RD,linear,555,EffectAtKPlus10,-0.0013683402874296383
RD,linear,555,TotalChangeKPlus1ToKPlus10,-0.04425041931523867
RD,linear,555,ZeroCrossingDistance,9.721696138083242
RD,linear,556,InterceptAtK,0.038706082522530195
RD,linear,556,SlopePerWord,-0.003912921696888895
RD,linear,556,EffectAtKPlus1,0.0347931608256413
RD,linear,556,EffectAtKPlus10,-0.00042313444635875413
RD,linear,556,TotalChangeKPlus1ToKPlus10,-0.035216295272000056
RD,linear,556,ZeroCrossingDistance,9.891862276033997
RD,linear,557,InterceptAtK,0.036534582162486604
RD,linear,557,SlopePerWord,-0.0033966009383151817
RD,linear,557,EffectAtKPlus1,0.03313798122417142
RD,linear,557,EffectAtKPlus10,0.0025685727793347893
RD,linear,557,TotalChangeKPlus1ToKPlus10,-0.030569408444836632
RD,linear,557,ZeroCrossingDistance,10.756218592051876
RD,linear,558,InterceptAtK,0.03272267380979639
RD,linear,558,SlopePerWord,-0.003523976531218975
RD,linear,558,EffectAtKPlus1,0.029198697278577414
RD,linear,558,EffectAtKPlus10,-0.002517091502393362
RD,linear,558,TotalChangeKPlus1ToKPlus10,-0.031715788780970776
RD,linear,558,ZeroCrossingDistance,9.285724101708851
RD,linear,559,InterceptAtK,0.04435022107786272
RD,linear,559,SlopePerWord,-0.004877171242731406
RD,linear,559,EffectAtKPlus1,0.039473049835131314
RD,linear,559,EffectAtKPlus10,-0.0044214913494513355
RD,linear,559,TotalChangeKPlus1ToKPlus10,-0.04389454118458265
RD,linear,559,ZeroCrossingDistance,9.09343118594804
RD,linear,560,InterceptAtK,0.03444503595161764
RD,linear,560,SlopePerWord,-0.0027958437271160554
RD,linear,560,EffectAtKPlus1,0.031649192224501584
RD,linear,560,EffectAtKPlus10,0.006486598680457083
RD,linear,560,TotalChangeKPlus1ToKPlus10,-0.0251625935440445
RD,linear,560,ZeroCrossingDistance,12.32008628291542
RD,linear,561,InterceptAtK,0.03192750731141333
RD,linear,561,SlopePerWord,-0.003668398419421345
RD,linear,561,EffectAtKPlus1,0.02825910889199199
RD,linear,561,EffectAtKPlus10,-0.00475647688280012
RD,linear,561,TotalChangeKPlus1ToKPlus10,-0.033015585774792106
RD,linear,561,ZeroCrossingDistance,8.703391415278604
RD,linear,562,InterceptAtK,0.028523403824889427
RD,linear,562,SlopePerWord,-0.002998830182690101
RD,linear,562,EffectAtKPlus1,0.025524573642199327
RD,linear,562,EffectAtKPlus10,-0.001464898002011581
RD,linear,562,TotalChangeKPlus1ToKPlus10,-0.026989471644210908
RD,linear,562,ZeroCrossingDistance,9.511510184715595
RD,linear,563,InterceptAtK,0.031110928682861888
RD,linear,563,SlopePerWord,-0.003172582395097221
RD,linear,563,EffectAtKPlus1,0.027938346287764666
RD,linear,563,EffectAtKPlus10,-0.0006148952681103229
RD,linear,563,TotalChangeKPlus1ToKPlus10,-0.02855324155587499
RD,linear,563,ZeroCrossingDistance,9.80618461822755
RD,linear,564,InterceptAtK,0.034640665230384685
RD,linear,564,SlopePerWord,-0.0041109427046922865
RD,linear,564,EffectAtKPlus1,0.030529722525692398
RD,linear,564,EffectAtKPlus10,-0.006468761816538181
RD,linear,564,TotalChangeKPlus1ToKPlus10,-0.036998484342230575
RD,linear,564,ZeroCrossingDistance,8.426452937630426
RD,linear,565,InterceptAtK,0.035151959592872956
RD,linear,565,SlopePerWord,-0.0034555709268531613
RD,linear,565,EffectAtKPlus1,0.031696388666019794
RD,linear,565,EffectAtKPlus10,0.000596250324341345
RD,linear,565,TotalChangeKPlus1ToKPlus10,-0.03110013834167845
RD,linear,565,ZeroCrossingDistance,10.172547557831296
RD,linear,566,InterceptAtK,0.03256120783112046
RD,linear,566,SlopePerWord,-0.002651436794266421
RD,linear,566,EffectAtKPlus1,0.02990977103685404
RD,linear,566,EffectAtKPlus10,0.006046839888456251
RD,linear,566,TotalChangeKPlus1ToKPlus10,-0.023862931148397788
RD,linear,566,ZeroCrossingDistance,12.280589867928285
RD,linear,567,InterceptAtK,0.03535230279109402
RD,linear,567,SlopePerWord,-0.0041518258713963314
RD,linear,567,EffectAtKPlus1,0.031200476919697687
RD,linear,567,EffectAtKPlus10,-0.006165955922869296
RD,linear,567,TotalChangeKPlus1ToKPlus10,-0.03736643284256698
RD,linear,567,ZeroCrossingDistance,8.514880894849384
RD,linear,568,InterceptAtK,0.03769497469208411
RD,linear,568,SlopePerWord,-0.004025013049370719
RD,linear,568,EffectAtKPlus1,0.033669961642713395
RD,linear,568,EffectAtKPlus10,-0.002555155801623084
RD,linear,568,TotalChangeKPlus1ToKPlus10,-0.03622511744433648
RD,linear,568,ZeroCrossingDistance,9.365180740961184
RD,linear,569,InterceptAtK,0.041988377187199846
RD,linear,569,SlopePerWord,-0.004662384760066814
RD,linear,569,EffectAtKPlus1,0.03732599242713303
RD,linear,569,EffectAtKPlus10,-0.00463547041346829
RD,linear,569,TotalChangeKPlus1ToKPlus10,-0.04196146284060132
RD,linear,569,ZeroCrossingDistance,9.005772656694711
RD,linear,570,InterceptAtK,0.033703642043213015
RD,linear,570,SlopePerWord,-0.0032966356918602974
RD,linear,570,EffectAtKPlus1,0.030407006351352718
RD,linear,570,EffectAtKPlus10,0.0007372851246100418
RD,linear,570,TotalChangeKPlus1ToKPlus10,-0.029669721226742676
RD,linear,570,ZeroCrossingDistance,10.223647740765069
RD,linear,571,InterceptAtK,0.03430787044278332
RD,linear,571,SlopePerWord,-0.00343450956008886
RD,linear,571,EffectAtKPlus1,0.03087336088269446
RD,linear,571,EffectAtKPlus10,-3.722515810528071e-05
RD,linear,571,TotalChangeKPlus1ToKPlus10,-0.030910586040799742
RD,linear,571,ZeroCrossingDistance,9.98916143412793
RD,linear,572,InterceptAtK,0.03263973010681899
RD,linear,572,SlopePerWord,-0.00414555452822297
RD,linear,572,EffectAtKPlus1,0.028494175578596022
RD,linear,572,EffectAtKPlus10,-0.008815815175410704
RD,linear,572,TotalChangeKPlus1ToKPlus10,-0.037309990754006726
RD,linear,572,ZeroCrossingDistance,7.873429208229547
RD,linear,573,InterceptAtK,0.040956782927804136
RD,linear,573,SlopePerWord,-0.004322836496781076
RD,linear,573,EffectAtKPlus1,0.03663394643102306
RD,linear,573,EffectAtKPlus10,-0.002271582040006631
RD,linear,573,TotalChangeKPlus1ToKPlus10,-0.03890552847102969
RD,linear,573,ZeroCrossingDistance,9.474515855110846
RD,linear,574,InterceptAtK,0.04258163379356335
RD,linear,574,SlopePerWord,-0.004555434143531401
RD,linear,574,EffectAtKPlus1,0.03802619965003195
RD,linear,574,EffectAtKPlus10,-0.0029727076417506576
RD,linear,574,TotalChangeKPlus1ToKPlus10,-0.040998907291782606
RD,linear,574,ZeroCrossingDistance,9.347437028373722
RD,linear,575,InterceptAtK,0.032291208968877494
RD,linear,575,SlopePerWord,-0.003230819687877006
RD,linear,575,EffectAtKPlus1,0.02906038928100049
RD,linear,575,EffectAtKPlus10,-1.69879098925671e-05
RD,linear,575,TotalChangeKPlus1ToKPlus10,-0.029077377190893056
RD,linear,575,ZeroCrossingDistance,9.994741919533205
RD,linear,576,InterceptAtK,0.03248625306503699
RD,linear,576,SlopePerWord,-0.0034075844360883425
RD,linear,576,EffectAtKPlus1,0.029078668628948645
RD,linear,576,EffectAtKPlus10,-0.001589591295846439
RD,linear,576,TotalChangeKPlus1ToKPlus10,-0.030668259924795084
RD,linear,576,ZeroCrossingDistance,9.533513746860761
RD,linear,577,InterceptAtK,0.041080930485990236
RD,linear,577,SlopePerWord,-0.005545059854821248
RD,linear,577,EffectAtKPlus1,0.03553587063116899
RD,linear,577,EffectAtKPlus10,-0.014369668062222243
RD,linear,577,TotalChangeKPlus1ToKPlus10,-0.04990553869339123
RD,linear,577,ZeroCrossingDistance,7.408563940075725
RD,linear,578,InterceptAtK,0.038683602265706246
RD,linear,578,SlopePerWord,-0.002569773284794797
RD,linear,578,EffectAtKPlus1,0.03611382898091145
RD,linear,578,EffectAtKPlus10,0.012985869417758276
RD,linear,578,TotalChangeKPlus1ToKPlus10,-0.023127959563153173
RD,linear,578,ZeroCrossingDistance,15.053313260977117
RD,linear,579,InterceptAtK,0.03492577322522439
RD,linear,579,SlopePerWord,-0.004827264663830658
RD,linear,579,EffectAtKPlus1,0.03009850856139373
RD,linear,579,EffectAtKPlus10,-0.013346873413082196
RD,linear,579,TotalChangeKPlus1ToKPlus10,-0.04344538197447592
RD,linear,579,ZeroCrossingDistance,7.235106350582644
RD,linear,580,InterceptAtK,0.03135568083615713
RD,linear,580,SlopePerWord,-0.0023689038982179743
RD,linear,580,EffectAtKPlus1,0.028986776937939152
RD,linear,580,EffectAtKPlus10,0.007666641853977384
RD,linear,580,TotalChangeKPlus1ToKPlus10,-0.02132013508396177
RD,linear,580,ZeroCrossingDistance,13.236366768506175
RD,linear,581,InterceptAtK,0.03219771386911468
RD,linear,581,SlopePerWord,-0.003238844138823317
RD,linear,581,EffectAtKPlus1,0.02895886973029136
RD,linear,581,EffectAtKPlus10,-0.0001907275191184929
RD,linear,581,TotalChangeKPlus1ToKPlus10,-0.029149597249409853
RD,linear,581,ZeroCrossingDistance,9.941112473788943
RD,linear,582,InterceptAtK,0.04676171461580648
RD,linear,582,SlopePerWord,-0.005308813481521601
RD,linear,582,EffectAtKPlus1,0.041452901134284875
RD,linear,582,EffectAtKPlus10,-0.006326420199409537
RD,linear,582,TotalChangeKPlus1ToKPlus10,-0.04777932133369441
RD,linear,582,ZeroCrossingDistance,8.808317485360917
RD,linear,583,InterceptAtK,0.032569398517538685
RD,linear,583,SlopePerWord,-0.003077970491272792
RD,linear,583,EffectAtKPlus1,0.029491428026265892
RD,linear,583,EffectAtKPlus10,0.0017896936048107624
RD,linear,583,TotalChangeKPlus1ToKPlus10,-0.02770173442145513
RD,linear,583,ZeroCrossingDistance,10.581452489517108
RD,linear,584,InterceptAtK,0.03783634712423051
RD,linear,584,SlopePerWord,-0.003588285159502342
RD,linear,584,EffectAtKPlus1,0.03424806196472817
RD,linear,584,EffectAtKPlus10,0.0019534955292070874
RD,linear,584,TotalChangeKPlus1ToKPlus10,-0.03229456643552108
RD,linear,584,ZeroCrossingDistance,10.544409221221988
RD,linear,585,InterceptAtK,0.02933815990022178
RD,linear,585,SlopePerWord,-0.002807104048548761
RD,linear,585,EffectAtKPlus1,0.02653105585167302
RD,linear,585,EffectAtKPlus10,0.0012671194147341747
RD,linear,585,TotalChangeKPlus1ToKPlus10,-0.025263936436938847
RD,linear,585,ZeroCrossingDistance,10.451397380652583
RD,linear,586,InterceptAtK,0.02859175982269903
RD,linear,586,SlopePerWord,-0.0023761417864055882
RD,linear,586,EffectAtKPlus1,0.02621561803629344
RD,linear,586,EffectAtKPlus10,0.004830341958643146
RD,linear,586,TotalChangeKPlus1ToKPlus10,-0.021385276077650294
RD,linear,586,ZeroCrossingDistance,12.032850895631968
RD,linear,587,InterceptAtK,0.03696799335264135
RD,linear,587,SlopePerWord,-0.004086528099134236
RD,linear,587,EffectAtKPlus1,0.03288146525350712
RD,linear,587,EffectAtKPlus10,-0.003897287638701008
RD,linear,587,TotalChangeKPlus1ToKPlus10,-0.036778752892208125
RD,linear,587,ZeroCrossingDistance,9.046308371273238
RD,linear,588,InterceptAtK,0.03944623033874142
RD,linear,588,SlopePerWord,-0.004008758103056973
RD,linear,588,EffectAtKPlus1,0.03543747223568445
RD,linear,588,EffectAtKPlus10,-0.0006413506918283088
RD,linear,588,TotalChangeKPlus1ToKPlus10,-0.03607882292751276
RD,linear,588,ZeroCrossingDistance,9.840012623525668
RD,linear,589,InterceptAtK,0.04187710582640269
RD,linear,589,SlopePerWord,-0.005567323990352697
RD,linear,589,EffectAtKPlus1,0.03630978183604999
RD,linear,589,EffectAtKPlus10,-0.013796134077124288
RD,linear,589,TotalChangeKPlus1ToKPlus10,-0.05010591591317428
RD,linear,589,ZeroCrossingDistance,7.521945174911532
RD,linear,590,InterceptAtK,0.034147626458314435
RD,linear,590,SlopePerWord,-0.0037288994856335372
RD,linear,590,EffectAtKPlus1,0.030418726972680898
RD,linear,590,EffectAtKPlus10,-0.003141368398020934
RD,linear,590,TotalChangeKPlus1ToKPlus10,-0.03356009537070183
RD,linear,590,ZeroCrossingDistance,9.157561524486301
RD,linear,591,InterceptAtK,0.026760046049361302
RD,linear,591,SlopePerWord,-0.002492611591908777
RD,linear,591,EffectAtKPlus1,0.024267434457452525
RD,linear,591,EffectAtKPlus10,0.0018339301302735325
RD,linear,591,TotalChangeKPlus1ToKPlus10,-0.022433504327178992
RD,linear,591,ZeroCrossingDistance,10.735746450119475
RD,linear,592,InterceptAtK,0.039340938567138994
RD,linear,592,SlopePerWord,-0.004645830057599824
RD,linear,592,EffectAtKPlus1,0.03469510850953917
RD,linear,592,EffectAtKPlus10,-0.007117362008859249
RD,linear,592,TotalChangeKPlus1ToKPlus10,-0.04181247051839842
RD,linear,592,ZeroCrossingDistance,8.468010684717923
RD,linear,593,InterceptAtK,0.046307913733281705
RD,linear,593,SlopePerWord,-0.0043072779913994556
RD,linear,593,EffectAtKPlus1,0.04200063574188225
RD,linear,593,EffectAtKPlus10,0.003235133819287153
RD,linear,593,TotalChangeKPlus1ToKPlus10,-0.0387655019225951
RD,linear,593,ZeroCrossingDistance,10.751085447873784
RD,linear,594,InterceptAtK,0.033550698715815216
RD,linear,594,SlopePerWord,-0.003981857091724549
RD,linear,594,EffectAtKPlus1,0.029568841624090667
RD,linear,594,EffectAtKPlus10,-0.006267872201430276
RD,linear,594,TotalChangeKPlus1ToKPlus10,-0.03583671382552094
RD,linear,594,ZeroCrossingDistance,8.425892226404427
RD,linear,595,InterceptAtK,0.03490225103002972
RD,linear,595,SlopePerWord,-0.004249343514860817
RD,linear,595,EffectAtKPlus1,0.0306529075151689
RD,linear,595,EffectAtKPlus10,-0.007591184118578453
RD,linear,595,TotalChangeKPlus1ToKPlus10,-0.038244091633747354
RD,linear,595,ZeroCrossingDistance,8.21356308520821
RD,linear,596,InterceptAtK,0.038297957664660605
RD,linear,596,SlopePerWord,-0.004271393123880849
RD,linear,596,EffectAtKPlus1,0.034026564540779757
RD,linear,596,EffectAtKPlus10,-0.004415973574147886
RD,linear,596,TotalChangeKPlus1ToKPlus10,-0.03844253811492764
RD,linear,596,ZeroCrossingDistance,8.96615145315033
RD,linear,597,InterceptAtK,0.04050542648156334
RD,linear,597,SlopePerWord,-0.003941873983548533
RD,linear,597,EffectAtKPlus1,0.03656355249801481
RD,linear,597,EffectAtKPlus10,0.001086686646078014
RD,linear,597,TotalChangeKPlus1ToKPlus10,-0.035476865851936795
RD,linear,597,ZeroCrossingDistance,10.275677672754968
RD,linear,598,InterceptAtK,0.03797962099378313
RD,linear,598,SlopePerWord,-0.0035188208173845
RD,linear,598,EffectAtKPlus1,0.03446080017639863
RD,linear,598,EffectAtKPlus10,0.0027914128199381313
RD,linear,598,TotalChangeKPlus1ToKPlus10,-0.0316693873564605
RD,linear,598,ZeroCrossingDistance,10.793280750797921
RD,linear,599,InterceptAtK,0.03589185267823146
RD,linear,599,SlopePerWord,-0.003897624376417139
RD,linear,599,EffectAtKPlus1,0.03199422830181432
RD,linear,599,EffectAtKPlus10,-0.0030843910859399276
RD,linear,599,TotalChangeKPlus1ToKPlus10,-0.03507861938775425
RD,linear,599,ZeroCrossingDistance,9.208648451451026
RD,linear,600,InterceptAtK,0.03773625432137997
RD,linear,600,SlopePerWord,-0.00410289575868159
RD,linear,600,EffectAtKPlus1,0.033633358562698376
RD,linear,600,EffectAtKPlus10,-0.003292703265435938
RD,linear,600,TotalChangeKPlus1ToKPlus10,-0.036926061828134314
RD,linear,600,ZeroCrossingDistance,9.197468456645849
RD,linear,601,InterceptAtK,0.03688424392751356
RD,linear,601,SlopePerWord,-0.003625713967477296
RD,linear,601,EffectAtKPlus1,0.03325852996003627
RD,linear,601,EffectAtKPlus10,0.0006271042527406026
RD,linear,601,TotalChangeKPlus1ToKPlus10,-0.032631425707295665
RD,linear,601,ZeroCrossingDistance,10.172960210972443
RD,linear,602,InterceptAtK,0.031115215745196354
RD,linear,602,SlopePerWord,-0.0026751523894987727
RD,linear,602,EffectAtKPlus1,0.02844006335569758
RD,linear,602,EffectAtKPlus10,0.004363691850208625
RD,linear,602,TotalChangeKPlus1ToKPlus10,-0.024076371505488955
RD,linear,602,ZeroCrossingDistance,11.631193747069574
RD,linear,603,InterceptAtK,0.029057344883015014
RD,linear,603,SlopePerWord,-0.0029057893544419335
RD,linear,603,EffectAtKPlus1,0.02615155552857308
RD,linear,603,EffectAtKPlus10,-5.486614043197224e-07
RD,linear,603,TotalChangeKPlus1ToKPlus10,-0.0261521041899774
RD,linear,603,ZeroCrossingDistance,9.999811183352474
RD,linear,604,InterceptAtK,0.03857948334617033
RD,linear,604,SlopePerWord,-0.0047861305236096725
RD,linear,604,EffectAtKPlus1,0.03379335282256066
RD,linear,604,EffectAtKPlus10,-0.009281821889926392
RD,linear,604,TotalChangeKPlus1ToKPlus10,-0.04307517471248705
RD,linear,604,ZeroCrossingDistance,8.060683501183313
RD,linear,605,InterceptAtK,0.03384044698965988
RD,linear,605,SlopePerWord,-0.003055597265354686
RD,linear,605,EffectAtKPlus1,0.030784849724305192
RD,linear,605,EffectAtKPlus10,0.0032844743361130184
RD,linear,605,TotalChangeKPlus1ToKPlus10,-0.027500375388192173
RD,linear,605,ZeroCrossingDistance,11.074904200679
RD,linear,606,InterceptAtK,0.040162759999422995
RD,linear,606,SlopePerWord,-0.004618122354170983
RD,linear,606,EffectAtKPlus1,0.03554463764525201
RD,linear,606,EffectAtKPlus10,-0.006018463542286835
RD,linear,606,TotalChangeKPlus1ToKPlus10,-0.041563101187538844
RD,linear,606,ZeroCrossingDistance,8.696772610008678
RD,linear,607,InterceptAtK,0.0335774518450506
RD,linear,607,SlopePerWord,-0.0033737591407284155
RD,linear,607,EffectAtKPlus1,0.030203692704322185
RD,linear,607,EffectAtKPlus10,-0.00016013956223355497
RD,linear,607,TotalChangeKPlus1ToKPlus10,-0.03036383226655574
RD,linear,607,ZeroCrossingDistance,9.952533789297425
RD,linear,608,InterceptAtK,0.03816246326494209
RD,linear,608,SlopePerWord,-0.004867528978307623
RD,linear,608,EffectAtKPlus1,0.033294934286634464
RD,linear,608,EffectAtKPlus10,-0.010512826518134136
RD,linear,608,TotalChangeKPlus1ToKPlus10,-0.0438077608047686
RD,linear,608,ZeroCrossingDistance,7.840212854410306
RD,linear,609,InterceptAtK,0.038113536109841736
RD,linear,609,SlopePerWord,-0.004365216086882648
RD,linear,609,EffectAtKPlus1,0.03374832002295909
RD,linear,609,EffectAtKPlus10,-0.005538624758984742
RD,linear,609,TotalChangeKPlus1ToKPlus10,-0.03928694478194383
RD,linear,609,ZeroCrossingDistance,8.731191160128784
RD,linear,610,InterceptAtK,0.042988362456754525
RD,linear,610,SlopePerWord,-0.00449893479261331
RD,linear,610,EffectAtKPlus1,0.038489427664141214
RD,linear,610,EffectAtKPlus10,-0.0020009854693785745
RD,linear,610,TotalChangeKPlus1ToKPlus10,-0.04049041313351979
RD,linear,610,ZeroCrossingDistance,9.55523127993232
RD,linear,611,InterceptAtK,0.023880373750824125
RD,linear,611,SlopePerWord,-0.0023128401442839876
RD,linear,611,EffectAtKPlus1,0.021567533606540137
RD,linear,611,EffectAtKPlus10,0.0007519723079842493
RD,linear,611,TotalChangeKPlus1ToKPlus10,-0.020815561298555888
RD,linear,611,ZeroCrossingDistance,10.325129391169854
RD,linear,612,InterceptAtK,0.039672972389469194
RD,linear,612,SlopePerWord,-0.005292765811529051
RD,linear,612,EffectAtKPlus1,0.034380206577940144
RD,linear,612,EffectAtKPlus10,-0.013254685725821315
RD,linear,612,TotalChangeKPlus1ToKPlus10,-0.04763489230376146
RD,linear,612,ZeroCrossingDistance,7.495697675315789
RD,linear,613,InterceptAtK,0.0388031985903852
RD,linear,613,SlopePerWord,-0.0036808692890320095
RD,linear,613,EffectAtKPlus1,0.03512232930135319
RD,linear,613,EffectAtKPlus10,0.0019945057000651106
RD,linear,613,TotalChangeKPlus1ToKPlus10,-0.03312782360128808
RD,linear,613,ZeroCrossingDistance,10.541857247147622
RD,linear,614,InterceptAtK,0.034567671022562335
RD,linear,614,SlopePerWord,-0.00284479617935113
RD,linear,614,EffectAtKPlus1,0.03172287484321121
RD,linear,614,EffectAtKPlus10,0.006119709229051036
RD,linear,614,TotalChangeKPlus1ToKPlus10,-0.02560316561416017
RD,linear,614,ZeroCrossingDistance,12.151194266032402
RD,linear,615,InterceptAtK,0.05103210121438554
RD,linear,615,SlopePerWord,-0.005230845915803432
RD,linear,615,EffectAtKPlus1,0.04580125529858211
RD,linear,615,EffectAtKPlus10,-0.001276357943648776
RD,linear,615,TotalChangeKPlus1ToKPlus10,-0.047077613242230885
RD,linear,615,ZeroCrossingDistance,9.755993970345667
RD,linear,616,InterceptAtK,0.031330500169593524
RD,linear,616,SlopePerWord,-0.002439852381499094
RD,linear,616,EffectAtKPlus1,0.02889064778809443
RD,linear,616,EffectAtKPlus10,0.006931976354602583
RD,linear,616,TotalChangeKPlus1ToKPlus10,-0.021958671433491846
RD,linear,616,ZeroCrossingDistance,12.841145803396284
RD,linear,617,InterceptAtK,0.04180993907991009
RD,linear,617,SlopePerWord,-0.004221817874970848
RD,linear,617,EffectAtKPlus1,0.03758812120493924
RD,linear,617,EffectAtKPlus10,-0.0004082396697983881
RD,linear,617,TotalChangeKPlus1ToKPlus10,-0.03799636087473763
RD,linear,617,ZeroCrossingDistance,9.903302396766415
RD,linear,618,InterceptAtK,0.03834765502952735
RD,linear,618,SlopePerWord,-0.004114567632904728
RD,linear,618,EffectAtKPlus1,0.03423308739662262
RD,linear,618,EffectAtKPlus10,-0.0027980212995199344
RD,linear,618,TotalChangeKPlus1ToKPlus10,-0.03703110869614255
RD,linear,618,ZeroCrossingDistance,9.319971975392068
RD,linear,619,InterceptAtK,0.028540384464409436
RD,linear,619,SlopePerWord,-0.0021868287286127453
RD,linear,619,EffectAtKPlus1,0.02635355573579669
RD,linear,619,EffectAtKPlus10,0.006672097178281985
RD,linear,619,TotalChangeKPlus1ToKPlus10,-0.019681458557514707
RD,linear,619,ZeroCrossingDistance,13.051037829795913
RD,linear,620,InterceptAtK,0.0283366550895616
RD,linear,620,SlopePerWord,-0.0023800782932629316
RD,linear,620,EffectAtKPlus1,0.025956576796298668
RD,linear,620,EffectAtKPlus10,0.004535872156932283
RD,linear,620,TotalChangeKPlus1ToKPlus10,-0.021420704639366385
RD,linear,620,ZeroCrossingDistance,11.905765944663065
RD,linear,621,InterceptAtK,0.028337894440319863
RD,linear,621,SlopePerWord,-0.003466725422558854
RD,linear,621,EffectAtKPlus1,0.02487116901776101
RD,linear,621,EffectAtKPlus10,-0.00632935978526868
RD,linear,621,TotalChangeKPlus1ToKPlus10,-0.03120052880302969
RD,linear,621,ZeroCrossingDistance,8.174254083094686
RD,linear,622,InterceptAtK,0.04246898472149235
RD,linear,622,SlopePerWord,-0.004000875737679904
RD,linear,622,EffectAtKPlus1,0.03846810898381245
RD,linear,622,EffectAtKPlus10,0.002460227344693311
RD,linear,622,TotalChangeKPlus1ToKPlus10,-0.03600788163911914
RD,linear,622,ZeroCrossingDistance,10.61492220853627
RD,linear,623,InterceptAtK,0.041576060024635354
RD,linear,623,SlopePerWord,-0.00386470149060333
RD,linear,623,EffectAtKPlus1,0.03771135853403203
RD,linear,623,EffectAtKPlus10,0.002929045118602057
RD,linear,623,TotalChangeKPlus1ToKPlus10,-0.03478231341542997
RD,linear,623,ZeroCrossingDistance,10.757896858456924
RD,linear,624,InterceptAtK,0.032729546599131076
RD,linear,624,SlopePerWord,-0.003989889412700079
RD,linear,624,EffectAtKPlus1,0.028739657186430997
RD,linear,624,EffectAtKPlus10,-0.007169347527869713
RD,linear,624,TotalChangeKPlus1ToKPlus10,-0.03590900471430071
RD,linear,624,ZeroCrossingDistance,8.20312124314794
RD,linear,625,InterceptAtK,0.03897710413915797
RD,linear,625,SlopePerWord,-0.003933344277655651
RD,linear,625,EffectAtKPlus1,0.035043759861502315
RD,linear,625,EffectAtKPlus10,-0.0003563386373985414
RD,linear,625,TotalChangeKPlus1ToKPlus10,-0.035400098498900856
RD,linear,625,ZeroCrossingDistance,9.909405683244456
RD,linear,626,InterceptAtK,0.029651145796177333
RD,linear,626,SlopePerWord,-0.0037179032521658427
RD,linear,626,EffectAtKPlus1,0.02593324254401149
RD,linear,626,EffectAtKPlus10,-0.007527886725481093
RD,linear,626,TotalChangeKPlus1ToKPlus10,-0.03346112926949259
RD,linear,626,ZeroCrossingDistance,7.975233292825528
RD,linear,627,InterceptAtK,0.04433716534030604
RD,linear,627,SlopePerWord,-0.00450983230709155
RD,linear,627,EffectAtKPlus1,0.039827333033214486
RD,linear,627,EffectAtKPlus10,-0.0007611577306094672
RD,linear,627,TotalChangeKPlus1ToKPlus10,-0.04058849076382395
RD,linear,627,ZeroCrossingDistance,9.83122260900642
RD,linear,628,InterceptAtK,0.04725894649856751
RD,linear,628,SlopePerWord,-0.005498317281861205
RD,linear,628,EffectAtKPlus1,0.041760629216706306
RD,linear,628,EffectAtKPlus10,-0.00772422632004454
RD,linear,628,TotalChangeKPlus1ToKPlus10,-0.049484855536750846
RD,linear,628,ZeroCrossingDistance,8.595165407146192
RD,linear,629,InterceptAtK,0.0390171905304106
RD,linear,629,SlopePerWord,-0.004102014421408757
RD,linear,629,EffectAtKPlus1,0.03491517610900184
RD,linear,629,EffectAtKPlus10,-0.002002953683676971
RD,linear,629,TotalChangeKPlus1ToKPlus10,-0.03691812979267881
RD,linear,629,ZeroCrossingDistance,9.511714616793302
RD,linear,630,InterceptAtK,0.03329618053056035
RD,linear,630,SlopePerWord,-0.0036962892069779584
RD,linear,630,EffectAtKPlus1,0.02959989132358239
RD,linear,630,EffectAtKPlus10,-0.003666711539219235
RD,linear,630,TotalChangeKPlus1ToKPlus10,-0.03326660286280163
RD,linear,630,ZeroCrossingDistance,9.008001989590772
RD,linear,631,InterceptAtK,0.036165793119615916
RD,linear,631,SlopePerWord,-0.003706929592448719
RD,linear,631,EffectAtKPlus1,0.032458863527167196
RD,linear,631,EffectAtKPlus10,-0.0009035028048712743
RD,linear,631,TotalChangeKPlus1ToKPlus10,-0.03336236633203847
RD,linear,631,ZeroCrossingDistance,9.756266532088505
RD,linear,632,InterceptAtK,0.02898161768284581
RD,linear,632,SlopePerWord,-0.0018951750787921098
RD,linear,632,EffectAtKPlus1,0.027086442604053698
RD,linear,632,EffectAtKPlus10,0.010029866894924709
RD,linear,632,TotalChangeKPlus1ToKPlus10,-0.01705657570912899
RD,linear,632,ZeroCrossingDistance,15.292316792872375
RD,linear,633,InterceptAtK,0.03999754539951996
RD,linear,633,SlopePerWord,-0.004583131188211648
RD,linear,633,EffectAtKPlus1,0.03541441421130831
RD,linear,633,EffectAtKPlus10,-0.005833766482596522
RD,linear,633,TotalChangeKPlus1ToKPlus10,-0.04124818069390483
RD,linear,633,ZeroCrossingDistance,8.727122082474606
RD,linear,634,InterceptAtK,0.049367292562731105
RD,linear,634,SlopePerWord,-0.006755313550262364
RD,linear,634,EffectAtKPlus1,0.04261197901246874
RD,linear,634,EffectAtKPlus10,-0.018185842939892533
RD,linear,634,TotalChangeKPlus1ToKPlus10,-0.060797821952361275
RD,linear,634,ZeroCrossingDistance,7.307920231299074
RD,linear,635,InterceptAtK,0.043856716040840175
RD,linear,635,SlopePerWord,-0.00515047934216298
RD,linear,635,EffectAtKPlus1,0.0387062366986772
RD,linear,635,EffectAtKPlus10,-0.007648077380789618
RD,linear,635,TotalChangeKPlus1ToKPlus10,-0.046354314079466816
RD,linear,635,ZeroCrossingDistance,8.515074642047248
RD,linear,636,InterceptAtK,0.031242543168339583
RD,linear,636,SlopePerWord,-0.002595572041138163
RD,linear,636,EffectAtKPlus1,0.02864697112720142
RD,linear,636,EffectAtKPlus10,0.005286822756957951
RD,linear,636,TotalChangeKPlus1ToKPlus10,-0.02336014837024347
RD,linear,636,ZeroCrossingDistance,12.03686226895851
RD,linear,637,InterceptAtK,0.0344333400638697
RD,linear,637,SlopePerWord,-0.0033669065099126293
RD,linear,637,EffectAtKPlus1,0.031066433553957072
RD,linear,637,EffectAtKPlus10,0.0007642749647434055
RD,linear,637,TotalChangeKPlus1ToKPlus10,-0.030302158589213667
RD,linear,637,ZeroCrossingDistance,10.22699619442752
RD,linear,638,InterceptAtK,0.033726114124809685
RD,linear,638,SlopePerWord,-0.0036351364991160716
RD,linear,638,EffectAtKPlus1,0.030090977625693613
RD,linear,638,EffectAtKPlus10,-0.0026252508663510282
RD,linear,638,TotalChangeKPlus1ToKPlus10,-0.03271622849204464
RD,linear,638,ZeroCrossingDistance,9.27781230031131
RD,linear,639,InterceptAtK,0.04714750837936043
RD,linear,639,SlopePerWord,-0.00527407943443907
RD,linear,639,EffectAtKPlus1,0.04187342894492136
RD,linear,639,EffectAtKPlus10,-0.005593285965030267
RD,linear,639,TotalChangeKPlus1ToKPlus10,-0.04746671490995163
RD,linear,639,ZeroCrossingDistance,8.939476351359666
RD,linear,640,InterceptAtK,0.03895987714942807
RD,linear,640,SlopePerWord,-0.004660737511033056
RD,linear,640,EffectAtKPlus1,0.03429913963839502
RD,linear,640,EffectAtKPlus10,-0.007647497960902486
RD,linear,640,TotalChangeKPlus1ToKPlus10,-0.0419466375992975
RD,linear,640,ZeroCrossingDistance,8.359165702252257
RD,linear,641,InterceptAtK,0.036785190310493654
RD,linear,641,SlopePerWord,-0.0037195474404104678
RD,linear,641,EffectAtKPlus1,0.033065642870083185
RD,linear,641,EffectAtKPlus10,-0.0004102840936110255
RD,linear,641,TotalChangeKPlus1ToKPlus10,-0.03347592696369421
RD,linear,641,ZeroCrossingDistance,9.889695157762056
RD,linear,642,InterceptAtK,0.043078792479973906
RD,linear,642,SlopePerWord,-0.005875909763716897
RD,linear,642,EffectAtKPlus1,0.037202882716257005
RD,linear,642,EffectAtKPlus10,-0.015680305157195068
RD,linear,642,TotalChangeKPlus1ToKPlus10,-0.05288318787345207
RD,linear,642,ZeroCrossingDistance,7.331425126025719
RD,linear,643,InterceptAtK,0.03196080809711525
RD,linear,643,SlopePerWord,-0.003009005260511615
RD,linear,643,EffectAtKPlus1,0.028951802836603632
RD,linear,643,EffectAtKPlus10,0.0018707554919990994
RD,linear,643,TotalChangeKPlus1ToKPlus10,-0.027081047344604533
RD,linear,643,ZeroCrossingDistance,10.621718917061985
RD,linear,644,InterceptAtK,0.035195430573679916
RD,linear,644,SlopePerWord,-0.004091205069177192
RD,linear,644,EffectAtKPlus1,0.031104225504502724
RD,linear,644,EffectAtKPlus10,-0.005716620118092007
RD,linear,644,TotalChangeKPlus1ToKPlus10,-0.03682084562259473
RD,linear,644,ZeroCrossingDistance,8.602705065761539
RD,linear,645,InterceptAtK,0.03599117083586655
RD,linear,645,SlopePerWord,-0.0038444438267068405
RD,linear,645,EffectAtKPlus1,0.032146727009159715
RD,linear,645,EffectAtKPlus10,-0.002453267431201854
RD,linear,645,TotalChangeKPlus1ToKPlus10,-0.03459999444036157
RD,linear,645,ZeroCrossingDistance,9.3618667506183
RD,linear,646,InterceptAtK,0.044301230159831104
RD,linear,646,SlopePerWord,-0.0045610570750008505
RD,linear,646,EffectAtKPlus1,0.03974017308483025
RD,linear,646,EffectAtKPlus10,-0.0013093405901773991
RD,linear,646,TotalChangeKPlus1ToKPlus10,-0.04104951367500765
RD,linear,646,ZeroCrossingDistance,9.7129304526019
RD,linear,647,InterceptAtK,0.03408160007173794
RD,linear,647,SlopePerWord,-0.003242166418010513
RD,linear,647,EffectAtKPlus1,0.030839433653727426
RD,linear,647,EffectAtKPlus10,0.0016599358916328105
RD,linear,647,TotalChangeKPlus1ToKPlus10,-0.029179497762094615
RD,linear,647,ZeroCrossingDistance,10.51198355593708
RD,linear,648,InterceptAtK,0.026295348266122048
RD,linear,648,SlopePerWord,-0.0024678461122089297
RD,linear,648,EffectAtKPlus1,0.02382750215391312
RD,linear,648,EffectAtKPlus10,0.0016168871440327519
RD,linear,648,TotalChangeKPlus1ToKPlus10,-0.022210615009880367
RD,linear,648,ZeroCrossingDistance,10.655181510724548
RD,linear,649,InterceptAtK,0.03717963645527329
RD,linear,649,SlopePerWord,-0.0038689681305402153
RD,linear,649,EffectAtKPlus1,0.033310668324733075
RD,linear,649,EffectAtKPlus10,-0.0015100448501288583
RD,linear,649,TotalChangeKPlus1ToKPlus10,-0.034820713174861934
RD,linear,649,ZeroCrossingDistance,9.609703466356024
RD,linear,650,InterceptAtK,0.04203383576041275
RD,linear,650,SlopePerWord,-0.005303266694949393
RD,linear,650,EffectAtKPlus1,0.03673056906546336
RD,linear,650,EffectAtKPlus10,-0.010998831189081182
RD,linear,650,TotalChangeKPlus1ToKPlus10,-0.04772940025454454
RD,linear,650,ZeroCrossingDistance,7.926027141053268
RD,linear,651,InterceptAtK,0.04611062659851316
RD,linear,651,SlopePerWord,-0.005197788207394684
RD,linear,651,EffectAtKPlus1,0.04091283839111847
RD,linear,651,EffectAtKPlus10,-0.00586725547543368
RD,linear,651,TotalChangeKPlus1ToKPlus10,-0.04678009386655215
RD,linear,651,ZeroCrossingDistance,8.871201510849062
RD,linear,652,InterceptAtK,0.03475868534387156
RD,linear,652,SlopePerWord,-0.003312341005413094
RD,linear,652,EffectAtKPlus1,0.031446344338458464
RD,linear,652,EffectAtKPlus10,0.001635275289740619
RD,linear,652,TotalChangeKPlus1ToKPlus10,-0.029811069048717845
RD,linear,652,ZeroCrossingDistance,10.49369170839241
RD,linear,653,InterceptAtK,0.05131686411227399
RD,linear,653,SlopePerWord,-0.007160219678384759
RD,linear,653,EffectAtKPlus1,0.04415664443388923
RD,linear,653,EffectAtKPlus10,-0.0202853326715736
RD,linear,653,TotalChangeKPlus1ToKPlus10,-0.06444197710546283
RD,linear,653,ZeroCrossingDistance,7.166939900906829
RD,linear,654,InterceptAtK,0.04871020666359661
RD,linear,654,SlopePerWord,-0.005306360691761404
RD,linear,654,EffectAtKPlus1,0.043403845971835206
RD,linear,654,EffectAtKPlus10,-0.004353400254017432
RD,linear,654,TotalChangeKPlus1ToKPlus10,-0.04775724622585264
RD,linear,654,ZeroCrossingDistance,9.17958832674596
RD,linear,655,InterceptAtK,0.02244227233762503
RD,linear,655,SlopePerWord,-0.0021323730933466545
RD,linear,655,EffectAtKPlus1,0.020309899244278378
RD,linear,655,EffectAtKPlus10,0.0011185414041584851
RD,linear,655,TotalChangeKPlus1ToKPlus10,-0.019191357840119893
RD,linear,655,ZeroCrossingDistance,10.524552390784011
RD,linear,656,InterceptAtK,0.04024005335316908
RD,linear,656,SlopePerWord,-0.004784000117219734
RD,linear,656,EffectAtKPlus1,0.035456053235949345
RD,linear,656,EffectAtKPlus10,-0.007599947819028258
RD,linear,656,TotalChangeKPlus1ToKPlus10,-0.0430560010549776
RD,linear,656,ZeroCrossingDistance,8.411382183776986
RD,linear,657,InterceptAtK,0.03870000641966616
RD,linear,657,SlopePerWord,-0.004540911673672355
RD,linear,657,EffectAtKPlus1,0.0341590947459938
RD,linear,657,EffectAtKPlus10,-0.0067091103170573915
RD,linear,657,TotalChangeKPlus1ToKPlus10,-0.040868205063051194
RD,linear,657,ZeroCrossingDistance,8.52251908885258
RD,linear,658,InterceptAtK,0.03309862153907467
RD,linear,658,SlopePerWord,-0.003855663989302363
RD,linear,658,EffectAtKPlus1,0.029242957549772304
RD,linear,658,EffectAtKPlus10,-0.005458018353948962
RD,linear,658,TotalChangeKPlus1ToKPlus10,-0.034700975903721266
RD,linear,658,ZeroCrossingDistance,8.584415455005319
RD,linear,659,InterceptAtK,0.03418152941808353
RD,linear,659,SlopePerWord,-0.0033681112583739143
RD,linear,659,EffectAtKPlus1,0.030813418159709616
RD,linear,659,EffectAtKPlus10,0.0005004168343443888
RD,linear,659,TotalChangeKPlus1ToKPlus10,-0.030313001325365227
RD,linear,659,ZeroCrossingDistance,10.148574912155954
RD,linear,660,InterceptAtK,0.04139080368838279
RD,linear,660,SlopePerWord,-0.003930581043683748
RD,linear,660,EffectAtKPlus1,0.037460222644699046
RD,linear,660,EffectAtKPlus10,0.0020849932515453126
RD,linear,660,TotalChangeKPlus1ToKPlus10,-0.03537522939315373
RD,linear,660,ZeroCrossingDistance,10.530454207246482
RD,linear,661,InterceptAtK,0.03364148914569449
RD,linear,661,SlopePerWord,-0.003233393989843087
RD,linear,661,EffectAtKPlus1,0.0304080951558514
RD,linear,661,EffectAtKPlus10,0.0013075492472636174
RD,linear,661,TotalChangeKPlus1ToKPlus10,-0.029100545908587783
RD,linear,661,ZeroCrossingDistance,10.404389088175138
RD,linear,662,InterceptAtK,0.026934486898810204
RD,linear,662,SlopePerWord,-0.0016903294056554682
RD,linear,662,EffectAtKPlus1,0.025244157493154736
RD,linear,662,EffectAtKPlus10,0.010031192842255524
RD,linear,662,TotalChangeKPlus1ToKPlus10,-0.015212964650899212
RD,linear,662,ZeroCrossingDistance,15.934460353522438
RD,linear,663,InterceptAtK,0.04403070703059763
RD,linear,663,SlopePerWord,-0.005502897776553322
RD,linear,663,EffectAtKPlus1,0.03852780925404431
RD,linear,663,EffectAtKPlus10,-0.010998270734935589
RD,linear,663,TotalChangeKPlus1ToKPlus10,-0.0495260799889799
RD,linear,663,ZeroCrossingDistance,8.001367428303523
RD,linear,664,InterceptAtK,0.04036676644393049
RD,linear,664,SlopePerWord,-0.0036067381295624397
RD,linear,664,EffectAtKPlus1,0.036760028314368046
RD,linear,664,EffectAtKPlus10,0.004299385148306092
RD,linear,664,TotalChangeKPlus1ToKPlus10,-0.03246064316606195
RD,linear,664,ZeroCrossingDistance,11.192042503187688
RD,linear,665,InterceptAtK,0.04443455549943166
RD,linear,665,SlopePerWord,-0.004589896203229243
RD,linear,665,EffectAtKPlus1,0.03984465929620242
RD,linear,665,EffectAtKPlus10,-0.0014644065328607639
RD,linear,665,TotalChangeKPlus1ToKPlus10,-0.041309065829063185
RD,linear,665,ZeroCrossingDistance,9.680949967489358
RD,linear,666,InterceptAtK,0.0341287614620458
RD,linear,666,SlopePerWord,-0.0038860410149146466
RD,linear,666,EffectAtKPlus1,0.030242720447131152
RD,linear,666,EffectAtKPlus10,-0.004731648687100666
RD,linear,666,TotalChangeKPlus1ToKPlus10,-0.03497436913423182
RD,linear,666,ZeroCrossingDistance,8.782398675428135
RD,linear,667,InterceptAtK,0.036921068807898715
RD,linear,667,SlopePerWord,-0.003705157078751714
RD,linear,667,EffectAtKPlus1,0.033215911729147
RD,linear,667,EffectAtKPlus10,-0.0001305019796184262
RD,linear,667,TotalChangeKPlus1ToKPlus10,-0.03334641370876543
RD,linear,667,ZeroCrossingDistance,9.964778286899946
RD,linear,668,InterceptAtK,0.03140285699376017
RD,linear,668,SlopePerWord,-0.0018289411406576498
RD,linear,668,EffectAtKPlus1,0.029573915853102522
RD,linear,668,EffectAtKPlus10,0.013113445587183675
RD,linear,668,TotalChangeKPlus1ToKPlus10,-0.016460470265918847
RD,linear,668,ZeroCrossingDistance,17.169965886637744
RD,linear,669,InterceptAtK,0.03983513203590449
RD,linear,669,SlopePerWord,-0.004500132776044069
RD,linear,669,EffectAtKPlus1,0.035334999259860424
RD,linear,669,EffectAtKPlus10,-0.0051661957245362
RD,linear,669,TotalChangeKPlus1ToKPlus10,-0.040501194984396624
RD,linear,669,ZeroCrossingDistance,8.851990378586642
RD,linear,670,InterceptAtK,0.03885879482261824
RD,linear,670,SlopePerWord,-0.004280880734774223
RD,linear,670,EffectAtKPlus1,0.03457791408784402
RD,linear,670,EffectAtKPlus10,-0.003950012525123989
RD,linear,670,TotalChangeKPlus1ToKPlus10,-0.03852792661296801
RD,linear,670,ZeroCrossingDistance,9.077289751840675
RD,linear,671,InterceptAtK,0.033596975236645475
RD,linear,671,SlopePerWord,-0.003723391833090758
RD,linear,671,EffectAtKPlus1,0.029873583403554716
RD,linear,671,EffectAtKPlus10,-0.0036369430942621087
RD,linear,671,TotalChangeKPlus1ToKPlus10,-0.03351052649781683
RD,linear,671,ZeroCrossingDistance,9.023217738745721
RD,linear,672,InterceptAtK,0.03472076124567092
RD,linear,672,SlopePerWord,-0.003294981135810592
RD,linear,672,EffectAtKPlus1,0.03142578010986032
RD,linear,672,EffectAtKPlus10,0.0017709498875649946
RD,linear,672,TotalChangeKPlus1ToKPlus10,-0.029654830222295328
RD,linear,672,ZeroCrossingDistance,10.53746890029746
RD,linear,673,InterceptAtK,0.02596683278946225
RD,linear,673,SlopePerWord,-0.002614702391098446
RD,linear,673,EffectAtKPlus1,0.023352130398363806
RD,linear,673,EffectAtKPlus10,-0.00018019112152220865
RD,linear,673,TotalChangeKPlus1ToKPlus10,-0.023532321519886015
RD,linear,673,ZeroCrossingDistance,9.9310854183116
RD,linear,674,InterceptAtK,0.025802466872431894
RD,linear,674,SlopePerWord,-0.0020078539640083627
RD,linear,674,EffectAtKPlus1,0.02379461290842353
RD,linear,674,EffectAtKPlus10,0.005723927232348266
RD,linear,674,TotalChangeKPlus1ToKPlus10,-0.018070685676075265
RD,linear,674,ZeroCrossingDistance,12.850768698795878
RD,linear,675,InterceptAtK,0.03685952701554615
RD,linear,675,SlopePerWord,-0.005391359128794092
RD,linear,675,EffectAtKPlus1,0.03146816788675206
RD,linear,675,EffectAtKPlus10,-0.017054064272394767
RD,linear,675,TotalChangeKPlus1ToKPlus10,-0.048522232159146826
RD,linear,675,ZeroCrossingDistance,6.836778284475121
RD,linear,676,InterceptAtK,0.02726214987254833
RD,linear,676,SlopePerWord,-0.0013932780487854993
RD,linear,676,EffectAtKPlus1,0.025868871823762834
RD,linear,676,EffectAtKPlus10,0.013329369384693339
RD,linear,676,TotalChangeKPlus1ToKPlus10,-0.012539502439069495
RD,linear,676,ZeroCrossingDistance,19.566912646267816
RD,linear,677,InterceptAtK,0.04546522202095256
RD,linear,677,SlopePerWord,-0.004910935744412754
RD,linear,677,EffectAtKPlus1,0.04055428627653981
RD,linear,677,EffectAtKPlus10,-0.003644135423174974
RD,linear,677,TotalChangeKPlus1ToKPlus10,-0.04419842169971478
RD,linear,677,ZeroCrossingDistance,9.257954977863237
RD,linear,678,InterceptAtK,0.03619830157298097
RD,linear,678,SlopePerWord,-0.004001746194720666
RD,linear,678,EffectAtKPlus1,0.03219655537826031
RD,linear,678,EffectAtKPlus10,-0.003819160374225694
RD,linear,678,TotalChangeKPlus1ToKPlus10,-0.036015715752486
RD,linear,678,ZeroCrossingDistance,9.04562653691927
RD,linear,679,InterceptAtK,0.04217344512496727
RD,linear,679,SlopePerWord,-0.004474662291675548
RD,linear,679,EffectAtKPlus1,0.03769878283329172
RD,linear,679,EffectAtKPlus10,-0.0025731777917882143
RD,linear,679,TotalChangeKPlus1ToKPlus10,-0.040271960625079935
RD,linear,679,ZeroCrossingDistance,9.424944806097383
RD,linear,680,InterceptAtK,0.0363550268322464
RD,linear,680,SlopePerWord,-0.0034851883007069595
RD,linear,680,EffectAtKPlus1,0.03286983853153944
RD,linear,680,EffectAtKPlus10,0.0015031438251768073
RD,linear,680,TotalChangeKPlus1ToKPlus10,-0.031366694706362636
RD,linear,680,ZeroCrossingDistance,10.4312948671588
RD,linear,681,InterceptAtK,0.02754512202534258
RD,linear,681,SlopePerWord,-0.0031780525263982507
RD,linear,681,EffectAtKPlus1,0.02436706949894433
RD,linear,681,EffectAtKPlus10,-0.004235403238639926
RD,linear,681,TotalChangeKPlus1ToKPlus10,-0.028602472737584254
RD,linear,681,ZeroCrossingDistance,8.667296023757043
RD,linear,682,InterceptAtK,0.04339541748957324
RD,linear,682,SlopePerWord,-0.004012076088348555
RD,linear,682,EffectAtKPlus1,0.03938334140122469
RD,linear,682,EffectAtKPlus10,0.0032746566060876947
RD,linear,682,TotalChangeKPlus1ToKPlus10,-0.03610868479513699
RD,linear,682,ZeroCrossingDistance,10.816200025617063
RD,linear,683,InterceptAtK,0.03800687991084067
RD,linear,683,SlopePerWord,-0.004385749351357585
RD,linear,683,EffectAtKPlus1,0.033621130559483084
RD,linear,683,EffectAtKPlus10,-0.005850613602735179
RD,linear,683,TotalChangeKPlus1ToKPlus10,-0.03947174416221826
RD,linear,683,ZeroCrossingDistance,8.665994535021898
RD,linear,684,InterceptAtK,0.03326011230123604
RD,linear,684,SlopePerWord,-0.00426909754930223
RD,linear,684,EffectAtKPlus1,0.02899101475193381
RD,linear,684,EffectAtKPlus10,-0.009430863191786258
RD,linear,684,TotalChangeKPlus1ToKPlus10,-0.03842187794372007
RD,linear,684,ZeroCrossingDistance,7.790900047873653
RD,linear,685,InterceptAtK,0.028144389791695784
RD,linear,685,SlopePerWord,-0.0026341073029288484
RD,linear,685,EffectAtKPlus1,0.025510282488766935
RD,linear,685,EffectAtKPlus10,0.0018033167624072997
RD,linear,685,TotalChangeKPlus1ToKPlus10,-0.023706965726359636
RD,linear,685,ZeroCrossingDistance,10.684602620554676
RD,linear,686,InterceptAtK,0.034245173272851995
RD,linear,686,SlopePerWord,-0.0034345558862187986
RD,linear,686,EffectAtKPlus1,0.030810617386633196
RD,linear,686,EffectAtKPlus10,-0.00010038558933599118
RD,linear,686,TotalChangeKPlus1ToKPlus10,-0.030911002975969187
RD,linear,686,ZeroCrossingDistance,9.970771886479184
RD,linear,687,InterceptAtK,0.03414192288108859
RD,linear,687,SlopePerWord,-0.0031801613868156975
RD,linear,687,EffectAtKPlus1,0.03096176149427289
RD,linear,687,EffectAtKPlus10,0.002340309012931613
RD,linear,687,TotalChangeKPlus1ToKPlus10,-0.028621452481341278
RD,linear,687,ZeroCrossingDistance,10.735908882685658
RD,linear,688,InterceptAtK,0.029592263664024947
RD,linear,688,SlopePerWord,-0.0023339335829998887
RD,linear,688,EffectAtKPlus1,0.02725833008102506
RD,linear,688,EffectAtKPlus10,0.006252927834026062
RD,linear,688,TotalChangeKPlus1ToKPlus10,-0.021005402246998997
RD,linear,688,ZeroCrossingDistance,12.679137006970416
RD,linear,689,InterceptAtK,0.03914085848483089
RD,linear,689,SlopePerWord,-0.004351023871585361
RD,linear,689,EffectAtKPlus1,0.03478983461324553
RD,linear,689,EffectAtKPlus10,-0.004369380231022721
RD,linear,689,TotalChangeKPlus1ToKPlus10,-0.03915921484426825
RD,linear,689,ZeroCrossingDistance,8.995781140260517
RD,linear,690,InterceptAtK,0.03210749169369019
RD,linear,690,SlopePerWord,-0.003461481804772554
RD,linear,690,EffectAtKPlus1,0.028646009888917637
RD,linear,690,EffectAtKPlus10,-0.002507326354035347
RD,linear,690,TotalChangeKPlus1ToKPlus10,-0.031153336242952984
RD,linear,690,ZeroCrossingDistance,9.275649419685424
RD,linear,691,InterceptAtK,0.04103175043564986
RD,linear,691,SlopePerWord,-0.005023967499640716
RD,linear,691,EffectAtKPlus1,0.03600778293600915
RD,linear,691,EffectAtKPlus10,-0.009207924560757294
RD,linear,691,TotalChangeKPlus1ToKPlus10,-0.04521570749676644
RD,linear,691,ZeroCrossingDistance,8.167200611585208
RD,linear,692,InterceptAtK,0.035517006537242796
RD,linear,692,SlopePerWord,-0.003952129216240755
RD,linear,692,EffectAtKPlus1,0.03156487732100204
RD,linear,692,EffectAtKPlus10,-0.00400428562516475
RD,linear,692,TotalChangeKPlus1ToKPlus10,-0.03556916294616679
RD,linear,692,ZeroCrossingDistance,8.986802959602214
RD,linear,693,InterceptAtK,0.030313947148533058
RD,linear,693,SlopePerWord,-0.0033394344842005556
RD,linear,693,EffectAtKPlus1,0.0269745126643325
RD,linear,693,EffectAtKPlus10,-0.003080397693472497
RD,linear,693,TotalChangeKPlus1ToKPlus10,-0.030054910357804998
RD,linear,693,ZeroCrossingDistance,9.077569059058833
RD,linear,694,InterceptAtK,0.029122231233682745
RD,linear,694,SlopePerWord,-0.002509974784775287
RD,linear,694,EffectAtKPlus1,0.026612256448907457
RD,linear,694,EffectAtKPlus10,0.004022483385929872
RD,linear,694,TotalChangeKPlus1ToKPlus10,-0.022589773062977585
RD,linear,694,ZeroCrossingDistance,11.602599121843369
RD,linear,695,InterceptAtK,0.03923494040964107
RD,linear,695,SlopePerWord,-0.0047175329760754175
RD,linear,695,EffectAtKPlus1,0.03451740743356565
RD,linear,695,EffectAtKPlus10,-0.00794038935111311
RD,linear,695,TotalChangeKPlus1ToKPlus10,-0.04245779678467876
RD,linear,695,ZeroCrossingDistance,8.316834372672721
RD,linear,696,InterceptAtK,0.03283210865992564
RD,linear,696,SlopePerWord,-0.003172103516762534
RD,linear,696,EffectAtKPlus1,0.029660005143163106
RD,linear,696,EffectAtKPlus10,0.0011110734923003018
RD,linear,696,TotalChangeKPlus1ToKPlus10,-0.028548931650862804
RD,linear,696,ZeroCrossingDistance,10.350263945179906
RD,linear,697,InterceptAtK,0.03519525828457427
RD,linear,697,SlopePerWord,-0.0038562015238285843
RD,linear,697,EffectAtKPlus1,0.031339056760745686
RD,linear,697,EffectAtKPlus10,-0.0033667569537115735
RD,linear,697,TotalChangeKPlus1ToKPlus10,-0.03470581371445726
RD,linear,697,ZeroCrossingDistance,9.126924012423258
RD,linear,698,InterceptAtK,0.03885916111996322
RD,linear,698,SlopePerWord,-0.00518219964949103
RD,linear,698,EffectAtKPlus1,0.033676961470472194
RD,linear,698,EffectAtKPlus10,-0.012962835374947072
RD,linear,698,TotalChangeKPlus1ToKPlus10,-0.04663979684541927
RD,linear,698,ZeroCrossingDistance,7.498584336437092
RD,linear,699,InterceptAtK,0.05379119433219174
RD,linear,699,SlopePerWord,-0.007537498445471794
RD,linear,699,EffectAtKPlus1,0.046253695886719945
RD,linear,699,EffectAtKPlus10,-0.021583790122526196
RD,linear,699,TotalChangeKPlus1ToKPlus10,-0.06783748600924613
RD,linear,699,ZeroCrossingDistance,7.136478331814076
RD,linear,700,InterceptAtK,0.04381482062765329
RD,linear,700,SlopePerWord,-0.005039609627428721
RD,linear,700,EffectAtKPlus1,0.03877521100022457
RD,linear,700,EffectAtKPlus10,-0.0065812756466339245
RD,linear,700,TotalChangeKPlus1ToKPlus10,-0.04535648664685849
RD,linear,700,ZeroCrossingDistance,8.694090190872227
RD,linear,701,InterceptAtK,0.030718008264497634
RD,linear,701,SlopePerWord,-0.0035684006869831754
RD,linear,701,EffectAtKPlus1,0.02714960757751446
RD,linear,701,EffectAtKPlus10,-0.004965998605334119
RD,linear,701,TotalChangeKPlus1ToKPlus10,-0.032115606182848574
RD,linear,701,ZeroCrossingDistance,8.608340530969768
RD,linear,702,InterceptAtK,0.04507287931804786
RD,linear,702,SlopePerWord,-0.004893218564709843
RD,linear,702,EffectAtKPlus1,0.04017966075333802
RD,linear,702,EffectAtKPlus10,-0.0038593063290505644
RD,linear,702,TotalChangeKPlus1ToKPlus10,-0.04403896708238859
RD,linear,702,ZeroCrossingDistance,9.211294922143047
RD,linear,703,InterceptAtK,0.037879536365823974
RD,linear,703,SlopePerWord,-0.004931822042392609
RD,linear,703,EffectAtKPlus1,0.03294771432343137
RD,linear,703,EffectAtKPlus10,-0.011438684058102118
RD,linear,703,TotalChangeKPlus1ToKPlus10,-0.044386398381533486
RD,linear,703,ZeroCrossingDistance,7.6806373060953375
RD,linear,704,InterceptAtK,0.03940708081787753
RD,linear,704,SlopePerWord,-0.004341975550040864
RD,linear,704,EffectAtKPlus1,0.03506510526783666
RD,linear,704,EffectAtKPlus10,-0.004012674682531116
RD,linear,704,TotalChangeKPlus1ToKPlus10,-0.03907777995036778
RD,linear,704,ZeroCrossingDistance,9.075841253299238
RD,linear,705,InterceptAtK,0.04061656184697823
RD,linear,705,SlopePerWord,-0.004084168706159453
RD,linear,705,EffectAtKPlus1,0.036532393140818784
RD,linear,705,EffectAtKPlus10,-0.0002251252146162966
RD,linear,705,TotalChangeKPlus1ToKPlus10,-0.03675751835543508
RD,linear,705,ZeroCrossingDistance,9.944878571182239
RD,linear,706,InterceptAtK,0.022597499317658032
RD,linear,706,SlopePerWord,-0.0019835226510355164
RD,linear,706,EffectAtKPlus1,0.020613976666622517
RD,linear,706,EffectAtKPlus10,0.0027622728073028666
RD,linear,706,TotalChangeKPlus1ToKPlus10,-0.01785170385931965
RD,linear,706,ZeroCrossingDistance,11.392609661331973
RD,linear,707,InterceptAtK,0.0364569660773196
RD,linear,707,SlopePerWord,-0.004098088364189023
RD,linear,707,EffectAtKPlus1,0.03235887771313058
RD,linear,707,EffectAtKPlus10,-0.004523917564570629
RD,linear,707,TotalChangeKPlus1ToKPlus10,-0.036882795277701205
RD,linear,707,ZeroCrossingDistance,8.896090771467327
RD,linear,708,InterceptAtK,0.03490497650763846
RD,linear,708,SlopePerWord,-0.0036858625869605533
RD,linear,708,EffectAtKPlus1,0.03121911392067791
RD,linear,708,EffectAtKPlus10,-0.001953649361967069
RD,linear,708,TotalChangeKPlus1ToKPlus10,-0.03317276328264498
RD,linear,708,ZeroCrossingDistance,9.469961422631847
RD,linear,709,InterceptAtK,0.04300798079796474
RD,linear,709,SlopePerWord,-0.004717169155604171
RD,linear,709,EffectAtKPlus1,0.03829081164236057
RD,linear,709,EffectAtKPlus10,-0.004163710758076977
RD,linear,709,TotalChangeKPlus1ToKPlus10,-0.042454522400437546
RD,linear,709,ZeroCrossingDistance,9.117328503445687
RD,linear,710,InterceptAtK,0.035284668758573015
RD,linear,710,SlopePerWord,-0.0041187180123317575
RD,linear,710,EffectAtKPlus1,0.031165950746241258
RD,linear,710,EffectAtKPlus10,-0.00590251136474456
RD,linear,710,TotalChangeKPlus1ToKPlus10,-0.037068462110985814
RD,linear,710,ZeroCrossingDistance,8.566905685926546
RD,linear,711,InterceptAtK,0.028937399247480223
RD,linear,711,SlopePerWord,-0.0025232769094714787
RD,linear,711,EffectAtKPlus1,0.026414122338008744
RD,linear,711,EffectAtKPlus10,0.003704630152765436
RD,linear,711,TotalChangeKPlus1ToKPlus10,-0.022709492185243308
RD,linear,711,ZeroCrossingDistance,11.46818216378059
RD,linear,712,InterceptAtK,0.040768477742402665
RD,linear,712,SlopePerWord,-0.00460508696460327
RD,linear,712,EffectAtKPlus1,0.0361633907777994
RD,linear,712,EffectAtKPlus10,-0.005282391903630036
RD,linear,712,TotalChangeKPlus1ToKPlus10,-0.041445782681429434
RD,linear,712,ZeroCrossingDistance,8.852922443325646
RD,linear,713,InterceptAtK,0.030849700603435715
RD,linear,713,SlopePerWord,-0.002830391819617196
RD,linear,713,EffectAtKPlus1,0.02801930878381852
RD,linear,713,EffectAtKPlus10,0.0025457824072637573
RD,linear,713,TotalChangeKPlus1ToKPlus10,-0.025473526376554763
RD,linear,713,ZeroCrossingDistance,10.899445225081264
RD,linear,714,InterceptAtK,0.03660889429391291
RD,linear,714,SlopePerWord,-0.0036801595000205624
RD,linear,714,EffectAtKPlus1,0.03292873479389235
RD,linear,714,EffectAtKPlus10,-0.0001927007062927158
RD,linear,714,TotalChangeKPlus1ToKPlus10,-0.033121435500185065
RD,linear,714,ZeroCrossingDistance,9.947637947134726
RD,linear,715,InterceptAtK,0.029077017322779026
RD,linear,715,SlopePerWord,-0.0033201820714479466
RD,linear,715,EffectAtKPlus1,0.02575683525133108
RD,linear,715,EffectAtKPlus10,-0.004124803391700443
RD,linear,715,TotalChangeKPlus1ToKPlus10,-0.029881638643031522
RD,linear,715,ZeroCrossingDistance,8.757657470904421
RD,linear,716,InterceptAtK,0.042368701441004034
RD,linear,716,SlopePerWord,-0.00457826473211261
RD,linear,716,EffectAtKPlus1,0.03779043670889142
RD,linear,716,EffectAtKPlus10,-0.003413945880122074
RD,linear,716,TotalChangeKPlus1ToKPlus10,-0.041204382589013495
RD,linear,716,ZeroCrossingDistance,9.25431444447147
RD,linear,717,InterceptAtK,0.03902786212535802
RD,linear,717,SlopePerWord,-0.004250482733351707
RD,linear,717,EffectAtKPlus1,0.03477737939200631
RD,linear,717,EffectAtKPlus10,-0.003476965208159051
RD,linear,717,TotalChangeKPlus1ToKPlus10,-0.038254344600165364
RD,linear,717,ZeroCrossingDistance,9.181983453108325
RD,linear,718,InterceptAtK,0.03810007442091559
RD,linear,718,SlopePerWord,-0.0032563656900592105
RD,linear,718,EffectAtKPlus1,0.03484370873085638
RD,linear,718,EffectAtKPlus10,0.0055364175203234875
RD,linear,718,TotalChangeKPlus1ToKPlus10,-0.029307291210532896
RD,linear,718,ZeroCrossingDistance,11.700182979210426
RD,linear,719,InterceptAtK,0.030212545400363635
RD,linear,719,SlopePerWord,-0.002576893905319499
RD,linear,719,EffectAtKPlus1,0.027635651495044135
RD,linear,719,EffectAtKPlus10,0.004443606347168647
RD,linear,719,TotalChangeKPlus1ToKPlus10,-0.023192045147875488
RD,linear,719,ZeroCrossingDistance,11.724404073445042
RD,linear,720,InterceptAtK,0.033785163207908045
RD,linear,720,SlopePerWord,-0.0035518445352942345
RD,linear,720,EffectAtKPlus1,0.03023331867261381
RD,linear,720,EffectAtKPlus10,-0.0017332821450342997
RD,linear,720,TotalChangeKPlus1ToKPlus10,-0.031966600817648114
RD,linear,720,ZeroCrossingDistance,9.512005064464143
RD,linear,721,InterceptAtK,0.026703869254798885
RD,linear,721,SlopePerWord,-0.002080427053575663
RD,linear,721,EffectAtKPlus1,0.02462344220122322
RD,linear,721,EffectAtKPlus10,0.005899598719042252
RD,linear,721,TotalChangeKPlus1ToKPlus10,-0.01872384348218097
RD,linear,721,ZeroCrossingDistance,12.835763315470503
RD,linear,722,InterceptAtK,0.03863393750031891
RD,linear,722,SlopePerWord,-0.0040002111638710956
RD,linear,722,EffectAtKPlus1,0.03463372633644782
RD,linear,722,EffectAtKPlus10,-0.0013681741383920407
RD,linear,722,TotalChangeKPlus1ToKPlus10,-0.03600190047483986
RD,linear,722,ZeroCrossingDistance,9.657974521258016
RD,linear,723,InterceptAtK,0.03293110638877575
RD,linear,723,SlopePerWord,-0.002816608630702786
RD,linear,723,EffectAtKPlus1,0.030114497758072963
RD,linear,723,EffectAtKPlus10,0.004765020081747888
RD,linear,723,TotalChangeKPlus1ToKPlus10,-0.025349477676325075
RD,linear,723,ZeroCrossingDistance,11.69175796374626
RD,linear,724,InterceptAtK,0.03408404219443924
RD,linear,724,SlopePerWord,-0.0026704899890362933
RD,linear,724,EffectAtKPlus1,0.03141355220540294
RD,linear,724,EffectAtKPlus10,0.007379142304076304
RD,linear,724,TotalChangeKPlus1ToKPlus10,-0.024034409901326638
RD,linear,724,ZeroCrossingDistance,12.76321661356957
RD,linear,725,InterceptAtK,0.03939515282296183
RD,linear,725,SlopePerWord,-0.004282273246856586
RD,linear,725,EffectAtKPlus1,0.035112879576105246
RD,linear,725,EffectAtKPlus10,-0.0034275796456040286
RD,linear,725,TotalChangeKPlus1ToKPlus10,-0.038540459221709275
RD,linear,725,ZeroCrossingDistance,9.199588758582827
RD,linear,726,InterceptAtK,0.027225059411691465
RD,linear,726,SlopePerWord,-0.0021832949420149636
RD,linear,726,EffectAtKPlus1,0.0250417644696765
RD,linear,726,EffectAtKPlus10,0.00539210999154183
RD,linear,726,TotalChangeKPlus1ToKPlus10,-0.01964965447813467
RD,linear,726,ZeroCrossingDistance,12.469712125364724
RD,linear,727,InterceptAtK,0.03890891074676619
RD,linear,727,SlopePerWord,-0.0051259761269607995
RD,linear,727,EffectAtKPlus1,0.03378293461980539
RD,linear,727,EffectAtKPlus10,-0.012350850522841808
RD,linear,727,TotalChangeKPlus1ToKPlus10,-0.046133785142647196
RD,linear,727,ZeroCrossingDistance,7.590536862261072
RD,linear,728,InterceptAtK,0.03808503900765615
RD,linear,728,SlopePerWord,-0.004322967542438777
RD,linear,728,EffectAtKPlus1,0.03376207146521737
RD,linear,728,EffectAtKPlus10,-0.0051446364167316225
RD,linear,728,TotalChangeKPlus1ToKPlus10,-0.03890670788194899
RD,linear,728,ZeroCrossingDistance,8.809929437076157
RD,linear,729,InterceptAtK,0.04243138649782248
RD,linear,729,SlopePerWord,-0.005045833627779988
RD,linear,729,EffectAtKPlus1,0.03738555287004249
RD,linear,729,EffectAtKPlus10,-0.0080269497799774
RD,linear,729,TotalChangeKPlus1ToKPlus10,-0.04541250265001989
RD,linear,729,ZeroCrossingDistance,8.409192539408197
RD,linear,730,InterceptAtK,0.039446390954234196
RD,linear,730,SlopePerWord,-0.003957082583073647
RD,linear,730,EffectAtKPlus1,0.03548930837116055
RD,linear,730,EffectAtKPlus10,-0.0001244348765022732
RD,linear,730,TotalChangeKPlus1ToKPlus10,-0.035613743247662824
RD,linear,730,ZeroCrossingDistance,9.968553884360528
RD,linear,731,InterceptAtK,0.04205859916124887
RD,linear,731,SlopePerWord,-0.00560915741084921
RD,linear,731,EffectAtKPlus1,0.03644944175039966
RD,linear,731,EffectAtKPlus10,-0.014032974947243225
RD,linear,731,TotalChangeKPlus1ToKPlus10,-0.05048241669764288
RD,linear,731,ZeroCrossingDistance,7.498202685469176
RD,linear,732,InterceptAtK,0.03238713798770842
RD,linear,732,SlopePerWord,-0.003977515287390459
RD,linear,732,EffectAtKPlus1,0.02840962270031796
RD,linear,732,EffectAtKPlus10,-0.00738801488619617
RD,linear,732,TotalChangeKPlus1ToKPlus10,-0.03579763758651413
RD,linear,732,ZeroCrossingDistance,8.142555250606403
RD,linear,733,InterceptAtK,0.03724857191849417
RD,linear,733,SlopePerWord,-0.0034632154581249906
RD,linear,733,EffectAtKPlus1,0.03378535646036918
RD,linear,733,EffectAtKPlus10,0.002616417337244263
RD,linear,733,TotalChangeKPlus1ToKPlus10,-0.03116893912312492
RD,linear,733,ZeroCrossingDistance,10.755487889471599
RD,linear,734,InterceptAtK,0.033213542236569346
RD,linear,734,SlopePerWord,-0.0032021290757162464
RD,linear,734,EffectAtKPlus1,0.0300114131608531
RD,linear,734,EffectAtKPlus10,0.0011922514794068806
RD,linear,734,TotalChangeKPlus1ToKPlus10,-0.02881916168144622
RD,linear,734,ZeroCrossingDistance,10.372330862128099
RD,linear,735,InterceptAtK,0.026518035019329332
RD,linear,735,SlopePerWord,-0.001657743810567618
RD,linear,735,EffectAtKPlus1,0.024860291208761716
RD,linear,735,EffectAtKPlus10,0.009940596913653153
RD,linear,735,TotalChangeKPlus1ToKPlus10,-0.014919694295108563
RD,linear,735,ZeroCrossingDistance,15.996461485957504
RD,linear,736,InterceptAtK,0.03451006653950879
RD,linear,736,SlopePerWord,-0.00392542145729647
RD,linear,736,EffectAtKPlus1,0.03058464508221232
RD,linear,736,EffectAtKPlus10,-0.004744148033455908
RD,linear,736,TotalChangeKPlus1ToKPlus10,-0.03532879311566823
RD,linear,736,ZeroCrossingDistance,8.791429637539274
RD,linear,737,InterceptAtK,0.03745034405958454
RD,linear,737,SlopePerWord,-0.0037369625978302223
RD,linear,737,EffectAtKPlus1,0.03371338146175432
RD,linear,737,EffectAtKPlus10,8.071808128232161e-05
RD,linear,737,TotalChangeKPlus1ToKPlus10,-0.033632663380472
RD,linear,737,ZeroCrossingDistance,10.021599916822606
RD,linear,738,InterceptAtK,0.03142266560197947
RD,linear,738,SlopePerWord,-0.002813194840891772
RD,linear,738,EffectAtKPlus1,0.028609470761087698
RD,linear,738,EffectAtKPlus10,0.0032907171930617457
RD,linear,738,TotalChangeKPlus1ToKPlus10,-0.025318753568025952
RD,linear,738,ZeroCrossingDistance,11.169743789242341
RD,linear,739,InterceptAtK,0.03391848117094252
RD,linear,739,SlopePerWord,-0.0033095828747497207
RD,linear,739,EffectAtKPlus1,0.030608898296192795
RD,linear,739,EffectAtKPlus10,0.0008226524234453067
RD,linear,739,TotalChangeKPlus1ToKPlus10,-0.029786245872747488
RD,linear,739,ZeroCrossingDistance,10.248566799677896
RD,linear,740,InterceptAtK,0.031125187848410965
RD,linear,740,SlopePerWord,-0.002695244103773213
RD,linear,740,EffectAtKPlus1,0.028429943744637753
RD,linear,740,EffectAtKPlus10,0.004172746810678835
RD,linear,740,TotalChangeKPlus1ToKPlus10,-0.02425719693395892
RD,linear,740,ZeroCrossingDistance,11.548188828179677
RD,linear,741,InterceptAtK,0.03940837923708156
RD,linear,741,SlopePerWord,-0.0052588785312638435
RD,linear,741,EffectAtKPlus1,0.03414950070581772
RD,linear,741,EffectAtKPlus10,-0.013180406075556872
RD,linear,741,TotalChangeKPlus1ToKPlus10,-0.047329906781374595
RD,linear,741,ZeroCrossingDistance,7.493685013411161
RD,linear,742,InterceptAtK,0.035114368755818234
RD,linear,742,SlopePerWord,-0.0035996152942417
RD,linear,742,EffectAtKPlus1,0.03151475346157653
RD,linear,742,EffectAtKPlus10,-0.0008817841865987677
RD,linear,742,TotalChangeKPlus1ToKPlus10,-0.0323965376481753
RD,linear,742,ZeroCrossingDistance,9.7550337704117
RD,linear,743,InterceptAtK,0.03654053171653847
RD,linear,743,SlopePerWord,-0.0033137678503499493
RD,linear,743,EffectAtKPlus1,0.033226763866188516
RD,linear,743,EffectAtKPlus10,0.0034028532130389727
RD,linear,743,TotalChangeKPlus1ToKPlus10,-0.029823910653149543
RD,linear,743,ZeroCrossingDistance,11.026883404846727
RD,linear,744,InterceptAtK,0.028385488585853717
RD,linear,744,SlopePerWord,-0.003061206331569575
RD,linear,744,EffectAtKPlus1,0.025324282254284142
RD,linear,744,EffectAtKPlus10,-0.0022265747298420326
RD,linear,744,TotalChangeKPlus1ToKPlus10,-0.027550856984126175
RD,linear,744,ZeroCrossingDistance,9.272647940493314
RD,linear,745,InterceptAtK,0.0362912209977071
RD,linear,745,SlopePerWord,-0.003624467150918539
RD,linear,745,EffectAtKPlus1,0.03266675384678856
RD,linear,745,EffectAtKPlus10,4.654948852170909e-05
RD,linear,745,TotalChangeKPlus1ToKPlus10,-0.032620204358266854
RD,linear,745,ZeroCrossingDistance,10.01284312606059
RD,linear,746,InterceptAtK,0.03105332230400015
RD,linear,746,SlopePerWord,-0.0024661941026315856
RD,linear,746,EffectAtKPlus1,0.028587128201368564
RD,linear,746,EffectAtKPlus10,0.006391381277684294
RD,linear,746,TotalChangeKPlus1ToKPlus10,-0.02219574692368427
RD,linear,746,ZeroCrossingDistance,12.591597016173335
RD,linear,747,InterceptAtK,0.028436117077674097
RD,linear,747,SlopePerWord,-0.0024724333108861775
RD,linear,747,EffectAtKPlus1,0.02596368376678792
RD,linear,747,EffectAtKPlus10,0.0037117839688123218
RD,linear,747,TotalChangeKPlus1ToKPlus10,-0.022251899797975597
RD,linear,747,ZeroCrossingDistance,11.50126757816652
RD,linear,748,InterceptAtK,0.04349969005563054
RD,linear,748,SlopePerWord,-0.004071458562646802
RD,linear,748,EffectAtKPlus1,0.03942823149298374
RD,linear,748,EffectAtKPlus10,0.0027851044291625285
RD,linear,748,TotalChangeKPlus1ToKPlus10,-0.03664312706382121
RD,linear,748,ZeroCrossingDistance,10.684055698052338
RD,linear,749,InterceptAtK,0.031814430278496016
RD,linear,749,SlopePerWord,-0.0023784250927093263
RD,linear,749,EffectAtKPlus1,0.02943600518578669
RD,linear,749,EffectAtKPlus10,0.008030179351402753
RD,linear,749,TotalChangeKPlus1ToKPlus10,-0.021405825834383937
RD,linear,749,ZeroCrossingDistance,13.376259095154166
RD,linear,750,InterceptAtK,0.0300058208788379
RD,linear,750,SlopePerWord,-0.0027336457159123284
RD,linear,750,EffectAtKPlus1,0.02727217516292557
RD,linear,750,EffectAtKPlus10,0.0026693637197146153
RD,linear,750,TotalChangeKPlus1ToKPlus10,-0.024602811443210956
RD,linear,750,ZeroCrossingDistance,10.976484883968858
RD,linear,751,InterceptAtK,0.037227614557776775
RD,linear,751,SlopePerWord,-0.004737920020468292
RD,linear,751,EffectAtKPlus1,0.03248969453730848
RD,linear,751,EffectAtKPlus10,-0.010151585646906144
RD,linear,751,TotalChangeKPlus1ToKPlus10,-0.042641280184214626
RD,linear,751,ZeroCrossingDistance,7.857375050011341
RD,linear,752,InterceptAtK,0.03966269899363586
RD,linear,752,SlopePerWord,-0.004749082208978755
RD,linear,752,EffectAtKPlus1,0.034913616784657105
RD,linear,752,EffectAtKPlus10,-0.007828123096151697
RD,linear,752,TotalChangeKPlus1ToKPlus10,-0.0427417398808088
RD,linear,752,ZeroCrossingDistance,8.35165559329514
RD,linear,753,InterceptAtK,0.03582654289202051
RD,linear,753,SlopePerWord,-0.004050062804954729
RD,linear,753,EffectAtKPlus1,0.03177648008706578
RD,linear,753,EffectAtKPlus10,-0.004674085157526778
RD,linear,753,TotalChangeKPlus1ToKPlus10,-0.03645056524459256
RD,linear,753,ZeroCrossingDistance,8.845922796108583
RD,linear,754,InterceptAtK,0.04030901620465444
RD,linear,754,SlopePerWord,-0.004239472403751258
RD,linear,754,EffectAtKPlus1,0.03606954380090319
RD,linear,754,EffectAtKPlus10,-0.0020857078328581427
RD,linear,754,TotalChangeKPlus1ToKPlus10,-0.03815525163376133
RD,linear,754,ZeroCrossingDistance,9.508026557499791
RD,linear,755,InterceptAtK,0.03283407257986041
RD,linear,755,SlopePerWord,-0.00267621917773839
RD,linear,755,EffectAtKPlus1,0.030157853402122018
RD,linear,755,EffectAtKPlus10,0.006071880802476507
RD,linear,755,TotalChangeKPlus1ToKPlus10,-0.02408597259964551
RD,linear,755,ZeroCrossingDistance,12.268827924478035
RD,linear,756,InterceptAtK,0.04659390108741688
RD,linear,756,SlopePerWord,-0.005279154235306959
RD,linear,756,EffectAtKPlus1,0.041314746852109924
RD,linear,756,EffectAtKPlus10,-0.006197641265652712
RD,linear,756,TotalChangeKPlus1ToKPlus10,-0.047512388117762636
RD,linear,756,ZeroCrossingDistance,8.826016253853142
RD,linear,757,InterceptAtK,0.03791364542666669
RD,linear,757,SlopePerWord,-0.004629641000482849
RD,linear,757,EffectAtKPlus1,0.033284004426183844
RD,linear,757,EffectAtKPlus10,-0.008382764578161804
RD,linear,757,TotalChangeKPlus1ToKPlus10,-0.04166676900434565
RD,linear,757,ZeroCrossingDistance,8.189327298318052
RD,linear,758,InterceptAtK,0.03790746527563314
RD,linear,758,SlopePerWord,-0.0037836511739943635
RD,linear,758,EffectAtKPlus1,0.034123814101638776
RD,linear,758,EffectAtKPlus10,7.095353568950524e-05
RD,linear,758,TotalChangeKPlus1ToKPlus10,-0.03405286056594927
RD,linear,758,ZeroCrossingDistance,10.018752663083
RD,linear,759,InterceptAtK,0.0394364083202096
RD,linear,759,SlopePerWord,-0.0049109039393911876
RD,linear,759,EffectAtKPlus1,0.03452550438081842
RD,linear,759,EffectAtKPlus10,-0.009672631073702274
RD,linear,759,TotalChangeKPlus1ToKPlus10,-0.04419813545452069
RD,linear,759,ZeroCrossingDistance,8.03037664896752
RD,linear,760,InterceptAtK,0.039661824072411256
RD,linear,760,SlopePerWord,-0.004043430667520394
RD,linear,760,EffectAtKPlus1,0.03561839340489086
RD,linear,760,EffectAtKPlus10,-0.0007724826027926818
RD,linear,760,TotalChangeKPlus1ToKPlus10,-0.036390876007683544
RD,linear,760,ZeroCrossingDistance,9.808953666746955
RD,linear,761,InterceptAtK,0.03224726541023655
RD,linear,761,SlopePerWord,-0.0037423915848451
RD,linear,761,EffectAtKPlus1,0.02850487382539145
RD,linear,761,EffectAtKPlus10,-0.005176650438214449
RD,linear,761,TotalChangeKPlus1ToKPlus10,-0.0336815242636059
RD,linear,761,ZeroCrossingDistance,8.61675339930289
RD,linear,762,InterceptAtK,0.04069103455396751
RD,linear,762,SlopePerWord,-0.004466636878156738
RD,linear,762,EffectAtKPlus1,0.036224397675810774
RD,linear,762,EffectAtKPlus10,-0.0039753342275998665
RD,linear,762,TotalChangeKPlus1ToKPlus10,-0.04019973190341064
RD,linear,762,ZeroCrossingDistance,9.109993864278401
RD,linear,763,InterceptAtK,0.032638415657387114
RD,linear,763,SlopePerWord,-0.0030865111007118487
RD,linear,763,EffectAtKPlus1,0.029551904556675265
RD,linear,763,EffectAtKPlus10,0.001773304650268627
RD,linear,763,TotalChangeKPlus1ToKPlus10,-0.02777859990640664
RD,linear,763,ZeroCrossingDistance,10.574533702425255
RD,linear,764,InterceptAtK,0.03503828797681658
RD,linear,764,SlopePerWord,-0.003222108790789911
RD,linear,764,EffectAtKPlus1,0.031816179186026666
RD,linear,764,EffectAtKPlus10,0.002817200068917468
RD,linear,764,TotalChangeKPlus1ToKPlus10,-0.0289989791171092
RD,linear,764,ZeroCrossingDistance,10.87433424872871
RD,linear,765,InterceptAtK,0.04369447736748842
RD,linear,765,SlopePerWord,-0.004682640937143405
RD,linear,765,EffectAtKPlus1,0.03901183643034501
RD,linear,765,EffectAtKPlus10,-0.0031319320039456325
RD,linear,765,TotalChangeKPlus1ToKPlus10,-0.04214376843429064
RD,linear,765,ZeroCrossingDistance,9.331161187460973
RD,linear,766,InterceptAtK,0.03284305668228597
RD,linear,766,SlopePerWord,-0.0030605831213831518
RD,linear,766,EffectAtKPlus1,0.02978247356090282
RD,linear,766,EffectAtKPlus10,0.0022372254684544547
RD,linear,766,TotalChangeKPlus1ToKPlus10,-0.027545248092448366
RD,linear,766,ZeroCrossingDistance,10.730980136701335
RD,linear,767,InterceptAtK,0.038157354095612946
RD,linear,767,SlopePerWord,-0.0055769269896369655
RD,linear,767,EffectAtKPlus1,0.03258042710597598
RD,linear,767,EffectAtKPlus10,-0.01761191580075671
RD,linear,767,TotalChangeKPlus1ToKPlus10,-0.05019234290673269
RD,linear,767,ZeroCrossingDistance,6.842003520310892
RD,linear,768,InterceptAtK,0.030172798247346845
RD,linear,768,SlopePerWord,-0.00343323416149049
RD,linear,768,EffectAtKPlus1,0.026739564085856354
RD,linear,768,EffectAtKPlus10,-0.004159543367558055
RD,linear,768,TotalChangeKPlus1ToKPlus10,-0.03089910745341441
RD,linear,768,ZeroCrossingDistance,8.788447518606699
RD,linear,769,InterceptAtK,0.03510927565087227
RD,linear,769,SlopePerWord,-0.0036892898770771823
RD,linear,769,EffectAtKPlus1,0.03141998577379509
RD,linear,769,EffectAtKPlus10,-0.0017836231198995536
RD,linear,769,TotalChangeKPlus1ToKPlus10,-0.03320360889369464
RD,linear,769,ZeroCrossingDistance,9.516540261316463
RD,linear,770,InterceptAtK,0.0322903793762759
RD,linear,770,SlopePerWord,-0.0035139863972377307
RD,linear,770,EffectAtKPlus1,0.028776392979038168
RD,linear,770,EffectAtKPlus10,-0.0028494845961014106
RD,linear,770,TotalChangeKPlus1ToKPlus10,-0.03162587757513958
RD,linear,770,ZeroCrossingDistance,9.189101984475146
RD,linear,771,InterceptAtK,0.04404097872946717
RD,linear,771,SlopePerWord,-0.004662759861510876
RD,linear,771,EffectAtKPlus1,0.03937821886795629
RD,linear,771,EffectAtKPlus10,-0.002586619885641593
RD,linear,771,TotalChangeKPlus1ToKPlus10,-0.04196483875359788
RD,linear,771,ZeroCrossingDistance,9.445259897042297
RD,linear,772,InterceptAtK,0.03250152139522657
RD,linear,772,SlopePerWord,-0.003940429510612667
RD,linear,772,EffectAtKPlus1,0.028561091884613907
RD,linear,772,EffectAtKPlus10,-0.006902773710900097
RD,linear,772,TotalChangeKPlus1ToKPlus10,-0.035463865595514
RD,linear,772,ZeroCrossingDistance,8.248217943676185
RD,linear,773,InterceptAtK,0.02905650406162699
RD,linear,773,SlopePerWord,-0.0021267386984679367
RD,linear,773,EffectAtKPlus1,0.026929765363159053
RD,linear,773,EffectAtKPlus10,0.0077891170769476235
RD,linear,773,TotalChangeKPlus1ToKPlus10,-0.01914064828621143
RD,linear,773,ZeroCrossingDistance,13.66247018618637
RD,linear,774,InterceptAtK,0.03058856310416646
RD,linear,774,SlopePerWord,-0.0024017462577307054
RD,linear,774,EffectAtKPlus1,0.028186816846435755
RD,linear,774,EffectAtKPlus10,0.006571100526859407
RD,linear,774,TotalChangeKPlus1ToKPlus10,-0.021615716319576348
RD,linear,774,ZeroCrossingDistance,12.735967842443157
RD,linear,775,InterceptAtK,0.04315472552223907
RD,linear,775,SlopePerWord,-0.004695005407204183
RD,linear,775,EffectAtKPlus1,0.03845972011503489
RD,linear,775,EffectAtKPlus10,-0.0037953285498027595
RD,linear,775,TotalChangeKPlus1ToKPlus10,-0.04225504866483765
RD,linear,775,ZeroCrossingDistance,9.191624243077746
RD,linear,776,InterceptAtK,0.04138590591635306
RD,linear,776,SlopePerWord,-0.004491924649018917
RD,linear,776,EffectAtKPlus1,0.03689398126733414
RD,linear,776,EffectAtKPlus10,-0.0035333405738361134
RD,linear,776,TotalChangeKPlus1ToKPlus10,-0.040427321841170254
RD,linear,776,ZeroCrossingDistance,9.213401637401056
RD,linear,777,InterceptAtK,0.0397428198980753
RD,linear,777,SlopePerWord,-0.004453047431591434
RD,linear,777,EffectAtKPlus1,0.03528977246648386
RD,linear,777,EffectAtKPlus10,-0.0047876544178390434
RD,linear,777,TotalChangeKPlus1ToKPlus10,-0.040077426884322906
RD,linear,777,ZeroCrossingDistance,8.924858876670886
RD,linear,778,InterceptAtK,0.04714367489178391
RD,linear,778,SlopePerWord,-0.005356860182108436
RD,linear,778,EffectAtKPlus1,0.04178681470967547
RD,linear,778,EffectAtKPlus10,-0.0064249269293004535
RD,linear,778,TotalChangeKPlus1ToKPlus10,-0.04821174163897592
RD,linear,778,ZeroCrossingDistance,8.800617019880548
RD,linear,779,InterceptAtK,0.04307604560461176
RD,linear,779,SlopePerWord,-0.0038464795917025566
RD,linear,779,EffectAtKPlus1,0.0392295660129092
RD,linear,779,EffectAtKPlus10,0.004611249687586194
RD,linear,779,TotalChangeKPlus1ToKPlus10,-0.03461831632532301
RD,linear,779,ZeroCrossingDistance,11.198823385813188
RD,linear,780,InterceptAtK,0.03707323674232699
RD,linear,780,SlopePerWord,-0.0040041652002741285
RD,linear,780,EffectAtKPlus1,0.03306907154205286
RD,linear,780,EffectAtKPlus10,-0.0029684152604142963
RD,linear,780,TotalChangeKPlus1ToKPlus10,-0.036037486802467156
RD,linear,780,ZeroCrossingDistance,9.258668133819484
RD,linear,781,InterceptAtK,0.03227767993858787
RD,linear,781,SlopePerWord,-0.003541824831534684
RD,linear,781,EffectAtKPlus1,0.028735855107053187
RD,linear,781,EffectAtKPlus10,-0.0031405683767589676
RD,linear,781,TotalChangeKPlus1ToKPlus10,-0.03187642348381216
RD,linear,781,ZeroCrossingDistance,9.11329088079205
RD,linear,782,InterceptAtK,0.036195581997717954
RD,linear,782,SlopePerWord,-0.004565698206169306
RD,linear,782,EffectAtKPlus1,0.03162988379154865
RD,linear,782,EffectAtKPlus10,-0.009461400063975112
RD,linear,782,TotalChangeKPlus1ToKPlus10,-0.04109128385552376
RD,linear,782,ZeroCrossingDistance,7.9277210983436035
RD,linear,783,InterceptAtK,0.024578435702898756
RD,linear,783,SlopePerWord,-0.001735744212481388
RD,linear,783,EffectAtKPlus1,0.022842691490417368
RD,linear,783,EffectAtKPlus10,0.007220993578084877
RD,linear,783,TotalChangeKPlus1ToKPlus10,-0.015621697912332491
RD,linear,783,ZeroCrossingDistance,14.160171485038038
RD,linear,784,InterceptAtK,0.03272326420732157
RD,linear,784,SlopePerWord,-0.0027195799032439663
RD,linear,784,EffectAtKPlus1,0.030003684304077606
RD,linear,784,EffectAtKPlus10,0.00552746517488191
RD,linear,784,TotalChangeKPlus1ToKPlus10,-0.024476219129195696
RD,linear,784,ZeroCrossingDistance,12.03247022390798
RD,linear,785,InterceptAtK,0.03320763584197405
RD,linear,785,SlopePerWord,-0.0024424894864016077
RD,linear,785,EffectAtKPlus1,0.030765146355572443
RD,linear,785,EffectAtKPlus10,0.008782740977957976
RD,linear,785,TotalChangeKPlus1ToKPlus10,-0.021982405377614467
RD,linear,785,ZeroCrossingDistance,13.59581526424383
RD,linear,786,InterceptAtK,0.03609858282751789
RD,linear,786,SlopePerWord,-0.004600216361443048
RD,linear,786,EffectAtKPlus1,0.031498366466074845
RD,linear,786,EffectAtKPlus10,-0.009903580786912586
RD,linear,786,TotalChangeKPlus1ToKPlus10,-0.04140194725298743
RD,linear,786,ZeroCrossingDistance,7.847148914577157
RD,linear,787,InterceptAtK,0.03641026533002946
RD,linear,787,SlopePerWord,-0.004086629234307979
RD,linear,787,EffectAtKPlus1,0.03232363609572148
RD,linear,787,EffectAtKPlus10,-0.004456027013050326
RD,linear,787,TotalChangeKPlus1ToKPlus10,-0.03677966310877181
RD,linear,787,ZeroCrossingDistance,8.90960819845334
RD,linear,788,InterceptAtK,0.037675257374468106
RD,linear,788,SlopePerWord,-0.003971220344316328
RD,linear,788,EffectAtKPlus1,0.033704037030151776
RD,linear,788,EffectAtKPlus10,-0.0020369460686951793
RD,linear,788,TotalChangeKPlus1ToKPlus10,-0.035740983098846955
RD,linear,788,ZeroCrossingDistance,9.487073017338238
RD,linear,789,InterceptAtK,0.03171070124848825
RD,linear,789,SlopePerWord,-0.0038059262413434104
RD,linear,789,EffectAtKPlus1,0.02790477500714484
RD,linear,789,EffectAtKPlus10,-0.006348561164945851
RD,linear,789,TotalChangeKPlus1ToKPlus10,-0.03425333617209069
RD,linear,789,ZeroCrossingDistance,8.331927430442018
RD,linear,790,InterceptAtK,0.031183682450705713
RD,linear,790,SlopePerWord,-0.0025120608173434347
RD,linear,790,EffectAtKPlus1,0.028671621633362277
RD,linear,790,EffectAtKPlus10,0.006063074277271367
RD,linear,790,TotalChangeKPlus1ToKPlus10,-0.02260854735609091
RD,linear,790,ZeroCrossingDistance,12.413585783995156
RD,linear,791,InterceptAtK,0.031196188748027674
RD,linear,791,SlopePerWord,-0.002971712467542938
RD,linear,791,EffectAtKPlus1,0.028224476280484738
RD,linear,791,EffectAtKPlus10,0.0014790640725982941
RD,linear,791,TotalChangeKPlus1ToKPlus10,-0.026745412207886444
RD,linear,791,ZeroCrossingDistance,10.497714394899454
RD,linear,792,InterceptAtK,0.03032945336863323
RD,linear,792,SlopePerWord,-0.0028221767762468615
RD,linear,792,EffectAtKPlus1,0.02750727659238637
RD,linear,792,EffectAtKPlus10,0.0021076856061646165
RD,linear,792,TotalChangeKPlus1ToKPlus10,-0.025399590986221753
RD,linear,792,ZeroCrossingDistance,10.746829760596206
RD,linear,793,InterceptAtK,0.03891074077669199
RD,linear,793,SlopePerWord,-0.004813976672262403
RD,linear,793,EffectAtKPlus1,0.034096764104429585
RD,linear,793,EffectAtKPlus10,-0.009229025945932043
RD,linear,793,TotalChangeKPlus1ToKPlus10,-0.04332579005036163
RD,linear,793,ZeroCrossingDistance,8.082868577426089
RD,linear,794,InterceptAtK,0.042299044347525495
RD,linear,794,SlopePerWord,-0.004239238811989989
RD,linear,794,EffectAtKPlus1,0.03805980553553551
RD,linear,794,EffectAtKPlus10,-9.334377237439628e-05
RD,linear,794,TotalChangeKPlus1ToKPlus10,-0.0381531493079099
RD,linear,794,ZeroCrossingDistance,9.977981006375392
RD,linear,795,InterceptAtK,0.0457493686753762
RD,linear,795,SlopePerWord,-0.005469440320728149
RD,linear,795,EffectAtKPlus1,0.04027992835464805
RD,linear,795,EffectAtKPlus10,-0.008945034531905288
RD,linear,795,TotalChangeKPlus1ToKPlus10,-0.049224962886553335
RD,linear,795,ZeroCrossingDistance,8.364542986600421
RD,linear,796,InterceptAtK,0.032721626277058664
RD,linear,796,SlopePerWord,-0.004532421827881185
RD,linear,796,EffectAtKPlus1,0.02818920444917748
RD,linear,796,EffectAtKPlus10,-0.012602592001753184
RD,linear,796,TotalChangeKPlus1ToKPlus10,-0.04079179645093066
RD,linear,796,ZeroCrossingDistance,7.2194573937870565
RD,linear,797,InterceptAtK,0.036671022359818
RD,linear,797,SlopePerWord,-0.004146543748974341
RD,linear,797,EffectAtKPlus1,0.032524478610843656
RD,linear,797,EffectAtKPlus10,-0.004794415129925407
RD,linear,797,TotalChangeKPlus1ToKPlus10,-0.03731889374076906
RD,linear,797,ZeroCrossingDistance,8.843756289533586
RD,linear,798,InterceptAtK,0.03516973009119967
RD,linear,798,SlopePerWord,-0.0040565501301069225
RD,linear,798,EffectAtKPlus1,0.031113179961092745
RD,linear,798,EffectAtKPlus10,-0.00539577120986956
RD,linear,798,TotalChangeKPlus1ToKPlus10,-0.036508951170962305
RD,linear,798,ZeroCrossingDistance,8.66986206584181
RD,linear,799,InterceptAtK,0.03363579461256778
RD,linear,799,SlopePerWord,-0.0025163607208297167
RD,linear,799,EffectAtKPlus1,0.03111943389173806
RD,linear,799,EffectAtKPlus10,0.008472187404270609
RD,linear,799,TotalChangeKPlus1ToKPlus10,-0.02264724648746745
RD,linear,799,ZeroCrossingDistance,13.366841380943622
RD,linear,800,InterceptAtK,0.04047866478435173
RD,linear,800,SlopePerWord,-0.004874974715902092
RD,linear,800,EffectAtKPlus1,0.035603690068449635
RD,linear,800,EffectAtKPlus10,-0.00827108237466919
RD,linear,800,TotalChangeKPlus1ToKPlus10,-0.043874772443118826
RD,linear,800,ZeroCrossingDistance,8.303358918418787
RD,linear,801,InterceptAtK,0.04116478493242385
RD,linear,801,SlopePerWord,-0.0048874154537055185
RD,linear,801,EffectAtKPlus1,0.03627736947871833
RD,linear,801,EffectAtKPlus10,-0.007709369604631332
RD,linear,801,TotalChangeKPlus1ToKPlus10,-0.043986739083349664
RD,linear,801,ZeroCrossingDistance,8.422608088537617
RD,linear,802,InterceptAtK,0.04049120483907
RD,linear,802,SlopePerWord,-0.004060056670922334
RD,linear,802,EffectAtKPlus1,0.036431148168147666
RD,linear,802,EffectAtKPlus10,-0.00010936187015334053
RD,linear,802,TotalChangeKPlus1ToKPlus10,-0.036540510038301006
RD,linear,802,ZeroCrossingDistance,9.973063954762855
RD,linear,803,InterceptAtK,0.03297883039900529
RD,linear,803,SlopePerWord,-0.004442372565703913
RD,linear,803,EffectAtKPlus1,0.028536457833301374
RD,linear,803,EffectAtKPlus10,-0.011444895258033848
RD,linear,803,TotalChangeKPlus1ToKPlus10,-0.03998135309133522
RD,linear,803,ZeroCrossingDistance,7.423697565037445
RD,linear,804,InterceptAtK,0.03644329434672815
RD,linear,804,SlopePerWord,-0.004050957185694656
RD,linear,804,EffectAtKPlus1,0.03239233716103349
RD,linear,804,EffectAtKPlus10,-0.004066277510218409
RD,linear,804,TotalChangeKPlus1ToKPlus10,-0.0364586146712519
RD,linear,804,ZeroCrossingDistance,8.996218097644217
RD,linear,805,InterceptAtK,0.03850361821007796
RD,linear,805,SlopePerWord,-0.005007883174218846
RD,linear,805,EffectAtKPlus1,0.03349573503585911
RD,linear,805,EffectAtKPlus10,-0.011575213532110502
RD,linear,805,TotalChangeKPlus1ToKPlus10,-0.045070948567969615
RD,linear,805,ZeroCrossingDistance,7.688601524951496
RD,linear,806,InterceptAtK,0.04430741114254928
RD,linear,806,SlopePerWord,-0.00491583343597075
RD,linear,806,EffectAtKPlus1,0.039391577706578536
RD,linear,806,EffectAtKPlus10,-0.004850923217158215
RD,linear,806,TotalChangeKPlus1ToKPlus10,-0.04424250092373675
RD,linear,806,ZeroCrossingDistance,9.01320431614659
RD,linear,807,InterceptAtK,0.033766579169030045
RD,linear,807,SlopePerWord,-0.003284212064161868
RD,linear,807,EffectAtKPlus1,0.030482367104868176
RD,linear,807,EffectAtKPlus10,0.0009244585274113676
RD,linear,807,TotalChangeKPlus1ToKPlus10,-0.02955790857745681
RD,linear,807,ZeroCrossingDistance,10.281485637757465
RD,linear,808,InterceptAtK,0.027751734001740976
RD,linear,808,SlopePerWord,-0.0027020012944416537
RD,linear,808,EffectAtKPlus1,0.02504973270729932
RD,linear,808,EffectAtKPlus10,0.000731721057324438
RD,linear,808,TotalChangeKPlus1ToKPlus10,-0.024318011649974883
RD,linear,808,ZeroCrossingDistance,10.27080707134733
RD,linear,809,InterceptAtK,0.037903286403438624
RD,linear,809,SlopePerWord,-0.0038397619340774587
RD,linear,809,EffectAtKPlus1,0.034063524469361166
RD,linear,809,EffectAtKPlus10,-0.0004943329373359659
RD,linear,809,TotalChangeKPlus1ToKPlus10,-0.03455785740669713
RD,linear,809,ZeroCrossingDistance,9.871259482795322
RD,linear,810,InterceptAtK,0.036067763863146696
RD,linear,810,SlopePerWord,-0.003907679227493621
RD,linear,810,EffectAtKPlus1,0.03216008463565308
RD,linear,810,EffectAtKPlus10,-0.003009028411789516
RD,linear,810,TotalChangeKPlus1ToKPlus10,-0.03516911304744259
RD,linear,810,ZeroCrossingDistance,9.229970466711134
RD,linear,811,InterceptAtK,0.039302758281502835
RD,linear,811,SlopePerWord,-0.004845350367751788
RD,linear,811,EffectAtKPlus1,0.03445740791375105
RD,linear,811,EffectAtKPlus10,-0.009150745396015049
RD,linear,811,TotalChangeKPlus1ToKPlus10,-0.0436081533097661
RD,linear,811,ZeroCrossingDistance,8.111437831840233
RD,linear,812,InterceptAtK,0.028506531917767777
RD,linear,812,SlopePerWord,-0.003645875323629139
RD,linear,812,EffectAtKPlus1,0.024860656594138636
RD,linear,812,EffectAtKPlus10,-0.00795222131852361
RD,linear,812,TotalChangeKPlus1ToKPlus10,-0.03281287791266224
RD,linear,812,ZeroCrossingDistance,7.818844416597358
RD,linear,813,InterceptAtK,0.02689817758877931
RD,linear,813,SlopePerWord,-0.002961141337598407
RD,linear,813,EffectAtKPlus1,0.0239370362511809
RD,linear,813,EffectAtKPlus10,-0.0027132357872047645
RD,linear,813,TotalChangeKPlus1ToKPlus10,-0.026650272038385665
RD,linear,813,ZeroCrossingDistance,9.0837195939437
RD,linear,814,InterceptAtK,0.04998885497881561
RD,linear,814,SlopePerWord,-0.005621069562201363
RD,linear,814,EffectAtKPlus1,0.04436778541661425
RD,linear,814,EffectAtKPlus10,-0.006221840643198015
RD,linear,814,TotalChangeKPlus1ToKPlus10,-0.050589626059812265
RD,linear,814,ZeroCrossingDistance,8.893121571553479
RD,linear,815,InterceptAtK,0.026874982439570528
RD,linear,815,SlopePerWord,-0.0027784924641849834
RD,linear,815,EffectAtKPlus1,0.024096489975385545
RD,linear,815,EffectAtKPlus10,-0.0009099422022793048
RD,linear,815,TotalChangeKPlus1ToKPlus10,-0.02500643217766485
RD,linear,815,ZeroCrossingDistance,9.672505067403081
RD,linear,816,InterceptAtK,0.03178368103328789
RD,linear,816,SlopePerWord,-0.0031349334140244145
RD,linear,816,EffectAtKPlus1,0.028648747619263473
RD,linear,816,EffectAtKPlus10,0.00043434689304374524
RD,linear,816,TotalChangeKPlus1ToKPlus10,-0.028214400726219727
RD,linear,816,ZeroCrossingDistance,10.138550596035198
RD,linear,817,InterceptAtK,0.03906062432997329
RD,linear,817,SlopePerWord,-0.003659110239662146
RD,linear,817,EffectAtKPlus1,0.03540151409031114
RD,linear,817,EffectAtKPlus10,0.0024695219333518287
RD,linear,817,TotalChangeKPlus1ToKPlus10,-0.032931992156959314
RD,linear,817,ZeroCrossingDistance,10.674896838740732
RD,linear,818,InterceptAtK,0.03342945239637596
RD,linear,818,SlopePerWord,-0.0035815718961522687
RD,linear,818,EffectAtKPlus1,0.02984788050022369
RD,linear,818,EffectAtKPlus10,-0.002386266565146726
RD,linear,818,TotalChangeKPlus1ToKPlus10,-0.032234147065370415
RD,linear,818,ZeroCrossingDistance,9.333737634106877
RD,linear,819,InterceptAtK,0.04374876431606605
RD,linear,819,SlopePerWord,-0.0047976184755400015
RD,linear,819,EffectAtKPlus1,0.03895114584052605
RD,linear,819,EffectAtKPlus10,-0.004227420439333961
RD,linear,819,TotalChangeKPlus1ToKPlus10,-0.04317856627986001
RD,linear,819,ZeroCrossingDistance,9.118850225192585
RD,linear,820,InterceptAtK,0.033572615688925236
RD,linear,820,SlopePerWord,-0.0031507300766794757
RD,linear,820,EffectAtKPlus1,0.03042188561224576
RD,linear,820,EffectAtKPlus10,0.0020653149221304817
RD,linear,820,TotalChangeKPlus1ToKPlus10,-0.02835657069011528
RD,linear,820,ZeroCrossingDistance,10.65550360451921
RD,linear,821,InterceptAtK,0.03573086911315024
RD,linear,821,SlopePerWord,-0.003294871144325901
RD,linear,821,EffectAtKPlus1,0.032435997968824334
RD,linear,821,EffectAtKPlus10,0.002782157669891226
RD,linear,821,TotalChangeKPlus1ToKPlus10,-0.029653840298933108
RD,linear,821,ZeroCrossingDistance,10.844390432288188
RD,linear,822,InterceptAtK,0.031572340143158316
RD,linear,822,SlopePerWord,-0.003157831063537439
RD,linear,822,EffectAtKPlus1,0.028414509079620877
RD,linear,822,EffectAtKPlus10,-5.97049221607443e-06
RD,linear,822,TotalChangeKPlus1ToKPlus10,-0.02842047957183695
RD,linear,822,ZeroCrossingDistance,9.99810930600911
RD,linear,823,InterceptAtK,0.035194203559310244
RD,linear,823,SlopePerWord,-0.0034645911603581945
RD,linear,823,EffectAtKPlus1,0.03172961239895205
RD,linear,823,EffectAtKPlus10,0.0005482919557283014
RD,linear,823,TotalChangeKPlus1ToKPlus10,-0.031181320443223748
RD,linear,823,ZeroCrossingDistance,10.15825588946882
RD,linear,824,InterceptAtK,0.034625025042020016
RD,linear,824,SlopePerWord,-0.002493734639646223
RD,linear,824,EffectAtKPlus1,0.032131290402373794
RD,linear,824,EffectAtKPlus10,0.009687678645557786
RD,linear,824,TotalChangeKPlus1ToKPlus10,-0.022443611756816008
RD,linear,824,ZeroCrossingDistance,13.884807345392668
RD,linear,825,InterceptAtK,0.03526543369476112
RD,linear,825,SlopePerWord,-0.003327452393311725
RD,linear,825,EffectAtKPlus1,0.0319379813014494
RD,linear,825,EffectAtKPlus10,0.001990909761643872
RD,linear,825,TotalChangeKPlus1ToKPlus10,-0.029947071539805525
RD,linear,825,ZeroCrossingDistance,10.59832854878575
RD,linear,826,InterceptAtK,0.028562554533703547
RD,linear,826,SlopePerWord,-0.002813183405089765
RD,linear,826,EffectAtKPlus1,0.025749371128613783
RD,linear,826,EffectAtKPlus10,0.00043072048280589845
RD,linear,826,TotalChangeKPlus1ToKPlus10,-0.025318650645807884
RD,linear,826,ZeroCrossingDistance,10.15310785710829
RD,linear,827,InterceptAtK,0.03237708893160372
RD,linear,827,SlopePerWord,-0.003552972862530224
RD,linear,827,EffectAtKPlus1,0.0288241160690735
RD,linear,827,EffectAtKPlus10,-0.003152639693698514
RD,linear,827,TotalChangeKPlus1ToKPlus10,-0.031976755762772015
RD,linear,827,ZeroCrossingDistance,9.112675549271325
RD,linear,828,InterceptAtK,0.026539952887837646
RD,linear,828,SlopePerWord,-0.001925112097627701
RD,linear,828,EffectAtKPlus1,0.024614840790209945
RD,linear,828,EffectAtKPlus10,0.007288831911560635
RD,linear,828,TotalChangeKPlus1ToKPlus10,-0.01732600887864931
RD,linear,828,ZeroCrossingDistance,13.78618570863619
RD,linear,829,InterceptAtK,0.03549070799065897
RD,linear,829,SlopePerWord,-0.0032799132687647147
RD,linear,829,EffectAtKPlus1,0.032210794721894254
RD,linear,829,EffectAtKPlus10,0.0026915753030118186
RD,linear,829,TotalChangeKPlus1ToKPlus10,-0.029519219418882435
RD,linear,829,ZeroCrossingDistance,10.820623925834942
RD,linear,830,InterceptAtK,0.034215183768023086
RD,linear,830,SlopePerWord,-0.002759833632794983
RD,linear,830,EffectAtKPlus1,0.0314553501352281
RD,linear,830,EffectAtKPlus10,0.006616847440073258
RD,linear,830,TotalChangeKPlus1ToKPlus10,-0.024838502695154842
RD,linear,830,ZeroCrossingDistance,12.397553012415512
RD,linear,831,InterceptAtK,0.03809548506913154
RD,linear,831,SlopePerWord,-0.003607092363453948
RD,linear,831,EffectAtKPlus1,0.03448839270567759
RD,linear,831,EffectAtKPlus10,0.002024561434592058
RD,linear,831,TotalChangeKPlus1ToKPlus10,-0.032463831271085535
RD,linear,831,ZeroCrossingDistance,10.561272412956304
RD,linear,832,InterceptAtK,0.03936369421216516
RD,linear,832,SlopePerWord,-0.004649748773192272
RD,linear,832,EffectAtKPlus1,0.03471394543897289
RD,linear,832,EffectAtKPlus10,-0.007133793519757563
RD,linear,832,TotalChangeKPlus1ToKPlus10,-0.04184773895873045
RD,linear,832,ZeroCrossingDistance,8.465767965597015
RD,linear,833,InterceptAtK,0.02611451107461741
RD,linear,833,SlopePerWord,-0.0022271690580186135
RD,linear,833,EffectAtKPlus1,0.023887342016598798
RD,linear,833,EffectAtKPlus10,0.003842820494431274
RD,linear,833,TotalChangeKPlus1ToKPlus10,-0.020044521522167524
RD,linear,833,ZeroCrossingDistance,11.725428287805872
RD,linear,834,InterceptAtK,0.036137914984441986
RD,linear,834,SlopePerWord,-0.004176097553255008
RD,linear,834,EffectAtKPlus1,0.03196181743118698
RD,linear,834,EffectAtKPlus10,-0.005623060548108093
RD,linear,834,TotalChangeKPlus1ToKPlus10,-0.03758487797929507
RD,linear,834,ZeroCrossingDistance,8.653513124058783
RD,linear,835,InterceptAtK,0.028549034197562627
RD,linear,835,SlopePerWord,-0.0021170461063831788
RD,linear,835,EffectAtKPlus1,0.02643198809117945
RD,linear,835,EffectAtKPlus10,0.007378573133730838
RD,linear,835,TotalChangeKPlus1ToKPlus10,-0.01905341495744861
RD,linear,835,ZeroCrossingDistance,13.48531527560191
RD,linear,836,InterceptAtK,0.042798727762469325
RD,linear,836,SlopePerWord,-0.004609805077519684
RD,linear,836,EffectAtKPlus1,0.03818892268494964
RD,linear,836,EffectAtKPlus10,-0.0032993230127275133
RD,linear,836,TotalChangeKPlus1ToKPlus10,-0.04148824569767715
RD,linear,836,ZeroCrossingDistance,9.284281448511328
RD,linear,837,InterceptAtK,0.028809443635371162
RD,linear,837,SlopePerWord,-0.002137629696421824
RD,linear,837,EffectAtKPlus1,0.026671813938949337
RD,linear,837,EffectAtKPlus10,0.0074331466711529195
RD,linear,837,TotalChangeKPlus1ToKPlus10,-0.019238667267796418
RD,linear,837,ZeroCrossingDistance,13.477284528557615
RD,linear,838,InterceptAtK,0.040783557209497515
RD,linear,838,SlopePerWord,-0.004064665750001933
RD,linear,838,EffectAtKPlus1,0.036718891459495584
RD,linear,838,EffectAtKPlus10,0.00013689970947818042
RD,linear,838,TotalChangeKPlus1ToKPlus10,-0.036581991750017404
RD,linear,838,ZeroCrossingDistance,10.03368043472655
RD,linear,839,InterceptAtK,0.03237744901658045
RD,linear,839,SlopePerWord,-0.0027029225724457943
RD,linear,839,EffectAtKPlus1,0.029674526444134652
RD,linear,839,EffectAtKPlus10,0.005348223292122506
RD,linear,839,TotalChangeKPlus1ToKPlus10,-0.024326303152012146
RD,linear,839,ZeroCrossingDistance,11.97868164876179
RD,linear,840,InterceptAtK,0.04895979432263921
RD,linear,840,SlopePerWord,-0.006115857592101253
RD,linear,840,EffectAtKPlus1,0.042843936730537956
RD,linear,840,EffectAtKPlus10,-0.012198781598373322
RD,linear,840,TotalChangeKPlus1ToKPlus10,-0.05504271832891128
RD,linear,840,ZeroCrossingDistance,8.005384949752871
RD,linear,841,InterceptAtK,0.02934855231507187
RD,linear,841,SlopePerWord,-0.0027515225541662885
RD,linear,841,EffectAtKPlus1,0.026597029760905583
RD,linear,841,EffectAtKPlus10,0.0018333267734089859
RD,linear,841,TotalChangeKPlus1ToKPlus10,-0.024763702987496597
RD,linear,841,ZeroCrossingDistance,10.666295382762902
RD,linear,842,InterceptAtK,0.03155372569538255
RD,linear,842,SlopePerWord,-0.003605354026481718
RD,linear,842,EffectAtKPlus1,0.02794837166890083
RD,linear,842,EffectAtKPlus10,-0.004499814569434636
RD,linear,842,TotalChangeKPlus1ToKPlus10,-0.032448186238335466
RD,linear,842,ZeroCrossingDistance,8.751907708263042
RD,linear,843,InterceptAtK,0.030900121748126595
RD,linear,843,SlopePerWord,-0.003194880276794138
RD,linear,843,EffectAtKPlus1,0.027705241471332458
RD,linear,843,EffectAtKPlus10,-0.001048681019814788
RD,linear,843,TotalChangeKPlus1ToKPlus10,-0.028753922491147246
RD,linear,843,ZeroCrossingDistance,9.671762028946176
RD,linear,844,InterceptAtK,0.0339368080690325
RD,linear,844,SlopePerWord,-0.003792902369570964
RD,linear,844,EffectAtKPlus1,0.030143905699461536
RD,linear,844,EffectAtKPlus10,-0.003992215626677141
RD,linear,844,TotalChangeKPlus1ToKPlus10,-0.03413612132613868
RD,linear,844,ZeroCrossingDistance,8.947450991961936
RD,linear,845,InterceptAtK,0.03388173734839345
RD,linear,845,SlopePerWord,-0.0026854500447277066
RD,linear,845,EffectAtKPlus1,0.03119628730366574
RD,linear,845,EffectAtKPlus10,0.007027236901116382
RD,linear,845,TotalChangeKPlus1ToKPlus10,-0.02416905040254936
RD,linear,845,ZeroCrossingDistance,12.616781836963538
RD,linear,846,InterceptAtK,0.03001314491513472
RD,linear,846,SlopePerWord,-0.0026876341858407212
RD,linear,846,EffectAtKPlus1,0.027325510729293997
RD,linear,846,EffectAtKPlus10,0.0031368030567275086
RD,linear,846,TotalChangeKPlus1ToKPlus10,-0.02418870767256649
RD,linear,846,ZeroCrossingDistance,11.167124258670746
RD,linear,847,InterceptAtK,0.04038300199516206
RD,linear,847,SlopePerWord,-0.004448889083262541
RD,linear,847,EffectAtKPlus1,0.03593411291189952
RD,linear,847,EffectAtKPlus10,-0.004105888837463351
RD,linear,847,TotalChangeKPlus1ToKPlus10,-0.04004000174936287
RD,linear,847,ZeroCrossingDistance,9.077097953979031
RD,linear,848,InterceptAtK,0.037419688092835086
RD,linear,848,SlopePerWord,-0.004200483420276311
RD,linear,848,EffectAtKPlus1,0.033219204672558775
RD,linear,848,EffectAtKPlus10,-0.004585146109928023
RD,linear,848,TotalChangeKPlus1ToKPlus10,-0.0378043507824868
RD,linear,848,ZeroCrossingDistance,8.908424185703272
RD,linear,849,InterceptAtK,0.024026323779009554
RD,linear,849,SlopePerWord,-0.001811231978287033
RD,linear,849,EffectAtKPlus1,0.022215091800722522
RD,linear,849,EffectAtKPlus10,0.005914003996139224
RD,linear,849,TotalChangeKPlus1ToKPlus10,-0.016301087804583298
RD,linear,849,ZeroCrossingDistance,13.265183072646705
RD,linear,850,InterceptAtK,0.03540427141931906
RD,linear,850,SlopePerWord,-0.0037174605834454743
RD,linear,850,EffectAtKPlus1,0.03168681083587359
RD,linear,850,EffectAtKPlus10,-0.0017703344151356812
RD,linear,850,TotalChangeKPlus1ToKPlus10,-0.03345714525100927
RD,linear,850,ZeroCrossingDistance,9.523778564588067
RD,linear,851,InterceptAtK,0.038365410038373
RD,linear,851,SlopePerWord,-0.004261633258040418
RD,linear,851,EffectAtKPlus1,0.034103776780332586
RD,linear,851,EffectAtKPlus10,-0.004250922542031174
RD,linear,851,TotalChangeKPlus1ToKPlus10,-0.03835469932236376
RD,linear,851,ZeroCrossingDistance,9.00251328900464
RD,linear,852,InterceptAtK,0.03568831966973639
RD,linear,852,SlopePerWord,-0.00408400727108651
RD,linear,852,EffectAtKPlus1,0.03160431239864988
RD,linear,852,EffectAtKPlus10,-0.005151753041128707
RD,linear,852,TotalChangeKPlus1ToKPlus10,-0.036756065439778586
RD,linear,852,ZeroCrossingDistance,8.738554390536592
RD,linear,853,InterceptAtK,0.028124773383035387
RD,linear,853,SlopePerWord,-0.002507149645107372
RD,linear,853,EffectAtKPlus1,0.025617623737928016
RD,linear,853,EffectAtKPlus10,0.003053276931961668
RD,linear,853,TotalChangeKPlus1ToKPlus10,-0.022564346805966348
RD,linear,853,ZeroCrossingDistance,11.217827957704898
RD,linear,854,InterceptAtK,0.025754826166937406
RD,linear,854,SlopePerWord,-0.002108514662403799
RD,linear,854,EffectAtKPlus1,0.023646311504533606
RD,linear,854,EffectAtKPlus10,0.004669679542899416
RD,linear,854,TotalChangeKPlus1ToKPlus10,-0.01897663196163419
RD,linear,854,ZeroCrossingDistance,12.214677292106556
RD,linear,855,InterceptAtK,0.035243538113366724
RD,linear,855,SlopePerWord,-0.003580309729661457
RD,linear,855,EffectAtKPlus1,0.031663228383705264
RD,linear,855,EffectAtKPlus10,-0.0005595591832478486
RD,linear,855,TotalChangeKPlus1ToKPlus10,-0.03222278756695311
RD,linear,855,ZeroCrossingDistance,9.843712073675604
RD,linear,856,InterceptAtK,0.034866153090319894
RD,linear,856,SlopePerWord,-0.004242160683415168
RD,linear,856,EffectAtKPlus1,0.030623992406904728
RD,linear,856,EffectAtKPlus10,-0.0075554537438317845
RD,linear,856,TotalChangeKPlus1ToKPlus10,-0.03817944615073651
RD,linear,856,ZeroCrossingDistance,8.218960971146137
RD,linear,857,InterceptAtK,0.027445741792949868
RD,linear,857,SlopePerWord,-0.002651071968092155
RD,linear,857,EffectAtKPlus1,0.02479466982485771
RD,linear,857,EffectAtKPlus10,0.0009350221120283178
RD,linear,857,TotalChangeKPlus1ToKPlus10,-0.023859647712829394
RD,linear,857,ZeroCrossingDistance,10.35269586162959
RD,linear,858,InterceptAtK,0.04050296861914521
RD,linear,858,SlopePerWord,-0.004681282484095275
RD,linear,858,EffectAtKPlus1,0.035821686135049935
RD,linear,858,EffectAtKPlus10,-0.006309856221807547
RD,linear,858,TotalChangeKPlus1ToKPlus10,-0.04213154235685748
RD,linear,858,ZeroCrossingDistance,8.652109492805577
RD,linear,859,InterceptAtK,0.031040118518063126
RD,linear,859,SlopePerWord,-0.002637075541677933
RD,linear,859,EffectAtKPlus1,0.02840304297638519
RD,linear,859,EffectAtKPlus10,0.004669363101283797
RD,linear,859,TotalChangeKPlus1ToKPlus10,-0.023733679875101395
RD,linear,859,ZeroCrossingDistance,11.770659591462726
RD,linear,860,InterceptAtK,0.033341517614137936
RD,linear,860,SlopePerWord,-0.003646959976058243
RD,linear,860,EffectAtKPlus1,0.029694557638079693
RD,linear,860,EffectAtKPlus10,-0.0031280821464444927
RD,linear,860,TotalChangeKPlus1ToKPlus10,-0.03282263978452418
RD,linear,860,ZeroCrossingDistance,9.142276809457769
RD,linear,861,InterceptAtK,0.04337728610035066
RD,linear,861,SlopePerWord,-0.005614511718798947
RD,linear,861,EffectAtKPlus1,0.03776277438155171
RD,linear,861,EffectAtKPlus10,-0.012767831087638813
RD,linear,861,TotalChangeKPlus1ToKPlus10,-0.050530605469190526
RD,linear,861,ZeroCrossingDistance,7.725923156436104
RD,linear,862,InterceptAtK,0.040245161649992416
RD,linear,862,SlopePerWord,-0.0038763534827621704
RD,linear,862,EffectAtKPlus1,0.036368808167230246
RD,linear,862,EffectAtKPlus10,0.001481626822370713
RD,linear,862,TotalChangeKPlus1ToKPlus10,-0.03488718134485953
RD,linear,862,ZeroCrossingDistance,10.382221804321867
RD,linear,863,InterceptAtK,0.031854817086469214
RD,linear,863,SlopePerWord,-0.004441949483930362
RD,linear,863,EffectAtKPlus1,0.027412867602538853
RD,linear,863,EffectAtKPlus10,-0.012564677752834402
RD,linear,863,TotalChangeKPlus1ToKPlus10,-0.039977545355373255
RD,linear,863,ZeroCrossingDistance,7.171359602739826
RD,linear,864,InterceptAtK,0.04242055442867207
RD,linear,864,SlopePerWord,-0.0038598745743528137
RD,linear,864,EffectAtKPlus1,0.038560679854319255
RD,linear,864,EffectAtKPlus10,0.0038218086851439306
RD,linear,864,TotalChangeKPlus1ToKPlus10,-0.034738871169175324
RD,linear,864,ZeroCrossingDistance,10.990138050220125
RD,linear,865,InterceptAtK,0.034013194687380365
RD,linear,865,SlopePerWord,-0.002744383548706051
RD,linear,865,EffectAtKPlus1,0.031268811138674316
RD,linear,865,EffectAtKPlus10,0.006569359200319855
RD,linear,865,TotalChangeKPlus1ToKPlus10,-0.02469945193835446
RD,linear,865,ZeroCrossingDistance,12.393746749945809
RD,linear,866,InterceptAtK,0.03430182084623356
RD,linear,866,SlopePerWord,-0.0024620901693201136
RD,linear,866,EffectAtKPlus1,0.031839730676913446
RD,linear,866,EffectAtKPlus10,0.009680919153032423
RD,linear,866,TotalChangeKPlus1ToKPlus10,-0.022158811523881022
RD,linear,866,ZeroCrossingDistance,13.931992123467083
RD,linear,867,InterceptAtK,0.04178484779808328
RD,linear,867,SlopePerWord,-0.004691518437013879
RD,linear,867,EffectAtKPlus1,0.037093329361069405
RD,linear,867,EffectAtKPlus10,-0.005130336572055506
RD,linear,867,TotalChangeKPlus1ToKPlus10,-0.04222366593312491
RD,linear,867,ZeroCrossingDistance,8.906465648396571
RD,linear,868,InterceptAtK,0.03618802162309878
RD,linear,868,SlopePerWord,-0.004372897988889976
RD,linear,868,EffectAtKPlus1,0.031815123634208804
RD,linear,868,EffectAtKPlus10,-0.007540958265800979
RD,linear,868,TotalChangeKPlus1ToKPlus10,-0.03935608190000978
RD,linear,868,ZeroCrossingDistance,8.275523855127664
RD,linear,869,InterceptAtK,0.03147449460669904
RD,linear,869,SlopePerWord,-0.0029602458270642285
RD,linear,869,EffectAtKPlus1,0.028514248779634807
RD,linear,869,EffectAtKPlus10,0.0018720363360567524
RD,linear,869,TotalChangeKPlus1ToKPlus10,-0.026642212443578055
RD,linear,869,ZeroCrossingDistance,10.632392188155979
RD,linear,870,InterceptAtK,0.035024940598548715
RD,linear,870,SlopePerWord,-0.003550575563032253
RD,linear,870,EffectAtKPlus1,0.03147436503551646
RD,linear,870,EffectAtKPlus10,-0.00048081503177381524
RD,linear,870,TotalChangeKPlus1ToKPlus10,-0.03195518006729028
RD,linear,870,ZeroCrossingDistance,9.86458110150367
RD,linear,871,InterceptAtK,0.04223824655247848
RD,linear,871,SlopePerWord,-0.004877147047362866
RD,linear,871,EffectAtKPlus1,0.03736109950511561
RD,linear,871,EffectAtKPlus10,-0.006533223921150182
RD,linear,871,TotalChangeKPlus1ToKPlus10,-0.04389432342626579
RD,linear,871,ZeroCrossingDistance,8.660441471683168
RD,linear,872,InterceptAtK,0.044188597018815313
RD,linear,872,SlopePerWord,-0.005532207527853786
RD,linear,872,EffectAtKPlus1,0.03865638949096153
RD,linear,872,EffectAtKPlus10,-0.011133478259722544
RD,linear,872,TotalChangeKPlus1ToKPlus10,-0.04978986775068407
RD,linear,872,ZeroCrossingDistance,7.987516158121825
RD,linear,873,InterceptAtK,0.030854225806850644
RD,linear,873,SlopePerWord,-0.003044688574650018
RD,linear,873,EffectAtKPlus1,0.027809537232200626
RD,linear,873,EffectAtKPlus10,0.0004073400603504633
RD,linear,873,TotalChangeKPlus1ToKPlus10,-0.027402197171850162
RD,linear,873,ZeroCrossingDistance,10.133787101821174
RD,linear,874,InterceptAtK,0.02782817355555596
RD,linear,874,SlopePerWord,-0.0039954906968278515
RD,linear,874,EffectAtKPlus1,0.02383268285872811
RD,linear,874,EffectAtKPlus10,-0.012126733412722551
RD,linear,874,TotalChangeKPlus1ToKPlus10,-0.03595941627145066
RD,linear,874,ZeroCrossingDistance,6.964895094775128
RD,linear,875,InterceptAtK,0.027454679661032717
RD,linear,875,SlopePerWord,-0.0026578466985946124
RD,linear,875,EffectAtKPlus1,0.024796832962438106
RD,linear,875,EffectAtKPlus10,0.000876212675086592
RD,linear,875,TotalChangeKPlus1ToKPlus10,-0.023920620287351514
RD,linear,875,ZeroCrossingDistance,10.329670133175817
RD,linear,876,InterceptAtK,0.040769861332228964
RD,linear,876,SlopePerWord,-0.004049821963078374
RD,linear,876,EffectAtKPlus1,0.03672003936915059
RD,linear,876,EffectAtKPlus10,0.00027164170144521743
RD,linear,876,TotalChangeKPlus1ToKPlus10,-0.03644839766770537
RD,linear,876,ZeroCrossingDistance,10.067074973646184
RD,linear,877,InterceptAtK,0.03538398526217266
RD,linear,877,SlopePerWord,-0.0035367118538917786
RD,linear,877,EffectAtKPlus1,0.03184727340828088
RD,linear,877,EffectAtKPlus10,1.6866723254869986e-05
RD,linear,877,TotalChangeKPlus1ToKPlus10,-0.03183040668502601
RD,linear,877,ZeroCrossingDistance,10.004769040835575
RD,linear,878,InterceptAtK,0.028660996763475013
RD,linear,878,SlopePerWord,-0.002405476467028327
RD,linear,878,EffectAtKPlus1,0.026255520296446688
RD,linear,878,EffectAtKPlus10,0.004606232093191741
RD,linear,878,TotalChangeKPlus1ToKPlus10,-0.021649288203254947
RD,linear,878,ZeroCrossingDistance,11.914893850066294
RD,linear,879,InterceptAtK,0.03231304376590114
RD,linear,879,SlopePerWord,-0.0021658473278076454
RD,linear,879,EffectAtKPlus1,0.030147196438093497
RD,linear,879,EffectAtKPlus10,0.010654570487824686
RD,linear,879,TotalChangeKPlus1ToKPlus10,-0.01949262595026881
RD,linear,879,ZeroCrossingDistance,14.919354356620167
RD,linear,880,InterceptAtK,0.033400365549648356
RD,linear,880,SlopePerWord,-0.0029989120987925742
RD,linear,880,EffectAtKPlus1,0.03040145345085578
RD,linear,880,EffectAtKPlus10,0.0034112445617226136
RD,linear,880,TotalChangeKPlus1ToKPlus10,-0.026990208889133168
RD,linear,880,ZeroCrossingDistance,11.137494014278062
RD,linear,881,InterceptAtK,0.03910825747725513
RD,linear,881,SlopePerWord,-0.003835702593013331
RD,linear,881,EffectAtKPlus1,0.0352725548842418
RD,linear,881,EffectAtKPlus10,0.000751231547121825
RD,linear,881,TotalChangeKPlus1ToKPlus10,-0.03452132333711998
RD,linear,881,ZeroCrossingDistance,10.195852397026343
RD,linear,882,InterceptAtK,0.03990393819711055
RD,linear,882,SlopePerWord,-0.004638366199234606
RD,linear,882,EffectAtKPlus1,0.035265571997875944
RD,linear,882,EffectAtKPlus10,-0.006479723795235509
RD,linear,882,TotalChangeKPlus1ToKPlus10,-0.04174529579311145
RD,linear,882,ZeroCrossingDistance,8.603015907561428
RD,linear,883,InterceptAtK,0.030317259279994554
RD,linear,883,SlopePerWord,-0.004127635944247721
RD,linear,883,EffectAtKPlus1,0.026189623335746835
RD,linear,883,EffectAtKPlus10,-0.010959100162482652
RD,linear,883,TotalChangeKPlus1ToKPlus10,-0.03714872349822949
RD,linear,883,ZeroCrossingDistance,7.34494507013021
RD,linear,884,InterceptAtK,0.0348151372353053
RD,linear,884,SlopePerWord,-0.003329393879100684
RD,linear,884,EffectAtKPlus1,0.03148574335620462
RD,linear,884,EffectAtKPlus10,0.0015211984442984605
RD,linear,884,TotalChangeKPlus1ToKPlus10,-0.029964544911906157
RD,linear,884,ZeroCrossingDistance,10.456899513706487
RD,linear,885,InterceptAtK,0.033139966422378854
RD,linear,885,SlopePerWord,-0.004210158064265943
RD,linear,885,EffectAtKPlus1,0.028929808358112912
RD,linear,885,EffectAtKPlus10,-0.008961614220280571
RD,linear,885,TotalChangeKPlus1ToKPlus10,-0.03789142257839348
RD,linear,885,ZeroCrossingDistance,7.871430458551426
RD,linear,886,InterceptAtK,0.02936469274959727
RD,linear,886,SlopePerWord,-0.0031504833736448086
RD,linear,886,EffectAtKPlus1,0.026214209375952462
RD,linear,886,EffectAtKPlus10,-0.002140140986850815
RD,linear,886,TotalChangeKPlus1ToKPlus10,-0.028354350362803277
RD,linear,886,ZeroCrossingDistance,9.320694403673404
RD,linear,887,InterceptAtK,0.036896075961982445
RD,linear,887,SlopePerWord,-0.0036878286139018705
RD,linear,887,EffectAtKPlus1,0.033208247348080575
RD,linear,887,EffectAtKPlus10,1.7789822963742985e-05
RD,linear,887,TotalChangeKPlus1ToKPlus10,-0.03319045752511683
RD,linear,887,ZeroCrossingDistance,10.004823928882345
RD,linear,888,InterceptAtK,0.04171869843021082
RD,linear,888,SlopePerWord,-0.004138356497291099
RD,linear,888,EffectAtKPlus1,0.03758034193291972
RD,linear,888,EffectAtKPlus10,0.00033513345729982436
RD,linear,888,TotalChangeKPlus1ToKPlus10,-0.03724520847561989
RD,linear,888,ZeroCrossingDistance,10.080982258903793
RD,linear,889,InterceptAtK,0.04029679412931154
RD,linear,889,SlopePerWord,-0.004853384604899724
RD,linear,889,EffectAtKPlus1,0.035443409524411815
RD,linear,889,EffectAtKPlus10,-0.008237051919685698
RD,linear,889,TotalChangeKPlus1ToKPlus10,-0.04368046144409751
RD,linear,889,ZeroCrossingDistance,8.302823165637852
RD,linear,890,InterceptAtK,0.04511358289912912
RD,linear,890,SlopePerWord,-0.004777317332362469
RD,linear,890,EffectAtKPlus1,0.04033626556676665
RD,linear,890,EffectAtKPlus10,-0.002659590424495567
RD,linear,890,TotalChangeKPlus1ToKPlus10,-0.04299585599126222
RD,linear,890,ZeroCrossingDistance,9.44328788743444
RD,linear,891,InterceptAtK,0.0494572485543322
RD,linear,891,SlopePerWord,-0.006661957271189114
RD,linear,891,EffectAtKPlus1,0.042795291283143085
RD,linear,891,EffectAtKPlus10,-0.017162324157558945
RD,linear,891,TotalChangeKPlus1ToKPlus10,-0.05995761544070203
RD,linear,891,ZeroCrossingDistance,7.423831546956833
RD,linear,892,InterceptAtK,0.044024460998923536
RD,linear,892,SlopePerWord,-0.0056896774952950755
RD,linear,892,EffectAtKPlus1,0.03833478350362846
RD,linear,892,EffectAtKPlus10,-0.012872313954027222
RD,linear,892,TotalChangeKPlus1ToKPlus10,-0.051207097457655684
RD,linear,892,ZeroCrossingDistance,7.737602181376426
RD,linear,893,InterceptAtK,0.026543884278028704
RD,linear,893,SlopePerWord,-0.0025411753733814517
RD,linear,893,EffectAtKPlus1,0.024002708904647254
RD,linear,893,EffectAtKPlus10,0.0011321305442141862
RD,linear,893,TotalChangeKPlus1ToKPlus10,-0.022870578360433068
RD,linear,893,ZeroCrossingDistance,10.445514526889067
RD,linear,894,InterceptAtK,0.03280319882431322
RD,linear,894,SlopePerWord,-0.0034628930596767083
RD,linear,894,EffectAtKPlus1,0.02934030576463651
RD,linear,894,EffectAtKPlus10,-0.0018257317724538619
RD,linear,894,TotalChangeKPlus1ToKPlus10,-0.031166037537090373
RD,linear,894,ZeroCrossingDistance,9.472772695838227
RD,linear,895,InterceptAtK,0.04086801296173502
RD,linear,895,SlopePerWord,-0.004366085453150186
RD,linear,895,EffectAtKPlus1,0.03650192750858483
RD,linear,895,EffectAtKPlus10,-0.002792841569766842
RD,linear,895,TotalChangeKPlus1ToKPlus10,-0.03929476907835167
RD,linear,895,ZeroCrossingDistance,9.360332819928715
RD,linear,896,InterceptAtK,0.038097005897030745
RD,linear,896,SlopePerWord,-0.0032446620166299437
RD,linear,896,EffectAtKPlus1,0.0348523438804008
RD,linear,896,EffectAtKPlus10,0.00565038573073131
RD,linear,896,TotalChangeKPlus1ToKPlus10,-0.029201958149669492
RD,linear,896,ZeroCrossingDistance,11.741440464914758
RD,linear,897,InterceptAtK,0.0343471509835952
RD,linear,897,SlopePerWord,-0.0043048337453979535
RD,linear,897,EffectAtKPlus1,0.030042317238197246
RD,linear,897,EffectAtKPlus10,-0.008701186470384335
RD,linear,897,TotalChangeKPlus1ToKPlus10,-0.03874350370858158
RD,linear,897,ZeroCrossingDistance,7.978740414844994
RD,linear,898,InterceptAtK,0.03430491054179876
RD,linear,898,SlopePerWord,-0.0025580809505850836
RD,linear,898,EffectAtKPlus1,0.03174682959121368
RD,linear,898,EffectAtKPlus10,0.008724101035947923
RD,linear,898,TotalChangeKPlus1ToKPlus10,-0.023022728555265756
RD,linear,898,ZeroCrossingDistance,13.410408507186823
RD,linear,899,InterceptAtK,0.03921842314857861
RD,linear,899,SlopePerWord,-0.0038173529709111
RD,linear,899,EffectAtKPlus1,0.03540107017766751
RD,linear,899,EffectAtKPlus10,0.0010448934394676063
RD,linear,899,TotalChangeKPlus1ToKPlus10,-0.034356176738199906
RD,linear,899,ZeroCrossingDistance,10.273721986787672
RD,linear,900,InterceptAtK,0.04141287811133773
RD,linear,900,SlopePerWord,-0.004673279492674669
RD,linear,900,EffectAtKPlus1,0.036739598618663064
RD,linear,900,EffectAtKPlus10,-0.0053199168154089566
RD,linear,900,TotalChangeKPlus1ToKPlus10,-0.04205951543407202
RD,linear,900,ZeroCrossingDistance,8.86163093310642
RD,linear,901,InterceptAtK,0.030864039217904173
RD,linear,901,SlopePerWord,-0.0034396835011180063
RD,linear,901,EffectAtKPlus1,0.027424355716786166
RD,linear,901,EffectAtKPlus10,-0.003532795793275891
RD,linear,901,TotalChangeKPlus1ToKPlus10,-0.030957151510062057
RD,linear,901,ZeroCrossingDistance,8.972929982619732
RD,linear,902,InterceptAtK,0.03533199857387569
RD,linear,902,SlopePerWord,-0.004662813004436756
RD,linear,902,EffectAtKPlus1,0.03066918556943894
RD,linear,902,EffectAtKPlus10,-0.011296131470491862
RD,linear,902,TotalChangeKPlus1ToKPlus10,-0.0419653170399308
RD,linear,902,ZeroCrossingDistance,7.577399852890652
RD,linear,903,InterceptAtK,0.027152627322280222
RD,linear,903,SlopePerWord,-0.002575010953331021
RD,linear,903,EffectAtKPlus1,0.0245776163689492
RD,linear,903,EffectAtKPlus10,0.0014025177889700133
RD,linear,903,TotalChangeKPlus1ToKPlus10,-0.023175098579979188
RD,linear,903,ZeroCrossingDistance,10.544664785660707
RD,linear,904,InterceptAtK,0.02776339290364881
RD,linear,904,SlopePerWord,-0.003067783740885088
RD,linear,904,EffectAtKPlus1,0.024695609162763723
RD,linear,904,EffectAtKPlus10,-0.0029144445052020664
RD,linear,904,TotalChangeKPlus1ToKPlus10,-0.02761005366796579
RD,linear,904,ZeroCrossingDistance,9.049983717443778
RD,linear,905,InterceptAtK,0.038827482658910256
RD,linear,905,SlopePerWord,-0.005291020076234076
RD,linear,905,EffectAtKPlus1,0.03353646258267618
RD,linear,905,EffectAtKPlus10,-0.014082718103430501
RD,linear,905,TotalChangeKPlus1ToKPlus10,-0.04761918068610668
RD,linear,905,ZeroCrossingDistance,7.338373716122056
RD,linear,906,InterceptAtK,0.04258009221181753
RD,linear,906,SlopePerWord,-0.0046699656358396915
RD,linear,906,EffectAtKPlus1,0.03791012657597784
RD,linear,906,EffectAtKPlus10,-0.004119564146579387
RD,linear,906,TotalChangeKPlus1ToKPlus10,-0.042029690722557224
RD,linear,906,ZeroCrossingDistance,9.11785985854719
RD,linear,907,InterceptAtK,0.03730744079161123
RD,linear,907,SlopePerWord,-0.0030046900838505844
RD,linear,907,EffectAtKPlus1,0.03430275070776065
RD,linear,907,EffectAtKPlus10,0.00726053995310539
RD,linear,907,TotalChangeKPlus1ToKPlus10,-0.02704221075465526
RD,linear,907,ZeroCrossingDistance,12.416402274606913
RD,linear,908,InterceptAtK,0.040552396913018776
RD,linear,908,SlopePerWord,-0.004079564161828683
RD,linear,908,EffectAtKPlus1,0.03647283275119009
RD,linear,908,EffectAtKPlus10,-0.00024324470526805586
RD,linear,908,TotalChangeKPlus1ToKPlus10,-0.03671607745645815
RD,linear,908,ZeroCrossingDistance,9.940374830344862
RD,linear,909,InterceptAtK,0.039850458241706944
RD,linear,909,SlopePerWord,-0.004417568259527259
RD,linear,909,EffectAtKPlus1,0.03543288998217969
RD,linear,909,EffectAtKPlus10,-0.0043252243535656446
RD,linear,909,TotalChangeKPlus1ToKPlus10,-0.03975811433574533
RD,linear,909,ZeroCrossingDistance,9.020903787001469
RD,linear,910,InterceptAtK,0.03320935043554691
RD,linear,910,SlopePerWord,-0.003132080997149754
RD,linear,910,EffectAtKPlus1,0.030077269438397156
RD,linear,910,EffectAtKPlus10,0.0018885404640493694
RD,linear,910,TotalChangeKPlus1ToKPlus10,-0.028188728974347786
RD,linear,910,ZeroCrossingDistance,10.602966674797994
RD,linear,911,InterceptAtK,0.04556889918798191
RD,linear,911,SlopePerWord,-0.006157268796533289
RD,linear,911,EffectAtKPlus1,0.03941163039144862
RD,linear,911,EffectAtKPlus10,-0.016003788777350973
RD,linear,911,TotalChangeKPlus1ToKPlus10,-0.05541541916879959
RD,linear,911,ZeroCrossingDistance,7.400829928626545
RD,linear,912,InterceptAtK,0.03794609461731729
RD,linear,912,SlopePerWord,-0.0035620179457147194
RD,linear,912,EffectAtKPlus1,0.034384076671602565
RD,linear,912,EffectAtKPlus10,0.0023259151601700903
RD,linear,912,TotalChangeKPlus1ToKPlus10,-0.032058161511432474
RD,linear,912,ZeroCrossingDistance,10.652976822581223
RD,linear,913,InterceptAtK,0.036079684336601296
RD,linear,913,SlopePerWord,-0.0037001919048039334
RD,linear,913,EffectAtKPlus1,0.032379492431797365
RD,linear,913,EffectAtKPlus10,-0.0009222347114380344
RD,linear,913,TotalChangeKPlus1ToKPlus10,-0.0333017271432354
RD,linear,913,ZeroCrossingDistance,9.750760302393855
RD,linear,914,InterceptAtK,0.030762649649461623
RD,linear,914,SlopePerWord,-0.001500579426884093
RD,linear,914,EffectAtKPlus1,0.02926207022257753
RD,linear,914,EffectAtKPlus10,0.015756855380620695
RD,linear,914,TotalChangeKPlus1ToKPlus10,-0.013505214841956836
RD,linear,914,ZeroCrossingDistance,20.500514066982326
RD,linear,915,InterceptAtK,0.02747816320330137
RD,linear,915,SlopePerWord,-0.0029371155777356142
RD,linear,915,EffectAtKPlus1,0.024541047625565755
RD,linear,915,EffectAtKPlus10,-0.001892992574054772
RD,linear,915,TotalChangeKPlus1ToKPlus10,-0.026434040199620527
RD,linear,915,ZeroCrossingDistance,9.3554926512241
RD,linear,916,InterceptAtK,0.024619683606392728
RD,linear,916,SlopePerWord,-0.0024427926192931203
RD,linear,916,EffectAtKPlus1,0.022176890987099608
RD,linear,916,EffectAtKPlus10,0.00019175741346152617
RD,linear,916,TotalChangeKPlus1ToKPlus10,-0.021985133573638082
RD,linear,916,ZeroCrossingDistance,10.078499260210231
RD,linear,917,InterceptAtK,0.043376430670159
RD,linear,917,SlopePerWord,-0.005685589027647998
RD,linear,917,EffectAtKPlus1,0.037690841642511
RD,linear,917,EffectAtKPlus10,-0.013479459606320986
RD,linear,917,TotalChangeKPlus1ToKPlus10,-0.051170301248831984
RD,linear,917,ZeroCrossingDistance,7.629188543038762
RD,linear,918,InterceptAtK,0.03364770191373916
RD,linear,918,SlopePerWord,-0.0023413035426221676
RD,linear,918,EffectAtKPlus1,0.031306398371117
RD,linear,918,EffectAtKPlus10,0.010234666487517488
RD,linear,918,TotalChangeKPlus1ToKPlus10,-0.02107173188359951
RD,linear,918,ZeroCrossingDistance,14.371353949285476
RD,linear,919,InterceptAtK,0.030838797744019344
RD,linear,919,SlopePerWord,-0.0033139677185956688
RD,linear,919,EffectAtKPlus1,0.027524830025423674
RD,linear,919,EffectAtKPlus10,-0.002300879441937343
RD,linear,919,TotalChangeKPlus1ToKPlus10,-0.029825709467361017
RD,linear,919,ZeroCrossingDistance,9.305702518154773
RD,linear,920,InterceptAtK,0.04764767831204456
RD,linear,920,SlopePerWord,-0.005924998133193272
RD,linear,920,EffectAtKPlus1,0.04172268017885129
RD,linear,920,EffectAtKPlus10,-0.011602303019888162
RD,linear,920,TotalChangeKPlus1ToKPlus10,-0.053324983198739455
RD,linear,920,ZeroCrossingDistance,8.04180478051305
RD,linear,921,InterceptAtK,0.03168574393566207
RD,linear,921,SlopePerWord,-0.0027062877011841085
RD,linear,921,EffectAtKPlus1,0.028979456234477962
RD,linear,921,EffectAtKPlus10,0.004622866923820985
RD,linear,921,TotalChangeKPlus1ToKPlus10,-0.024356589310656977
RD,linear,921,ZeroCrossingDistance,11.708194927611835
RD,linear,922,InterceptAtK,0.03646567857553015
RD,linear,922,SlopePerWord,-0.003157706913942485
RD,linear,922,EffectAtKPlus1,0.033307971661587665
RD,linear,922,EffectAtKPlus10,0.0048886094361053
RD,linear,922,TotalChangeKPlus1ToKPlus10,-0.028419362225482366
RD,linear,922,ZeroCrossingDistance,11.548151734576829
RD,linear,923,InterceptAtK,0.04694118708139046
RD,linear,923,SlopePerWord,-0.006063581716074461
RD,linear,923,EffectAtKPlus1,0.040877605365316
RD,linear,923,EffectAtKPlus10,-0.013694630079354154
RD,linear,923,TotalChangeKPlus1ToKPlus10,-0.05457223544467015
RD,linear,923,ZeroCrossingDistance,7.741494924847817
RD,linear,924,InterceptAtK,0.04247446810253976
RD,linear,924,SlopePerWord,-0.005074749778625849
RD,linear,924,EffectAtKPlus1,0.037399718323913915
RD,linear,924,EffectAtKPlus10,-0.008273029683718722
RD,linear,924,TotalChangeKPlus1ToKPlus10,-0.04567274800763264
RD,linear,924,ZeroCrossingDistance,8.369765989534383
RD,linear,925,InterceptAtK,0.03807600460961297
RD,linear,925,SlopePerWord,-0.004267298910957464
RD,linear,925,EffectAtKPlus1,0.0338087056986555
RD,linear,925,EffectAtKPlus10,-0.004596984499961675
RD,linear,925,TotalChangeKPlus1ToKPlus10,-0.03840569019861718
RD,linear,925,ZeroCrossingDistance,8.922741388432469
RD,linear,926,InterceptAtK,0.02947116822619841
RD,linear,926,SlopePerWord,-0.003016451730974164
RD,linear,926,EffectAtKPlus1,0.026454716495224247
RD,linear,926,EffectAtKPlus10,-0.0006933490835432272
RD,linear,926,TotalChangeKPlus1ToKPlus10,-0.027148065578767474
RD,linear,926,ZeroCrossingDistance,9.770144147700547
RD,linear,927,InterceptAtK,0.03245628262876301
RD,linear,927,SlopePerWord,-0.002872185340578086
RD,linear,927,EffectAtKPlus1,0.029584097288184924
RD,linear,927,EffectAtKPlus10,0.003734429222982151
RD,linear,927,TotalChangeKPlus1ToKPlus10,-0.025849668065202773
RD,linear,927,ZeroCrossingDistance,11.300204819731627
RD,linear,928,InterceptAtK,0.026872915340202398
RD,linear,928,SlopePerWord,-0.002002906463987242
RD,linear,928,EffectAtKPlus1,0.024870008876215155
RD,linear,928,EffectAtKPlus10,0.00684385070032998
RD,linear,928,TotalChangeKPlus1ToKPlus10,-0.018026158175885175
RD,linear,928,ZeroCrossingDistance,13.416959714986257
RD,linear,929,InterceptAtK,0.027573258206466247
RD,linear,929,SlopePerWord,-0.0017275949088612747
RD,linear,929,EffectAtKPlus1,0.025845663297604973
RD,linear,929,EffectAtKPlus10,0.010297309117853499
RD,linear,929,TotalChangeKPlus1ToKPlus10,-0.015548354179751474
RD,linear,929,ZeroCrossingDistance,15.960488228482253
RD,linear,930,InterceptAtK,0.03951332345459824
RD,linear,930,SlopePerWord,-0.0038968769555578395
RD,linear,930,EffectAtKPlus1,0.035616446499040395
RD,linear,930,EffectAtKPlus10,0.0005445538990198409
RD,linear,930,TotalChangeKPlus1ToKPlus10,-0.035071892600020554
RD,linear,930,ZeroCrossingDistance,10.139741106847929
RD,linear,931,InterceptAtK,0.02955189756214687
RD,linear,931,SlopePerWord,-0.002942129262163374
RD,linear,931,EffectAtKPlus1,0.0266097682999835
RD,linear,931,EffectAtKPlus10,0.0001306049405131321
RD,linear,931,TotalChangeKPlus1ToKPlus10,-0.026479163359470367
RD,linear,931,ZeroCrossingDistance,10.044391299251448
RD,linear,932,InterceptAtK,0.034140671905495606
RD,linear,932,SlopePerWord,-0.003457169773204873
RD,linear,932,EffectAtKPlus1,0.030683502132290735
RD,linear,932,EffectAtKPlus10,-0.00043102582655311916
RD,linear,932,TotalChangeKPlus1ToKPlus10,-0.031114527958843854
RD,linear,932,ZeroCrossingDistance,9.875324078703386
RD,linear,933,InterceptAtK,0.027258527246321128
RD,linear,933,SlopePerWord,-0.002779329600195957
RD,linear,933,EffectAtKPlus1,0.024479197646125172
RD,linear,933,EffectAtKPlus10,-0.0005347687556384387
RD,linear,933,TotalChangeKPlus1ToKPlus10,-0.02501396640176361
RD,linear,933,ZeroCrossingDistance,9.807590738572086
RD,linear,934,InterceptAtK,0.04374233637740388
RD,linear,934,SlopePerWord,-0.005383812354621033
RD,linear,934,EffectAtKPlus1,0.03835852402278284
RD,linear,934,EffectAtKPlus10,-0.01009578716880645
RD,linear,934,TotalChangeKPlus1ToKPlus10,-0.04845431119158929
RD,linear,934,ZeroCrossingDistance,8.124788439154823
RD,linear,935,InterceptAtK,0.028277633890049125
RD,linear,935,SlopePerWord,-0.0017357459546658016
RD,linear,935,EffectAtKPlus1,0.026541887935383323
RD,linear,935,EffectAtKPlus10,0.010920174343391108
RD,linear,935,TotalChangeKPlus1ToKPlus10,-0.015621713591992215
RD,linear,935,ZeroCrossingDistance,16.29134368081743
RD,linear,936,InterceptAtK,0.03440789801506592
RD,linear,936,SlopePerWord,-0.003775701793659353
RD,linear,936,EffectAtKPlus1,0.030632196221406567
RD,linear,936,EffectAtKPlus10,-0.003349119921527609
RD,linear,936,TotalChangeKPlus1ToKPlus10,-0.033981316142934176
RD,linear,936,ZeroCrossingDistance,9.11298081666516
RD,linear,937,InterceptAtK,0.03742012283076632
RD,linear,937,SlopePerWord,-0.004561067658059816
RD,linear,937,EffectAtKPlus1,0.0328590551727065
RD,linear,937,EffectAtKPlus10,-0.008190553749831846
RD,linear,937,TotalChangeKPlus1ToKPlus10,-0.041049608922538346
RD,linear,937,ZeroCrossingDistance,8.204246381796507
RD,linear,938,InterceptAtK,0.0345221763638431
RD,linear,938,SlopePerWord,-0.0037925304405146787
RD,linear,938,EffectAtKPlus1,0.030729645923328424
RD,linear,938,EffectAtKPlus10,-0.003403128041303681
RD,linear,938,TotalChangeKPlus1ToKPlus10,-0.0341327739646321
RD,linear,938,ZeroCrossingDistance,9.102676143360934
RD,linear,939,InterceptAtK,0.03233862990942619
RD,linear,939,SlopePerWord,-0.0034922159705324724
RD,linear,939,EffectAtKPlus1,0.028846413938893714
RD,linear,939,EffectAtKPlus10,-0.0025835297958985357
RD,linear,939,TotalChangeKPlus1ToKPlus10,-0.03142994373479225
RD,linear,939,ZeroCrossingDistance,9.260203315688802
RD,linear,940,InterceptAtK,0.028966352974612076
RD,linear,940,SlopePerWord,-0.001784674248276995
RD,linear,940,EffectAtKPlus1,0.02718167872633508
RD,linear,940,EffectAtKPlus10,0.011119610491842125
RD,linear,940,TotalChangeKPlus1ToKPlus10,-0.016062068234492955
RD,linear,940,ZeroCrossingDistance,16.23061071373529
RD,linear,941,InterceptAtK,0.039521033372552604
RD,linear,941,SlopePerWord,-0.004207883684071013
RD,linear,941,EffectAtKPlus1,0.03531314968848159
RD,linear,941,EffectAtKPlus10,-0.002557803468157531
RD,linear,941,TotalChangeKPlus1ToKPlus10,-0.037870953156639124
RD,linear,941,ZeroCrossingDistance,9.392140168265554
RD,linear,942,InterceptAtK,0.03530399537034094
RD,linear,942,SlopePerWord,-0.004058053385983525
RD,linear,942,EffectAtKPlus1,0.031245941984357418
RD,linear,942,EffectAtKPlus10,-0.00527653848949431
RD,linear,942,TotalChangeKPlus1ToKPlus10,-0.03652248047385173
RD,linear,942,ZeroCrossingDistance,8.699736551589139
RD,linear,943,InterceptAtK,0.043140377565021676
RD,linear,943,SlopePerWord,-0.004868112294563717
RD,linear,943,EffectAtKPlus1,0.03827226527045796
RD,linear,943,EffectAtKPlus10,-0.005540745380615497
RD,linear,943,TotalChangeKPlus1ToKPlus10,-0.04381301065107346
RD,linear,943,ZeroCrossingDistance,8.861828765371145
RD,linear,944,InterceptAtK,0.04145647842364048
RD,linear,944,SlopePerWord,-0.005792665854763027
RD,linear,944,EffectAtKPlus1,0.035663812568877455
RD,linear,944,EffectAtKPlus10,-0.016470180123989785
RD,linear,944,TotalChangeKPlus1ToKPlus10,-0.05213399269286724
RD,linear,944,ZeroCrossingDistance,7.156718419991867
RD,linear,945,InterceptAtK,0.030589577025826906
RD,linear,945,SlopePerWord,-0.003170411502299899
RD,linear,945,EffectAtKPlus1,0.02741916552352701
RD,linear,945,EffectAtKPlus10,-0.0011145379971720833
RD,linear,945,TotalChangeKPlus1ToKPlus10,-0.028533703520699092
RD,linear,945,ZeroCrossingDistance,9.648456360834054
RD,linear,946,InterceptAtK,0.024328200642990225
RD,linear,946,SlopePerWord,-0.002296679206985531
RD,linear,946,EffectAtKPlus1,0.022031521436004693
RD,linear,946,EffectAtKPlus10,0.001361408573134916
RD,linear,946,TotalChangeKPlus1ToKPlus10,-0.020670112862869777
RD,linear,946,ZeroCrossingDistance,10.592772629714277
RD,linear,947,InterceptAtK,0.033941177583950904
RD,linear,947,SlopePerWord,-0.003066341405005622
RD,linear,947,EffectAtKPlus1,0.03087483617894528
RD,linear,947,EffectAtKPlus10,0.0032777635338946814
RD,linear,947,TotalChangeKPlus1ToKPlus10,-0.0275970726450506
RD,linear,947,ZeroCrossingDistance,11.068949311561957
RD,linear,948,InterceptAtK,0.03420516241963209
RD,linear,948,SlopePerWord,-0.003512938865639935
RD,linear,948,EffectAtKPlus1,0.030692223553992155
RD,linear,948,EffectAtKPlus10,-0.0009242262367672588
RD,linear,948,TotalChangeKPlus1ToKPlus10,-0.031616449790759414
RD,linear,948,ZeroCrossingDistance,9.736907964494595
RD,linear,949,InterceptAtK,0.026855302492444676
RD,linear,949,SlopePerWord,-0.002419187319426582
RD,linear,949,EffectAtKPlus1,0.024436115173018094
RD,linear,949,EffectAtKPlus10,0.002663429298178855
RD,linear,949,TotalChangeKPlus1ToKPlus10,-0.02177268587483924
RD,linear,949,ZeroCrossingDistance,11.100960341843296
RD,linear,950,InterceptAtK,0.037437394743714776
RD,linear,950,SlopePerWord,-0.003594916741107577
RD,linear,950,EffectAtKPlus1,0.0338424780026072
RD,linear,950,EffectAtKPlus10,0.0014882273326390083
RD,linear,950,TotalChangeKPlus1ToKPlus10,-0.03235425066996819
RD,linear,950,ZeroCrossingDistance,10.413981029274266
RD,linear,951,InterceptAtK,0.0316371287592227
RD,linear,951,SlopePerWord,-0.0029929377707045286
RD,linear,951,EffectAtKPlus1,0.02864419098851817
RD,linear,951,EffectAtKPlus10,0.001707751052177412
RD,linear,951,TotalChangeKPlus1ToKPlus10,-0.026936439936340758
RD,linear,951,ZeroCrossingDistance,10.570593571604869
RD,linear,952,InterceptAtK,0.044075382549157556
RD,linear,952,SlopePerWord,-0.0048529441642430554
RD,linear,952,EffectAtKPlus1,0.0392224383849145
RD,linear,952,EffectAtKPlus10,-0.004454059093272997
RD,linear,952,TotalChangeKPlus1ToKPlus10,-0.0436764974781875
RD,linear,952,ZeroCrossingDistance,9.082194448868602
RD,linear,953,InterceptAtK,0.04052273440530899
RD,linear,953,SlopePerWord,-0.003940836226463907
RD,linear,953,EffectAtKPlus1,0.036581898178845086
RD,linear,953,EffectAtKPlus10,0.0011143721406699225
RD,linear,953,TotalChangeKPlus1ToKPlus10,-0.035467526038175164
RD,linear,953,ZeroCrossingDistance,10.282775552352716
RD,linear,954,InterceptAtK,0.05016641279952682
RD,linear,954,SlopePerWord,-0.0059034963398779125
RD,linear,954,EffectAtKPlus1,0.04426291645964891
RD,linear,954,EffectAtKPlus10,-0.008868550599252303
RD,linear,954,TotalChangeKPlus1ToKPlus10,-0.05313146705890121
RD,linear,954,ZeroCrossingDistance,8.497746066285236
RD,linear,955,InterceptAtK,0.051579053650597236
RD,linear,955,SlopePerWord,-0.006333077324349653
RD,linear,955,EffectAtKPlus1,0.045245976326247585
RD,linear,955,EffectAtKPlus10,-0.0117517195928993
RD,linear,955,TotalChangeKPlus1ToKPlus10,-0.056997695919146885
RD,linear,955,ZeroCrossingDistance,8.14439031910824
RD,linear,956,InterceptAtK,0.0345594145975121
RD,linear,956,SlopePerWord,-0.003422295344660331
RD,linear,956,EffectAtKPlus1,0.03113711925285177
RD,linear,956,EffectAtKPlus10,0.00033646115090878864
RD,linear,956,TotalChangeKPlus1ToKPlus10,-0.03080065810194298
RD,linear,956,ZeroCrossingDistance,10.098314469390772
RD,linear,957,InterceptAtK,0.039437911946237914
RD,linear,957,SlopePerWord,-0.004392942285145484
RD,linear,957,EffectAtKPlus1,0.035044969661092426
RD,linear,957,EffectAtKPlus10,-0.004491510905216926
RD,linear,957,TotalChangeKPlus1ToKPlus10,-0.03953648056630935
RD,linear,957,ZeroCrossingDistance,8.977562049835084
RD,linear,958,InterceptAtK,0.041497911799220896
RD,linear,958,SlopePerWord,-0.004459934993941847
RD,linear,958,EffectAtKPlus1,0.03703797680527905
RD,linear,958,EffectAtKPlus10,-0.003101438140197574
RD,linear,958,TotalChangeKPlus1ToKPlus10,-0.040139414945476626
RD,linear,958,ZeroCrossingDistance,9.304600146771104
RD,linear,959,InterceptAtK,0.042612322314446234
RD,linear,959,SlopePerWord,-0.00532193451432943
RD,linear,959,EffectAtKPlus1,0.0372903878001168
RD,linear,959,EffectAtKPlus10,-0.010607022828848067
RD,linear,959,TotalChangeKPlus1ToKPlus10,-0.04789741062896487
RD,linear,959,ZeroCrossingDistance,8.006923459826796
RD,linear,960,InterceptAtK,0.039953473938578975
RD,linear,960,SlopePerWord,-0.003692143382033905
RD,linear,960,EffectAtKPlus1,0.03626133055654507
RD,linear,960,EffectAtKPlus10,0.0030320401182399245
RD,linear,960,TotalChangeKPlus1ToKPlus10,-0.033229290438305144
RD,linear,960,ZeroCrossingDistance,10.821214076623875
RD,linear,961,InterceptAtK,0.03163305994490129
RD,linear,961,SlopePerWord,-0.003457191366938872
RD,linear,961,EffectAtKPlus1,0.028175868577962414
RD,linear,961,EffectAtKPlus10,-0.0029388537244874335
RD,linear,961,TotalChangeKPlus1ToKPlus10,-0.031114722302449847
RD,linear,961,ZeroCrossingDistance,9.149930272130232
RD,linear,962,InterceptAtK,0.040121074910319195
RD,linear,962,SlopePerWord,-0.004618333696891225
RD,linear,962,EffectAtKPlus1,0.03550274121342797
RD,linear,962,EffectAtKPlus10,-0.006062262058593053
RD,linear,962,TotalChangeKPlus1ToKPlus10,-0.04156500327202102
RD,linear,962,ZeroCrossingDistance,8.687348629079404
RD,linear,963,InterceptAtK,0.03582286508799927
RD,linear,963,SlopePerWord,-0.004699786110381859
RD,linear,963,EffectAtKPlus1,0.03112307897761741
RD,linear,963,EffectAtKPlus10,-0.011174996015819325
RD,linear,963,TotalChangeKPlus1ToKPlus10,-0.042298074993436734
RD,linear,963,ZeroCrossingDistance,7.622233064791251
RD,linear,964,InterceptAtK,0.022469784303580986
RD,linear,964,SlopePerWord,-0.0012132438540872522
RD,linear,964,EffectAtKPlus1,0.021256540449493735
RD,linear,964,EffectAtKPlus10,0.010337345762708464
RD,linear,964,TotalChangeKPlus1ToKPlus10,-0.010919194686785271
RD,linear,964,ZeroCrossingDistance,18.520418815956383
RD,linear,965,InterceptAtK,0.039940579544817764
RD,linear,965,SlopePerWord,-0.004792182826226224
RD,linear,965,EffectAtKPlus1,0.03514839671859154
RD,linear,965,EffectAtKPlus10,-0.007981248717444475
RD,linear,965,TotalChangeKPlus1ToKPlus10,-0.043129645436036014
RD,linear,965,ZeroCrossingDistance,8.334527498874747
RD,linear,966,InterceptAtK,0.03948780387852847
RD,linear,966,SlopePerWord,-0.003812339668637657
RD,linear,966,EffectAtKPlus1,0.03567546420989081
RD,linear,966,EffectAtKPlus10,0.0013644071921518966
RD,linear,966,TotalChangeKPlus1ToKPlus10,-0.034311057017738913
RD,linear,966,ZeroCrossingDistance,10.357892347152653
RD,linear,967,InterceptAtK,0.041109365692623454
RD,linear,967,SlopePerWord,-0.003928133871577444
RD,linear,967,EffectAtKPlus1,0.03718123182104601
RD,linear,967,EffectAtKPlus10,0.0018280269768490148
RD,linear,967,TotalChangeKPlus1ToKPlus10,-0.035353204844196996
RD,linear,967,ZeroCrossingDistance,10.465367789544025
RD,linear,968,InterceptAtK,0.03884766370306281
RD,linear,968,SlopePerWord,-0.005288164863862502
RD,linear,968,EffectAtKPlus1,0.03355949883920031
RD,linear,968,EffectAtKPlus10,-0.01403398493556221
RD,linear,968,TotalChangeKPlus1ToKPlus10,-0.04759348377476252
RD,linear,968,ZeroCrossingDistance,7.346152153563586
RD,linear,969,InterceptAtK,0.039379718205331295
RD,linear,969,SlopePerWord,-0.004627067311179913
RD,linear,969,EffectAtKPlus1,0.03475265089415138
RD,linear,969,EffectAtKPlus10,-0.006890954906467836
RD,linear,969,TotalChangeKPlus1ToKPlus10,-0.04164360580061922
RD,linear,969,ZeroCrossingDistance,8.510729487375746
RD,linear,970,InterceptAtK,0.02874693365292838
RD,linear,970,SlopePerWord,-0.0027003817813182978
RD,linear,970,EffectAtKPlus1,0.026046551871610084
RD,linear,970,EffectAtKPlus10,0.0017431158397454016
RD,linear,970,TotalChangeKPlus1ToKPlus10,-0.024303436031864682
RD,linear,970,ZeroCrossingDistance,10.645507184133953
RD,linear,971,InterceptAtK,0.032924139406799655
RD,linear,971,SlopePerWord,-0.0032853065055455325
RD,linear,971,EffectAtKPlus1,0.029638832901254124
RD,linear,971,EffectAtKPlus10,7.107435134433293e-05
RD,linear,971,TotalChangeKPlus1ToKPlus10,-0.02956775854990979
RD,linear,971,ZeroCrossingDistance,10.021634009254344
RD,linear,972,InterceptAtK,0.04032685289404687
RD,linear,972,SlopePerWord,-0.0031916100983135787
RD,linear,972,EffectAtKPlus1,0.03713524279573329
RD,linear,972,EffectAtKPlus10,0.008410751910911084
RD,linear,972,TotalChangeKPlus1ToKPlus10,-0.028724490884822207
RD,linear,972,ZeroCrossingDistance,12.635269237729023
RD,linear,973,InterceptAtK,0.03292888509547537
RD,linear,973,SlopePerWord,-0.00378322988550505
RD,linear,973,EffectAtKPlus1,0.02914565520997032
RD,linear,973,EffectAtKPlus10,-0.004903413759575127
RD,linear,973,TotalChangeKPlus1ToKPlus10,-0.034049068969545446
RD,linear,973,ZeroCrossingDistance,8.703908060580215
RD,linear,974,InterceptAtK,0.03619931173526793
RD,linear,974,SlopePerWord,-0.0038182289281592174
RD,linear,974,EffectAtKPlus1,0.03238108280710871
RD,linear,974,EffectAtKPlus10,-0.0019829775463242466
RD,linear,974,TotalChangeKPlus1ToKPlus10,-0.03436406035343296
RD,linear,974,ZeroCrossingDistance,9.480655145714312
RD,linear,975,InterceptAtK,0.04266778112893053
RD,linear,975,SlopePerWord,-0.004903022891651493
RD,linear,975,EffectAtKPlus1,0.03776475823727903
RD,linear,975,EffectAtKPlus10,-0.006362447787584401
RD,linear,975,TotalChangeKPlus1ToKPlus10,-0.04412720602486343
RD,linear,975,ZeroCrossingDistance,8.702341814797988
RD,linear,976,InterceptAtK,0.04155681161697222
RD,linear,976,SlopePerWord,-0.004736720426416135
RD,linear,976,EffectAtKPlus1,0.036820091190556084
RD,linear,976,EffectAtKPlus10,-0.005810392647189126
RD,linear,976,TotalChangeKPlus1ToKPlus10,-0.04263048383774521
RD,linear,976,ZeroCrossingDistance,8.773330041860767
RD,linear,977,InterceptAtK,0.0314894430800814
RD,linear,977,SlopePerWord,-0.0029942817704657677
RD,linear,977,EffectAtKPlus1,0.02849516130961563
RD,linear,977,EffectAtKPlus10,0.0015466253754237227
RD,linear,977,TotalChangeKPlus1ToKPlus10,-0.026948535934191907
RD,linear,977,ZeroCrossingDistance,10.516526330514026
RD,linear,978,InterceptAtK,0.03573228861888116
RD,linear,978,SlopePerWord,-0.004330278747419463
RD,linear,978,EffectAtKPlus1,0.0314020098714617
RD,linear,978,EffectAtKPlus10,-0.007570498855313468
RD,linear,978,TotalChangeKPlus1ToKPlus10,-0.03897250872677517
RD,linear,978,ZeroCrossingDistance,8.251729438936248
RD,linear,979,InterceptAtK,0.042210035848978825
RD,linear,979,SlopePerWord,-0.0054940305656099265
RD,linear,979,EffectAtKPlus1,0.0367160052833689
RD,linear,979,EffectAtKPlus10,-0.012730269807120442
RD,linear,979,TotalChangeKPlus1ToKPlus10,-0.04944627509048934
RD,linear,979,ZeroCrossingDistance,7.682890610983128
RD,linear,980,InterceptAtK,0.03889604729755337
RD,linear,980,SlopePerWord,-0.0035834698374415624
RD,linear,980,EffectAtKPlus1,0.03531257746011181
RD,linear,980,EffectAtKPlus10,0.0030613489231377453
RD,linear,980,TotalChangeKPlus1ToKPlus10,-0.03225122853697406
RD,linear,980,ZeroCrossingDistance,10.854297388288723
RD,linear,981,InterceptAtK,0.0361296849986845
RD,linear,981,SlopePerWord,-0.0045644270605234225
RD,linear,981,EffectAtKPlus1,0.031565257938161076
RD,linear,981,EffectAtKPlus10,-0.009514585606549726
RD,linear,981,TotalChangeKPlus1ToKPlus10,-0.0410798435447108
RD,linear,981,ZeroCrossingDistance,7.915491806444017
RD,linear,982,InterceptAtK,0.02659778225778508
RD,linear,982,SlopePerWord,-0.0026172997427590444
RD,linear,982,EffectAtKPlus1,0.023980482515026033
RD,linear,982,EffectAtKPlus10,0.00042478483019463276
RD,linear,982,TotalChangeKPlus1ToKPlus10,-0.0235556976848314
RD,linear,982,ZeroCrossingDistance,10.162298885089426
RD,linear,983,InterceptAtK,0.03564846371491255
RD,linear,983,SlopePerWord,-0.004483207917701857
RD,linear,983,EffectAtKPlus1,0.031165255797210696
RD,linear,983,EffectAtKPlus10,-0.009183615462106012
RD,linear,983,TotalChangeKPlus1ToKPlus10,-0.04034887125931671
RD,linear,983,ZeroCrossingDistance,7.951552631354728
RD,linear,984,InterceptAtK,0.0368215906929803
RD,linear,984,SlopePerWord,-0.0040956677897875295
RD,linear,984,EffectAtKPlus1,0.03272592290319277
RD,linear,984,EffectAtKPlus10,-0.004135087204894999
RD,linear,984,TotalChangeKPlus1ToKPlus10,-0.03686101010808777
RD,linear,984,ZeroCrossingDistance,8.990375338740668
RD,linear,985,InterceptAtK,0.035591655864693754
RD,linear,985,SlopePerWord,-0.003065245284190524
RD,linear,985,EffectAtKPlus1,0.03252641058050323
RD,linear,985,EffectAtKPlus10,0.004939203022788517
RD,linear,985,TotalChangeKPlus1ToKPlus10,-0.02758720755771471
RD,linear,985,ZeroCrossingDistance,11.611356535890689
RD,linear,986,InterceptAtK,0.028556685283924424
RD,linear,986,SlopePerWord,-0.0026144707214732204
RD,linear,986,EffectAtKPlus1,0.025942214562451202
RD,linear,986,EffectAtKPlus10,0.00241197806919222
RD,linear,986,TotalChangeKPlus1ToKPlus10,-0.023530236493258982
RD,linear,986,ZeroCrossingDistance,10.922549275225045
RD,linear,987,InterceptAtK,0.021519484291023194
RD,linear,987,SlopePerWord,-0.0029841212480770205
RD,linear,987,EffectAtKPlus1,0.018535363042946174
RD,linear,987,EffectAtKPlus10,-0.00832172818974701
RD,linear,987,TotalChangeKPlus1ToKPlus10,-0.026857091232693184
RD,linear,987,ZeroCrossingDistance,7.211330405857481
RD,linear,988,InterceptAtK,0.032127195759977425
RD,linear,988,SlopePerWord,-0.0032700347795956647
RD,linear,988,EffectAtKPlus1,0.02885716098038176
RD,linear,988,EffectAtKPlus10,-0.00057315203597922
RD,linear,988,TotalChangeKPlus1ToKPlus10,-0.02943031301636098
RD,linear,988,ZeroCrossingDistance,9.824726012226057
RD,linear,989,InterceptAtK,0.028278481612190844
RD,linear,989,SlopePerWord,-0.002102089094182481
RD,linear,989,EffectAtKPlus1,0.026176392518008365
RD,linear,989,EffectAtKPlus10,0.007257590670366035
RD,linear,989,TotalChangeKPlus1ToKPlus10,-0.01891880184764233
RD,linear,989,ZeroCrossingDistance,13.4525609263905
RD,linear,990,InterceptAtK,0.027208096785925097
RD,linear,990,SlopePerWord,-0.002559394226753444
RD,linear,990,EffectAtKPlus1,0.02464870255917165
RD,linear,990,EffectAtKPlus10,0.0016141545183906564
RD,linear,990,TotalChangeKPlus1ToKPlus10,-0.023034548040780995
RD,linear,990,ZeroCrossingDistance,10.630678346273442
RD,linear,991,InterceptAtK,0.025458017933017402
RD,linear,991,SlopePerWord,-0.0020934751754269685
RD,linear,991,EffectAtKPlus1,0.023364542757590433
RD,linear,991,EffectAtKPlus10,0.004523266178747716
RD,linear,991,TotalChangeKPlus1ToKPlus10,-0.018841276578842717
RD,linear,991,ZeroCrossingDistance,12.1606495418916
RD,linear,992,InterceptAtK,0.041304061230526726
RD,linear,992,SlopePerWord,-0.0047664097528835716
RD,linear,992,EffectAtKPlus1,0.03653765147764315
RD,linear,992,EffectAtKPlus10,-0.006360036298308988
RD,linear,992,TotalChangeKPlus1ToKPlus10,-0.04289768777595214
RD,linear,992,ZeroCrossingDistance,8.665654732167894
RD,linear,993,InterceptAtK,0.028738495023303227
RD,linear,993,SlopePerWord,-0.0028656513066740623
RD,linear,993,EffectAtKPlus1,0.025872843716629165
RD,linear,993,EffectAtKPlus10,8.198195656260523e-05
RD,linear,993,TotalChangeKPlus1ToKPlus10,-0.02579086176006656
RD,linear,993,ZeroCrossingDistance,10.028608489934442
RD,linear,994,InterceptAtK,0.022172345461669768
RD,linear,994,SlopePerWord,-0.001667411784348687
RD,linear,994,EffectAtKPlus1,0.02050493367732108
RD,linear,994,EffectAtKPlus10,0.005498227618182899
RD,linear,994,TotalChangeKPlus1ToKPlus10,-0.015006706059138182
RD,linear,994,ZeroCrossingDistance,13.297462372398057
RD,linear,995,InterceptAtK,0.03919943548281777
RD,linear,995,SlopePerWord,-0.0040672443851041545
RD,linear,995,EffectAtKPlus1,0.035132191097713615
RD,linear,995,EffectAtKPlus10,-0.0014730083682237757
RD,linear,995,TotalChangeKPlus1ToKPlus10,-0.03660519946593739
RD,linear,995,ZeroCrossingDistance,9.637836277156467
RD,linear,996,InterceptAtK,0.037248356325470286
RD,linear,996,SlopePerWord,-0.0038172947737820733
RD,linear,996,EffectAtKPlus1,0.033431061551688214
RD,linear,996,EffectAtKPlus10,-0.0009245914123504478
RD,linear,996,TotalChangeKPlus1ToKPlus10,-0.03435565296403866
RD,linear,996,ZeroCrossingDistance,9.757788835512331
RD,linear,997,InterceptAtK,0.04464532869597776
RD,linear,997,SlopePerWord,-0.005316161008882592
RD,linear,997,EffectAtKPlus1,0.03932916768709517
RD,linear,997,EffectAtKPlus10,-0.008516281392848164
RD,linear,997,TotalChangeKPlus1ToKPlus10,-0.047845449079943335
RD,linear,997,ZeroCrossingDistance,8.398039228191434
RD,linear,998,InterceptAtK,0.031023113778570283
RD,linear,998,SlopePerWord,-0.0026184627084736693
RD,linear,998,EffectAtKPlus1,0.028404651070096612
RD,linear,998,EffectAtKPlus10,0.004838486693833591
RD,linear,998,TotalChangeKPlus1ToKPlus10,-0.02356616437626302
RD,linear,998,ZeroCrossingDistance,11.847834868213187
RD,linear,999,InterceptAtK,0.036409303354026874
RD,linear,999,SlopePerWord,-0.0038947798030822376
RD,linear,999,EffectAtKPlus1,0.032514523550944634
RD,linear,999,EffectAtKPlus10,-0.002538494676795504
RD,linear,999,TotalChangeKPlus1ToKPlus10,-0.03505301822774014
RD,linear,999,ZeroCrossingDistance,9.348231529087576
RD,linear,1000,InterceptAtK,0.033186208798691205
RD,linear,1000,SlopePerWord,-0.003955654159522995
RD,linear,1000,EffectAtKPlus1,0.02923055463916821
RD,linear,1000,EffectAtKPlus10,-0.006370332796538744
RD,linear,1000,TotalChangeKPlus1ToKPlus10,-0.035600887435706954
RD,linear,1000,ZeroCrossingDistance,8.389562752546867
