Participant,Session,Story,Story_Version,Trial,Observed,Template,Aligned,Coverage,Missing,Critical_Missing,Status
P002,P002-S01,Story9,CD,1.0,119,119,119,1.0,0,0,exact
P002,P002-S01,Story3,CD,2.0,121,121,121,1.0,0,0,exact
P002,P002-S01,Story4,Original,3.0,84,86,84,0.9767441860465116,2,0,gap_aligned
P002,P002-S01,Story2,RD,4.0,101,101,101,1.0,0,0,exact
P002,P002-S01,Story10,Original,5.0,103,103,103,1.0,0,0,exact
P002,P002-S01,Story21,Original,6.0,74,74,74,1.0,0,0,exact
P002,P002-S01,Story7,CD,7.0,95,95,95,1.0,0,0,exact
P002,P002-S01,Story12,CD,8.0,73,73,73,1.0,0,0,exact
P002,P002-S01,Story15,Original,9.0,62,62,62,1.0,0,0,exact
P002,P002-S01,Story20,CD,10.0,83,83,83,1.0,0,0,exact
P002,P002-S01,Story17,CD,11.0,84,84,84,1.0,0,0,exact
P002,P002-S01,Story6,Original,12.0,65,65,65,1.0,0,0,exact
P002,P002-S01,Story11,RD,13.0,114,114,114,1.0,0,0,exact
P002,P002-S01,Story14,RD,14.0,116,116,116,1.0,0,0,exact
P002,P002-S01,Story8,RD,15.0,114,114,114,1.0,0,0,exact
P002,P002-S01,Story18,CD,16.0,95,95,95,1.0,0,0,exact
P002,P002-S01,Story5,Original,17.0,83,83,83,1.0,0,0,exact
P002,P002-S01,Story16,RD,18.0,89,89,89,1.0,0,0,exact
P002,P002-S01,Story13,Original,19.0,102,102,102,1.0,0,0,exact
P002,P002-S01,Story19,RD,20.0,107,107,107,1.0,0,0,exact
P002,P002-S01,Story1,RD,21.0,103,103,103,1.0,0,0,exact
P003,P003-S01,Story21,RD,1.0,74,74,74,1.0,0,0,exact
P003,P003-S01,Story8,Original,2.0,114,114,114,1.0,0,0,exact
P003,P003-S01,Story1,CD,3.0,103,103,103,1.0,0,0,exact
P003,P003-S01,Story2,RD,4.0,101,101,101,1.0,0,0,exact
P003,P003-S01,Story19,Original,5.0,107,107,107,1.0,0,0,exact
P003,P003-S01,Story4,CD,6.0,87,87,87,1.0,0,0,exact
P003,P003-S01,Story7,Original,7.0,95,95,95,1.0,0,0,exact
P003,P003-S01,Story17,CD,8.0,84,84,84,1.0,0,0,exact
P003,P003-S01,Story15,Original,9.0,62,62,62,1.0,0,0,exact
P003,P003-S01,Story11,Original,10.0,114,114,114,1.0,0,0,exact
P003,P003-S01,Story18,RD,11.0,95,95,95,1.0,0,0,exact
P003,P003-S01,Story6,CD,12.0,65,65,65,1.0,0,0,exact
P003,P003-S01,Story5,Original,13.0,83,83,83,1.0,0,0,exact
P003,P003-S01,Story12,Original,14.0,73,73,73,1.0,0,0,exact
P003,P003-S01,Story3,RD,15.0,121,121,121,1.0,0,0,exact
P003,P003-S01,Story9,RD,16.0,119,119,119,1.0,0,0,exact
P003,P003-S01,Story16,CD,17.0,89,89,89,1.0,0,0,exact
P003,P003-S01,Story20,RD,18.0,83,83,83,1.0,0,0,exact
P003,P003-S01,Story10,CD,19.0,103,103,103,1.0,0,0,exact
P003,P003-S01,Story13,RD,20.0,102,102,102,1.0,0,0,exact
P003,P003-S01,Story14,CD,21.0,116,116,116,1.0,0,0,exact
P004,P004-S01,Story2,CD,1.0,101,101,101,1.0,0,0,exact
P004,P004-S01,Story7,Original,3.0,95,95,95,1.0,0,0,exact
P004,P004-S01,Story12,RD,4.0,73,73,73,1.0,0,0,exact
P004,P004-S01,Story9,RD,5.0,119,119,119,1.0,0,0,exact
P004,P004-S01,Story10,CD,6.0,103,103,103,1.0,0,0,exact
P004,P004-S01,Story6,CD,7.0,65,65,65,1.0,0,0,exact
P004,P004-S01,Story17,Original,8.0,84,84,84,1.0,0,0,exact
P004,P004-S01,Story13,RD,9.0,102,102,102,1.0,0,0,exact
P004,P004-S01,Story8,Original,10.0,114,114,114,1.0,0,0,exact
P004,P004-S01,Story1,Original,11.0,103,103,103,1.0,0,0,exact
P004,P004-S01,Story3,CD,12.0,121,121,121,1.0,0,0,exact
P004,P004-S01,Story15,RD,14.0,62,62,62,1.0,0,0,exact
P004,P004-S01,Story20,Original,16.0,83,83,83,1.0,0,0,exact
P004,P004-S01,Story11,Original,17.0,114,114,114,1.0,0,0,exact
P004,P004-S01,Story19,RD,18.0,107,107,107,1.0,0,0,exact
P004,P004-S01,Story4,RD,19.0,86,86,86,1.0,0,0,exact
P004,P004-S01,Story5,RD,20.0,83,83,83,1.0,0,0,exact
P004,P004-S01,Story14,CD,21.0,116,116,116,1.0,0,0,exact
P005,P005-S01,Story21,CD,1.0,73,74,73,0.9864864864864865,1,0,gap_aligned
P005,P005-S01,Story7,Original,2.0,95,95,95,1.0,0,0,exact
P005,P005-S01,Story20,Original,3.0,83,83,83,1.0,0,0,exact
P005,P005-S01,Story14,CD,4.0,116,116,116,1.0,0,0,exact
P005,P005-S01,Story9,RD,5.0,119,119,119,1.0,0,0,exact
P005,P005-S01,Story4,Original,6.0,86,86,86,1.0,0,0,exact
P005,P005-S01,Story2,RD,7.0,101,101,101,1.0,0,0,exact
P005,P005-S01,Story12,RD,8.0,73,73,73,1.0,0,0,exact
P005,P005-S01,Story16,Original,9.0,89,89,89,1.0,0,0,exact
P005,P005-S01,Story15,CD,10.0,62,62,62,1.0,0,0,exact
P005,P005-S01,Story17,CD,11.0,84,84,84,1.0,0,0,exact
P005,P005-S01,Story6,RD,12.0,65,65,65,1.0,0,0,exact
P005,P005-S01,Story8,Original,13.0,114,114,114,1.0,0,0,exact
P005,P005-S01,Story13,RD,14.0,102,102,102,1.0,0,0,exact
P005,P005-S01,Story5,RD,15.0,83,83,83,1.0,0,0,exact
P005,P005-S01,Story18,CD,16.0,95,95,95,1.0,0,0,exact
P005,P005-S01,Story1,CD,17.0,103,103,103,1.0,0,0,exact
P005,P005-S01,Story10,CD,18.0,103,103,103,1.0,0,0,exact
P005,P005-S01,Story19,Original,19.0,107,107,107,1.0,0,0,exact
P005,P005-S01,Story11,Original,20.0,114,114,114,1.0,0,0,exact
P005,P005-S01,Story3,RD,21.0,121,121,121,1.0,0,0,exact
P006,P006-S01,Story11,CD,1.0,112,114,112,0.9824561403508771,2,0,gap_aligned
P006,P006-S01,Story5,CD,2.0,84,84,84,1.0,0,0,exact
P006,P006-S01,Story14,CD,3.0,115,116,115,0.9913793103448276,1,0,gap_aligned
P006,P006-S01,Story7,CD,4.0,95,95,95,1.0,0,0,exact
P006,P006-S01,Story2,Original,5.0,101,101,101,1.0,0,0,exact
P006,P006-S01,Story18,Original,6.0,95,95,95,1.0,0,0,exact
P006,P006-S01,Story20,RD,7.0,83,83,83,1.0,0,0,exact
P006,P006-S01,Story9,Original,8.0,117,119,117,0.9831932773109243,2,0,gap_aligned
P006,P006-S01,Story6,RD,9.0,65,65,65,1.0,0,0,exact
P006,P006-S01,Story4,RD,10.0,86,86,86,1.0,0,0,exact
P006,P006-S01,Story8,RD,11.0,114,114,114,1.0,0,0,exact
P006,P006-S01,Story21,Original,12.0,74,74,74,1.0,0,0,exact
P006,P006-S01,Story19,CD,13.0,107,107,107,1.0,0,0,exact
P006,P006-S01,Story16,RD,14.0,88,89,88,0.9887640449438202,1,0,gap_aligned
P006,P006-S01,Story17,RD,15.0,84,84,84,1.0,0,0,exact
P006,P006-S01,Story15,CD,16.0,61,62,61,0.9838709677419355,1,0,gap_aligned
P006,P006-S01,Story10,Original,17.0,101,103,101,0.9805825242718447,2,0,gap_aligned
P006,P006-S01,Story3,CD,18.0,121,121,121,1.0,0,0,exact
P006,P006-S01,Story12,Original,19.0,73,73,73,1.0,0,0,exact
P006,P006-S01,Story1,Original,20.0,103,103,103,1.0,0,0,exact
P007,P007-S01,Story19,CD,1.0,106,107,106,0.9906542056074766,1,0,gap_aligned
P007,P007-S01,Story6,CD,2.0,64,65,64,0.9846153846153847,1,0,gap_aligned
P007,P007-S01,Story20,CD,4.0,83,83,83,1.0,0,0,exact
P007,P007-S01,Story8,Original,5.0,114,114,114,1.0,0,0,exact
P007,P007-S01,Story1,CD,6.0,103,103,103,1.0,0,0,exact
P007,P007-S01,Story7,RD,7.0,95,95,95,1.0,0,0,exact
P007,P007-S01,Story17,RD,8.0,84,84,84,1.0,0,0,exact
P007,P007-S01,Story14,Original,9.0,116,116,116,1.0,0,0,exact
P007,P007-S01,Story5,RD,10.0,83,83,83,1.0,0,0,exact
P007,P007-S01,Story13,Original,11.0,102,102,102,1.0,0,0,exact
P007,P007-S01,Story15,RD,12.0,62,62,62,1.0,0,0,exact
P007,P007-S01,Story21,Original,13.0,74,74,74,1.0,0,0,exact
P007,P007-S01,Story11,Original,14.0,114,114,114,1.0,0,0,exact
P007,P007-S01,Story3,RD,15.0,121,121,121,1.0,0,0,exact
P007,P007-S01,Story9,Original,16.0,119,119,119,1.0,0,0,exact
P007,P007-S01,Story18,Original,17.0,95,95,95,1.0,0,0,exact
P007,P007-S01,Story10,RD,18.0,103,103,103,1.0,0,0,exact
P007,P007-S01,Story2,RD,19.0,101,101,101,1.0,0,0,exact
P007,P007-S01,Story16,CD,20.0,89,89,89,1.0,0,0,exact
P007,P007-S01,Story12,CD,21.0,73,73,73,1.0,0,0,exact
P008,P008-S01,Story5,RD,1.0,83,83,83,1.0,0,0,exact
P008,P008-S01,Story19,CD,2.0,107,107,107,1.0,0,0,exact
P008,P008-S01,Story9,Original,3.0,119,119,119,1.0,0,0,exact
P008,P008-S01,Story11,CD,4.0,114,114,114,1.0,0,0,exact
P008,P008-S01,Story4,Original,5.0,86,86,86,1.0,0,0,exact
P008,P008-S01,Story21,CD,6.0,74,74,74,1.0,0,0,exact
P008,P008-S01,Story7,RD,7.0,95,95,95,1.0,0,0,exact
P008,P008-S01,Story10,RD,8.0,103,103,103,1.0,0,0,exact
P008,P008-S01,Story2,CD,9.0,100,101,100,0.9900990099009901,1,0,gap_aligned
P008,P008-S01,Story12,CD,10.0,73,73,73,1.0,0,0,exact
P008,P008-S01,Story8,RD,11.0,114,114,114,1.0,0,0,exact
P008,P008-S01,Story13,CD,12.0,102,102,102,1.0,0,0,exact
P008,P008-S01,Story15,Original,13.0,62,62,62,1.0,0,0,exact
P008,P008-S01,Story16,Original,14.0,89,89,89,1.0,0,0,exact
P008,P008-S01,Story18,CD,15.0,95,95,95,1.0,0,0,exact
P008,P008-S01,Story1,RD,16.0,103,103,103,1.0,0,0,exact
P008,P008-S01,Story3,Original,17.0,121,121,121,1.0,0,0,exact
P008,P008-S01,Story20,RD,18.0,83,83,83,1.0,0,0,exact
P008,P008-S01,Story14,Original,19.0,116,116,116,1.0,0,0,exact
P008,P008-S01,Story17,RD,20.0,84,84,84,1.0,0,0,exact
P008,P008-S01,Story6,Original,21.0,65,65,65,1.0,0,0,exact
P009,P009-S01,Story7,CD,1.0,95,95,95,1.0,0,0,exact
P009,P009-S01,Story18,Original,2.0,95,95,95,1.0,0,0,exact
P009,P009-S01,Story17,RD,3.0,84,84,84,1.0,0,0,exact
P009,P009-S01,Story13,RD,4.0,102,102,102,1.0,0,0,exact
P009,P009-S01,Story10,Original,5.0,103,103,103,1.0,0,0,exact
P009,P009-S01,Story14,Original,6.0,116,116,116,1.0,0,0,exact
P009,P009-S01,Story2,RD,7.0,101,101,101,1.0,0,0,exact
P009,P009-S01,Story6,CD,8.0,65,65,65,1.0,0,0,exact
P009,P009-S01,Story3,Original,9.0,121,121,121,1.0,0,0,exact
P009,P009-S01,Story15,Original,10.0,62,62,62,1.0,0,0,exact
P009,P009-S01,Story1,RD,11.0,103,103,103,1.0,0,0,exact
P009,P009-S01,Story11,CD,12.0,114,114,114,1.0,0,0,exact
P009,P009-S01,Story12,CD,13.0,73,73,73,1.0,0,0,exact
P009,P009-S01,Story9,RD,14.0,119,119,119,1.0,0,0,exact
P009,P009-S01,Story5,Original,15.0,83,83,83,1.0,0,0,exact
P009,P009-S01,Story21,Original,16.0,74,74,74,1.0,0,0,exact
P009,P009-S01,Story8,CD,17.0,114,114,114,1.0,0,0,exact
P009,P009-S01,Story4,CD,18.0,87,87,87,1.0,0,0,exact
P009,P009-S01,Story19,RD,19.0,107,107,107,1.0,0,0,exact
P009,P009-S01,Story16,CD,20.0,89,89,89,1.0,0,0,exact
P009,P009-S01,Story20,RD,21.0,83,83,83,1.0,0,0,exact
P010,P010-S01,Story21,Original,1.0,74,74,74,1.0,0,0,exact
P010,P010-S01,Story5,RD,2.0,83,83,83,1.0,0,0,exact
P010,P010-S01,Story12,CD,3.0,73,73,73,1.0,0,0,exact
P010,P010-S01,Story3,CD,4.0,121,121,121,1.0,0,0,exact
P010,P010-S01,Story2,RD,5.0,101,101,101,1.0,0,0,exact
P010,P010-S01,Story4,RD,6.0,86,86,86,1.0,0,0,exact
P010,P010-S01,Story18,RD,7.0,95,95,95,1.0,0,0,exact
P010,P010-S01,Story7,Original,8.0,95,95,95,1.0,0,0,exact
P010,P010-S01,Story20,Original,9.0,83,83,83,1.0,0,0,exact
P010,P010-S01,Story13,RD,10.0,102,102,102,1.0,0,0,exact
P010,P010-S01,Story17,Original,11.0,84,84,84,1.0,0,0,exact
P010,P010-S01,Story1,RD,12.0,103,103,103,1.0,0,0,exact
P010,P010-S01,Story15,Original,13.0,62,62,62,1.0,0,0,exact
P010,P010-S01,Story14,CD,14.0,116,116,116,1.0,0,0,exact
P010,P010-S01,Story9,RD,15.0,119,119,119,1.0,0,0,exact
P010,P010-S01,Story16,Original,16.0,89,89,89,1.0,0,0,exact
P010,P010-S01,Story19,CD,17.0,107,107,107,1.0,0,0,exact
P010,P010-S01,Story8,CD,18.0,114,114,114,1.0,0,0,exact
P010,P010-S01,Story6,CD,19.0,65,65,65,1.0,0,0,exact
P010,P010-S01,Story10,Original,20.0,103,103,103,1.0,0,0,exact
P010,P010-S01,Story11,CD,21.0,114,114,114,1.0,0,0,exact
P011,P011-S01,Story20,RD,2.0,83,83,83,1.0,0,0,exact
P011,P011-S01,Story17,Original,3.0,84,84,84,1.0,0,0,exact
P011,P011-S01,Story2,RD,4.0,101,101,101,1.0,0,0,exact
P011,P011-S01,Story21,Original,5.0,74,74,74,1.0,0,0,exact
P011,P011-S01,Story4,Original,6.0,86,86,86,1.0,0,0,exact
P011,P011-S01,Story18,RD,7.0,95,95,95,1.0,0,0,exact
P011,P011-S01,Story15,CD,8.0,62,62,62,1.0,0,0,exact
P011,P011-S01,Story14,CD,9.0,116,116,116,1.0,0,0,exact
P011,P011-S01,Story13,RD,10.0,102,102,102,1.0,0,0,exact
P011,P011-S01,Story1,CD,11.0,103,103,103,1.0,0,0,exact
P011,P011-S01,Story16,Original,12.0,89,89,89,1.0,0,0,exact
P011,P011-S01,Story5,Original,13.0,83,83,83,1.0,0,0,exact
P011,P011-S01,Story8,CD,14.0,114,114,114,1.0,0,0,exact
P011,P011-S01,Story3,RD,15.0,121,121,121,1.0,0,0,exact
P011,P011-S01,Story19,Original,16.0,107,107,107,1.0,0,0,exact
P011,P011-S01,Story6,RD,17.0,65,65,65,1.0,0,0,exact
P011,P011-S01,Story7,CD,18.0,95,95,95,1.0,0,0,exact
P011,P011-S01,Story11,CD,19.0,114,114,114,1.0,0,0,exact
P011,P011-S01,Story12,Original,20.0,73,73,73,1.0,0,0,exact
P011,P011-S01,Story10,CD,21.0,103,103,103,1.0,0,0,exact
P012,P012-S01,Story10,Original,1.0,103,103,103,1.0,0,0,exact
P012,P012-S01,Story20,RD,2.0,83,83,83,1.0,0,0,exact
P012,P012-S01,Story4,RD,3.0,86,86,86,1.0,0,0,exact
P012,P012-S01,Story9,CD,4.0,119,119,119,1.0,0,0,exact
P012,P012-S01,Story2,Original,5.0,101,101,101,1.0,0,0,exact
P012,P012-S01,Story8,Original,6.0,114,114,114,1.0,0,0,exact
P012,P012-S01,Story18,CD,7.0,95,95,95,1.0,0,0,exact
P012,P012-S01,Story13,Original,8.0,102,102,102,1.0,0,0,exact
P012,P012-S01,Story17,RD,9.0,84,84,84,1.0,0,0,exact
P012,P012-S01,Story1,CD,10.0,103,103,103,1.0,0,0,exact
P012,P012-S01,Story6,CD,11.0,65,65,65,1.0,0,0,exact
P012,P012-S01,Story12,CD,12.0,73,73,73,1.0,0,0,exact
P012,P012-S01,Story3,RD,13.0,121,121,121,1.0,0,0,exact
P012,P012-S01,Story14,Original,14.0,116,116,116,1.0,0,0,exact
P012,P012-S01,Story15,RD,15.0,62,62,62,1.0,0,0,exact
P012,P012-S01,Story5,RD,16.0,83,83,83,1.0,0,0,exact
P012,P012-S01,Story19,CD,17.0,107,107,107,1.0,0,0,exact
P012,P012-S01,Story7,CD,18.0,95,95,95,1.0,0,0,exact
P012,P012-S01,Story11,Original,19.0,114,114,114,1.0,0,0,exact
P012,P012-S01,Story16,Original,20.0,88,89,88,0.9887640449438202,1,0,gap_aligned
P012,P012-S01,Story21,RD,21.0,74,74,74,1.0,0,0,exact
P013,P013-S01,Story8,Original,1.0,114,114,114,1.0,0,0,exact
P013,P013-S01,Story7,Original,2.0,95,95,95,1.0,0,0,exact
P013,P013-S01,Story19,CD,3.0,107,107,107,1.0,0,0,exact
P013,P013-S01,Story13,RD,4.0,102,102,102,1.0,0,0,exact
P013,P013-S01,Story5,RD,5.0,83,83,83,1.0,0,0,exact
P013,P013-S01,Story16,RD,6.0,89,89,89,1.0,0,0,exact
P013,P013-S01,Story1,RD,7.0,103,103,103,1.0,0,0,exact
P013,P013-S01,Story3,RD,8.0,121,121,121,1.0,0,0,exact
P013,P013-S01,Story4,RD,9.0,86,86,86,1.0,0,0,exact
P013,P013-S01,Story18,CD,10.0,95,95,95,1.0,0,0,exact
P013,P013-S01,Story12,Original,11.0,73,73,73,1.0,0,0,exact
P013,P013-S01,Story2,CD,12.0,101,101,101,1.0,0,0,exact
P013,P013-S01,Story6,CD,13.0,65,65,65,1.0,0,0,exact
P013,P013-S01,Story15,Original,14.0,62,62,62,1.0,0,0,exact
P013,P013-S01,Story9,RD,15.0,118,119,118,0.9915966386554622,1,1,gap_aligned
P013,P013-S01,Story10,Original,16.0,103,103,103,1.0,0,0,exact
P013,P013-S01,Story21,CD,17.0,74,74,74,1.0,0,0,exact
P013,P013-S01,Story20,Original,18.0,83,83,83,1.0,0,0,exact
P013,P013-S01,Story17,CD,19.0,84,84,84,1.0,0,0,exact
P013,P013-S01,Story14,CD,20.0,116,116,116,1.0,0,0,exact
P013,P013-S01,Story11,Original,21.0,114,114,114,1.0,0,0,exact
P014,P014-S01,Story16,RD,9.0,86,89,86,0.9662921348314607,3,0,gap_aligned
P014,P014-S01,Story4,RD,10.0,86,86,86,1.0,0,0,exact
P014,P014-S01,Story18,CD,11.0,95,95,95,1.0,0,0,exact
P014,P014-S01,Story7,Original,12.0,95,95,95,1.0,0,0,exact
P014,P014-S01,Story20,CD,13.0,83,83,83,1.0,0,0,exact
P014,P014-S01,Story11,Original,14.0,114,114,114,1.0,0,0,exact
P014,P014-S01,Story12,CD,15.0,73,73,73,1.0,0,0,exact
P014,P014-S01,Story17,RD,16.0,84,84,84,1.0,0,0,exact
P014,P014-S01,Story14,RD,17.0,116,116,116,1.0,0,0,exact
P014,P014-S01,Story6,Original,18.0,65,65,65,1.0,0,0,exact
P014,P014-S01,Story1,Original,19.0,103,103,103,1.0,0,0,exact
P014,P014-S01,Story13,CD,20.0,102,102,102,1.0,0,0,exact
P014,P014-S01,Story5,CD,21.0,84,84,84,1.0,0,0,exact
P015,P015-S01,Story6,Original,1.0,65,65,65,1.0,0,0,exact
P015,P015-S01,Story18,RD,2.0,95,95,95,1.0,0,0,exact
P015,P015-S01,Story3,RD,3.0,121,121,121,1.0,0,0,exact
P015,P015-S01,Story17,Original,4.0,84,84,84,1.0,0,0,exact
P015,P015-S01,Story19,RD,5.0,107,107,107,1.0,0,0,exact
P015,P015-S01,Story13,Original,6.0,102,102,102,1.0,0,0,exact
P015,P015-S01,Story5,CD,7.0,84,84,84,1.0,0,0,exact
P015,P015-S01,Story7,Original,8.0,95,95,95,1.0,0,0,exact
P015,P015-S01,Story15,CD,9.0,62,62,62,1.0,0,0,exact
P015,P015-S01,Story8,CD,10.0,114,114,114,1.0,0,0,exact
P015,P015-S01,Story12,RD,11.0,73,73,73,1.0,0,0,exact
P015,P015-S01,Story1,Original,12.0,103,103,103,1.0,0,0,exact
P015,P015-S01,Story16,RD,13.0,89,89,89,1.0,0,0,exact
P015,P015-S01,Story14,RD,14.0,116,116,116,1.0,0,0,exact
P015,P015-S01,Story4,Original,15.0,86,86,86,1.0,0,0,exact
P015,P015-S01,Story21,RD,16.0,74,74,74,1.0,0,0,exact
P015,P015-S01,Story2,CD,17.0,101,101,101,1.0,0,0,exact
P015,P015-S01,Story10,Original,18.0,103,103,103,1.0,0,0,exact
P015,P015-S01,Story9,CD,19.0,119,119,119,1.0,0,0,exact
P015,P015-S01,Story11,CD,20.0,114,114,114,1.0,0,0,exact
P015,P015-S01,Story20,CD,21.0,83,83,83,1.0,0,0,exact
P016,P016-S01,Story6,RD,1.0,65,65,65,1.0,0,0,exact
P016,P016-S01,Story5,RD,2.0,83,83,83,1.0,0,0,exact
P016,P016-S01,Story18,CD,3.0,95,95,95,1.0,0,0,exact
P016,P016-S01,Story10,RD,4.0,103,103,103,1.0,0,0,exact
P016,P016-S01,Story12,RD,5.0,73,73,73,1.0,0,0,exact
P016,P016-S01,Story16,CD,6.0,89,89,89,1.0,0,0,exact
P016,P016-S01,Story21,CD,7.0,74,74,74,1.0,0,0,exact
P016,P016-S01,Story7,CD,8.0,95,95,95,1.0,0,0,exact
P016,P016-S01,Story8,Original,9.0,114,114,114,1.0,0,0,exact
P016,P016-S01,Story1,Original,10.0,103,103,103,1.0,0,0,exact
P016,P016-S01,Story19,Original,11.0,107,107,107,1.0,0,0,exact
P016,P016-S01,Story13,Original,12.0,102,102,102,1.0,0,0,exact
P016,P016-S01,Story9,CD,13.0,119,119,119,1.0,0,0,exact
P016,P016-S01,Story17,RD,14.0,84,84,84,1.0,0,0,exact
P016,P016-S01,Story14,Original,15.0,116,116,116,1.0,0,0,exact
P016,P016-S01,Story2,RD,16.0,101,101,101,1.0,0,0,exact
P016,P016-S01,Story4,RD,17.0,86,86,86,1.0,0,0,exact
P016,P016-S01,Story20,CD,18.0,83,83,83,1.0,0,0,exact
P016,P016-S01,Story3,Original,19.0,121,121,121,1.0,0,0,exact
P016,P016-S01,Story15,Original,20.0,62,62,62,1.0,0,0,exact
P016,P016-S01,Story11,CD,21.0,114,114,114,1.0,0,0,exact
P017,P017-S01,Story14,CD,1.0,116,116,116,1.0,0,0,exact
P017,P017-S01,Story13,Original,2.0,102,102,102,1.0,0,0,exact
P017,P017-S01,Story1,CD,3.0,103,103,103,1.0,0,0,exact
P017,P017-S01,Story16,RD,4.0,89,89,89,1.0,0,0,exact
P017,P017-S01,Story19,CD,5.0,107,107,107,1.0,0,0,exact
P017,P017-S01,Story21,Original,6.0,74,74,74,1.0,0,0,exact
P017,P017-S01,Story3,RD,7.0,121,121,121,1.0,0,0,exact
P017,P017-S01,Story9,RD,8.0,119,119,119,1.0,0,0,exact
P017,P017-S01,Story8,RD,9.0,114,114,114,1.0,0,0,exact
P017,P017-S01,Story7,Original,10.0,95,95,95,1.0,0,0,exact
P017,P017-S01,Story11,RD,11.0,114,114,114,1.0,0,0,exact
P017,P017-S01,Story18,Original,12.0,95,95,95,1.0,0,0,exact
P017,P017-S01,Story20,RD,13.0,83,83,83,1.0,0,0,exact
P017,P017-S01,Story17,Original,15.0,84,84,84,1.0,0,0,exact
P017,P017-S01,Story6,RD,16.0,65,65,65,1.0,0,0,exact
P017,P017-S01,Story10,Original,17.0,103,103,103,1.0,0,0,exact
P017,P017-S01,Story5,CD,18.0,84,84,84,1.0,0,0,exact
P017,P017-S01,Story15,Original,19.0,62,62,62,1.0,0,0,exact
P017,P017-S01,Story4,CD,20.0,85,87,85,0.9770114942528736,2,0,gap_aligned
P017,P017-S01,Story12,CD,21.0,73,73,73,1.0,0,0,exact
P018,P018-S01,Story17,RD,1.0,83,84,83,0.9880952380952381,1,0,gap_aligned
P018,P018-S01,Story15,Original,2.0,62,62,62,1.0,0,0,exact
P018,P018-S01,Story13,Original,3.0,102,102,102,1.0,0,0,exact
P018,P018-S01,Story21,CD,4.0,74,74,74,1.0,0,0,exact
P018,P018-S01,Story3,CD,5.0,121,121,121,1.0,0,0,exact
P018,P018-S01,Story1,Original,6.0,103,103,103,1.0,0,0,exact
P018,P018-S01,Story5,CD,7.0,84,84,84,1.0,0,0,exact
P018,P018-S01,Story14,Original,8.0,116,116,116,1.0,0,0,exact
P018,P018-S01,Story20,Original,9.0,83,83,83,1.0,0,0,exact
P018,P018-S01,Story9,RD,10.0,119,119,119,1.0,0,0,exact
P018,P018-S01,Story2,RD,11.0,100,101,100,0.9900990099009901,1,0,gap_aligned
P018,P018-S01,Story4,CD,12.0,87,87,87,1.0,0,0,exact
P018,P018-S01,Story11,RD,13.0,114,114,114,1.0,0,0,exact
P018,P018-S01,Story18,RD,14.0,95,95,95,1.0,0,0,exact
P018,P018-S01,Story16,CD,15.0,89,89,89,1.0,0,0,exact
P018,P018-S01,Story12,RD,16.0,73,73,73,1.0,0,0,exact
P018,P018-S01,Story6,Original,17.0,65,65,65,1.0,0,0,exact
P018,P018-S01,Story10,RD,18.0,103,103,103,1.0,0,0,exact
P018,P018-S01,Story19,Original,19.0,107,107,107,1.0,0,0,exact
P018,P018-S01,Story8,CD,20.0,114,114,114,1.0,0,0,exact
P018,P018-S01,Story7,CD,21.0,95,95,95,1.0,0,0,exact
P019,P019-S01,Story5,CD,1.0,84,84,84,1.0,0,0,exact
P019,P019-S01,Story20,Original,2.0,83,83,83,1.0,0,0,exact
P019,P019-S01,Story6,Original,3.0,65,65,65,1.0,0,0,exact
P019,P019-S01,Story9,CD,4.0,119,119,119,1.0,0,0,exact
P019,P019-S01,Story7,CD,5.0,95,95,95,1.0,0,0,exact
P019,P019-S01,Story11,CD,6.0,114,114,114,1.0,0,0,exact
P019,P019-S01,Story14,Original,7.0,116,116,116,1.0,0,0,exact
P019,P019-S01,Story12,Original,8.0,73,73,73,1.0,0,0,exact
P019,P019-S01,Story2,RD,9.0,101,101,101,1.0,0,0,exact
P019,P019-S01,Story17,RD,10.0,84,84,84,1.0,0,0,exact
P019,P019-S01,Story21,RD,11.0,74,74,74,1.0,0,0,exact
P019,P019-S01,Story8,RD,12.0,114,114,114,1.0,0,0,exact
P019,P019-S01,Story18,CD,13.0,95,95,95,1.0,0,0,exact
P019,P019-S01,Story19,RD,14.0,107,107,107,1.0,0,0,exact
P019,P019-S01,Story4,Original,15.0,86,86,86,1.0,0,0,exact
P019,P019-S01,Story16,CD,16.0,89,89,89,1.0,0,0,exact
P019,P019-S01,Story1,Original,17.0,103,103,103,1.0,0,0,exact
P019,P019-S01,Story13,RD,18.0,102,102,102,1.0,0,0,exact
P019,P019-S01,Story15,RD,19.0,62,62,62,1.0,0,0,exact
P019,P019-S01,Story10,Original,20.0,103,103,103,1.0,0,0,exact
P019,P019-S01,Story3,CD,21.0,121,121,121,1.0,0,0,exact
P020,P020-S01,Story7,RD,1.0,95,95,95,1.0,0,0,exact
P020,P020-S01,Story8,CD,2.0,114,114,114,1.0,0,0,exact
P020,P020-S01,Story20,Original,3.0,83,83,83,1.0,0,0,exact
P020,P020-S01,Story18,CD,4.0,95,95,95,1.0,0,0,exact
P020,P020-S01,Story21,RD,5.0,74,74,74,1.0,0,0,exact
P020,P020-S01,Story15,Original,6.0,62,62,62,1.0,0,0,exact
P020,P020-S01,Story13,CD,7.0,102,102,102,1.0,0,0,exact
P020,P020-S01,Story19,RD,8.0,107,107,107,1.0,0,0,exact
P020,P020-S01,Story12,Original,9.0,73,73,73,1.0,0,0,exact
P020,P020-S01,Story11,Original,10.0,114,114,114,1.0,0,0,exact
P020,P020-S01,Story3,CD,11.0,121,121,121,1.0,0,0,exact
P020,P020-S01,Story6,CD,12.0,65,65,65,1.0,0,0,exact
P020,P020-S01,Story4,Original,13.0,86,86,86,1.0,0,0,exact
P020,P020-S01,Story14,RD,14.0,116,116,116,1.0,0,0,exact
P020,P020-S01,Story16,Original,15.0,89,89,89,1.0,0,0,exact
P020,P020-S01,Story5,CD,16.0,84,84,84,1.0,0,0,exact
P020,P020-S01,Story1,RD,17.0,103,103,103,1.0,0,0,exact
P020,P020-S01,Story17,RD,18.0,84,84,84,1.0,0,0,exact
P020,P020-S01,Story2,RD,19.0,101,101,101,1.0,0,0,exact
P020,P020-S01,Story10,CD,20.0,103,103,103,1.0,0,0,exact
P020,P020-S01,Story9,Original,21.0,119,119,119,1.0,0,0,exact
P021,P021-S01,Story8,Original,1.0,114,114,114,1.0,0,0,exact
P021,P021-S01,Story3,Original,2.0,121,121,121,1.0,0,0,exact
P021,P021-S01,Story12,CD,3.0,73,73,73,1.0,0,0,exact
P021,P021-S01,Story14,Original,4.0,116,116,116,1.0,0,0,exact
P021,P021-S01,Story15,Original,5.0,62,62,62,1.0,0,0,exact
P021,P021-S01,Story7,RD,6.0,95,95,95,1.0,0,0,exact
P021,P021-S01,Story17,Original,7.0,84,84,84,1.0,0,0,exact
P021,P021-S01,Story10,RD,8.0,103,103,103,1.0,0,0,exact
P021,P021-S01,Story9,RD,9.0,119,119,119,1.0,0,0,exact
P021,P021-S01,Story4,CD,10.0,87,87,87,1.0,0,0,exact
P021,P021-S01,Story11,RD,11.0,114,114,114,1.0,0,0,exact
P021,P021-S01,Story20,Original,12.0,83,83,83,1.0,0,0,exact
P021,P021-S01,Story16,CD,13.0,89,89,89,1.0,0,0,exact
P021,P021-S01,Story1,CD,14.0,103,103,103,1.0,0,0,exact
P021,P021-S01,Story19,CD,15.0,107,107,107,1.0,0,0,exact
P021,P021-S01,Story6,CD,16.0,65,65,65,1.0,0,0,exact
P021,P021-S01,Story5,CD,17.0,83,84,83,0.9880952380952381,1,0,gap_aligned
P021,P021-S01,Story18,RD,18.0,95,95,95,1.0,0,0,exact
P021,P021-S01,Story13,Original,19.0,102,102,102,1.0,0,0,exact
P021,P021-S01,Story21,RD,20.0,74,74,74,1.0,0,0,exact
P021,P021-S01,Story2,RD,21.0,101,101,101,1.0,0,0,exact
P022,P022-S01,Story1,Original,1.0,103,103,103,1.0,0,0,exact
P022,P022-S01,Story11,Original,2.0,113,114,113,0.9912280701754386,1,0,gap_aligned
P022,P022-S01,Story9,CD,3.0,119,119,119,1.0,0,0,exact
P022,P022-S01,Story6,Original,4.0,65,65,65,1.0,0,0,exact
P022,P022-S01,Story18,RD,5.0,95,95,95,1.0,0,0,exact
P022,P022-S01,Story10,RD,6.0,103,103,103,1.0,0,0,exact
P022,P022-S01,Story21,RD,7.0,74,74,74,1.0,0,0,exact
P022,P022-S01,Story15,CD,8.0,62,62,62,1.0,0,0,exact
P022,P022-S01,Story2,CD,9.0,101,101,101,1.0,0,0,exact
P022,P022-S01,Story4,RD,10.0,86,86,86,1.0,0,0,exact
P022,P022-S01,Story19,CD,11.0,107,107,107,1.0,0,0,exact
P022,P022-S01,Story12,CD,12.0,73,73,73,1.0,0,0,exact
P022,P022-S01,Story7,RD,13.0,95,95,95,1.0,0,0,exact
P022,P022-S01,Story16,RD,14.0,89,89,89,1.0,0,0,exact
P022,P022-S01,Story8,Original,15.0,114,114,114,1.0,0,0,exact
P022,P022-S01,Story13,Original,16.0,102,102,102,1.0,0,0,exact
P022,P022-S01,Story5,Original,17.0,83,83,83,1.0,0,0,exact
P022,P022-S01,Story3,CD,18.0,121,121,121,1.0,0,0,exact
P022,P022-S01,Story14,CD,19.0,116,116,116,1.0,0,0,exact
P022,P022-S01,Story17,RD,20.0,84,84,84,1.0,0,0,exact
P022,P022-S01,Story20,Original,21.0,83,83,83,1.0,0,0,exact
P023,P023-S01,Story18,RD,8.0,95,95,95,1.0,0,0,exact
P023,P023-S01,Story7,CD,9.0,95,95,95,1.0,0,0,exact
P023,P023-S01,Story6,Original,10.0,65,65,65,1.0,0,0,exact
P023,P023-S01,Story13,Original,11.0,102,102,102,1.0,0,0,exact
P023,P023-S01,Story11,Original,12.0,114,114,114,1.0,0,0,exact
P023,P023-S01,Story20,RD,13.0,83,83,83,1.0,0,0,exact
P023,P023-S01,Story17,RD,14.0,84,84,84,1.0,0,0,exact
P023,P023-S01,Story5,Original,15.0,83,83,83,1.0,0,0,exact
P023,P023-S01,Story2,CD,16.0,101,101,101,1.0,0,0,exact
P023,P023-S01,Story9,CD,17.0,119,119,119,1.0,0,0,exact
P023,P023-S01,Story21,Original,18.0,74,74,74,1.0,0,0,exact
P023,P023-S01,Story1,RD,19.0,103,103,103,1.0,0,0,exact
P023,P023-S01,Story12,CD,20.0,73,73,73,1.0,0,0,exact
P023,P023-S01,Story15,RD,21.0,62,62,62,1.0,0,0,exact
P024,P024-S01,Story14,Original,1.0,113,116,113,0.9741379310344828,3,0,gap_aligned
P024,P024-S01,Story21,Original,2.0,73,74,73,0.9864864864864865,1,0,gap_aligned
P024,P024-S01,Story5,RD,3.0,83,83,83,1.0,0,0,exact
P024,P024-S01,Story20,Original,4.0,83,83,83,1.0,0,0,exact
P024,P024-S01,Story15,Original,5.0,62,62,62,1.0,0,0,exact
P024,P024-S01,Story11,CD,6.0,114,114,114,1.0,0,0,exact
P024,P024-S01,Story17,CD,7.0,84,84,84,1.0,0,0,exact
P024,P024-S01,Story8,Original,8.0,114,114,114,1.0,0,0,exact
P024,P024-S01,Story4,RD,9.0,86,86,86,1.0,0,0,exact
P024,P024-S01,Story1,CD,10.0,103,103,103,1.0,0,0,exact
P024,P024-S01,Story19,RD,11.0,107,107,107,1.0,0,0,exact
P024,P024-S01,Story3,CD,12.0,121,121,121,1.0,0,0,exact
P024,P024-S01,Story16,RD,13.0,89,89,89,1.0,0,0,exact
P024,P024-S01,Story10,RD,14.0,103,103,103,1.0,0,0,exact
P024,P024-S01,Story7,CD,15.0,95,95,95,1.0,0,0,exact
P024,P024-S01,Story13,CD,16.0,101,102,101,0.9901960784313726,1,0,gap_aligned
P024,P024-S01,Story6,RD,17.0,65,65,65,1.0,0,0,exact
P024,P024-S01,Story9,Original,18.0,119,119,119,1.0,0,0,exact
P024,P024-S01,Story2,RD,19.0,101,101,101,1.0,0,0,exact
P024,P024-S01,Story18,CD,20.0,95,95,95,1.0,0,0,exact
P024,P024-S01,Story12,Original,21.0,73,73,73,1.0,0,0,exact
P025,P025-S01,Story3,RD,7.0,121,121,121,1.0,0,0,exact
P025,P025-S01,Story15,Original,8.0,62,62,62,1.0,0,0,exact
P025,P025-S01,Story10,CD,9.0,103,103,103,1.0,0,0,exact
P025,P025-S01,Story14,CD,10.0,116,116,116,1.0,0,0,exact
P025,P025-S01,Story2,RD,11.0,101,101,101,1.0,0,0,exact
P025,P025-S01,Story9,Original,12.0,119,119,119,1.0,0,0,exact
P025,P025-S01,Story6,Original,13.0,65,65,65,1.0,0,0,exact
P025,P025-S01,Story4,CD,14.0,87,87,87,1.0,0,0,exact
P025,P025-S01,Story7,CD,15.0,95,95,95,1.0,0,0,exact
P025,P025-S01,Story18,RD,16.0,95,95,95,1.0,0,0,exact
P025,P025-S01,Story20,CD,17.0,83,83,83,1.0,0,0,exact
P025,P025-S01,Story8,RD,18.0,113,114,113,0.9912280701754386,1,1,gap_aligned
P025,P025-S01,Story16,Original,19.0,89,89,89,1.0,0,0,exact
P025,P025-S01,Story13,Original,21.0,102,102,102,1.0,0,0,exact
P026,P026-S01,Story17,CD,2.0,83,84,83,0.9880952380952381,1,1,gap_aligned
P026,P026-S01,Story12,RD,3.0,73,73,73,1.0,0,0,exact
P026,P026-S01,Story13,RD,4.0,102,102,102,1.0,0,0,exact
P026,P026-S01,Story3,Original,5.0,121,121,121,1.0,0,0,exact
P026,P026-S01,Story21,CD,6.0,74,74,74,1.0,0,0,exact
P026,P026-S01,Story8,Original,7.0,112,114,112,0.9824561403508771,2,0,gap_aligned
P026,P026-S01,Story4,Original,8.0,86,86,86,1.0,0,0,exact
P026,P026-S01,Story11,Original,9.0,114,114,114,1.0,0,0,exact
P026,P026-S01,Story6,CD,10.0,65,65,65,1.0,0,0,exact
P026,P026-S01,Story10,CD,11.0,103,103,103,1.0,0,0,exact
P026,P026-S01,Story9,RD,12.0,119,119,119,1.0,0,0,exact
P026,P026-S01,Story15,RD,13.0,62,62,62,1.0,0,0,exact
P026,P026-S01,Story7,Original,14.0,95,95,95,1.0,0,0,exact
P026,P026-S01,Story5,Original,15.0,83,83,83,1.0,0,0,exact
P026,P026-S01,Story2,CD,16.0,100,101,100,0.9900990099009901,1,0,gap_aligned
P026,P026-S01,Story19,Original,17.0,107,107,107,1.0,0,0,exact
P026,P026-S01,Story16,CD,18.0,89,89,89,1.0,0,0,exact
P026,P026-S01,Story18,RD,19.0,94,95,94,0.9894736842105263,1,0,gap_aligned
P026,P026-S01,Story1,RD,20.0,103,103,103,1.0,0,0,exact
P026,P026-S01,Story14,CD,21.0,116,116,116,1.0,0,0,exact
P027,P027-S01,Story15,CD,1.0,62,62,62,1.0,0,0,exact
P027,P027-S01,Story2,CD,2.0,101,101,101,1.0,0,0,exact
P027,P027-S01,Story4,RD,3.0,86,86,86,1.0,0,0,exact
P027,P027-S01,Story5,Original,4.0,83,83,83,1.0,0,0,exact
P027,P027-S01,Story6,RD,5.0,65,65,65,1.0,0,0,exact
P027,P027-S01,Story19,Original,6.0,107,107,107,1.0,0,0,exact
P027,P027-S01,Story13,CD,7.0,102,102,102,1.0,0,0,exact
P027,P027-S01,Story1,Original,8.0,103,103,103,1.0,0,0,exact
P027,P027-S01,Story12,Original,9.0,73,73,73,1.0,0,0,exact
P027,P027-S01,Story9,RD,10.0,119,119,119,1.0,0,0,exact
P027,P027-S01,Story14,RD,11.0,116,116,116,1.0,0,0,exact
P027,P027-S01,Story3,RD,12.0,121,121,121,1.0,0,0,exact
P027,P027-S01,Story17,Original,13.0,84,84,84,1.0,0,0,exact
P027,P027-S01,Story16,RD,14.0,89,89,89,1.0,0,0,exact
P027,P027-S01,Story21,Original,15.0,74,74,74,1.0,0,0,exact
P027,P027-S01,Story10,CD,16.0,103,103,103,1.0,0,0,exact
P027,P027-S01,Story11,CD,17.0,114,114,114,1.0,0,0,exact
P027,P027-S01,Story18,RD,18.0,95,95,95,1.0,0,0,exact
P027,P027-S01,Story8,CD,19.0,114,114,114,1.0,0,0,exact
P027,P027-S01,Story20,Original,20.0,83,83,83,1.0,0,0,exact
P027,P027-S01,Story7,CD,21.0,95,95,95,1.0,0,0,exact
P028,P028-S01,Story6,RD,1.0,65,65,65,1.0,0,0,exact
P028,P028-S01,Story21,Original,2.0,74,74,74,1.0,0,0,exact
P028,P028-S01,Story20,Original,3.0,83,83,83,1.0,0,0,exact
P028,P028-S01,Story14,Original,4.0,116,116,116,1.0,0,0,exact
P028,P028-S01,Story4,RD,5.0,86,86,86,1.0,0,0,exact
P028,P028-S01,Story13,CD,6.0,102,102,102,1.0,0,0,exact
P028,P028-S01,Story7,RD,7.0,95,95,95,1.0,0,0,exact
P028,P028-S01,Story9,Original,8.0,119,119,119,1.0,0,0,exact
P028,P028-S01,Story18,Original,9.0,95,95,95,1.0,0,0,exact
P028,P028-S01,Story12,CD,10.0,73,73,73,1.0,0,0,exact
P028,P028-S01,Story5,RD,11.0,83,83,83,1.0,0,0,exact
P028,P028-S01,Story11,RD,12.0,114,114,114,1.0,0,0,exact
P028,P028-S01,Story10,Original,13.0,103,103,103,1.0,0,0,exact
P028,P028-S01,Story16,RD,14.0,89,89,89,1.0,0,0,exact
P028,P028-S01,Story19,CD,15.0,107,107,107,1.0,0,0,exact
P028,P028-S01,Story3,CD,16.0,121,121,121,1.0,0,0,exact
P028,P028-S01,Story8,Original,17.0,114,114,114,1.0,0,0,exact
P028,P028-S01,Story2,CD,18.0,101,101,101,1.0,0,0,exact
P028,P028-S01,Story15,CD,19.0,62,62,62,1.0,0,0,exact
P028,P028-S01,Story1,RD,20.0,103,103,103,1.0,0,0,exact
P028,P028-S01,Story17,CD,21.0,84,84,84,1.0,0,0,exact
P029,P029-S01,Story9,RD,1.0,119,119,119,1.0,0,0,exact
P029,P029-S01,Story19,Original,2.0,107,107,107,1.0,0,0,exact
P029,P029-S01,Story10,RD,3.0,103,103,103,1.0,0,0,exact
P029,P029-S01,Story6,Original,4.0,65,65,65,1.0,0,0,exact
P029,P029-S01,Story3,Original,5.0,121,121,121,1.0,0,0,exact
P029,P029-S01,Story16,RD,6.0,89,89,89,1.0,0,0,exact
P029,P029-S01,Story21,CD,7.0,74,74,74,1.0,0,0,exact
P029,P029-S01,Story7,RD,8.0,95,95,95,1.0,0,0,exact
P029,P029-S01,Story12,CD,9.0,73,73,73,1.0,0,0,exact
P029,P029-S01,Story4,RD,10.0,86,86,86,1.0,0,0,exact
P029,P029-S01,Story20,CD,11.0,83,83,83,1.0,0,0,exact
P029,P029-S01,Story2,Original,12.0,101,101,101,1.0,0,0,exact
P029,P029-S01,Story15,CD,13.0,62,62,62,1.0,0,0,exact
P029,P029-S01,Story11,CD,14.0,114,114,114,1.0,0,0,exact
P029,P029-S01,Story13,RD,15.0,102,102,102,1.0,0,0,exact
P029,P029-S01,Story1,RD,16.0,103,103,103,1.0,0,0,exact
P029,P029-S01,Story14,CD,17.0,116,116,116,1.0,0,0,exact
P029,P029-S01,Story17,Original,18.0,84,84,84,1.0,0,0,exact
P029,P029-S01,Story8,Original,19.0,114,114,114,1.0,0,0,exact
P029,P029-S01,Story18,CD,20.0,95,95,95,1.0,0,0,exact
P029,P029-S01,Story5,Original,21.0,83,83,83,1.0,0,0,exact
P030,P030-S01,Story13,RD,1.0,102,102,102,1.0,0,0,exact
P030,P030-S01,Story18,CD,2.0,95,95,95,1.0,0,0,exact
P030,P030-S01,Story10,CD,3.0,103,103,103,1.0,0,0,exact
P030,P030-S01,Story17,CD,4.0,84,84,84,1.0,0,0,exact
P030,P030-S01,Story3,Original,5.0,121,121,121,1.0,0,0,exact
P030,P030-S01,Story8,RD,6.0,114,114,114,1.0,0,0,exact
P030,P030-S01,Story4,RD,7.0,86,86,86,1.0,0,0,exact
P030,P030-S01,Story16,Original,8.0,89,89,89,1.0,0,0,exact
P030,P030-S01,Story11,RD,9.0,114,114,114,1.0,0,0,exact
P030,P030-S01,Story7,RD,10.0,95,95,95,1.0,0,0,exact
P030,P030-S01,Story19,CD,11.0,107,107,107,1.0,0,0,exact
P030,P030-S01,Story2,Original,12.0,101,101,101,1.0,0,0,exact
P030,P030-S01,Story12,Original,13.0,73,73,73,1.0,0,0,exact
P030,P030-S01,Story14,RD,14.0,116,116,116,1.0,0,0,exact
P030,P030-S01,Story9,Original,15.0,119,119,119,1.0,0,0,exact
P030,P030-S01,Story15,RD,16.0,62,62,62,1.0,0,0,exact
P030,P030-S01,Story21,CD,17.0,74,74,74,1.0,0,0,exact
P030,P030-S01,Story5,Original,18.0,83,83,83,1.0,0,0,exact
P030,P030-S01,Story6,CD,19.0,65,65,65,1.0,0,0,exact
P030,P030-S01,Story20,CD,20.0,83,83,83,1.0,0,0,exact
P030,P030-S01,Story1,Original,21.0,103,103,103,1.0,0,0,exact
P031,P031-S01,Story9,Original,1.0,117,119,117,0.9831932773109243,2,0,gap_aligned
P031,P031-S01,Story5,Original,2.0,83,83,83,1.0,0,0,exact
P031,P031-S01,Story6,CD,3.0,65,65,65,1.0,0,0,exact
P031,P031-S01,Story4,CD,4.0,87,87,87,1.0,0,0,exact
P031,P031-S01,Story10,Original,5.0,103,103,103,1.0,0,0,exact
P031,P031-S01,Story19,CD,6.0,107,107,107,1.0,0,0,exact
P031,P031-S01,Story18,Original,7.0,95,95,95,1.0,0,0,exact
P031,P031-S01,Story7,RD,8.0,95,95,95,1.0,0,0,exact
P031,P031-S01,Story11,CD,9.0,114,114,114,1.0,0,0,exact
P031,P031-S01,Story13,Original,10.0,102,102,102,1.0,0,0,exact
P031,P031-S01,Story14,Original,11.0,116,116,116,1.0,0,0,exact
P031,P031-S01,Story17,RD,12.0,84,84,84,1.0,0,0,exact
P031,P031-S01,Story1,RD,13.0,103,103,103,1.0,0,0,exact
P031,P031-S01,Story8,CD,14.0,114,114,114,1.0,0,0,exact
P031,P031-S01,Story15,Original,15.0,62,62,62,1.0,0,0,exact
P031,P031-S01,Story16,CD,16.0,89,89,89,1.0,0,0,exact
P031,P031-S01,Story21,CD,17.0,74,74,74,1.0,0,0,exact
P031,P031-S01,Story2,RD,18.0,101,101,101,1.0,0,0,exact
P031,P031-S01,Story3,RD,19.0,121,121,121,1.0,0,0,exact
P031,P031-S01,Story20,RD,20.0,83,83,83,1.0,0,0,exact
P031,P031-S01,Story12,RD,21.0,73,73,73,1.0,0,0,exact
P032,P032-S01,Story7,Original,1.0,95,95,95,1.0,0,0,exact
P032,P032-S01,Story11,Original,2.0,114,114,114,1.0,0,0,exact
P032,P032-S01,Story21,CD,3.0,72,74,72,0.972972972972973,2,0,gap_aligned
P032,P032-S01,Story12,CD,4.0,73,73,73,1.0,0,0,exact
P032,P032-S01,Story10,CD,5.0,103,103,103,1.0,0,0,exact
P032,P032-S01,Story15,CD,6.0,62,62,62,1.0,0,0,exact
P032,P032-S01,Story9,CD,7.0,119,119,119,1.0,0,0,exact
P032,P032-S01,Story14,CD,8.0,116,116,116,1.0,0,0,exact
P032,P032-S01,Story2,RD,9.0,101,101,101,1.0,0,0,exact
P032,P032-S01,Story13,Original,10.0,102,102,102,1.0,0,0,exact
P032,P032-S01,Story19,RD,11.0,107,107,107,1.0,0,0,exact
P032,P032-S01,Story1,Original,12.0,103,103,103,1.0,0,0,exact
P032,P032-S01,Story8,CD,13.0,114,114,114,1.0,0,0,exact
P032,P032-S01,Story17,RD,15.0,84,84,84,1.0,0,0,exact
P032,P032-S01,Story5,Original,16.0,83,83,83,1.0,0,0,exact
P032,P032-S01,Story16,RD,17.0,89,89,89,1.0,0,0,exact
P032,P032-S01,Story4,Original,18.0,86,86,86,1.0,0,0,exact
P032,P032-S01,Story18,RD,19.0,95,95,95,1.0,0,0,exact
P032,P032-S01,Story3,Original,20.0,121,121,121,1.0,0,0,exact
P032,P032-S01,Story6,RD,21.0,65,65,65,1.0,0,0,exact
P033,P033-S01,Story12,RD,1.0,73,73,73,1.0,0,0,exact
P033,P033-S01,Story13,Original,2.0,102,102,102,1.0,0,0,exact
P033,P033-S01,Story1,Original,3.0,103,103,103,1.0,0,0,exact
P033,P033-S01,Story20,RD,4.0,83,83,83,1.0,0,0,exact
P033,P033-S01,Story8,Original,5.0,114,114,114,1.0,0,0,exact
P033,P033-S01,Story4,CD,6.0,87,87,87,1.0,0,0,exact
P033,P033-S01,Story11,CD,7.0,114,114,114,1.0,0,0,exact
P033,P033-S01,Story7,CD,8.0,95,95,95,1.0,0,0,exact
P033,P033-S01,Story17,RD,9.0,84,84,84,1.0,0,0,exact
P033,P033-S01,Story14,CD,10.0,116,116,116,1.0,0,0,exact
P033,P033-S01,Story6,RD,11.0,65,65,65,1.0,0,0,exact
P033,P033-S01,Story15,CD,12.0,62,62,62,1.0,0,0,exact
P033,P033-S01,Story10,Original,13.0,103,103,103,1.0,0,0,exact
P033,P033-S01,Story9,RD,14.0,119,119,119,1.0,0,0,exact
P033,P033-S01,Story18,CD,15.0,95,95,95,1.0,0,0,exact
P033,P033-S01,Story16,Original,16.0,89,89,89,1.0,0,0,exact
P033,P033-S01,Story19,CD,17.0,107,107,107,1.0,0,0,exact
P033,P033-S01,Story3,Original,18.0,121,121,121,1.0,0,0,exact
P033,P033-S01,Story5,Original,19.0,83,83,83,1.0,0,0,exact
P033,P033-S01,Story2,RD,20.0,99,101,99,0.9801980198019802,2,2,gap_aligned
P033,P033-S01,Story21,RD,21.0,74,74,74,1.0,0,0,exact
P034,P034-S01,Story14,CD,1.0,116,116,116,1.0,0,0,exact
P034,P034-S01,Story4,Original,2.0,86,86,86,1.0,0,0,exact
P034,P034-S01,Story6,RD,3.0,65,65,65,1.0,0,0,exact
P034,P034-S01,Story15,RD,4.0,62,62,62,1.0,0,0,exact
P034,P034-S01,Story19,RD,5.0,107,107,107,1.0,0,0,exact
P034,P034-S01,Story20,RD,6.0,83,83,83,1.0,0,0,exact
P034,P034-S01,Story11,CD,7.0,114,114,114,1.0,0,0,exact
P034,P034-S01,Story3,CD,8.0,121,121,121,1.0,0,0,exact
P034,P034-S01,Story5,Original,9.0,83,83,83,1.0,0,0,exact
P034,P034-S01,Story9,CD,10.0,119,119,119,1.0,0,0,exact
P034,P034-S01,Story12,Original,11.0,73,73,73,1.0,0,0,exact
P034,P034-S01,Story13,Original,12.0,102,102,102,1.0,0,0,exact
P034,P034-S01,Story7,Original,13.0,95,95,95,1.0,0,0,exact
P034,P034-S01,Story2,RD,14.0,101,101,101,1.0,0,0,exact
P034,P034-S01,Story8,CD,15.0,114,114,114,1.0,0,0,exact
P034,P034-S01,Story18,CD,16.0,95,95,95,1.0,0,0,exact
P034,P034-S01,Story10,RD,17.0,103,103,103,1.0,0,0,exact
P034,P034-S01,Story1,Original,18.0,103,103,103,1.0,0,0,exact
P034,P034-S01,Story17,RD,19.0,84,84,84,1.0,0,0,exact
P034,P034-S01,Story16,CD,20.0,89,89,89,1.0,0,0,exact
P034,P034-S01,Story21,Original,21.0,74,74,74,1.0,0,0,exact
P035,P035-S01,Story9,CD,1.0,119,119,119,1.0,0,0,exact
P035,P035-S01,Story11,Original,2.0,114,114,114,1.0,0,0,exact
P035,P035-S01,Story10,RD,3.0,103,103,103,1.0,0,0,exact
P035,P035-S01,Story6,RD,4.0,65,65,65,1.0,0,0,exact
P035,P035-S01,Story1,CD,5.0,103,103,103,1.0,0,0,exact
P035,P035-S01,Story7,Original,6.0,95,95,95,1.0,0,0,exact
P035,P035-S01,Story16,Original,7.0,89,89,89,1.0,0,0,exact
P035,P035-S01,Story5,Original,8.0,83,83,83,1.0,0,0,exact
P035,P035-S01,Story4,RD,9.0,86,86,86,1.0,0,0,exact
P035,P035-S01,Story15,CD,10.0,62,62,62,1.0,0,0,exact
P035,P035-S01,Story21,RD,11.0,74,74,74,1.0,0,0,exact
P035,P035-S01,Story17,RD,12.0,84,84,84,1.0,0,0,exact
P035,P035-S01,Story12,Original,13.0,73,73,73,1.0,0,0,exact
P035,P035-S01,Story14,Original,14.0,116,116,116,1.0,0,0,exact
P035,P035-S01,Story2,CD,15.0,101,101,101,1.0,0,0,exact
P035,P035-S01,Story13,CD,16.0,102,102,102,1.0,0,0,exact
P035,P035-S01,Story18,CD,17.0,95,95,95,1.0,0,0,exact
P035,P035-S01,Story8,CD,18.0,114,114,114,1.0,0,0,exact
P035,P035-S01,Story19,RD,19.0,107,107,107,1.0,0,0,exact
P035,P035-S01,Story3,Original,20.0,121,121,121,1.0,0,0,exact
P035,P035-S01,Story20,RD,21.0,83,83,83,1.0,0,0,exact
P036,P036-S01,Story1,Original,1.0,103,103,103,1.0,0,0,exact
P036,P036-S01,Story2,RD,2.0,101,101,101,1.0,0,0,exact
P036,P036-S01,Story9,RD,3.0,118,119,118,0.9915966386554622,1,0,gap_aligned
P036,P036-S01,Story21,Original,4.0,74,74,74,1.0,0,0,exact
P036,P036-S01,Story3,CD,5.0,121,121,121,1.0,0,0,exact
P036,P036-S01,Story6,CD,6.0,65,65,65,1.0,0,0,exact
P036,P036-S01,Story15,Original,7.0,62,62,62,1.0,0,0,exact
P036,P036-S01,Story20,Original,8.0,83,83,83,1.0,0,0,exact
P036,P036-S01,Story7,RD,9.0,95,95,95,1.0,0,0,exact
P036,P036-S01,Story18,CD,10.0,95,95,95,1.0,0,0,exact
P036,P036-S01,Story8,RD,11.0,114,114,114,1.0,0,0,exact
P036,P036-S01,Story11,CD,12.0,114,114,114,1.0,0,0,exact
P036,P036-S01,Story12,CD,13.0,73,73,73,1.0,0,0,exact
P036,P036-S01,Story10,CD,14.0,103,103,103,1.0,0,0,exact
P036,P036-S01,Story14,Original,15.0,116,116,116,1.0,0,0,exact
P036,P036-S01,Story5,Original,16.0,83,83,83,1.0,0,0,exact
P036,P036-S01,Story4,RD,17.0,86,86,86,1.0,0,0,exact
P036,P036-S01,Story16,Original,18.0,89,89,89,1.0,0,0,exact
P036,P036-S01,Story17,RD,19.0,84,84,84,1.0,0,0,exact
P036,P036-S01,Story19,CD,20.0,107,107,107,1.0,0,0,exact
P036,P036-S01,Story13,RD,21.0,102,102,102,1.0,0,0,exact
P037,P037-S01,Story18,Original,3.0,95,95,95,1.0,0,0,exact
P037,P037-S01,Story8,Original,4.0,114,114,114,1.0,0,0,exact
P037,P037-S01,Story5,RD,5.0,83,83,83,1.0,0,0,exact
P037,P037-S01,Story19,Original,6.0,107,107,107,1.0,0,0,exact
P037,P037-S01,Story14,RD,7.0,116,116,116,1.0,0,0,exact
P037,P037-S01,Story9,RD,8.0,117,119,117,0.9831932773109243,2,0,gap_aligned
P037,P037-S01,Story13,CD,9.0,102,102,102,1.0,0,0,exact
P037,P037-S01,Story17,CD,10.0,84,84,84,1.0,0,0,exact
P037,P037-S01,Story7,CD,11.0,95,95,95,1.0,0,0,exact
P037,P037-S01,Story16,CD,12.0,89,89,89,1.0,0,0,exact
P037,P037-S01,Story4,CD,13.0,87,87,87,1.0,0,0,exact
P037,P037-S01,Story3,CD,14.0,121,121,121,1.0,0,0,exact
P037,P037-S01,Story20,Original,15.0,83,83,83,1.0,0,0,exact
P037,P037-S01,Story1,RD,16.0,103,103,103,1.0,0,0,exact
P037,P037-S01,Story6,CD,17.0,65,65,65,1.0,0,0,exact
P037,P037-S01,Story15,RD,18.0,61,62,61,0.9838709677419355,1,0,gap_aligned
P037,P037-S01,Story12,Original,19.0,73,73,73,1.0,0,0,exact
P037,P037-S01,Story11,Original,20.0,114,114,114,1.0,0,0,exact
P037,P037-S01,Story2,RD,21.0,101,101,101,1.0,0,0,exact
P038,P038-S01,Story1,RD,1.0,103,103,103,1.0,0,0,exact
P038,P038-S01,Story21,Original,2.0,74,74,74,1.0,0,0,exact
P038,P038-S01,Story11,RD,3.0,114,114,114,1.0,0,0,exact
P038,P038-S01,Story15,RD,4.0,62,62,62,1.0,0,0,exact
P038,P038-S01,Story12,RD,5.0,73,73,73,1.0,0,0,exact
P038,P038-S01,Story9,RD,6.0,119,119,119,1.0,0,0,exact
P038,P038-S01,Story10,Original,7.0,103,103,103,1.0,0,0,exact
P038,P038-S01,Story14,CD,8.0,116,116,116,1.0,0,0,exact
P038,P038-S01,Story17,CD,9.0,84,84,84,1.0,0,0,exact
P038,P038-S01,Story6,CD,10.0,65,65,65,1.0,0,0,exact
P038,P038-S01,Story13,CD,11.0,102,102,102,1.0,0,0,exact
P038,P038-S01,Story20,RD,12.0,83,83,83,1.0,0,0,exact
P038,P038-S01,Story7,CD,13.0,95,95,95,1.0,0,0,exact
P038,P038-S01,Story2,CD,14.0,101,101,101,1.0,0,0,exact
P038,P038-S01,Story18,Original,15.0,95,95,95,1.0,0,0,exact
P038,P038-S01,Story4,Original,16.0,86,86,86,1.0,0,0,exact
P038,P038-S01,Story19,Original,17.0,107,107,107,1.0,0,0,exact
P038,P038-S01,Story3,Original,18.0,121,121,121,1.0,0,0,exact
P038,P038-S01,Story16,CD,19.0,89,89,89,1.0,0,0,exact
P038,P038-S01,Story5,Original,20.0,83,83,83,1.0,0,0,exact
P038,P038-S01,Story8,RD,21.0,114,114,114,1.0,0,0,exact
P039,P039-S01,Story18,Original,1.0,93,95,93,0.9789473684210527,2,0,gap_aligned
P039,P039-S01,Story8,RD,2.0,114,114,114,1.0,0,0,exact
P039,P039-S01,Story21,RD,3.0,74,74,74,1.0,0,0,exact
P039,P039-S01,Story10,CD,4.0,103,103,103,1.0,0,0,exact
P039,P039-S01,Story2,CD,5.0,101,101,101,1.0,0,0,exact
P039,P039-S01,Story16,CD,6.0,89,89,89,1.0,0,0,exact
P039,P039-S01,Story13,Original,7.0,102,102,102,1.0,0,0,exact
P039,P039-S01,Story12,Original,8.0,73,73,73,1.0,0,0,exact
P039,P039-S01,Story19,CD,9.0,107,107,107,1.0,0,0,exact
P039,P039-S01,Story5,RD,10.0,83,83,83,1.0,0,0,exact
P039,P039-S01,Story11,Original,11.0,114,114,114,1.0,0,0,exact
P039,P039-S01,Story15,Original,12.0,62,62,62,1.0,0,0,exact
P039,P039-S01,Story1,Original,13.0,103,103,103,1.0,0,0,exact
P039,P039-S01,Story4,RD,14.0,86,86,86,1.0,0,0,exact
P039,P039-S01,Story3,CD,15.0,121,121,121,1.0,0,0,exact
P039,P039-S01,Story7,RD,16.0,95,95,95,1.0,0,0,exact
P039,P039-S01,Story14,CD,17.0,116,116,116,1.0,0,0,exact
P039,P039-S01,Story9,CD,18.0,119,119,119,1.0,0,0,exact
P039,P039-S01,Story17,Original,19.0,84,84,84,1.0,0,0,exact
P039,P039-S01,Story20,RD,20.0,83,83,83,1.0,0,0,exact
P039,P039-S01,Story6,RD,21.0,65,65,65,1.0,0,0,exact
P040,P040-S01,Story16,RD,1.0,89,89,89,1.0,0,0,exact
P040,P040-S01,Story18,RD,2.0,95,95,95,1.0,0,0,exact
P040,P040-S01,Story2,CD,3.0,101,101,101,1.0,0,0,exact
P040,P040-S01,Story6,Original,4.0,65,65,65,1.0,0,0,exact
P040,P040-S01,Story3,Original,5.0,121,121,121,1.0,0,0,exact
P040,P040-S01,Story10,RD,6.0,103,103,103,1.0,0,0,exact
P040,P040-S01,Story1,Original,7.0,103,103,103,1.0,0,0,exact
P040,P040-S01,Story9,CD,8.0,119,119,119,1.0,0,0,exact
P040,P040-S01,Story8,Original,9.0,114,114,114,1.0,0,0,exact
P040,P040-S01,Story5,CD,10.0,84,84,84,1.0,0,0,exact
P040,P040-S01,Story12,CD,11.0,73,73,73,1.0,0,0,exact
P040,P040-S01,Story15,RD,12.0,62,62,62,1.0,0,0,exact
P040,P040-S01,Story20,Original,13.0,83,83,83,1.0,0,0,exact
P040,P040-S01,Story17,Original,14.0,84,84,84,1.0,0,0,exact
P040,P040-S01,Story19,CD,15.0,107,107,107,1.0,0,0,exact
P040,P040-S01,Story21,RD,16.0,74,74,74,1.0,0,0,exact
P040,P040-S01,Story7,CD,17.0,95,95,95,1.0,0,0,exact
P040,P040-S01,Story13,CD,18.0,102,102,102,1.0,0,0,exact
P040,P040-S01,Story14,Original,19.0,116,116,116,1.0,0,0,exact
P040,P040-S01,Story11,RD,20.0,114,114,114,1.0,0,0,exact
P040,P040-S01,Story4,RD,21.0,86,86,86,1.0,0,0,exact
P041,P041-S01,Story10,CD,1.0,103,103,103,1.0,0,0,exact
P041,P041-S01,Story2,CD,2.0,101,101,101,1.0,0,0,exact
P041,P041-S01,Story8,Original,3.0,114,114,114,1.0,0,0,exact
P041,P041-S01,Story18,CD,4.0,95,95,95,1.0,0,0,exact
P041,P041-S01,Story11,RD,5.0,114,114,114,1.0,0,0,exact
P041,P041-S01,Story13,Original,6.0,102,102,102,1.0,0,0,exact
P041,P041-S01,Story9,RD,7.0,119,119,119,1.0,0,0,exact
P041,P041-S01,Story16,CD,8.0,89,89,89,1.0,0,0,exact
P041,P041-S01,Story1,Original,9.0,103,103,103,1.0,0,0,exact
P041,P041-S01,Story21,RD,10.0,74,74,74,1.0,0,0,exact
P041,P041-S01,Story4,RD,11.0,86,86,86,1.0,0,0,exact
P041,P041-S01,Story19,CD,12.0,107,107,107,1.0,0,0,exact
P041,P041-S01,Story5,RD,13.0,83,83,83,1.0,0,0,exact
P041,P041-S01,Story14,Original,14.0,116,116,116,1.0,0,0,exact
P041,P041-S01,Story7,Original,15.0,95,95,95,1.0,0,0,exact
P041,P041-S01,Story20,RD,16.0,83,83,83,1.0,0,0,exact
P041,P041-S01,Story12,Original,17.0,73,73,73,1.0,0,0,exact
P041,P041-S01,Story3,CD,18.0,121,121,121,1.0,0,0,exact
P041,P041-S01,Story15,RD,19.0,62,62,62,1.0,0,0,exact
P041,P041-S01,Story17,Original,20.0,84,84,84,1.0,0,0,exact
P041,P041-S01,Story6,CD,21.0,65,65,65,1.0,0,0,exact
P042,P042-S01,Story3,RD,2.0,121,121,121,1.0,0,0,exact
P042,P042-S01,Story2,Original,3.0,101,101,101,1.0,0,0,exact
P042,P042-S01,Story20,Original,4.0,83,83,83,1.0,0,0,exact
P042,P042-S01,Story13,CD,5.0,102,102,102,1.0,0,0,exact
P042,P042-S01,Story11,Original,6.0,114,114,114,1.0,0,0,exact
P042,P042-S01,Story18,Original,7.0,95,95,95,1.0,0,0,exact
P042,P042-S01,Story16,RD,8.0,89,89,89,1.0,0,0,exact
P042,P042-S01,Story8,RD,9.0,114,114,114,1.0,0,0,exact
P042,P042-S01,Story17,RD,10.0,84,84,84,1.0,0,0,exact
P042,P042-S01,Story4,CD,11.0,87,87,87,1.0,0,0,exact
P042,P042-S01,Story14,Original,12.0,115,116,115,0.9913793103448276,1,0,gap_aligned
P042,P042-S01,Story5,RD,13.0,83,83,83,1.0,0,0,exact
P042,P042-S01,Story1,Original,14.0,103,103,103,1.0,0,0,exact
P042,P042-S01,Story9,CD,15.0,119,119,119,1.0,0,0,exact
P042,P042-S01,Story15,RD,16.0,62,62,62,1.0,0,0,exact
P042,P042-S01,Story19,RD,17.0,107,107,107,1.0,0,0,exact
P042,P042-S01,Story6,CD,18.0,65,65,65,1.0,0,0,exact
P042,P042-S01,Story12,CD,19.0,73,73,73,1.0,0,0,exact
P042,P042-S01,Story21,CD,20.0,74,74,74,1.0,0,0,exact
P043,P043-S01,Story19,Original,2.0,107,107,107,1.0,0,0,exact
P043,P043-S01,Story8,Original,3.0,114,114,114,1.0,0,0,exact
P043,P043-S01,Story18,RD,4.0,95,95,95,1.0,0,0,exact
P043,P043-S01,Story13,Original,5.0,102,102,102,1.0,0,0,exact
P043,P043-S01,Story1,RD,6.0,103,103,103,1.0,0,0,exact
P043,P043-S01,Story7,RD,7.0,95,95,95,1.0,0,0,exact
P043,P043-S01,Story9,CD,8.0,119,119,119,1.0,0,0,exact
P043,P043-S01,Story12,Original,9.0,73,73,73,1.0,0,0,exact
P043,P043-S01,Story6,Original,10.0,65,65,65,1.0,0,0,exact
P043,P043-S01,Story16,CD,11.0,89,89,89,1.0,0,0,exact
P043,P043-S01,Story4,CD,12.0,87,87,87,1.0,0,0,exact
P043,P043-S01,Story10,RD,13.0,103,103,103,1.0,0,0,exact
P043,P043-S01,Story17,CD,14.0,84,84,84,1.0,0,0,exact
P043,P043-S01,Story11,CD,15.0,114,114,114,1.0,0,0,exact
P043,P043-S01,Story5,Original,16.0,83,83,83,1.0,0,0,exact
P043,P043-S01,Story14,CD,17.0,116,116,116,1.0,0,0,exact
P043,P043-S01,Story2,RD,18.0,101,101,101,1.0,0,0,exact
P043,P043-S01,Story15,Original,19.0,62,62,62,1.0,0,0,exact
P043,P043-S01,Story21,RD,20.0,74,74,74,1.0,0,0,exact
P043,P043-S01,Story20,CD,21.0,83,83,83,1.0,0,0,exact
P044,P044-S01,Story9,Original,1.0,119,119,119,1.0,0,0,exact
P044,P044-S01,Story4,CD,2.0,87,87,87,1.0,0,0,exact
P044,P044-S01,Story5,RD,3.0,83,83,83,1.0,0,0,exact
P044,P044-S01,Story15,CD,4.0,62,62,62,1.0,0,0,exact
P044,P044-S01,Story10,CD,5.0,103,103,103,1.0,0,0,exact
P044,P044-S01,Story21,CD,6.0,74,74,74,1.0,0,0,exact
P044,P044-S01,Story19,Original,7.0,107,107,107,1.0,0,0,exact
P044,P044-S01,Story1,CD,8.0,103,103,103,1.0,0,0,exact
P044,P044-S01,Story2,RD,9.0,101,101,101,1.0,0,0,exact
P044,P044-S01,Story18,RD,10.0,95,95,95,1.0,0,0,exact
P044,P044-S01,Story17,Original,11.0,84,84,84,1.0,0,0,exact
P044,P044-S01,Story13,RD,12.0,102,102,102,1.0,0,0,exact
P044,P044-S01,Story3,RD,13.0,121,121,121,1.0,0,0,exact
P044,P044-S01,Story12,CD,14.0,73,73,73,1.0,0,0,exact
P044,P044-S01,Story16,CD,15.0,89,89,89,1.0,0,0,exact
P044,P044-S01,Story8,Original,16.0,114,114,114,1.0,0,0,exact
P044,P044-S01,Story6,RD,17.0,65,65,65,1.0,0,0,exact
P044,P044-S01,Story20,Original,18.0,83,83,83,1.0,0,0,exact
P044,P044-S01,Story14,Original,19.0,116,116,116,1.0,0,0,exact
P044,P044-S01,Story7,RD,20.0,95,95,95,1.0,0,0,exact
P044,P044-S01,Story11,Original,21.0,114,114,114,1.0,0,0,exact
P045,P045-S01,Story21,CD,1.0,74,74,74,1.0,0,0,exact
P045,P045-S01,Story12,Original,2.0,73,73,73,1.0,0,0,exact
P045,P045-S01,Story1,RD,3.0,103,103,103,1.0,0,0,exact
P045,P045-S01,Story13,CD,4.0,102,102,102,1.0,0,0,exact
P045,P045-S01,Story19,RD,5.0,107,107,107,1.0,0,0,exact
P045,P045-S01,Story8,CD,6.0,114,114,114,1.0,0,0,exact
P045,P045-S01,Story18,CD,7.0,95,95,95,1.0,0,0,exact
P045,P045-S01,Story6,RD,8.0,65,65,65,1.0,0,0,exact
P045,P045-S01,Story14,RD,9.0,116,116,116,1.0,0,0,exact
P045,P045-S01,Story2,RD,10.0,101,101,101,1.0,0,0,exact
P045,P045-S01,Story11,Original,11.0,114,114,114,1.0,0,0,exact
P045,P045-S01,Story4,Original,12.0,86,86,86,1.0,0,0,exact
P045,P045-S01,Story3,CD,13.0,121,121,121,1.0,0,0,exact
P045,P045-S01,Story20,CD,14.0,83,83,83,1.0,0,0,exact
P045,P045-S01,Story5,Original,15.0,83,83,83,1.0,0,0,exact
P045,P045-S01,Story15,Original,16.0,62,62,62,1.0,0,0,exact
P045,P045-S01,Story17,RD,17.0,84,84,84,1.0,0,0,exact
P045,P045-S01,Story16,CD,18.0,89,89,89,1.0,0,0,exact
P045,P045-S01,Story10,Original,19.0,103,103,103,1.0,0,0,exact
P045,P045-S01,Story9,Original,20.0,119,119,119,1.0,0,0,exact
P045,P045-S01,Story7,RD,21.0,95,95,95,1.0,0,0,exact
P046,P046-S01,Story14,CD,1.0,113,116,113,0.9741379310344828,3,0,gap_aligned
P046,P046-S01,Story19,CD,2.0,106,107,106,0.9906542056074766,1,0,gap_aligned
P046,P046-S01,Story3,RD,3.0,118,121,118,0.9752066115702479,3,2,gap_aligned
P046,P046-S01,Story10,RD,4.0,101,103,101,0.9805825242718447,2,0,gap_aligned
P046,P046-S01,Story5,CD,5.0,84,84,84,1.0,0,0,exact
P046,P046-S01,Story17,RD,7.0,83,84,83,0.9880952380952381,1,0,gap_aligned
P046,P046-S01,Story13,Original,8.0,100,102,100,0.9803921568627451,2,0,gap_aligned
P046,P046-S01,Story20,Original,9.0,82,83,82,0.9879518072289156,1,0,gap_aligned
P046,P046-S01,Story6,CD,10.0,65,65,65,1.0,0,0,exact
P046,P046-S01,Story8,CD,11.0,114,114,114,1.0,0,0,exact
P046,P046-S01,Story16,Original,12.0,89,89,89,1.0,0,0,exact
P046,P046-S01,Story21,CD,13.0,74,74,74,1.0,0,0,exact
P046,P046-S01,Story2,RD,14.0,101,101,101,1.0,0,0,exact
P046,P046-S01,Story4,CD,15.0,87,87,87,1.0,0,0,exact
P046,P046-S01,Story11,Original,16.0,114,114,114,1.0,0,0,exact
P046,P046-S01,Story1,Original,17.0,103,103,103,1.0,0,0,exact
P046,P046-S01,Story12,Original,18.0,73,73,73,1.0,0,0,exact
P046,P046-S01,Story9,Original,19.0,119,119,119,1.0,0,0,exact
P046,P046-S01,Story15,RD,20.0,62,62,62,1.0,0,0,exact
P046,P046-S01,Story7,RD,21.0,95,95,95,1.0,0,0,exact
P047,P047-S01,Story16,RD,8.0,88,89,88,0.9887640449438202,1,0,gap_aligned
P047,P047-S01,Story14,CD,9.0,116,116,116,1.0,0,0,exact
P047,P047-S01,Story15,RD,10.0,62,62,62,1.0,0,0,exact
P047,P047-S01,Story11,RD,11.0,114,114,114,1.0,0,0,exact
P047,P047-S01,Story7,Original,12.0,95,95,95,1.0,0,0,exact
P047,P047-S01,Story6,CD,13.0,65,65,65,1.0,0,0,exact
P047,P047-S01,Story18,Original,14.0,95,95,95,1.0,0,0,exact
P047,P047-S01,Story17,Original,15.0,84,84,84,1.0,0,0,exact
P047,P047-S01,Story9,CD,16.0,119,119,119,1.0,0,0,exact
P047,P047-S01,Story10,Original,17.0,103,103,103,1.0,0,0,exact
P047,P047-S01,Story4,RD,18.0,86,86,86,1.0,0,0,exact
P047,P047-S01,Story1,RD,19.0,103,103,103,1.0,0,0,exact
P047,P047-S01,Story2,Original,20.0,101,101,101,1.0,0,0,exact
P047,P047-S01,Story13,RD,21.0,102,102,102,1.0,0,0,exact
P048,P048-S01,Story4,CD,3.0,87,87,87,1.0,0,0,exact
P048,P048-S01,Story10,Original,4.0,103,103,103,1.0,0,0,exact
P048,P048-S01,Story21,Original,5.0,74,74,74,1.0,0,0,exact
P048,P048-S01,Story13,RD,6.0,102,102,102,1.0,0,0,exact
P048,P048-S01,Story3,CD,7.0,121,121,121,1.0,0,0,exact
P048,P048-S01,Story20,RD,8.0,81,83,81,0.9759036144578314,2,1,gap_aligned
P048,P048-S01,Story17,Original,9.0,84,84,84,1.0,0,0,exact
P048,P048-S01,Story6,CD,10.0,64,65,64,0.9846153846153847,1,0,gap_aligned
P048,P048-S01,Story1,Original,11.0,103,103,103,1.0,0,0,exact
P048,P048-S01,Story19,RD,12.0,107,107,107,1.0,0,0,exact
P048,P048-S01,Story8,RD,13.0,114,114,114,1.0,0,0,exact
P048,P048-S01,Story7,Original,14.0,95,95,95,1.0,0,0,exact
P048,P048-S01,Story18,CD,15.0,95,95,95,1.0,0,0,exact
P048,P048-S01,Story16,RD,16.0,89,89,89,1.0,0,0,exact
P048,P048-S01,Story2,Original,17.0,101,101,101,1.0,0,0,exact
P048,P048-S01,Story5,RD,18.0,83,83,83,1.0,0,0,exact
P048,P048-S01,Story11,CD,19.0,114,114,114,1.0,0,0,exact
P048,P048-S01,Story12,RD,20.0,73,73,73,1.0,0,0,exact
P048,P048-S01,Story15,CD,21.0,62,62,62,1.0,0,0,exact
P049,P049-S01,Story9,RD,1.0,119,119,119,1.0,0,0,exact
P049,P049-S01,Story3,Original,2.0,121,121,121,1.0,0,0,exact
P049,P049-S01,Story7,Original,3.0,95,95,95,1.0,0,0,exact
P049,P049-S01,Story13,CD,4.0,102,102,102,1.0,0,0,exact
P049,P049-S01,Story15,CD,5.0,62,62,62,1.0,0,0,exact
P049,P049-S01,Story12,CD,6.0,73,73,73,1.0,0,0,exact
P049,P049-S01,Story18,RD,7.0,95,95,95,1.0,0,0,exact
P049,P049-S01,Story4,RD,8.0,86,86,86,1.0,0,0,exact
P049,P049-S01,Story8,Original,9.0,114,114,114,1.0,0,0,exact
P049,P049-S01,Story11,Original,10.0,114,114,114,1.0,0,0,exact
P049,P049-S01,Story1,Original,11.0,103,103,103,1.0,0,0,exact
P049,P049-S01,Story21,CD,12.0,74,74,74,1.0,0,0,exact
P049,P049-S01,Story6,CD,13.0,65,65,65,1.0,0,0,exact
P049,P049-S01,Story19,Original,14.0,107,107,107,1.0,0,0,exact
P049,P049-S01,Story17,RD,15.0,84,84,84,1.0,0,0,exact
P049,P049-S01,Story14,CD,16.0,116,116,116,1.0,0,0,exact
P049,P049-S01,Story16,RD,17.0,89,89,89,1.0,0,0,exact
P049,P049-S01,Story2,RD,18.0,101,101,101,1.0,0,0,exact
P049,P049-S01,Story20,Original,19.0,83,83,83,1.0,0,0,exact
P049,P049-S01,Story10,RD,20.0,103,103,103,1.0,0,0,exact
P049,P049-S01,Story5,CD,21.0,84,84,84,1.0,0,0,exact
P050,P050-S01,Story6,Original,1.0,65,65,65,1.0,0,0,exact
P050,P050-S01,Story4,RD,2.0,86,86,86,1.0,0,0,exact
P050,P050-S01,Story14,CD,3.0,116,116,116,1.0,0,0,exact
P050,P050-S01,Story20,CD,4.0,83,83,83,1.0,0,0,exact
P050,P050-S01,Story11,RD,5.0,114,114,114,1.0,0,0,exact
P050,P050-S01,Story21,RD,7.0,74,74,74,1.0,0,0,exact
P050,P050-S01,Story9,RD,8.0,119,119,119,1.0,0,0,exact
P050,P050-S01,Story17,Original,9.0,81,84,81,0.9642857142857143,3,0,gap_aligned
P050,P050-S01,Story13,Original,10.0,102,102,102,1.0,0,0,exact
P050,P050-S01,Story18,Original,11.0,93,95,93,0.9789473684210527,2,0,gap_aligned
P050,P050-S01,Story12,Original,12.0,73,73,73,1.0,0,0,exact
P050,P050-S01,Story15,CD,13.0,62,62,62,1.0,0,0,exact
P050,P050-S01,Story1,CD,14.0,100,103,100,0.970873786407767,3,3,gap_aligned
P050,P050-S01,Story10,RD,15.0,103,103,103,1.0,0,0,exact
P050,P050-S01,Story8,CD,16.0,114,114,114,1.0,0,0,exact
P050,P050-S01,Story16,RD,17.0,89,89,89,1.0,0,0,exact
P050,P050-S01,Story3,CD,18.0,121,121,121,1.0,0,0,exact
P050,P050-S01,Story2,Original,19.0,100,101,100,0.9900990099009901,1,0,gap_aligned
P050,P050-S01,Story19,CD,20.0,106,107,106,0.9906542056074766,1,0,gap_aligned
P050,P050-S01,Story7,Original,21.0,95,95,95,1.0,0,0,exact
P051,P051-S01,Story13,RD,1.0,102,102,102,1.0,0,0,exact
P051,P051-S01,Story11,RD,2.0,114,114,114,1.0,0,0,exact
P051,P051-S01,Story20,Original,3.0,83,83,83,1.0,0,0,exact
P051,P051-S01,Story17,Original,4.0,84,84,84,1.0,0,0,exact
P051,P051-S01,Story21,CD,5.0,74,74,74,1.0,0,0,exact
P051,P051-S01,Story6,Original,6.0,65,65,65,1.0,0,0,exact
P051,P051-S01,Story2,CD,7.0,101,101,101,1.0,0,0,exact
P051,P051-S01,Story9,CD,8.0,119,119,119,1.0,0,0,exact
P051,P051-S01,Story14,Original,9.0,116,116,116,1.0,0,0,exact
P051,P051-S01,Story10,CD,10.0,103,103,103,1.0,0,0,exact
P051,P051-S01,Story7,RD,11.0,95,95,95,1.0,0,0,exact
P051,P051-S01,Story15,CD,12.0,62,62,62,1.0,0,0,exact
P051,P051-S01,Story16,Original,13.0,89,89,89,1.0,0,0,exact
P051,P051-S01,Story19,Original,14.0,107,107,107,1.0,0,0,exact
P051,P051-S01,Story12,Original,15.0,73,73,73,1.0,0,0,exact
P051,P051-S01,Story4,RD,16.0,86,86,86,1.0,0,0,exact
P051,P051-S01,Story3,CD,17.0,121,121,121,1.0,0,0,exact
P051,P051-S01,Story8,RD,18.0,114,114,114,1.0,0,0,exact
P051,P051-S01,Story1,RD,19.0,103,103,103,1.0,0,0,exact
P051,P051-S01,Story5,CD,20.0,84,84,84,1.0,0,0,exact
P051,P051-S01,Story18,RD,21.0,95,95,95,1.0,0,0,exact
P052,P052-S01,Story11,CD,1.0,113,114,113,0.9912280701754386,1,0,gap_aligned
P052,P052-S01,Story16,RD,2.0,89,89,89,1.0,0,0,exact
P052,P052-S01,Story18,RD,3.0,95,95,95,1.0,0,0,exact
P052,P052-S01,Story20,CD,4.0,83,83,83,1.0,0,0,exact
P052,P052-S01,Story21,CD,5.0,74,74,74,1.0,0,0,exact
P052,P052-S01,Story2,CD,6.0,101,101,101,1.0,0,0,exact
P052,P052-S01,Story8,Original,7.0,113,114,113,0.9912280701754386,1,0,gap_aligned
P052,P052-S01,Story10,Original,8.0,103,103,103,1.0,0,0,exact
P052,P052-S01,Story5,Original,9.0,83,83,83,1.0,0,0,exact
P052,P052-S01,Story7,Original,10.0,95,95,95,1.0,0,0,exact
P052,P052-S01,Story12,RD,11.0,73,73,73,1.0,0,0,exact
P052,P052-S01,Story15,Original,12.0,61,62,61,0.9838709677419355,1,0,gap_aligned
P052,P052-S01,Story4,RD,13.0,83,86,83,0.9651162790697675,3,2,gap_aligned
P053,P053-S01,Story5,Original,1.0,82,83,82,0.9879518072289156,1,0,gap_aligned
P053,P053-S01,Story9,Original,2.0,119,119,119,1.0,0,0,exact
P053,P053-S01,Story10,CD,3.0,103,103,103,1.0,0,0,exact
P053,P053-S01,Story21,RD,4.0,74,74,74,1.0,0,0,exact
P053,P053-S01,Story12,CD,5.0,73,73,73,1.0,0,0,exact
P053,P053-S01,Story16,RD,6.0,89,89,89,1.0,0,0,exact
P053,P053-S01,Story3,CD,7.0,121,121,121,1.0,0,0,exact
P053,P053-S01,Story14,RD,8.0,116,116,116,1.0,0,0,exact
P053,P053-S01,Story17,RD,9.0,84,84,84,1.0,0,0,exact
P053,P053-S01,Story1,Original,10.0,103,103,103,1.0,0,0,exact
P053,P053-S01,Story15,RD,11.0,62,62,62,1.0,0,0,exact
P053,P053-S01,Story11,Original,12.0,114,114,114,1.0,0,0,exact
P053,P053-S01,Story18,RD,13.0,95,95,95,1.0,0,0,exact
P053,P053-S01,Story7,Original,14.0,95,95,95,1.0,0,0,exact
P053,P053-S01,Story4,CD,15.0,87,87,87,1.0,0,0,exact
P053,P053-S01,Story2,RD,16.0,101,101,101,1.0,0,0,exact
P053,P053-S01,Story6,Original,17.0,65,65,65,1.0,0,0,exact
P053,P053-S01,Story19,Original,18.0,107,107,107,1.0,0,0,exact
P053,P053-S01,Story20,CD,19.0,83,83,83,1.0,0,0,exact
P053,P053-S01,Story13,CD,20.0,102,102,102,1.0,0,0,exact
P053,P053-S01,Story8,CD,21.0,114,114,114,1.0,0,0,exact
P054,P054-S01,Story15,RD,1.0,62,62,62,1.0,0,0,exact
P054,P054-S01,Story2,CD,2.0,101,101,101,1.0,0,0,exact
P054,P054-S01,Story20,Original,3.0,83,83,83,1.0,0,0,exact
P054,P054-S01,Story8,CD,4.0,114,114,114,1.0,0,0,exact
P054,P054-S01,Story1,Original,5.0,103,103,103,1.0,0,0,exact
P054,P054-S01,Story5,CD,6.0,84,84,84,1.0,0,0,exact
P054,P054-S01,Story17,Original,7.0,84,84,84,1.0,0,0,exact
P054,P054-S01,Story10,RD,8.0,103,103,103,1.0,0,0,exact
P054,P054-S01,Story3,RD,9.0,121,121,121,1.0,0,0,exact
P054,P054-S01,Story4,Original,10.0,86,86,86,1.0,0,0,exact
P054,P054-S01,Story7,Original,11.0,95,95,95,1.0,0,0,exact
P054,P054-S01,Story13,RD,12.0,102,102,102,1.0,0,0,exact
P054,P054-S01,Story19,CD,13.0,107,107,107,1.0,0,0,exact
P054,P054-S01,Story6,RD,14.0,65,65,65,1.0,0,0,exact
P054,P054-S01,Story11,RD,15.0,114,114,114,1.0,0,0,exact
P054,P054-S01,Story18,CD,16.0,95,95,95,1.0,0,0,exact
P054,P054-S01,Story12,CD,17.0,73,73,73,1.0,0,0,exact
P054,P054-S01,Story21,Original,18.0,74,74,74,1.0,0,0,exact
P054,P054-S01,Story16,CD,19.0,89,89,89,1.0,0,0,exact
P054,P054-S01,Story14,RD,20.0,116,116,116,1.0,0,0,exact
P054,P054-S01,Story9,Original,21.0,119,119,119,1.0,0,0,exact
P055,P055-S01,Story5,RD,2.0,83,83,83,1.0,0,0,exact
P055,P055-S01,Story8,RD,3.0,114,114,114,1.0,0,0,exact
P055,P055-S01,Story14,Original,4.0,116,116,116,1.0,0,0,exact
P055,P055-S01,Story21,CD,5.0,74,74,74,1.0,0,0,exact
P055,P055-S01,Story20,CD,6.0,83,83,83,1.0,0,0,exact
P055,P055-S01,Story2,CD,7.0,101,101,101,1.0,0,0,exact
P055,P055-S01,Story10,Original,8.0,103,103,103,1.0,0,0,exact
P055,P055-S01,Story1,RD,9.0,103,103,103,1.0,0,0,exact
P055,P055-S01,Story9,CD,10.0,119,119,119,1.0,0,0,exact
P055,P055-S01,Story18,CD,11.0,95,95,95,1.0,0,0,exact
P055,P055-S01,Story15,Original,12.0,62,62,62,1.0,0,0,exact
P055,P055-S01,Story19,Original,13.0,107,107,107,1.0,0,0,exact
P055,P055-S01,Story3,RD,14.0,121,121,121,1.0,0,0,exact
P055,P055-S01,Story4,Original,15.0,86,86,86,1.0,0,0,exact
P055,P055-S01,Story17,RD,16.0,84,84,84,1.0,0,0,exact
P055,P055-S01,Story12,Original,17.0,73,73,73,1.0,0,0,exact
P055,P055-S01,Story13,CD,18.0,102,102,102,1.0,0,0,exact
P055,P055-S01,Story16,Original,19.0,89,89,89,1.0,0,0,exact
P055,P055-S01,Story6,CD,20.0,65,65,65,1.0,0,0,exact
P055,P055-S01,Story7,RD,21.0,95,95,95,1.0,0,0,exact
P056,P056-S01,Story1,RD,1.0,103,103,103,1.0,0,0,exact
P056,P056-S01,Story9,RD,2.0,119,119,119,1.0,0,0,exact
P056,P056-S01,Story15,CD,3.0,62,62,62,1.0,0,0,exact
P056,P056-S01,Story14,Original,4.0,116,116,116,1.0,0,0,exact
P056,P056-S01,Story20,Original,5.0,83,83,83,1.0,0,0,exact
P056,P056-S01,Story3,RD,6.0,121,121,121,1.0,0,0,exact
P056,P056-S01,Story12,CD,7.0,73,73,73,1.0,0,0,exact
P056,P056-S01,Story19,CD,8.0,107,107,107,1.0,0,0,exact
P056,P056-S01,Story11,Original,9.0,114,114,114,1.0,0,0,exact
P056,P056-S01,Story4,Original,10.0,86,86,86,1.0,0,0,exact
P056,P056-S01,Story18,RD,11.0,95,95,95,1.0,0,0,exact
P056,P056-S01,Story21,CD,12.0,74,74,74,1.0,0,0,exact
P056,P056-S01,Story13,Original,13.0,102,102,102,1.0,0,0,exact
P056,P056-S01,Story7,RD,14.0,95,95,95,1.0,0,0,exact
P056,P056-S01,Story10,CD,15.0,103,103,103,1.0,0,0,exact
P056,P056-S01,Story6,RD,16.0,65,65,65,1.0,0,0,exact
P056,P056-S01,Story17,CD,17.0,84,84,84,1.0,0,0,exact
P056,P056-S01,Story16,Original,18.0,89,89,89,1.0,0,0,exact
P056,P056-S01,Story5,CD,19.0,84,84,84,1.0,0,0,exact
P056,P056-S01,Story2,Original,20.0,101,101,101,1.0,0,0,exact
P056,P056-S01,Story8,RD,21.0,114,114,114,1.0,0,0,exact
P057,P057-S01,Story12,CD,6.0,72,73,72,0.9863013698630136,1,0,gap_aligned
P057,P057-S01,Story15,Original,7.0,62,62,62,1.0,0,0,exact
P057,P057-S01,Story13,Original,8.0,102,102,102,1.0,0,0,exact
P057,P057-S01,Story9,RD,9.0,119,119,119,1.0,0,0,exact
P057,P057-S01,Story17,Original,10.0,84,84,84,1.0,0,0,exact
P057,P057-S01,Story2,Original,11.0,101,101,101,1.0,0,0,exact
P057,P057-S01,Story18,RD,12.0,95,95,95,1.0,0,0,exact
P057,P057-S01,Story19,CD,13.0,107,107,107,1.0,0,0,exact
P057,P057-S01,Story11,CD,14.0,114,114,114,1.0,0,0,exact
P057,P057-S01,Story21,Original,15.0,74,74,74,1.0,0,0,exact
P057,P057-S01,Story20,CD,16.0,83,83,83,1.0,0,0,exact
P057,P057-S01,Story16,RD,17.0,89,89,89,1.0,0,0,exact
P057,P057-S01,Story10,CD,18.0,103,103,103,1.0,0,0,exact
P057,P057-S01,Story7,Original,19.0,95,95,95,1.0,0,0,exact
P057,P057-S01,Story4,RD,20.0,86,86,86,1.0,0,0,exact
P057,P057-S01,Story6,RD,21.0,65,65,65,1.0,0,0,exact
P058,P058-S01,Story21,RD,2.0,74,74,74,1.0,0,0,exact
P058,P058-S01,Story7,CD,3.0,95,95,95,1.0,0,0,exact
P058,P058-S01,Story2,RD,4.0,101,101,101,1.0,0,0,exact
P058,P058-S01,Story8,RD,5.0,114,114,114,1.0,0,0,exact
P058,P058-S01,Story1,CD,6.0,103,103,103,1.0,0,0,exact
P058,P058-S01,Story17,CD,7.0,84,84,84,1.0,0,0,exact
P058,P058-S01,Story18,Original,8.0,95,95,95,1.0,0,0,exact
P058,P058-S01,Story16,RD,9.0,89,89,89,1.0,0,0,exact
P058,P058-S01,Story19,CD,10.0,107,107,107,1.0,0,0,exact
P058,P058-S01,Story6,Original,11.0,65,65,65,1.0,0,0,exact
P058,P058-S01,Story4,CD,12.0,87,87,87,1.0,0,0,exact
P058,P058-S01,Story10,Original,13.0,103,103,103,1.0,0,0,exact
P058,P058-S01,Story9,CD,14.0,119,119,119,1.0,0,0,exact
P058,P058-S01,Story20,Original,15.0,83,83,83,1.0,0,0,exact
P058,P058-S01,Story15,RD,16.0,62,62,62,1.0,0,0,exact
P058,P058-S01,Story5,Original,17.0,83,83,83,1.0,0,0,exact
P058,P058-S01,Story14,RD,18.0,116,116,116,1.0,0,0,exact
P058,P058-S01,Story11,CD,19.0,114,114,114,1.0,0,0,exact
P058,P058-S01,Story3,Original,20.0,121,121,121,1.0,0,0,exact
P058,P058-S01,Story13,Original,21.0,102,102,102,1.0,0,0,exact
P059,P059-S01,Story14,RD,1.0,115,116,115,0.9913793103448276,1,0,gap_aligned
P059,P059-S01,Story12,Original,2.0,73,73,73,1.0,0,0,exact
P059,P059-S01,Story17,RD,3.0,84,84,84,1.0,0,0,exact
P059,P059-S01,Story19,CD,4.0,107,107,107,1.0,0,0,exact
P059,P059-S01,Story18,CD,5.0,95,95,95,1.0,0,0,exact
P059,P059-S01,Story9,Original,6.0,119,119,119,1.0,0,0,exact
P059,P059-S01,Story8,CD,7.0,114,114,114,1.0,0,0,exact
P059,P059-S01,Story11,Original,8.0,114,114,114,1.0,0,0,exact
P059,P059-S01,Story10,RD,9.0,103,103,103,1.0,0,0,exact
P059,P059-S01,Story21,RD,10.0,74,74,74,1.0,0,0,exact
P059,P059-S01,Story1,RD,11.0,103,103,103,1.0,0,0,exact
P059,P059-S01,Story3,RD,12.0,121,121,121,1.0,0,0,exact
P059,P059-S01,Story7,Original,13.0,95,95,95,1.0,0,0,exact
P059,P059-S01,Story15,Original,14.0,62,62,62,1.0,0,0,exact
P059,P059-S01,Story5,Original,15.0,83,83,83,1.0,0,0,exact
P059,P059-S01,Story4,CD,16.0,86,87,86,0.9885057471264368,1,0,gap_aligned
P059,P059-S01,Story2,RD,18.0,101,101,101,1.0,0,0,exact
P059,P059-S01,Story13,CD,19.0,102,102,102,1.0,0,0,exact
P059,P059-S01,Story16,Original,20.0,89,89,89,1.0,0,0,exact
P059,P059-S01,Story6,CD,21.0,65,65,65,1.0,0,0,exact
P060,P060-S01,Story4,CD,2.0,87,87,87,1.0,0,0,exact
P060,P060-S01,Story15,Original,3.0,62,62,62,1.0,0,0,exact
P060,P060-S01,Story20,Original,5.0,83,83,83,1.0,0,0,exact
P060,P060-S01,Story3,RD,6.0,121,121,121,1.0,0,0,exact
P060,P060-S01,Story12,Original,7.0,73,73,73,1.0,0,0,exact
P060,P060-S01,Story17,CD,8.0,84,84,84,1.0,0,0,exact
P060,P060-S01,Story8,RD,9.0,114,114,114,1.0,0,0,exact
P060,P060-S01,Story13,RD,10.0,102,102,102,1.0,0,0,exact
P060,P060-S01,Story5,CD,11.0,84,84,84,1.0,0,0,exact
P060,P060-S01,Story14,Original,12.0,116,116,116,1.0,0,0,exact
P060,P060-S01,Story6,Original,13.0,65,65,65,1.0,0,0,exact
P060,P060-S01,Story21,Original,14.0,74,74,74,1.0,0,0,exact
P060,P060-S01,Story7,RD,15.0,95,95,95,1.0,0,0,exact
P060,P060-S01,Story11,Original,16.0,114,114,114,1.0,0,0,exact
P060,P060-S01,Story1,CD,17.0,101,103,101,0.9805825242718447,2,0,gap_aligned
P060,P060-S01,Story16,RD,18.0,89,89,89,1.0,0,0,exact
P060,P060-S01,Story9,CD,19.0,119,119,119,1.0,0,0,exact
P060,P060-S01,Story10,CD,21.0,103,103,103,1.0,0,0,exact
P061,P061-S01,Story2,CD,1.0,100,101,100,0.9900990099009901,1,0,gap_aligned
P061,P061-S01,Story20,RD,2.0,82,83,82,0.9879518072289156,1,0,gap_aligned
P061,P061-S01,Story10,CD,3.0,103,103,103,1.0,0,0,exact
P061,P061-S01,Story1,CD,4.0,103,103,103,1.0,0,0,exact
P061,P061-S01,Story4,RD,5.0,86,86,86,1.0,0,0,exact
P061,P061-S01,Story8,RD,6.0,114,114,114,1.0,0,0,exact
P061,P061-S01,Story13,CD,7.0,102,102,102,1.0,0,0,exact
P061,P061-S01,Story21,Original,8.0,74,74,74,1.0,0,0,exact
P061,P061-S01,Story12,Original,9.0,73,73,73,1.0,0,0,exact
P061,P061-S01,Story9,Original,10.0,119,119,119,1.0,0,0,exact
P061,P061-S01,Story7,Original,11.0,94,95,94,0.9894736842105263,1,0,gap_aligned
P061,P061-S01,Story19,Original,12.0,107,107,107,1.0,0,0,exact
P061,P061-S01,Story17,CD,13.0,84,84,84,1.0,0,0,exact
P061,P061-S01,Story3,RD,14.0,121,121,121,1.0,0,0,exact
P061,P061-S01,Story11,CD,15.0,114,114,114,1.0,0,0,exact
P061,P061-S01,Story18,Original,16.0,95,95,95,1.0,0,0,exact
P061,P061-S01,Story6,CD,17.0,65,65,65,1.0,0,0,exact
P061,P061-S01,Story5,Original,18.0,83,83,83,1.0,0,0,exact
P061,P061-S01,Story15,RD,19.0,62,62,62,1.0,0,0,exact
P061,P061-S01,Story16,RD,20.0,89,89,89,1.0,0,0,exact
P061,P061-S01,Story14,RD,21.0,116,116,116,1.0,0,0,exact
P062,P062-S01,Story7,CD,1.0,95,95,95,1.0,0,0,exact
P062,P062-S01,Story3,RD,2.0,121,121,121,1.0,0,0,exact
P062,P062-S01,Story20,CD,3.0,83,83,83,1.0,0,0,exact
P062,P062-S01,Story14,CD,4.0,116,116,116,1.0,0,0,exact
P062,P062-S01,Story8,RD,5.0,114,114,114,1.0,0,0,exact
P062,P062-S01,Story9,CD,6.0,119,119,119,1.0,0,0,exact
P062,P062-S01,Story2,RD,7.0,98,101,98,0.9702970297029703,3,0,gap_aligned
P062,P062-S01,Story17,CD,8.0,84,84,84,1.0,0,0,exact
P062,P062-S01,Story6,Original,9.0,65,65,65,1.0,0,0,exact
P062,P062-S01,Story10,Original,10.0,103,103,103,1.0,0,0,exact
P062,P062-S01,Story15,RD,11.0,62,62,62,1.0,0,0,exact
P062,P062-S01,Story18,Original,12.0,95,95,95,1.0,0,0,exact
P062,P062-S01,Story5,Original,13.0,83,83,83,1.0,0,0,exact
P062,P062-S01,Story21,CD,14.0,74,74,74,1.0,0,0,exact
P062,P062-S01,Story11,CD,15.0,114,114,114,1.0,0,0,exact
P062,P062-S01,Story19,Original,16.0,107,107,107,1.0,0,0,exact
P062,P062-S01,Story13,RD,17.0,102,102,102,1.0,0,0,exact
P062,P062-S01,Story1,Original,18.0,103,103,103,1.0,0,0,exact
P062,P062-S01,Story16,Original,19.0,89,89,89,1.0,0,0,exact
P062,P062-S01,Story4,RD,20.0,86,86,86,1.0,0,0,exact
P062,P062-S01,Story12,RD,21.0,70,73,70,0.958904109589041,3,0,gap_aligned
P063,P063-S01,Story8,RD,1.0,114,114,114,1.0,0,0,exact
P063,P063-S01,Story10,Original,2.0,103,103,103,1.0,0,0,exact
P063,P063-S01,Story16,RD,3.0,89,89,89,1.0,0,0,exact
P063,P063-S01,Story12,RD,4.0,73,73,73,1.0,0,0,exact
P063,P063-S01,Story5,CD,5.0,84,84,84,1.0,0,0,exact
P063,P063-S01,Story4,RD,6.0,86,86,86,1.0,0,0,exact
P063,P063-S01,Story9,Original,7.0,119,119,119,1.0,0,0,exact
P063,P063-S01,Story21,Original,8.0,74,74,74,1.0,0,0,exact
P063,P063-S01,Story13,RD,9.0,102,102,102,1.0,0,0,exact
P063,P063-S01,Story15,CD,10.0,62,62,62,1.0,0,0,exact
P063,P063-S01,Story2,RD,11.0,101,101,101,1.0,0,0,exact
P063,P063-S01,Story11,CD,12.0,114,114,114,1.0,0,0,exact
P063,P063-S01,Story20,Original,13.0,83,83,83,1.0,0,0,exact
P063,P063-S01,Story17,Original,14.0,84,84,84,1.0,0,0,exact
P063,P063-S01,Story19,CD,15.0,107,107,107,1.0,0,0,exact
P063,P063-S01,Story1,Original,16.0,103,103,103,1.0,0,0,exact
P063,P063-S01,Story18,Original,17.0,95,95,95,1.0,0,0,exact
P063,P063-S01,Story3,RD,18.0,121,121,121,1.0,0,0,exact
P063,P063-S01,Story6,CD,19.0,65,65,65,1.0,0,0,exact
P063,P063-S01,Story7,CD,20.0,95,95,95,1.0,0,0,exact
P063,P063-S01,Story14,CD,21.0,116,116,116,1.0,0,0,exact
P064,P064-S01,Story3,RD,1.0,120,121,120,0.9917355371900827,1,0,gap_aligned
P064,P064-S01,Story21,RD,2.0,74,74,74,1.0,0,0,exact
P064,P064-S01,Story20,CD,3.0,83,83,83,1.0,0,0,exact
P064,P064-S01,Story11,CD,4.0,112,114,112,0.9824561403508771,2,0,gap_aligned
P064,P064-S01,Story18,RD,5.0,95,95,95,1.0,0,0,exact
P064,P064-S01,Story19,CD,6.0,107,107,107,1.0,0,0,exact
P064,P064-S01,Story12,CD,7.0,73,73,73,1.0,0,0,exact
P064,P064-S01,Story17,Original,8.0,84,84,84,1.0,0,0,exact
P064,P064-S01,Story10,RD,9.0,103,103,103,1.0,0,0,exact
P064,P064-S01,Story8,RD,10.0,114,114,114,1.0,0,0,exact
P064,P064-S01,Story5,CD,11.0,83,84,83,0.9880952380952381,1,0,gap_aligned
P064,P064-S01,Story16,RD,12.0,89,89,89,1.0,0,0,exact
P064,P064-S01,Story2,Original,13.0,101,101,101,1.0,0,0,exact
P064,P064-S01,Story1,CD,14.0,103,103,103,1.0,0,0,exact
P064,P064-S01,Story7,Original,15.0,95,95,95,1.0,0,0,exact
P064,P064-S01,Story14,Original,16.0,116,116,116,1.0,0,0,exact
P064,P064-S01,Story13,CD,17.0,102,102,102,1.0,0,0,exact
P064,P064-S01,Story6,RD,18.0,65,65,65,1.0,0,0,exact
P064,P064-S01,Story9,Original,19.0,117,119,117,0.9831932773109243,2,0,gap_aligned
P064,P064-S01,Story15,Original,20.0,62,62,62,1.0,0,0,exact
P064,P064-S01,Story4,Original,21.0,85,86,85,0.9883720930232558,1,0,gap_aligned
P065,P065-S01,Story3,RD,2.0,121,121,121,1.0,0,0,exact
P065,P065-S01,Story20,Original,3.0,83,83,83,1.0,0,0,exact
P065,P065-S01,Story18,CD,5.0,95,95,95,1.0,0,0,exact
P065,P065-S01,Story9,CD,6.0,119,119,119,1.0,0,0,exact
P065,P065-S01,Story10,RD,7.0,103,103,103,1.0,0,0,exact
P065,P065-S01,Story21,Original,8.0,74,74,74,1.0,0,0,exact
P065,P065-S01,Story4,Original,9.0,86,86,86,1.0,0,0,exact
P065,P065-S01,Story5,CD,10.0,84,84,84,1.0,0,0,exact
P065,P065-S01,Story14,RD,11.0,116,116,116,1.0,0,0,exact
P065,P065-S01,Story7,CD,12.0,95,95,95,1.0,0,0,exact
P065,P065-S01,Story15,CD,13.0,62,62,62,1.0,0,0,exact
P065,P065-S01,Story6,RD,14.0,65,65,65,1.0,0,0,exact
P065,P065-S01,Story1,RD,15.0,103,103,103,1.0,0,0,exact
P065,P065-S01,Story12,CD,16.0,73,73,73,1.0,0,0,exact
P065,P065-S01,Story13,Original,17.0,102,102,102,1.0,0,0,exact
P065,P065-S01,Story17,RD,18.0,84,84,84,1.0,0,0,exact
P065,P065-S01,Story11,CD,19.0,114,114,114,1.0,0,0,exact
P065,P065-S01,Story19,Original,20.0,107,107,107,1.0,0,0,exact
P065,P065-S01,Story2,Original,21.0,101,101,101,1.0,0,0,exact
P066,P066-S01,Story20,Original,1.0,83,83,83,1.0,0,0,exact
P066,P066-S01,Story14,Original,2.0,116,116,116,1.0,0,0,exact
P066,P066-S01,Story18,RD,3.0,95,95,95,1.0,0,0,exact
P066,P066-S01,Story19,RD,4.0,107,107,107,1.0,0,0,exact
P066,P066-S01,Story6,CD,5.0,65,65,65,1.0,0,0,exact
P066,P066-S01,Story4,CD,6.0,86,87,86,0.9885057471264368,1,1,gap_aligned
P066,P066-S01,Story13,Original,7.0,99,102,99,0.9705882352941176,3,0,gap_aligned
P066,P066-S01,Story5,Original,8.0,83,83,83,1.0,0,0,exact
P066,P066-S01,Story2,RD,9.0,101,101,101,1.0,0,0,exact
P066,P066-S01,Story17,CD,10.0,84,84,84,1.0,0,0,exact
P066,P066-S01,Story21,Original,11.0,74,74,74,1.0,0,0,exact
P066,P066-S01,Story8,CD,12.0,114,114,114,1.0,0,0,exact
P066,P066-S01,Story1,CD,13.0,103,103,103,1.0,0,0,exact
P066,P066-S01,Story10,RD,14.0,103,103,103,1.0,0,0,exact
P066,P066-S01,Story7,CD,15.0,95,95,95,1.0,0,0,exact
P066,P066-S01,Story12,RD,16.0,73,73,73,1.0,0,0,exact
P066,P066-S01,Story11,CD,17.0,114,114,114,1.0,0,0,exact
P066,P066-S01,Story3,RD,18.0,121,121,121,1.0,0,0,exact
P066,P066-S01,Story9,Original,19.0,119,119,119,1.0,0,0,exact
P066,P066-S01,Story15,RD,20.0,62,62,62,1.0,0,0,exact
P066,P066-S01,Story16,Original,21.0,89,89,89,1.0,0,0,exact
P067,P067-S01,Story21,Original,2.0,74,74,74,1.0,0,0,exact
P067,P067-S01,Story3,Original,3.0,121,121,121,1.0,0,0,exact
P067,P067-S01,Story1,CD,4.0,103,103,103,1.0,0,0,exact
P067,P067-S01,Story4,RD,5.0,85,86,85,0.9883720930232558,1,1,gap_aligned
P067,P067-S01,Story14,RD,6.0,116,116,116,1.0,0,0,exact
P067,P067-S01,Story10,RD,7.0,103,103,103,1.0,0,0,exact
P067,P067-S01,Story16,RD,8.0,89,89,89,1.0,0,0,exact
P067,P067-S01,Story18,Original,9.0,95,95,95,1.0,0,0,exact
P067,P067-S01,Story5,CD,10.0,84,84,84,1.0,0,0,exact
P067,P067-S01,Story9,Original,11.0,119,119,119,1.0,0,0,exact
P067,P067-S01,Story17,CD,12.0,84,84,84,1.0,0,0,exact
P067,P067-S01,Story7,RD,13.0,95,95,95,1.0,0,0,exact
P067,P067-S01,Story20,CD,14.0,83,83,83,1.0,0,0,exact
P067,P067-S01,Story15,Original,15.0,62,62,62,1.0,0,0,exact
P067,P067-S01,Story2,CD,16.0,101,101,101,1.0,0,0,exact
P067,P067-S01,Story13,Original,17.0,102,102,102,1.0,0,0,exact
P067,P067-S01,Story12,RD,18.0,73,73,73,1.0,0,0,exact
P067,P067-S01,Story19,CD,19.0,107,107,107,1.0,0,0,exact
P067,P067-S01,Story6,RD,20.0,65,65,65,1.0,0,0,exact
P067,P067-S01,Story11,CD,21.0,114,114,114,1.0,0,0,exact
P068,P068-S01,Story2,CD,1.0,101,101,101,1.0,0,0,exact
P068,P068-S01,Story1,RD,2.0,103,103,103,1.0,0,0,exact
P068,P068-S01,Story14,CD,3.0,116,116,116,1.0,0,0,exact
P068,P068-S01,Story11,RD,4.0,114,114,114,1.0,0,0,exact
P068,P068-S01,Story10,Original,5.0,103,103,103,1.0,0,0,exact
P068,P068-S01,Story17,Original,6.0,84,84,84,1.0,0,0,exact
P068,P068-S01,Story4,RD,7.0,86,86,86,1.0,0,0,exact
P068,P068-S01,Story8,CD,8.0,114,114,114,1.0,0,0,exact
P068,P068-S01,Story9,CD,9.0,119,119,119,1.0,0,0,exact
P068,P068-S01,Story19,Original,10.0,107,107,107,1.0,0,0,exact
P068,P068-S01,Story21,CD,11.0,74,74,74,1.0,0,0,exact
P068,P068-S01,Story5,RD,12.0,83,83,83,1.0,0,0,exact
P068,P068-S01,Story18,RD,13.0,95,95,95,1.0,0,0,exact
P068,P068-S01,Story15,Original,14.0,62,62,62,1.0,0,0,exact
P068,P068-S01,Story16,Original,15.0,89,89,89,1.0,0,0,exact
P068,P068-S01,Story13,CD,16.0,102,102,102,1.0,0,0,exact
P068,P068-S01,Story12,RD,17.0,73,73,73,1.0,0,0,exact
P068,P068-S01,Story7,CD,18.0,95,95,95,1.0,0,0,exact
P068,P068-S01,Story3,Original,19.0,121,121,121,1.0,0,0,exact
P068,P068-S01,Story6,Original,20.0,65,65,65,1.0,0,0,exact
P068,P068-S01,Story20,RD,21.0,83,83,83,1.0,0,0,exact
P069,P069-S01,Story8,RD,1.0,112,114,112,0.9824561403508771,2,0,gap_aligned
P069,P069-S01,Story1,CD,2.0,103,103,103,1.0,0,0,exact
P069,P069-S01,Story16,RD,3.0,89,89,89,1.0,0,0,exact
P069,P069-S01,Story21,RD,4.0,74,74,74,1.0,0,0,exact
P069,P069-S01,Story7,RD,5.0,95,95,95,1.0,0,0,exact
P069,P069-S01,Story19,Original,6.0,107,107,107,1.0,0,0,exact
P069,P069-S01,Story10,RD,7.0,103,103,103,1.0,0,0,exact
P069,P069-S01,Story14,Original,8.0,116,116,116,1.0,0,0,exact
P069,P069-S01,Story4,RD,9.0,86,86,86,1.0,0,0,exact
P069,P069-S01,Story6,Original,10.0,65,65,65,1.0,0,0,exact
P069,P069-S01,Story5,CD,11.0,84,84,84,1.0,0,0,exact
P069,P069-S01,Story17,RD,12.0,84,84,84,1.0,0,0,exact
P069,P069-S01,Story12,Original,13.0,73,73,73,1.0,0,0,exact
P069,P069-S01,Story20,CD,14.0,83,83,83,1.0,0,0,exact
P069,P069-S01,Story11,CD,15.0,114,114,114,1.0,0,0,exact
P069,P069-S01,Story3,CD,16.0,121,121,121,1.0,0,0,exact
P069,P069-S01,Story15,Original,17.0,62,62,62,1.0,0,0,exact
P069,P069-S01,Story9,Original,18.0,119,119,119,1.0,0,0,exact
P069,P069-S01,Story2,CD,19.0,101,101,101,1.0,0,0,exact
P069,P069-S01,Story18,CD,20.0,95,95,95,1.0,0,0,exact
P069,P069-S01,Story13,Original,21.0,102,102,102,1.0,0,0,exact
P070,P070-S01,Story21,RD,1.0,74,74,74,1.0,0,0,exact
P070,P070-S01,Story16,Original,2.0,89,89,89,1.0,0,0,exact
P070,P070-S01,Story13,CD,3.0,102,102,102,1.0,0,0,exact
P070,P070-S01,Story5,Original,4.0,83,83,83,1.0,0,0,exact
P070,P070-S01,Story7,CD,5.0,95,95,95,1.0,0,0,exact
P070,P070-S01,Story20,RD,6.0,83,83,83,1.0,0,0,exact
P070,P070-S01,Story4,Original,7.0,86,86,86,1.0,0,0,exact
P070,P070-S01,Story18,CD,8.0,95,95,95,1.0,0,0,exact
P070,P070-S01,Story9,Original,9.0,119,119,119,1.0,0,0,exact
P070,P070-S01,Story8,CD,10.0,114,114,114,1.0,0,0,exact
P070,P070-S01,Story2,Original,11.0,101,101,101,1.0,0,0,exact
P070,P070-S01,Story12,RD,12.0,73,73,73,1.0,0,0,exact
P070,P070-S01,Story10,CD,13.0,103,103,103,1.0,0,0,exact
P070,P070-S01,Story17,RD,14.0,84,84,84,1.0,0,0,exact
P070,P070-S01,Story19,Original,15.0,107,107,107,1.0,0,0,exact
P070,P070-S01,Story6,RD,16.0,65,65,65,1.0,0,0,exact
P070,P070-S01,Story3,CD,17.0,121,121,121,1.0,0,0,exact
P070,P070-S01,Story1,CD,18.0,103,103,103,1.0,0,0,exact
P070,P070-S01,Story11,Original,19.0,114,114,114,1.0,0,0,exact
P070,P070-S01,Story15,RD,20.0,62,62,62,1.0,0,0,exact
P070,P070-S01,Story14,RD,21.0,116,116,116,1.0,0,0,exact
P071,P071-S01,Story18,CD,2.0,95,95,95,1.0,0,0,exact
P071,P071-S01,Story13,CD,3.0,102,102,102,1.0,0,0,exact
P071,P071-S01,Story2,RD,4.0,101,101,101,1.0,0,0,exact
P071,P071-S01,Story15,Original,5.0,62,62,62,1.0,0,0,exact
P071,P071-S01,Story5,Original,6.0,82,83,82,0.9879518072289156,1,0,gap_aligned
P071,P071-S01,Story14,RD,7.0,116,116,116,1.0,0,0,exact
P071,P071-S01,Story9,RD,8.0,119,119,119,1.0,0,0,exact
P071,P071-S01,Story20,Original,9.0,83,83,83,1.0,0,0,exact
P071,P071-S01,Story17,Original,10.0,84,84,84,1.0,0,0,exact
P071,P071-S01,Story21,CD,11.0,74,74,74,1.0,0,0,exact
P071,P071-S01,Story4,Original,12.0,86,86,86,1.0,0,0,exact
P071,P071-S01,Story12,RD,13.0,73,73,73,1.0,0,0,exact
P071,P071-S01,Story19,RD,14.0,107,107,107,1.0,0,0,exact
P071,P071-S01,Story3,CD,15.0,121,121,121,1.0,0,0,exact
P071,P071-S01,Story6,CD,16.0,65,65,65,1.0,0,0,exact
P071,P071-S01,Story8,RD,17.0,114,114,114,1.0,0,0,exact
P071,P071-S01,Story7,Original,18.0,95,95,95,1.0,0,0,exact
P071,P071-S01,Story11,CD,19.0,114,114,114,1.0,0,0,exact
P071,P071-S01,Story10,CD,20.0,103,103,103,1.0,0,0,exact
P071,P071-S01,Story16,RD,21.0,89,89,89,1.0,0,0,exact
P072,P072-S01,Story10,Original,1.0,103,103,103,1.0,0,0,exact
P072,P072-S01,Story18,CD,2.0,95,95,95,1.0,0,0,exact
P072,P072-S01,Story8,CD,3.0,114,114,114,1.0,0,0,exact
P072,P072-S01,Story19,Original,4.0,107,107,107,1.0,0,0,exact
P072,P072-S01,Story1,RD,5.0,103,103,103,1.0,0,0,exact
P072,P072-S01,Story5,RD,6.0,83,83,83,1.0,0,0,exact
P072,P072-S01,Story2,Original,7.0,101,101,101,1.0,0,0,exact
P072,P072-S01,Story4,Original,8.0,86,86,86,1.0,0,0,exact
P072,P072-S01,Story6,Original,9.0,65,65,65,1.0,0,0,exact
P072,P072-S01,Story13,RD,10.0,102,102,102,1.0,0,0,exact
P072,P072-S01,Story20,CD,11.0,83,83,83,1.0,0,0,exact
P072,P072-S01,Story12,Original,12.0,73,73,73,1.0,0,0,exact
P072,P072-S01,Story7,RD,13.0,95,95,95,1.0,0,0,exact
P072,P072-S01,Story14,CD,14.0,116,116,116,1.0,0,0,exact
P072,P072-S01,Story3,CD,15.0,121,121,121,1.0,0,0,exact
P072,P072-S01,Story21,CD,16.0,74,74,74,1.0,0,0,exact
P072,P072-S01,Story15,RD,17.0,62,62,62,1.0,0,0,exact
P072,P072-S01,Story9,CD,18.0,119,119,119,1.0,0,0,exact
P072,P072-S01,Story11,RD,19.0,114,114,114,1.0,0,0,exact
P072,P072-S01,Story16,RD,20.0,89,89,89,1.0,0,0,exact
P072,P072-S01,Story17,Original,21.0,84,84,84,1.0,0,0,exact
P073,P073-S01,Story12,RD,1.0,73,73,73,1.0,0,0,exact
P073,P073-S01,Story14,CD,3.0,116,116,116,1.0,0,0,exact
P073,P073-S01,Story16,RD,4.0,89,89,89,1.0,0,0,exact
P073,P073-S01,Story6,RD,5.0,65,65,65,1.0,0,0,exact
P073,P073-S01,Story21,RD,6.0,74,74,74,1.0,0,0,exact
P073,P073-S01,Story13,RD,7.0,102,102,102,1.0,0,0,exact
P073,P073-S01,Story1,Original,8.0,103,103,103,1.0,0,0,exact
P073,P073-S01,Story8,CD,9.0,114,114,114,1.0,0,0,exact
P073,P073-S01,Story3,Original,10.0,121,121,121,1.0,0,0,exact
P073,P073-S01,Story5,Original,11.0,83,83,83,1.0,0,0,exact
P073,P073-S01,Story11,CD,12.0,114,114,114,1.0,0,0,exact
P073,P073-S01,Story15,RD,13.0,62,62,62,1.0,0,0,exact
P073,P073-S01,Story18,Original,14.0,95,95,95,1.0,0,0,exact
P073,P073-S01,Story17,CD,15.0,84,84,84,1.0,0,0,exact
P073,P073-S01,Story19,CD,16.0,107,107,107,1.0,0,0,exact
P073,P073-S01,Story7,RD,17.0,95,95,95,1.0,0,0,exact
P073,P073-S01,Story9,CD,18.0,119,119,119,1.0,0,0,exact
P073,P073-S01,Story20,CD,19.0,83,83,83,1.0,0,0,exact
P073,P073-S01,Story4,Original,20.0,86,86,86,1.0,0,0,exact
P073,P073-S01,Story10,Original,21.0,103,103,103,1.0,0,0,exact
P074,P074-S01,Story15,RD,2.0,62,62,62,1.0,0,0,exact
P074,P074-S01,Story11,Original,3.0,114,114,114,1.0,0,0,exact
P074,P074-S01,Story12,CD,4.0,73,73,73,1.0,0,0,exact
P074,P074-S01,Story21,RD,5.0,74,74,74,1.0,0,0,exact
P074,P074-S01,Story19,CD,6.0,107,107,107,1.0,0,0,exact
P074,P074-S01,Story18,RD,7.0,95,95,95,1.0,0,0,exact
P074,P074-S01,Story7,Original,8.0,95,95,95,1.0,0,0,exact
P074,P074-S01,Story2,CD,9.0,101,101,101,1.0,0,0,exact
P074,P074-S01,Story3,Original,10.0,121,121,121,1.0,0,0,exact
P074,P074-S01,Story13,Original,11.0,102,102,102,1.0,0,0,exact
P074,P074-S01,Story9,Original,12.0,119,119,119,1.0,0,0,exact
P074,P074-S01,Story1,Original,13.0,103,103,103,1.0,0,0,exact
P074,P074-S01,Story16,Original,14.0,89,89,89,1.0,0,0,exact
P074,P074-S01,Story6,CD,15.0,64,65,64,0.9846153846153847,1,0,gap_aligned
P074,P074-S01,Story4,CD,16.0,87,87,87,1.0,0,0,exact
P074,P074-S01,Story5,CD,17.0,84,84,84,1.0,0,0,exact
P074,P074-S01,Story8,RD,18.0,113,114,113,0.9912280701754386,1,0,gap_aligned
P074,P074-S01,Story14,RD,19.0,116,116,116,1.0,0,0,exact
P074,P074-S01,Story20,CD,20.0,83,83,83,1.0,0,0,exact
P074,P074-S01,Story10,RD,21.0,103,103,103,1.0,0,0,exact
P075,P075-S01,Story2,Original,1.0,100,101,100,0.9900990099009901,1,0,gap_aligned
P075,P075-S01,Story5,RD,2.0,83,83,83,1.0,0,0,exact
P075,P075-S01,Story3,RD,3.0,121,121,121,1.0,0,0,exact
P075,P075-S01,Story9,Original,4.0,119,119,119,1.0,0,0,exact
P075,P075-S01,Story20,Original,5.0,83,83,83,1.0,0,0,exact
P075,P075-S01,Story4,Original,6.0,86,86,86,1.0,0,0,exact
P075,P075-S01,Story15,RD,7.0,62,62,62,1.0,0,0,exact
P075,P075-S01,Story10,Original,8.0,103,103,103,1.0,0,0,exact
P075,P075-S01,Story21,CD,9.0,74,74,74,1.0,0,0,exact
P075,P075-S01,Story18,Original,10.0,95,95,95,1.0,0,0,exact
P075,P075-S01,Story1,CD,11.0,103,103,103,1.0,0,0,exact
P075,P075-S01,Story11,RD,12.0,114,114,114,1.0,0,0,exact
P075,P075-S01,Story6,Original,13.0,65,65,65,1.0,0,0,exact
P075,P075-S01,Story17,CD,14.0,84,84,84,1.0,0,0,exact
P075,P075-S01,Story8,CD,15.0,114,114,114,1.0,0,0,exact
P075,P075-S01,Story7,RD,16.0,95,95,95,1.0,0,0,exact
P075,P075-S01,Story14,CD,17.0,116,116,116,1.0,0,0,exact
P075,P075-S01,Story19,RD,18.0,107,107,107,1.0,0,0,exact
P075,P075-S01,Story16,CD,19.0,89,89,89,1.0,0,0,exact
P075,P075-S01,Story12,RD,20.0,73,73,73,1.0,0,0,exact
P075,P075-S01,Story13,CD,21.0,102,102,102,1.0,0,0,exact
P076,P076-S01,Story4,Original,1.0,86,86,86,1.0,0,0,exact
P076,P076-S01,Story10,CD,2.0,102,103,102,0.9902912621359223,1,0,gap_aligned
P076,P076-S01,Story19,Original,3.0,107,107,107,1.0,0,0,exact
P076,P076-S01,Story16,RD,4.0,89,89,89,1.0,0,0,exact
P076,P076-S01,Story2,CD,5.0,100,101,100,0.9900990099009901,1,0,gap_aligned
P076,P076-S01,Story11,Original,6.0,114,114,114,1.0,0,0,exact
P076,P076-S01,Story14,Original,7.0,116,116,116,1.0,0,0,exact
P076,P076-S01,Story12,CD,8.0,73,73,73,1.0,0,0,exact
P076,P076-S01,Story15,CD,9.0,62,62,62,1.0,0,0,exact
P076,P076-S01,Story3,RD,10.0,121,121,121,1.0,0,0,exact
P076,P076-S01,Story9,Original,11.0,119,119,119,1.0,0,0,exact
P076,P076-S01,Story8,CD,12.0,114,114,114,1.0,0,0,exact
P076,P076-S01,Story6,RD,13.0,65,65,65,1.0,0,0,exact
P076,P076-S01,Story13,Original,14.0,102,102,102,1.0,0,0,exact
P076,P076-S01,Story17,RD,15.0,84,84,84,1.0,0,0,exact
P076,P076-S01,Story18,CD,16.0,95,95,95,1.0,0,0,exact
P076,P076-S01,Story1,RD,17.0,103,103,103,1.0,0,0,exact
P076,P076-S01,Story7,Original,18.0,95,95,95,1.0,0,0,exact
P076,P076-S01,Story21,CD,19.0,74,74,74,1.0,0,0,exact
P076,P076-S01,Story5,RD,20.0,82,83,82,0.9879518072289156,1,0,gap_aligned
P076,P076-S01,Story20,RD,21.0,83,83,83,1.0,0,0,exact
P077,P077-S01,Story11,CD,1.0,114,114,114,1.0,0,0,exact
P077,P077-S01,Story7,CD,2.0,95,95,95,1.0,0,0,exact
P077,P077-S01,Story8,CD,3.0,114,114,114,1.0,0,0,exact
P077,P077-S01,Story9,CD,4.0,119,119,119,1.0,0,0,exact
P077,P077-S01,Story3,RD,5.0,121,121,121,1.0,0,0,exact
P077,P077-S01,Story19,RD,6.0,107,107,107,1.0,0,0,exact
P077,P077-S01,Story2,Original,7.0,101,101,101,1.0,0,0,exact
P077,P077-S01,Story17,CD,8.0,84,84,84,1.0,0,0,exact
P077,P077-S01,Story6,Original,9.0,65,65,65,1.0,0,0,exact
P077,P077-S01,Story5,Original,10.0,83,83,83,1.0,0,0,exact
P077,P077-S01,Story13,Original,11.0,102,102,102,1.0,0,0,exact
P077,P077-S01,Story16,RD,12.0,89,89,89,1.0,0,0,exact
P077,P077-S01,Story10,RD,13.0,103,103,103,1.0,0,0,exact
P077,P077-S01,Story12,RD,14.0,73,73,73,1.0,0,0,exact
P077,P077-S01,Story4,RD,15.0,86,86,86,1.0,0,0,exact
P077,P077-S01,Story14,CD,16.0,116,116,116,1.0,0,0,exact
P077,P077-S01,Story21,CD,17.0,74,74,74,1.0,0,0,exact
P077,P077-S01,Story15,Original,18.0,62,62,62,1.0,0,0,exact
P077,P077-S01,Story18,Original,19.0,95,95,95,1.0,0,0,exact
P077,P077-S01,Story20,RD,20.0,83,83,83,1.0,0,0,exact
P077,P077-S01,Story1,Original,21.0,103,103,103,1.0,0,0,exact
P078,P078-S01,Story19,CD,1.0,107,107,107,1.0,0,0,exact
P078,P078-S01,Story5,RD,2.0,83,83,83,1.0,0,0,exact
P078,P078-S01,Story14,Original,3.0,115,116,115,0.9913793103448276,1,0,gap_aligned
P078,P078-S01,Story8,CD,4.0,114,114,114,1.0,0,0,exact
P078,P078-S01,Story13,RD,5.0,102,102,102,1.0,0,0,exact
P078,P078-S01,Story7,RD,6.0,95,95,95,1.0,0,0,exact
P078,P078-S01,Story20,RD,7.0,83,83,83,1.0,0,0,exact
P078,P078-S01,Story15,Original,8.0,62,62,62,1.0,0,0,exact
P078,P078-S01,Story6,CD,9.0,65,65,65,1.0,0,0,exact
P078,P078-S01,Story11,Original,10.0,114,114,114,1.0,0,0,exact
P078,P078-S01,Story16,Original,11.0,89,89,89,1.0,0,0,exact
P078,P078-S01,Story4,CD,12.0,87,87,87,1.0,0,0,exact
P078,P078-S01,Story12,RD,13.0,73,73,73,1.0,0,0,exact
P078,P078-S01,Story18,Original,14.0,95,95,95,1.0,0,0,exact
P078,P078-S01,Story17,CD,15.0,84,84,84,1.0,0,0,exact
P078,P078-S01,Story2,RD,16.0,101,101,101,1.0,0,0,exact
P078,P078-S01,Story10,Original,17.0,103,103,103,1.0,0,0,exact
P078,P078-S01,Story3,RD,18.0,121,121,121,1.0,0,0,exact
P078,P078-S01,Story21,Original,19.0,74,74,74,1.0,0,0,exact
P078,P078-S01,Story1,CD,20.0,103,103,103,1.0,0,0,exact
P078,P078-S01,Story9,CD,21.0,119,119,119,1.0,0,0,exact
P079,P079-S01,Story16,CD,1.0,89,89,89,1.0,0,0,exact
P079,P079-S01,Story18,Original,2.0,95,95,95,1.0,0,0,exact
P079,P079-S01,Story2,CD,3.0,101,101,101,1.0,0,0,exact
P079,P079-S01,Story13,RD,4.0,102,102,102,1.0,0,0,exact
P079,P079-S01,Story6,Original,5.0,65,65,65,1.0,0,0,exact
P079,P079-S01,Story19,CD,6.0,107,107,107,1.0,0,0,exact
P079,P079-S01,Story21,CD,7.0,74,74,74,1.0,0,0,exact
P079,P079-S01,Story20,CD,8.0,83,83,83,1.0,0,0,exact
P079,P079-S01,Story11,CD,9.0,114,114,114,1.0,0,0,exact
P079,P079-S01,Story5,Original,10.0,83,83,83,1.0,0,0,exact
P079,P079-S01,Story8,RD,11.0,114,114,114,1.0,0,0,exact
P079,P079-S01,Story7,Original,12.0,95,95,95,1.0,0,0,exact
P079,P079-S01,Story15,RD,13.0,62,62,62,1.0,0,0,exact
P079,P079-S01,Story12,RD,14.0,73,73,73,1.0,0,0,exact
P079,P079-S01,Story10,RD,15.0,103,103,103,1.0,0,0,exact
P079,P079-S01,Story3,RD,16.0,121,121,121,1.0,0,0,exact
P079,P079-S01,Story14,CD,17.0,116,116,116,1.0,0,0,exact
P079,P079-S01,Story4,Original,18.0,86,86,86,1.0,0,0,exact
P079,P079-S01,Story1,Original,19.0,103,103,103,1.0,0,0,exact
P079,P079-S01,Story9,Original,20.0,119,119,119,1.0,0,0,exact
P079,P079-S01,Story17,RD,21.0,84,84,84,1.0,0,0,exact
P080,P080-S01,Story13,Original,2.0,102,102,102,1.0,0,0,exact
P080,P080-S01,Story3,Original,3.0,121,121,121,1.0,0,0,exact
P080,P080-S01,Story5,RD,4.0,83,83,83,1.0,0,0,exact
P080,P080-S01,Story4,CD,5.0,87,87,87,1.0,0,0,exact
P080,P080-S01,Story6,CD,6.0,65,65,65,1.0,0,0,exact
P080,P080-S01,Story19,Original,7.0,107,107,107,1.0,0,0,exact
P080,P080-S01,Story9,CD,8.0,119,119,119,1.0,0,0,exact
P080,P080-S01,Story1,CD,9.0,103,103,103,1.0,0,0,exact
P080,P080-S01,Story7,Original,10.0,95,95,95,1.0,0,0,exact
P080,P080-S01,Story20,CD,11.0,83,83,83,1.0,0,0,exact
P080,P080-S01,Story14,RD,12.0,116,116,116,1.0,0,0,exact
P080,P080-S01,Story11,RD,13.0,114,114,114,1.0,0,0,exact
P080,P080-S01,Story18,RD,14.0,95,95,95,1.0,0,0,exact
P080,P080-S01,Story10,CD,15.0,103,103,103,1.0,0,0,exact
P080,P080-S01,Story16,CD,16.0,89,89,89,1.0,0,0,exact
P080,P080-S01,Story21,Original,17.0,74,74,74,1.0,0,0,exact
P080,P080-S01,Story15,RD,18.0,62,62,62,1.0,0,0,exact
P080,P080-S01,Story2,RD,19.0,101,101,101,1.0,0,0,exact
P080,P080-S01,Story12,Original,20.0,73,73,73,1.0,0,0,exact
P080,P080-S01,Story8,RD,21.0,114,114,114,1.0,0,0,exact
P081,P081-S01,Story12,Original,1.0,73,73,73,1.0,0,0,exact
P081,P081-S01,Story21,RD,2.0,74,74,74,1.0,0,0,exact
P081,P081-S01,Story19,CD,3.0,107,107,107,1.0,0,0,exact
P081,P081-S01,Story8,CD,4.0,114,114,114,1.0,0,0,exact
P081,P081-S01,Story11,RD,5.0,114,114,114,1.0,0,0,exact
P081,P081-S01,Story17,CD,6.0,84,84,84,1.0,0,0,exact
P081,P081-S01,Story4,RD,7.0,86,86,86,1.0,0,0,exact
P081,P081-S01,Story16,CD,8.0,89,89,89,1.0,0,0,exact
P081,P081-S01,Story5,Original,9.0,83,83,83,1.0,0,0,exact
P081,P081-S01,Story13,Original,10.0,102,102,102,1.0,0,0,exact
P081,P081-S01,Story6,CD,11.0,65,65,65,1.0,0,0,exact
P081,P081-S01,Story7,RD,12.0,95,95,95,1.0,0,0,exact
P081,P081-S01,Story18,Original,13.0,95,95,95,1.0,0,0,exact
P081,P081-S01,Story2,RD,14.0,101,101,101,1.0,0,0,exact
P081,P081-S01,Story20,Original,15.0,83,83,83,1.0,0,0,exact
P081,P081-S01,Story15,Original,16.0,62,62,62,1.0,0,0,exact
P081,P081-S01,Story9,Original,17.0,119,119,119,1.0,0,0,exact
P081,P081-S01,Story10,RD,18.0,103,103,103,1.0,0,0,exact
P081,P081-S01,Story3,CD,19.0,121,121,121,1.0,0,0,exact
P081,P081-S01,Story1,CD,20.0,103,103,103,1.0,0,0,exact
P081,P081-S01,Story14,RD,21.0,116,116,116,1.0,0,0,exact
P082,P082-S01,Story18,RD,5.0,94,95,94,0.9894736842105263,1,0,gap_aligned
P082,P082-S01,Story14,Original,6.0,116,116,116,1.0,0,0,exact
P082,P082-S01,Story8,Original,7.0,114,114,114,1.0,0,0,exact
P082,P082-S01,Story3,CD,8.0,121,121,121,1.0,0,0,exact
P082,P082-S01,Story10,Original,9.0,103,103,103,1.0,0,0,exact
P082,P082-S01,Story4,CD,10.0,87,87,87,1.0,0,0,exact
P082,P082-S01,Story15,RD,11.0,62,62,62,1.0,0,0,exact
P082,P082-S01,Story12,Original,12.0,73,73,73,1.0,0,0,exact
P082,P082-S01,Story5,RD,13.0,83,83,83,1.0,0,0,exact
P082,P082-S01,Story7,RD,14.0,95,95,95,1.0,0,0,exact
P082,P082-S01,Story11,RD,15.0,114,114,114,1.0,0,0,exact
P082,P082-S01,Story2,Original,16.0,101,101,101,1.0,0,0,exact
P082,P082-S01,Story20,CD,17.0,83,83,83,1.0,0,0,exact
P082,P082-S01,Story9,CD,18.0,119,119,119,1.0,0,0,exact
P082,P082-S01,Story17,Original,19.0,84,84,84,1.0,0,0,exact
P082,P082-S01,Story16,RD,20.0,89,89,89,1.0,0,0,exact
P082,P082-S01,Story21,CD,21.0,74,74,74,1.0,0,0,exact
P083,P083-S01,Story13,Original,3.0,101,102,101,0.9901960784313726,1,0,gap_aligned
P083,P083-S01,Story21,CD,4.0,74,74,74,1.0,0,0,exact
P083,P083-S01,Story11,RD,5.0,114,114,114,1.0,0,0,exact
P083,P083-S01,Story10,Original,6.0,103,103,103,1.0,0,0,exact
P083,P083-S01,Story19,CD,7.0,107,107,107,1.0,0,0,exact
P083,P083-S01,Story5,Original,8.0,83,83,83,1.0,0,0,exact
P083,P083-S01,Story16,RD,9.0,88,89,88,0.9887640449438202,1,0,gap_aligned
P083,P083-S01,Story7,RD,10.0,95,95,95,1.0,0,0,exact
P083,P083-S01,Story4,Original,11.0,86,86,86,1.0,0,0,exact
P083,P083-S01,Story15,CD,12.0,62,62,62,1.0,0,0,exact
P083,P083-S01,Story6,Original,13.0,65,65,65,1.0,0,0,exact
P083,P083-S01,Story2,CD,14.0,101,101,101,1.0,0,0,exact
P083,P083-S01,Story1,Original,15.0,103,103,103,1.0,0,0,exact
P083,P083-S01,Story9,RD,16.0,119,119,119,1.0,0,0,exact
P083,P083-S01,Story17,Original,17.0,84,84,84,1.0,0,0,exact
P083,P083-S01,Story8,RD,18.0,114,114,114,1.0,0,0,exact
P083,P083-S01,Story14,CD,19.0,116,116,116,1.0,0,0,exact
P083,P083-S01,Story20,RD,20.0,83,83,83,1.0,0,0,exact
P083,P083-S01,Story18,CD,21.0,95,95,95,1.0,0,0,exact
P084,P084-S01,Story4,RD,1.0,86,86,86,1.0,0,0,exact
P084,P084-S01,Story16,Original,2.0,89,89,89,1.0,0,0,exact
P084,P084-S01,Story5,RD,3.0,83,83,83,1.0,0,0,exact
P084,P084-S01,Story12,CD,4.0,73,73,73,1.0,0,0,exact
P084,P084-S01,Story2,RD,5.0,101,101,101,1.0,0,0,exact
P084,P084-S01,Story11,CD,6.0,114,114,114,1.0,0,0,exact
P084,P084-S01,Story10,Original,7.0,103,103,103,1.0,0,0,exact
P084,P084-S01,Story9,RD,9.0,119,119,119,1.0,0,0,exact
P084,P084-S01,Story15,Original,10.0,62,62,62,1.0,0,0,exact
P084,P084-S01,Story3,CD,11.0,121,121,121,1.0,0,0,exact
P084,P084-S01,Story20,Original,12.0,83,83,83,1.0,0,0,exact
P084,P084-S01,Story14,CD,13.0,116,116,116,1.0,0,0,exact
P084,P084-S01,Story18,CD,15.0,95,95,95,1.0,0,0,exact
P084,P084-S01,Story7,CD,16.0,95,95,95,1.0,0,0,exact
P084,P084-S01,Story6,Original,17.0,65,65,65,1.0,0,0,exact
P084,P084-S01,Story13,Original,18.0,102,102,102,1.0,0,0,exact
P084,P084-S01,Story8,RD,19.0,114,114,114,1.0,0,0,exact
P084,P084-S01,Story19,RD,20.0,107,107,107,1.0,0,0,exact
P084,P084-S01,Story17,Original,21.0,84,84,84,1.0,0,0,exact
P085,P085-S01,Story9,RD,1.0,119,119,119,1.0,0,0,exact
P085,P085-S01,Story17,CD,2.0,84,84,84,1.0,0,0,exact
P085,P085-S01,Story20,Original,3.0,83,83,83,1.0,0,0,exact
P085,P085-S01,Story12,RD,4.0,73,73,73,1.0,0,0,exact
P085,P085-S01,Story21,CD,5.0,74,74,74,1.0,0,0,exact
P085,P085-S01,Story4,CD,6.0,87,87,87,1.0,0,0,exact
P085,P085-S01,Story3,RD,7.0,121,121,121,1.0,0,0,exact
P085,P085-S01,Story6,CD,8.0,65,65,65,1.0,0,0,exact
P085,P085-S01,Story11,CD,9.0,114,114,114,1.0,0,0,exact
P085,P085-S01,Story13,RD,10.0,102,102,102,1.0,0,0,exact
P085,P085-S01,Story18,Original,11.0,95,95,95,1.0,0,0,exact
P085,P085-S01,Story2,Original,12.0,101,101,101,1.0,0,0,exact
P085,P085-S01,Story5,Original,13.0,83,83,83,1.0,0,0,exact
P085,P085-S01,Story19,CD,14.0,107,107,107,1.0,0,0,exact
P085,P085-S01,Story8,Original,15.0,114,114,114,1.0,0,0,exact
P085,P085-S01,Story15,RD,16.0,62,62,62,1.0,0,0,exact
P085,P085-S01,Story1,Original,17.0,103,103,103,1.0,0,0,exact
P085,P085-S01,Story7,RD,18.0,95,95,95,1.0,0,0,exact
P085,P085-S01,Story14,CD,19.0,116,116,116,1.0,0,0,exact
P085,P085-S01,Story10,RD,20.0,103,103,103,1.0,0,0,exact
P085,P085-S01,Story16,Original,21.0,89,89,89,1.0,0,0,exact
P086,P086-S01,Story20,RD,1.0,83,83,83,1.0,0,0,exact
P086,P086-S01,Story1,CD,2.0,103,103,103,1.0,0,0,exact
P086,P086-S01,Story13,Original,3.0,102,102,102,1.0,0,0,exact
P086,P086-S01,Story16,CD,4.0,89,89,89,1.0,0,0,exact
P086,P086-S01,Story15,Original,5.0,62,62,62,1.0,0,0,exact
P086,P086-S01,Story14,CD,6.0,116,116,116,1.0,0,0,exact
P086,P086-S01,Story4,CD,7.0,87,87,87,1.0,0,0,exact
P086,P086-S01,Story2,RD,8.0,101,101,101,1.0,0,0,exact
P086,P086-S01,Story8,Original,9.0,114,114,114,1.0,0,0,exact
P086,P086-S01,Story21,CD,10.0,74,74,74,1.0,0,0,exact
P086,P086-S01,Story3,CD,11.0,121,121,121,1.0,0,0,exact
P086,P086-S01,Story7,CD,12.0,95,95,95,1.0,0,0,exact
P086,P086-S01,Story10,RD,13.0,103,103,103,1.0,0,0,exact
P086,P086-S01,Story19,RD,14.0,107,107,107,1.0,0,0,exact
P086,P086-S01,Story6,Original,15.0,65,65,65,1.0,0,0,exact
P086,P086-S01,Story17,Original,16.0,84,84,84,1.0,0,0,exact
P086,P086-S01,Story5,RD,17.0,83,83,83,1.0,0,0,exact
P086,P086-S01,Story12,Original,18.0,73,73,73,1.0,0,0,exact
P086,P086-S01,Story18,RD,19.0,95,95,95,1.0,0,0,exact
P086,P086-S01,Story9,Original,20.0,119,119,119,1.0,0,0,exact
P086,P086-S01,Story11,RD,21.0,114,114,114,1.0,0,0,exact
P087,P087-S01,Story2,CD,1.0,101,101,101,1.0,0,0,exact
P087,P087-S01,Story19,CD,2.0,107,107,107,1.0,0,0,exact
P087,P087-S01,Story12,Original,3.0,73,73,73,1.0,0,0,exact
P087,P087-S01,Story15,CD,4.0,62,62,62,1.0,0,0,exact
P087,P087-S01,Story9,CD,5.0,119,119,119,1.0,0,0,exact
P087,P087-S01,Story5,RD,6.0,83,83,83,1.0,0,0,exact
P087,P087-S01,Story20,RD,7.0,83,83,83,1.0,0,0,exact
P087,P087-S01,Story4,Original,8.0,86,86,86,1.0,0,0,exact
P087,P087-S01,Story6,Original,9.0,65,65,65,1.0,0,0,exact
P087,P087-S01,Story11,CD,10.0,114,114,114,1.0,0,0,exact
P087,P087-S01,Story10,CD,11.0,103,103,103,1.0,0,0,exact
P087,P087-S01,Story1,Original,12.0,103,103,103,1.0,0,0,exact
P087,P087-S01,Story13,RD,13.0,102,102,102,1.0,0,0,exact
P087,P087-S01,Story14,Original,14.0,116,116,116,1.0,0,0,exact
P087,P087-S01,Story3,RD,15.0,121,121,121,1.0,0,0,exact
P087,P087-S01,Story21,RD,16.0,74,74,74,1.0,0,0,exact
P087,P087-S01,Story7,RD,17.0,95,95,95,1.0,0,0,exact
P087,P087-S01,Story8,Original,18.0,114,114,114,1.0,0,0,exact
P087,P087-S01,Story17,CD,19.0,84,84,84,1.0,0,0,exact
P087,P087-S01,Story16,Original,20.0,89,89,89,1.0,0,0,exact
P087,P087-S01,Story18,RD,21.0,95,95,95,1.0,0,0,exact
P088,P088-S01,Story7,CD,1.0,95,95,95,1.0,0,0,exact
P088,P088-S01,Story11,RD,2.0,114,114,114,1.0,0,0,exact
P088,P088-S01,Story2,CD,3.0,101,101,101,1.0,0,0,exact
P088,P088-S01,Story19,CD,4.0,107,107,107,1.0,0,0,exact
P088,P088-S01,Story9,Original,5.0,119,119,119,1.0,0,0,exact
P088,P088-S01,Story15,Original,6.0,62,62,62,1.0,0,0,exact
P088,P088-S01,Story8,Original,7.0,114,114,114,1.0,0,0,exact
P088,P088-S01,Story21,Original,8.0,74,74,74,1.0,0,0,exact
P088,P088-S01,Story13,RD,9.0,102,102,102,1.0,0,0,exact
P088,P088-S01,Story1,CD,10.0,103,103,103,1.0,0,0,exact
P088,P088-S01,Story6,Original,11.0,65,65,65,1.0,0,0,exact
P088,P088-S01,Story3,CD,12.0,121,121,121,1.0,0,0,exact
P088,P088-S01,Story12,Original,13.0,73,73,73,1.0,0,0,exact
P088,P088-S01,Story14,RD,14.0,116,116,116,1.0,0,0,exact
P088,P088-S01,Story16,RD,15.0,89,89,89,1.0,0,0,exact
P088,P088-S01,Story18,RD,16.0,95,95,95,1.0,0,0,exact
P088,P088-S01,Story20,RD,17.0,83,83,83,1.0,0,0,exact
P088,P088-S01,Story17,RD,18.0,84,84,84,1.0,0,0,exact
P088,P088-S01,Story4,CD,19.0,87,87,87,1.0,0,0,exact
P088,P088-S01,Story10,CD,20.0,103,103,103,1.0,0,0,exact
P088,P088-S01,Story5,Original,21.0,83,83,83,1.0,0,0,exact
P089,P089-S01,Story8,Original,1.0,114,114,114,1.0,0,0,exact
P089,P089-S01,Story5,Original,2.0,83,83,83,1.0,0,0,exact
P089,P089-S01,Story7,CD,3.0,95,95,95,1.0,0,0,exact
P089,P089-S01,Story4,CD,4.0,87,87,87,1.0,0,0,exact
P089,P089-S01,Story9,Original,5.0,119,119,119,1.0,0,0,exact
P089,P089-S01,Story21,Original,6.0,74,74,74,1.0,0,0,exact
P089,P089-S01,Story2,RD,7.0,101,101,101,1.0,0,0,exact
P089,P089-S01,Story20,CD,8.0,83,83,83,1.0,0,0,exact
P089,P089-S01,Story10,RD,9.0,103,103,103,1.0,0,0,exact
P089,P089-S01,Story11,CD,10.0,114,114,114,1.0,0,0,exact
P089,P089-S01,Story12,RD,11.0,73,73,73,1.0,0,0,exact
P089,P089-S01,Story3,RD,12.0,121,121,121,1.0,0,0,exact
P089,P089-S01,Story19,CD,13.0,107,107,107,1.0,0,0,exact
P089,P089-S01,Story14,CD,14.0,116,116,116,1.0,0,0,exact
P089,P089-S01,Story13,RD,15.0,102,102,102,1.0,0,0,exact
P089,P089-S01,Story17,RD,16.0,84,84,84,1.0,0,0,exact
P089,P089-S01,Story18,CD,17.0,95,95,95,1.0,0,0,exact
P089,P089-S01,Story1,Original,18.0,103,103,103,1.0,0,0,exact
P089,P089-S01,Story16,RD,19.0,89,89,89,1.0,0,0,exact
P089,P089-S01,Story15,Original,20.0,62,62,62,1.0,0,0,exact
P089,P089-S01,Story6,Original,21.0,65,65,65,1.0,0,0,exact
P090,P090-S01,Story14,RD,1.0,115,116,115,0.9913793103448276,1,0,gap_aligned
P090,P090-S01,Story2,Original,2.0,101,101,101,1.0,0,0,exact
P090,P090-S01,Story17,RD,3.0,84,84,84,1.0,0,0,exact
P090,P090-S01,Story20,Original,4.0,83,83,83,1.0,0,0,exact
P090,P090-S01,Story9,CD,5.0,119,119,119,1.0,0,0,exact
P090,P090-S01,Story13,RD,6.0,102,102,102,1.0,0,0,exact
P090,P090-S01,Story21,CD,7.0,74,74,74,1.0,0,0,exact
P090,P090-S01,Story1,CD,8.0,103,103,103,1.0,0,0,exact
P090,P090-S01,Story10,RD,9.0,103,103,103,1.0,0,0,exact
P090,P090-S01,Story11,Original,10.0,114,114,114,1.0,0,0,exact
P090,P090-S01,Story7,Original,11.0,95,95,95,1.0,0,0,exact
P090,P090-S01,Story4,Original,12.0,86,86,86,1.0,0,0,exact
P090,P090-S01,Story18,CD,13.0,95,95,95,1.0,0,0,exact
P090,P090-S01,Story5,Original,14.0,83,83,83,1.0,0,0,exact
P090,P090-S01,Story15,CD,15.0,62,62,62,1.0,0,0,exact
P090,P090-S01,Story3,RD,16.0,121,121,121,1.0,0,0,exact
P090,P090-S01,Story6,Original,17.0,65,65,65,1.0,0,0,exact
P090,P090-S01,Story8,RD,18.0,114,114,114,1.0,0,0,exact
P090,P090-S01,Story16,CD,19.0,88,89,88,0.9887640449438202,1,0,gap_aligned
P090,P090-S01,Story19,RD,20.0,107,107,107,1.0,0,0,exact
P090,P090-S01,Story12,CD,21.0,73,73,73,1.0,0,0,exact
P091,P091-S01,Story1,RD,10.0,103,103,103,1.0,0,0,exact
P091,P091-S01,Story3,CD,11.0,121,121,121,1.0,0,0,exact
P091,P091-S01,Story6,Original,12.0,65,65,65,1.0,0,0,exact
P091,P091-S01,Story15,Original,13.0,62,62,62,1.0,0,0,exact
P091,P091-S01,Story4,Original,14.0,86,86,86,1.0,0,0,exact
P091,P091-S01,Story14,Original,15.0,116,116,116,1.0,0,0,exact
P091,P091-S01,Story20,Original,16.0,83,83,83,1.0,0,0,exact
P091,P091-S01,Story19,CD,17.0,107,107,107,1.0,0,0,exact
P091,P091-S01,Story17,RD,18.0,84,84,84,1.0,0,0,exact
P091,P091-S01,Story2,CD,19.0,101,101,101,1.0,0,0,exact
P091,P091-S01,Story9,RD,20.0,119,119,119,1.0,0,0,exact
P091,P091-S01,Story8,Original,21.0,114,114,114,1.0,0,0,exact
P092,P092-S01,Story14,Original,1.0,115,116,115,0.9913793103448276,1,0,gap_aligned
P092,P092-S01,Story18,CD,2.0,95,95,95,1.0,0,0,exact
P092,P092-S01,Story6,RD,3.0,65,65,65,1.0,0,0,exact
P092,P092-S01,Story2,RD,4.0,101,101,101,1.0,0,0,exact
P092,P092-S01,Story9,CD,5.0,119,119,119,1.0,0,0,exact
P092,P092-S01,Story8,RD,6.0,114,114,114,1.0,0,0,exact
P092,P092-S01,Story11,Original,7.0,114,114,114,1.0,0,0,exact
P092,P092-S01,Story13,RD,8.0,102,102,102,1.0,0,0,exact
P092,P092-S01,Story20,Original,9.0,83,83,83,1.0,0,0,exact
P092,P092-S01,Story19,CD,10.0,107,107,107,1.0,0,0,exact
P092,P092-S01,Story1,CD,11.0,103,103,103,1.0,0,0,exact
P092,P092-S01,Story12,CD,12.0,73,73,73,1.0,0,0,exact
P092,P092-S01,Story10,RD,13.0,103,103,103,1.0,0,0,exact
P092,P092-S01,Story7,Original,14.0,95,95,95,1.0,0,0,exact
P092,P092-S01,Story5,RD,15.0,81,83,81,0.9759036144578314,2,0,gap_aligned
P092,P092-S01,Story15,RD,16.0,62,62,62,1.0,0,0,exact
P092,P092-S01,Story21,Original,17.0,74,74,74,1.0,0,0,exact
P092,P092-S01,Story3,Original,18.0,121,121,121,1.0,0,0,exact
P092,P092-S01,Story4,CD,19.0,87,87,87,1.0,0,0,exact
P092,P092-S01,Story17,CD,20.0,84,84,84,1.0,0,0,exact
P092,P092-S01,Story16,Original,21.0,89,89,89,1.0,0,0,exact
P093,P093-S01,Story3,Original,9.0,119,121,119,0.9834710743801653,2,0,gap_aligned
P093,P093-S01,Story12,RD,10.0,73,73,73,1.0,0,0,exact
P093,P093-S01,Story8,CD,11.0,114,114,114,1.0,0,0,exact
P093,P093-S01,Story15,CD,12.0,62,62,62,1.0,0,0,exact
P093,P093-S01,Story17,CD,13.0,84,84,84,1.0,0,0,exact
P093,P093-S01,Story13,CD,14.0,102,102,102,1.0,0,0,exact
P093,P093-S01,Story1,RD,15.0,103,103,103,1.0,0,0,exact
P093,P093-S01,Story16,Original,16.0,89,89,89,1.0,0,0,exact
P093,P093-S01,Story20,CD,17.0,83,83,83,1.0,0,0,exact
P093,P093-S01,Story21,CD,18.0,74,74,74,1.0,0,0,exact
P093,P093-S01,Story4,RD,19.0,86,86,86,1.0,0,0,exact
P093,P093-S01,Story14,CD,20.0,116,116,116,1.0,0,0,exact
P093,P093-S01,Story6,RD,21.0,65,65,65,1.0,0,0,exact
P094,P094-S01,Story10,Original,2.0,100,103,100,0.970873786407767,3,0,gap_aligned
P094,P094-S01,Story2,RD,4.0,101,101,101,1.0,0,0,exact
P094,P094-S01,Story6,Original,5.0,65,65,65,1.0,0,0,exact
P094,P094-S01,Story5,RD,6.0,80,83,80,0.963855421686747,3,1,gap_aligned
P094,P094-S01,Story14,RD,7.0,114,116,114,0.9827586206896551,2,0,gap_aligned
P094,P094-S01,Story18,Original,8.0,95,95,95,1.0,0,0,exact
P094,P094-S01,Story3,CD,9.0,121,121,121,1.0,0,0,exact
P094,P094-S01,Story13,CD,10.0,102,102,102,1.0,0,0,exact
P094,P094-S01,Story8,Original,11.0,114,114,114,1.0,0,0,exact
P094,P094-S01,Story16,RD,13.0,89,89,89,1.0,0,0,exact
P094,P094-S01,Story12,CD,14.0,73,73,73,1.0,0,0,exact
P094,P094-S01,Story15,Original,15.0,62,62,62,1.0,0,0,exact
P094,P094-S01,Story19,Original,16.0,107,107,107,1.0,0,0,exact
P094,P094-S01,Story21,RD,17.0,74,74,74,1.0,0,0,exact
P094,P094-S01,Story11,Original,19.0,113,114,113,0.9912280701754386,1,0,gap_aligned
P094,P094-S01,Story20,CD,20.0,83,83,83,1.0,0,0,exact
P094,P094-S01,Story4,CD,21.0,87,87,87,1.0,0,0,exact
P095,P095-S01,Story15,CD,1.0,62,62,62,1.0,0,0,exact
P095,P095-S01,Story6,RD,2.0,65,65,65,1.0,0,0,exact
P095,P095-S01,Story10,CD,3.0,103,103,103,1.0,0,0,exact
P095,P095-S01,Story18,CD,4.0,95,95,95,1.0,0,0,exact
P095,P095-S01,Story1,Original,5.0,103,103,103,1.0,0,0,exact
P095,P095-S01,Story5,RD,6.0,83,83,83,1.0,0,0,exact
P095,P095-S01,Story21,Original,7.0,74,74,74,1.0,0,0,exact
P095,P095-S01,Story12,CD,8.0,73,73,73,1.0,0,0,exact
P095,P095-S01,Story14,Original,9.0,116,116,116,1.0,0,0,exact
P095,P095-S01,Story7,CD,10.0,95,95,95,1.0,0,0,exact
P095,P095-S01,Story20,RD,11.0,83,83,83,1.0,0,0,exact
P095,P095-S01,Story3,RD,12.0,121,121,121,1.0,0,0,exact
P095,P095-S01,Story9,CD,13.0,119,119,119,1.0,0,0,exact
P095,P095-S01,Story13,RD,14.0,102,102,102,1.0,0,0,exact
P095,P095-S01,Story8,Original,15.0,114,114,114,1.0,0,0,exact
P095,P095-S01,Story11,Original,16.0,114,114,114,1.0,0,0,exact
P095,P095-S01,Story4,Original,17.0,86,86,86,1.0,0,0,exact
P095,P095-S01,Story16,CD,18.0,89,89,89,1.0,0,0,exact
P095,P095-S01,Story19,RD,19.0,107,107,107,1.0,0,0,exact
P095,P095-S01,Story17,Original,20.0,84,84,84,1.0,0,0,exact
P095,P095-S01,Story2,RD,21.0,101,101,101,1.0,0,0,exact
P096,P096-S01,Story17,CD,1.0,83,84,83,0.9880952380952381,1,0,gap_aligned
P096,P096-S01,Story13,Original,2.0,102,102,102,1.0,0,0,exact
P096,P096-S01,Story9,RD,3.0,119,119,119,1.0,0,0,exact
P096,P096-S01,Story6,CD,4.0,65,65,65,1.0,0,0,exact
P096,P096-S01,Story11,Original,5.0,114,114,114,1.0,0,0,exact
P096,P096-S01,Story16,RD,6.0,89,89,89,1.0,0,0,exact
P096,P096-S01,Story21,CD,7.0,74,74,74,1.0,0,0,exact
P096,P096-S01,Story15,Original,8.0,62,62,62,1.0,0,0,exact
P096,P096-S01,Story1,RD,9.0,103,103,103,1.0,0,0,exact
P096,P096-S01,Story5,Original,10.0,83,83,83,1.0,0,0,exact
P096,P096-S01,Story2,RD,11.0,101,101,101,1.0,0,0,exact
P096,P096-S01,Story19,RD,12.0,107,107,107,1.0,0,0,exact
P096,P096-S01,Story8,RD,13.0,114,114,114,1.0,0,0,exact
P096,P096-S01,Story10,CD,14.0,103,103,103,1.0,0,0,exact
P096,P096-S01,Story4,Original,15.0,86,86,86,1.0,0,0,exact
P096,P096-S01,Story14,Original,16.0,116,116,116,1.0,0,0,exact
P096,P096-S01,Story7,CD,17.0,95,95,95,1.0,0,0,exact
P096,P096-S01,Story18,CD,18.0,95,95,95,1.0,0,0,exact
P096,P096-S01,Story3,Original,19.0,120,121,120,0.9917355371900827,1,0,gap_aligned
P096,P096-S01,Story12,CD,20.0,73,73,73,1.0,0,0,exact
P096,P096-S01,Story20,RD,21.0,83,83,83,1.0,0,0,exact
P097,P097-S01,Story19,Original,2.0,105,107,105,0.9813084112149533,2,0,gap_aligned
P097,P097-S01,Story10,RD,3.0,103,103,103,1.0,0,0,exact
P097,P097-S01,Story4,Original,4.0,86,86,86,1.0,0,0,exact
P097,P097-S01,Story1,RD,5.0,103,103,103,1.0,0,0,exact
P097,P097-S01,Story21,CD,6.0,74,74,74,1.0,0,0,exact
P097,P097-S01,Story16,RD,7.0,89,89,89,1.0,0,0,exact
P097,P097-S01,Story20,RD,8.0,83,83,83,1.0,0,0,exact
P097,P097-S01,Story18,CD,9.0,94,95,94,0.9894736842105263,1,1,gap_aligned
P097,P097-S01,Story3,CD,10.0,119,121,119,0.9834710743801653,2,2,gap_aligned
P097,P097-S01,Story2,CD,12.0,101,101,101,1.0,0,0,exact
P097,P097-S01,Story15,Original,13.0,62,62,62,1.0,0,0,exact
P097,P097-S01,Story6,RD,14.0,65,65,65,1.0,0,0,exact
P097,P097-S01,Story5,Original,16.0,83,83,83,1.0,0,0,exact
P097,P097-S01,Story7,Original,17.0,92,95,92,0.968421052631579,3,0,gap_aligned
P097,P097-S01,Story12,CD,18.0,73,73,73,1.0,0,0,exact
P097,P097-S01,Story11,RD,19.0,114,114,114,1.0,0,0,exact
P097,P097-S01,Story17,Original,20.0,84,84,84,1.0,0,0,exact
P097,P097-S01,Story13,RD,21.0,102,102,102,1.0,0,0,exact
P098,P098-S01,Story20,Original,1.0,83,83,83,1.0,0,0,exact
P098,P098-S01,Story7,Original,2.0,95,95,95,1.0,0,0,exact
P098,P098-S01,Story8,CD,3.0,114,114,114,1.0,0,0,exact
P098,P098-S01,Story5,RD,4.0,83,83,83,1.0,0,0,exact
P098,P098-S01,Story13,RD,5.0,102,102,102,1.0,0,0,exact
P098,P098-S01,Story4,Original,6.0,86,86,86,1.0,0,0,exact
P098,P098-S01,Story10,CD,7.0,103,103,103,1.0,0,0,exact
P098,P098-S01,Story6,Original,8.0,65,65,65,1.0,0,0,exact
P098,P098-S01,Story17,Original,9.0,84,84,84,1.0,0,0,exact
P098,P098-S01,Story18,CD,10.0,95,95,95,1.0,0,0,exact
P098,P098-S01,Story15,Original,11.0,62,62,62,1.0,0,0,exact
P098,P098-S01,Story1,RD,12.0,103,103,103,1.0,0,0,exact
P098,P098-S01,Story16,RD,13.0,89,89,89,1.0,0,0,exact
P098,P098-S01,Story19,RD,14.0,107,107,107,1.0,0,0,exact
P098,P098-S01,Story14,CD,15.0,116,116,116,1.0,0,0,exact
P098,P098-S01,Story11,RD,16.0,114,114,114,1.0,0,0,exact
P098,P098-S01,Story9,Original,17.0,119,119,119,1.0,0,0,exact
P098,P098-S01,Story21,RD,18.0,74,74,74,1.0,0,0,exact
P098,P098-S01,Story2,CD,19.0,101,101,101,1.0,0,0,exact
P098,P098-S01,Story12,CD,20.0,73,73,73,1.0,0,0,exact
P098,P098-S01,Story3,CD,21.0,121,121,121,1.0,0,0,exact
P099,P099-S01,Story4,Original,2.0,86,86,86,1.0,0,0,exact
P099,P099-S01,Story5,CD,3.0,82,84,82,0.9761904761904762,2,0,gap_aligned
P099,P099-S01,Story15,Original,4.0,62,62,62,1.0,0,0,exact
P099,P099-S01,Story8,RD,5.0,114,114,114,1.0,0,0,exact
P099,P099-S01,Story9,Original,6.0,119,119,119,1.0,0,0,exact
P099,P099-S01,Story6,RD,7.0,65,65,65,1.0,0,0,exact
P099,P099-S01,Story14,Original,8.0,116,116,116,1.0,0,0,exact
P099,P099-S01,Story7,RD,9.0,95,95,95,1.0,0,0,exact
P099,P099-S01,Story13,CD,10.0,102,102,102,1.0,0,0,exact
P099,P099-S01,Story20,RD,11.0,83,83,83,1.0,0,0,exact
P099,P099-S01,Story17,Original,12.0,84,84,84,1.0,0,0,exact
P099,P099-S01,Story11,CD,13.0,114,114,114,1.0,0,0,exact
P099,P099-S01,Story16,CD,14.0,89,89,89,1.0,0,0,exact
P099,P099-S01,Story3,RD,15.0,121,121,121,1.0,0,0,exact
P099,P099-S01,Story1,CD,17.0,103,103,103,1.0,0,0,exact
P099,P099-S01,Story18,CD,18.0,95,95,95,1.0,0,0,exact
P099,P099-S01,Story10,CD,19.0,103,103,103,1.0,0,0,exact
P099,P099-S01,Story12,Original,20.0,73,73,73,1.0,0,0,exact
P099,P099-S01,Story2,Original,21.0,101,101,101,1.0,0,0,exact
P100,P100-S01,Story7,CD,1.0,95,95,95,1.0,0,0,exact
P100,P100-S01,Story20,RD,2.0,83,83,83,1.0,0,0,exact
P100,P100-S01,Story1,Original,3.0,103,103,103,1.0,0,0,exact
P100,P100-S01,Story12,Original,4.0,73,73,73,1.0,0,0,exact
P100,P100-S01,Story4,RD,5.0,86,86,86,1.0,0,0,exact
P100,P100-S01,Story13,CD,6.0,102,102,102,1.0,0,0,exact
P100,P100-S01,Story14,CD,7.0,116,116,116,1.0,0,0,exact
P100,P100-S01,Story16,RD,8.0,89,89,89,1.0,0,0,exact
P100,P100-S01,Story6,Original,9.0,65,65,65,1.0,0,0,exact
P100,P100-S01,Story18,CD,10.0,95,95,95,1.0,0,0,exact
P100,P100-S01,Story17,Original,11.0,84,84,84,1.0,0,0,exact
P100,P100-S01,Story5,Original,12.0,83,83,83,1.0,0,0,exact
P100,P100-S01,Story8,RD,13.0,114,114,114,1.0,0,0,exact
P100,P100-S01,Story21,Original,14.0,74,74,74,1.0,0,0,exact
P100,P100-S01,Story9,CD,15.0,119,119,119,1.0,0,0,exact
P100,P100-S01,Story10,RD,16.0,103,103,103,1.0,0,0,exact
P100,P100-S01,Story11,CD,17.0,114,114,114,1.0,0,0,exact
P100,P100-S01,Story3,RD,18.0,121,121,121,1.0,0,0,exact
P100,P100-S01,Story2,Original,19.0,101,101,101,1.0,0,0,exact
P100,P100-S01,Story19,CD,20.0,107,107,107,1.0,0,0,exact
P100,P100-S01,Story15,RD,21.0,62,62,62,1.0,0,0,exact
